[0.000000] (-) TimerEvent: {}
[0.000968] (examples_rclcpp_async_client) JobQueued: {'identifier': 'examples_rclcpp_async_client', 'dependencies': OrderedDict()}
[0.001430] (examples_rclcpp_cbg_executor) JobQueued: {'identifier': 'examples_rclcpp_cbg_executor', 'dependencies': OrderedDict()}
[0.001618] (examples_rclcpp_minimal_action_client) JobQueued: {'identifier': 'examples_rclcpp_minimal_action_client', 'dependencies': OrderedDict()}
[0.001720] (examples_rclcpp_minimal_action_server) JobQueued: {'identifier': 'examples_rclcpp_minimal_action_server', 'dependencies': OrderedDict()}
[0.001757] (examples_rclcpp_minimal_client) JobQueued: {'identifier': 'examples_rclcpp_minimal_client', 'dependencies': OrderedDict()}
[0.001934] (examples_rclcpp_minimal_composition) JobQueued: {'identifier': 'examples_rclcpp_minimal_composition', 'dependencies': OrderedDict()}
[0.002025] (examples_rclcpp_minimal_publisher) JobQueued: {'identifier': 'examples_rclcpp_minimal_publisher', 'dependencies': OrderedDict()}
[0.002053] (examples_rclcpp_minimal_service) JobQueued: {'identifier': 'examples_rclcpp_minimal_service', 'dependencies': OrderedDict()}
[0.002075] (examples_rclcpp_minimal_subscriber) JobQueued: {'identifier': 'examples_rclcpp_minimal_subscriber', 'dependencies': OrderedDict()}
[0.002092] (examples_rclcpp_minimal_timer) JobQueued: {'identifier': 'examples_rclcpp_minimal_timer', 'dependencies': OrderedDict()}
[0.002109] (examples_rclcpp_multithreaded_executor) JobQueued: {'identifier': 'examples_rclcpp_multithreaded_executor', 'dependencies': OrderedDict()}
[0.002167] (examples_rclcpp_wait_set) JobQueued: {'identifier': 'examples_rclcpp_wait_set', 'dependencies': OrderedDict()}
[0.002196] (examples_rclpy_executors) JobQueued: {'identifier': 'examples_rclpy_executors', 'dependencies': OrderedDict()}
[0.002214] (examples_rclpy_guard_conditions) JobQueued: {'identifier': 'examples_rclpy_guard_conditions', 'dependencies': OrderedDict()}
[0.002265] (examples_rclpy_minimal_action_client) JobQueued: {'identifier': 'examples_rclpy_minimal_action_client', 'dependencies': OrderedDict()}
[0.002289] (examples_rclpy_minimal_action_server) JobQueued: {'identifier': 'examples_rclpy_minimal_action_server', 'dependencies': OrderedDict()}
[0.002306] (examples_rclpy_minimal_client) JobQueued: {'identifier': 'examples_rclpy_minimal_client', 'dependencies': OrderedDict()}
[0.002325] (examples_rclpy_minimal_publisher) JobQueued: {'identifier': 'examples_rclpy_minimal_publisher', 'dependencies': OrderedDict()}
[0.002341] (examples_rclpy_minimal_service) JobQueued: {'identifier': 'examples_rclpy_minimal_service', 'dependencies': OrderedDict()}
[0.002368] (examples_rclpy_minimal_subscriber) JobQueued: {'identifier': 'examples_rclpy_minimal_subscriber', 'dependencies': OrderedDict()}
[0.002868] (examples_rclpy_pointcloud_publisher) JobQueued: {'identifier': 'examples_rclpy_pointcloud_publisher', 'dependencies': OrderedDict()}
[0.003223] (launch_testing_examples) JobQueued: {'identifier': 'launch_testing_examples', 'dependencies': OrderedDict()}
[0.003350] (examples_rclcpp_async_client) JobStarted: {'identifier': 'examples_rclcpp_async_client'}
[0.042478] (examples_rclcpp_async_client) JobProgress: {'identifier': 'examples_rclcpp_async_client', 'progress': 'cmake'}
[0.044491] (examples_rclcpp_async_client) JobProgress: {'identifier': 'examples_rclcpp_async_client', 'progress': 'build'}
[0.045521] (examples_rclcpp_async_client) Command: {'cmd': ['/usr/bin/cmake', '--build', '/home/zhang/rosprc_ws/build/examples_rclcpp_async_client', '--', '-j20', '-l20'], 'cwd': '/home/zhang/rosprc_ws/build/examples_rclcpp_async_client', 'env': OrderedDict({'LESSOPEN': '| /usr/bin/lesspipe %s', 'GZ_SIM_RESOURCE_PATH': '/opt/ros/jazzy/share', 'USER': 'zhang', 'GZ_CONFIG_PATH': '/opt/ros/jazzy/opt/gz_sim_vendor/share/gz:/opt/ros/jazzy/opt/sdformat_vendor/share/gz:/opt/ros/jazzy/opt/gz_gui_vendor/share/gz:/opt/ros/jazzy/opt/gz_transport_vendor/share/gz:/opt/ros/jazzy/opt/gz_rendering_vendor/share/gz:/opt/ros/jazzy/opt/gz_plugin_vendor/share/gz:/opt/ros/jazzy/opt/gz_fuel_tools_vendor/share/gz:/opt/ros/jazzy/opt/gz_msgs_vendor/share/gz:/opt/ros/jazzy/opt/gz_common_vendor/share/gz', 'GIT_ASKPASS': '/home/zhang/.vscode-server/bin/e4c7e7b1d6d060162f4aa7f8225271b67ce1df75/extensions/git/dist/askpass.sh', 'SHLVL': '2', 'LIBGL_ALWAYS_SOFTWARE': '0', 'LD_LIBRARY_PATH': '/opt/ros/jazzy/opt/gz_sim_vendor/lib:/opt/ros/jazzy/opt/gz_sensors_vendor/lib:/opt/ros/jazzy/opt/gz_physics_vendor/lib:/opt/ros/jazzy/opt/sdformat_vendor/lib:/opt/ros/jazzy/opt/rviz_ogre_vendor/lib:/opt/ros/jazzy/lib/x86_64-linux-gnu:/opt/ros/jazzy/opt/gz_gui_vendor/lib:/opt/ros/jazzy/opt/gz_transport_vendor/lib:/opt/ros/jazzy/opt/gz_rendering_vendor/lib:/opt/ros/jazzy/opt/gz_plugin_vendor/lib:/opt/ros/jazzy/opt/gz_fuel_tools_vendor/lib:/opt/ros/jazzy/opt/gz_msgs_vendor/lib:/opt/ros/jazzy/opt/gz_common_vendor/lib:/opt/ros/jazzy/opt/gz_math_vendor/lib:/opt/ros/jazzy/opt/gz_utils_vendor/lib:/opt/ros/jazzy/opt/gz_tools_vendor/lib:/opt/ros/jazzy/opt/gz_ogre_next_vendor/lib:/opt/ros/jazzy/opt/gz_dartsim_vendor/lib:/opt/ros/jazzy/opt/gz_cmake_vendor/lib:/opt/ros/jazzy/lib', 'HOME': '/home/zhang', 'TERM_PROGRAM_VERSION': '1.131.0', 'VSCODE_IPC_HOOK_CLI': '/run/user/1001/vscode-ipc-d537498f-331a-41d4-bf91-51cd2386a755.sock', 'ROS_PYTHON_VERSION': '3', 'VSCODE_GIT_ASKPASS_MAIN': '/home/zhang/.vscode-server/bin/e4c7e7b1d6d060162f4aa7f8225271b67ce1df75/extensions/git/dist/askpass-main.js', 'VSCODE_GIT_ASKPASS_NODE': '/home/zhang/.vscode-server/bin/e4c7e7b1d6d060162f4aa7f8225271b67ce1df75/node', 'VSCODE_PYTHON_AUTOACTIVATE_GUARD': '1', 'DBUS_SESSION_BUS_ADDRESS': 'unix:path=/run/user/1001/bus', 'COLORTERM': 'truecolor', 'WSL_DISTRO_NAME': 'Ubuntu', 'WAYLAND_DISPLAY': 'wayland-0', 'ROS_DISTRO': 'jazzy', 'LOGNAME': 'zhang', 'NAME': 'Code', 'WSL_INTEROP': '/run/WSL/6274_interop', 'PULSE_SERVER': 'unix:/mnt/wslg/PulseServer', '_': '/usr/bin/colcon', 'ROS_VERSION': '2', 'CLAUDE_CODE_SSE_PORT': '21165', 'TERM': 'xterm-256color', 'PATH': '/home/zhang/.vscode-server/data/User/globalStorage/github.copilot-chat/debugCommand:/home/zhang/.vscode-server/data/User/globalStorage/github.copilot-chat/copilotCli:/home/zhang/.vscode-server/bin/e4c7e7b1d6d060162f4aa7f8225271b67ce1df75/bin/remote-cli:/opt/ros/jazzy/opt/gz_msgs_vendor/bin:/opt/ros/jazzy/opt/gz_tools_vendor/bin:/opt/ros/jazzy/opt/gz_ogre_next_vendor/bin:/opt/ros/jazzy/bin:/usr/local/sbin:/usr/local/bin:/usr/sbin:/usr/bin:/sbin:/bin:/usr/games:/usr/local/games:/usr/lib/wsl/lib:/mnt/c/Program Files/PowerShell/7:/mnt/c/Users/Zhang/AppData/Roaming/Code/User/globalStorage/github.copilot-chat/debugCommand:/mnt/c/Users/Zhang/AppData/Roaming/Code/User/globalStorage/github.copilot-chat/copilotCli:/mnt/c/WINDOWS/system32:/mnt/c/WINDOWS:/mnt/c/WINDOWS/System32/Wbem:/mnt/c/WINDOWS/System32/WindowsPowerShell/v1.0/:/mnt/c/WINDOWS/System32/OpenSSH/:/mnt/c/Program Files/Git/cmd:/mnt/c/Program Files/MATLAB/R2025b/bin:/mnt/c/Program Files/dotnet/:/mnt/c/Program Files/PowerShell/7/:/mnt/c/Users/Zhang/AppData/Local/Programs/Python/Python314/Scripts/:/mnt/c/Users/Zhang/AppData/Local/Programs/Python/Python314/:/mnt/c/Users/Zhang/.local/bin:/mnt/c/Users/Zhang/AppData/Local/Microsoft/WindowsApps:/mnt/c/Users/Zhang/AppData/Local/Programs/Microsoft VS Code/bin:/mnt/c/Program Files/Processing/:/snap/bin', 'XDG_RUNTIME_DIR': '/run/user/1001', 'DISPLAY': ':0', 'LANG': 'en_US.UTF-8', 'LS_COLORS': 'rs=0:di=01;34:ln=01;36:mh=00:pi=40;33:so=01;35:do=01;35:bd=40;33;01:cd=40;33;01:or=40;31;01:mi=00:su=37;41:sg=30;43:ca=00:tw=30;42:ow=34;42:st=37;44:ex=01;32:*.tar=01;31:*.tgz=01;31:*.arc=01;31:*.arj=01;31:*.taz=01;31:*.lha=01;31:*.lz4=01;31:*.lzh=01;31:*.lzma=01;31:*.tlz=01;31:*.txz=01;31:*.tzo=01;31:*.t7z=01;31:*.zip=01;31:*.z=01;31:*.dz=01;31:*.gz=01;31:*.lrz=01;31:*.lz=01;31:*.lzo=01;31:*.xz=01;31:*.zst=01;31:*.tzst=01;31:*.bz2=01;31:*.bz=01;31:*.tbz=01;31:*.tbz2=01;31:*.tz=01;31:*.deb=01;31:*.rpm=01;31:*.jar=01;31:*.war=01;31:*.ear=01;31:*.sar=01;31:*.rar=01;31:*.alz=01;31:*.ace=01;31:*.zoo=01;31:*.cpio=01;31:*.7z=01;31:*.rz=01;31:*.cab=01;31:*.wim=01;31:*.swm=01;31:*.dwm=01;31:*.esd=01;31:*.avif=01;35:*.jpg=01;35:*.jpeg=01;35:*.mjpg=01;35:*.mjpeg=01;35:*.gif=01;35:*.bmp=01;35:*.pbm=01;35:*.pgm=01;35:*.ppm=01;35:*.tga=01;35:*.xbm=01;35:*.xpm=01;35:*.tif=01;35:*.tiff=01;35:*.png=01;35:*.svg=01;35:*.svgz=01;35:*.mng=01;35:*.pcx=01;35:*.mov=01;35:*.mpg=01;35:*.mpeg=01;35:*.m2v=01;35:*.mkv=01;35:*.webm=01;35:*.webp=01;35:*.ogm=01;35:*.mp4=01;35:*.m4v=01;35:*.mp4v=01;35:*.vob=01;35:*.qt=01;35:*.nuv=01;35:*.wmv=01;35:*.asf=01;35:*.rm=01;35:*.rmvb=01;35:*.flc=01;35:*.avi=01;35:*.fli=01;35:*.flv=01;35:*.gl=01;35:*.dl=01;35:*.xcf=01;35:*.xwd=01;35:*.yuv=01;35:*.cgm=01;35:*.emf=01;35:*.ogv=01;35:*.ogx=01;35:*.aac=00;36:*.au=00;36:*.flac=00;36:*.m4a=00;36:*.mid=00;36:*.midi=00;36:*.mka=00;36:*.mp3=00;36:*.mpc=00;36:*.ogg=00;36:*.ra=00;36:*.wav=00;36:*.oga=00;36:*.opus=00;36:*.spx=00;36:*.xspf=00;36:*~=00;90:*#=00;90:*.bak=00;90:*.crdownload=00;90:*.dpkg-dist=00;90:*.dpkg-new=00;90:*.dpkg-old=00;90:*.dpkg-tmp=00;90:*.old=00;90:*.orig=00;90:*.part=00;90:*.rej=00;90:*.rpmnew=00;90:*.rpmorig=00;90:*.rpmsave=00;90:*.swp=00;90:*.tmp=00;90:*.ucf-dist=00;90:*.ucf-new=00;90:*.ucf-old=00;90:', 'VSCODE_GIT_IPC_HANDLE': '/run/user/1001/vscode-git-82e1d75d12.sock', 'TERM_PROGRAM': 'vscode', 'AMENT_PREFIX_PATH': '/opt/ros/jazzy', 'SHELL': '/bin/bash', 'LESSCLOSE': '/usr/bin/lesspipe %s %s', 'GALLIUM_DRIVER': 'd3d12', 'ROS_AUTOMATIC_DISCOVERY_RANGE': 'SUBNET', 'VSCODE_GIT_ASKPASS_EXTRA_ARGS': '', 'PWD': '/home/zhang/rosprc_ws/build/examples_rclcpp_async_client', 'TURTLEBOT3_MODEL': 'burger', 'COPILOT_DEBUG_NONCE': '503c6a609ad3c4b1656ae504fee63388', 'XDG_DATA_DIRS': '/usr/local/share:/usr/share:/var/lib/snapd/desktop', 'PYTHONPATH': '/opt/ros/jazzy/lib/python3.12/site-packages', 'COLCON': '1', 'WSL2_GUI_APPS_ENABLED': '1', 'HOSTTYPE': 'x86_64', 'CMAKE_PREFIX_PATH': '/opt/ros/jazzy/opt/gz_sim_vendor:/opt/ros/jazzy/opt/gz_sensors_vendor:/opt/ros/jazzy/opt/gz_physics_vendor:/opt/ros/jazzy/opt/sdformat_vendor:/opt/ros/jazzy/opt/gz_gui_vendor:/opt/ros/jazzy/opt/gz_transport_vendor:/opt/ros/jazzy/opt/gz_rendering_vendor:/opt/ros/jazzy/opt/gz_plugin_vendor:/opt/ros/jazzy/opt/gz_fuel_tools_vendor:/opt/ros/jazzy/opt/gz_msgs_vendor:/opt/ros/jazzy/opt/gz_common_vendor:/opt/ros/jazzy/opt/gz_math_vendor:/opt/ros/jazzy/opt/gz_utils_vendor:/opt/ros/jazzy/opt/gz_tools_vendor:/opt/ros/jazzy/opt/gz_ogre_next_vendor:/opt/ros/jazzy/opt/gz_dartsim_vendor:/opt/ros/jazzy/opt/gz_cmake_vendor:/opt/ros/jazzy', 'WSLENV': 'ELECTRON_RUN_AS_NODE/w:'}), 'shell': False}
[0.098670] (-) TimerEvent: {}
[0.199178] (-) TimerEvent: {}
[0.300149] (-) TimerEvent: {}
[0.400839] (-) TimerEvent: {}
[0.501574] (-) TimerEvent: {}
[0.602466] (-) TimerEvent: {}
[0.703179] (-) TimerEvent: {}
[0.804146] (-) TimerEvent: {}
[0.904742] (-) TimerEvent: {}
[1.005292] (-) TimerEvent: {}
[1.105712] (-) TimerEvent: {}
[1.206298] (-) TimerEvent: {}
[1.306970] (-) TimerEvent: {}
[1.407582] (-) TimerEvent: {}
[1.508466] (-) TimerEvent: {}
[1.608992] (-) TimerEvent: {}
[1.681421] (examples_rclcpp_async_client) StdoutLine: {'line': b'[ 50%] \x1b[32mBuilding CXX object CMakeFiles/client_main.dir/main.cpp.o\x1b[0m\n'}
[1.709231] (-) TimerEvent: {}
[1.809978] (-) TimerEvent: {}
[1.910522] (-) TimerEvent: {}
[2.011178] (-) TimerEvent: {}
[2.111830] (-) TimerEvent: {}
[2.212248] (-) TimerEvent: {}
[2.312832] (-) TimerEvent: {}
[2.413377] (-) TimerEvent: {}
[2.515045] (-) TimerEvent: {}
[2.617085] (-) TimerEvent: {}
[2.718867] (-) TimerEvent: {}
[2.820600] (-) TimerEvent: {}
[2.922045] (-) TimerEvent: {}
[3.023339] (-) TimerEvent: {}
[3.125524] (-) TimerEvent: {}
[3.226908] (-) TimerEvent: {}
[3.328330] (-) TimerEvent: {}
[3.429919] (-) TimerEvent: {}
[3.531127] (-) TimerEvent: {}
[3.632857] (-) TimerEvent: {}
[3.734053] (-) TimerEvent: {}
[3.835399] (-) TimerEvent: {}
[3.936702] (-) TimerEvent: {}
[4.037870] (-) TimerEvent: {}
[4.138647] (-) TimerEvent: {}
[4.239175] (-) TimerEvent: {}
[4.341343] (-) TimerEvent: {}
[4.442569] (-) TimerEvent: {}
[4.543266] (-) TimerEvent: {}
[4.644211] (-) TimerEvent: {}
[4.746560] (-) TimerEvent: {}
[4.848245] (-) TimerEvent: {}
[4.950182] (-) TimerEvent: {}
[5.051179] (-) TimerEvent: {}
[5.153055] (-) TimerEvent: {}
[5.253513] (-) TimerEvent: {}
[5.354989] (-) TimerEvent: {}
[5.456588] (-) TimerEvent: {}
[5.557477] (-) TimerEvent: {}
[5.659053] (-) TimerEvent: {}
[5.760487] (-) TimerEvent: {}
[5.861933] (-) TimerEvent: {}
[5.963374] (-) TimerEvent: {}
[6.064332] (-) TimerEvent: {}
[6.165543] (-) TimerEvent: {}
[6.266887] (-) TimerEvent: {}
[6.368126] (-) TimerEvent: {}
[6.469590] (-) TimerEvent: {}
[6.570692] (-) TimerEvent: {}
[6.672066] (-) TimerEvent: {}
[6.773298] (-) TimerEvent: {}
[6.874534] (-) TimerEvent: {}
[6.975788] (-) TimerEvent: {}
[7.076861] (-) TimerEvent: {}
[7.177828] (-) TimerEvent: {}
[7.279143] (-) TimerEvent: {}
[7.379918] (-) TimerEvent: {}
[7.481027] (-) TimerEvent: {}
[7.582711] (-) TimerEvent: {}
[7.684164] (-) TimerEvent: {}
[7.785518] (-) TimerEvent: {}
[7.886875] (-) TimerEvent: {}
[7.987809] (-) TimerEvent: {}
[8.088421] (-) TimerEvent: {}
[8.189303] (-) TimerEvent: {}
[8.290259] (-) TimerEvent: {}
[8.391051] (-) TimerEvent: {}
[8.491891] (-) TimerEvent: {}
[8.592535] (-) TimerEvent: {}
[8.693491] (-) TimerEvent: {}
[8.794439] (-) TimerEvent: {}
[8.896261] (-) TimerEvent: {}
[8.997333] (-) TimerEvent: {}
[9.098070] (-) TimerEvent: {}
[9.198817] (-) TimerEvent: {}
[9.299554] (-) TimerEvent: {}
[9.400331] (-) TimerEvent: {}
[9.500852] (-) TimerEvent: {}
[9.601686] (-) TimerEvent: {}
[9.702633] (-) TimerEvent: {}
[9.803297] (-) TimerEvent: {}
[9.903973] (-) TimerEvent: {}
[10.005178] (-) TimerEvent: {}
[10.106437] (-) TimerEvent: {}
[10.207269] (-) TimerEvent: {}
[10.308147] (-) TimerEvent: {}
[10.409676] (-) TimerEvent: {}
[10.510942] (-) TimerEvent: {}
[10.611491] (-) TimerEvent: {}
[10.712187] (-) TimerEvent: {}
[10.812990] (-) TimerEvent: {}
[10.914136] (-) TimerEvent: {}
[11.014981] (-) TimerEvent: {}
[11.115403] (-) TimerEvent: {}
[11.215960] (-) TimerEvent: {}
[11.316532] (-) TimerEvent: {}
[11.417155] (-) TimerEvent: {}
[11.517561] (-) TimerEvent: {}
[11.617980] (-) TimerEvent: {}
[11.718424] (-) TimerEvent: {}
[11.819025] (-) TimerEvent: {}
[11.919530] (-) TimerEvent: {}
[12.020099] (-) TimerEvent: {}
[12.120701] (-) TimerEvent: {}
[12.221274] (-) TimerEvent: {}
[12.321990] (-) TimerEvent: {}
[12.422722] (-) TimerEvent: {}
[12.508922] (examples_rclcpp_async_client) StdoutLine: {'line': b'[100%] \x1b[32m\x1b[1mLinking CXX executable client_main\x1b[0m\n'}
[12.522864] (-) TimerEvent: {}
[12.623226] (-) TimerEvent: {}
[12.723643] (-) TimerEvent: {}
[12.824072] (-) TimerEvent: {}
[12.924822] (-) TimerEvent: {}
[13.025509] (-) TimerEvent: {}
[13.126027] (-) TimerEvent: {}
[13.139783] (examples_rclcpp_async_client) StdoutLine: {'line': b'[100%] Built target client_main\n'}
[13.163803] (examples_rclcpp_async_client) CommandEnded: {'returncode': 0}
[13.168345] (examples_rclcpp_async_client) JobProgress: {'identifier': 'examples_rclcpp_async_client', 'progress': 'install'}
[13.185497] (examples_rclcpp_async_client) Command: {'cmd': ['/usr/bin/cmake', '--install', '/home/zhang/rosprc_ws/build/examples_rclcpp_async_client'], 'cwd': '/home/zhang/rosprc_ws/build/examples_rclcpp_async_client', 'env': OrderedDict({'LESSOPEN': '| /usr/bin/lesspipe %s', 'GZ_SIM_RESOURCE_PATH': '/opt/ros/jazzy/share', 'USER': 'zhang', 'GZ_CONFIG_PATH': '/opt/ros/jazzy/opt/gz_sim_vendor/share/gz:/opt/ros/jazzy/opt/sdformat_vendor/share/gz:/opt/ros/jazzy/opt/gz_gui_vendor/share/gz:/opt/ros/jazzy/opt/gz_transport_vendor/share/gz:/opt/ros/jazzy/opt/gz_rendering_vendor/share/gz:/opt/ros/jazzy/opt/gz_plugin_vendor/share/gz:/opt/ros/jazzy/opt/gz_fuel_tools_vendor/share/gz:/opt/ros/jazzy/opt/gz_msgs_vendor/share/gz:/opt/ros/jazzy/opt/gz_common_vendor/share/gz', 'GIT_ASKPASS': '/home/zhang/.vscode-server/bin/e4c7e7b1d6d060162f4aa7f8225271b67ce1df75/extensions/git/dist/askpass.sh', 'SHLVL': '2', 'LIBGL_ALWAYS_SOFTWARE': '0', 'LD_LIBRARY_PATH': '/opt/ros/jazzy/opt/gz_sim_vendor/lib:/opt/ros/jazzy/opt/gz_sensors_vendor/lib:/opt/ros/jazzy/opt/gz_physics_vendor/lib:/opt/ros/jazzy/opt/sdformat_vendor/lib:/opt/ros/jazzy/opt/rviz_ogre_vendor/lib:/opt/ros/jazzy/lib/x86_64-linux-gnu:/opt/ros/jazzy/opt/gz_gui_vendor/lib:/opt/ros/jazzy/opt/gz_transport_vendor/lib:/opt/ros/jazzy/opt/gz_rendering_vendor/lib:/opt/ros/jazzy/opt/gz_plugin_vendor/lib:/opt/ros/jazzy/opt/gz_fuel_tools_vendor/lib:/opt/ros/jazzy/opt/gz_msgs_vendor/lib:/opt/ros/jazzy/opt/gz_common_vendor/lib:/opt/ros/jazzy/opt/gz_math_vendor/lib:/opt/ros/jazzy/opt/gz_utils_vendor/lib:/opt/ros/jazzy/opt/gz_tools_vendor/lib:/opt/ros/jazzy/opt/gz_ogre_next_vendor/lib:/opt/ros/jazzy/opt/gz_dartsim_vendor/lib:/opt/ros/jazzy/opt/gz_cmake_vendor/lib:/opt/ros/jazzy/lib', 'HOME': '/home/zhang', 'TERM_PROGRAM_VERSION': '1.131.0', 'VSCODE_IPC_HOOK_CLI': '/run/user/1001/vscode-ipc-d537498f-331a-41d4-bf91-51cd2386a755.sock', 'ROS_PYTHON_VERSION': '3', 'VSCODE_GIT_ASKPASS_MAIN': '/home/zhang/.vscode-server/bin/e4c7e7b1d6d060162f4aa7f8225271b67ce1df75/extensions/git/dist/askpass-main.js', 'VSCODE_GIT_ASKPASS_NODE': '/home/zhang/.vscode-server/bin/e4c7e7b1d6d060162f4aa7f8225271b67ce1df75/node', 'VSCODE_PYTHON_AUTOACTIVATE_GUARD': '1', 'DBUS_SESSION_BUS_ADDRESS': 'unix:path=/run/user/1001/bus', 'COLORTERM': 'truecolor', 'WSL_DISTRO_NAME': 'Ubuntu', 'WAYLAND_DISPLAY': 'wayland-0', 'ROS_DISTRO': 'jazzy', 'LOGNAME': 'zhang', 'NAME': 'Code', 'WSL_INTEROP': '/run/WSL/6274_interop', 'PULSE_SERVER': 'unix:/mnt/wslg/PulseServer', '_': '/usr/bin/colcon', 'ROS_VERSION': '2', 'CLAUDE_CODE_SSE_PORT': '21165', 'TERM': 'xterm-256color', 'PATH': '/home/zhang/.vscode-server/data/User/globalStorage/github.copilot-chat/debugCommand:/home/zhang/.vscode-server/data/User/globalStorage/github.copilot-chat/copilotCli:/home/zhang/.vscode-server/bin/e4c7e7b1d6d060162f4aa7f8225271b67ce1df75/bin/remote-cli:/opt/ros/jazzy/opt/gz_msgs_vendor/bin:/opt/ros/jazzy/opt/gz_tools_vendor/bin:/opt/ros/jazzy/opt/gz_ogre_next_vendor/bin:/opt/ros/jazzy/bin:/usr/local/sbin:/usr/local/bin:/usr/sbin:/usr/bin:/sbin:/bin:/usr/games:/usr/local/games:/usr/lib/wsl/lib:/mnt/c/Program Files/PowerShell/7:/mnt/c/Users/Zhang/AppData/Roaming/Code/User/globalStorage/github.copilot-chat/debugCommand:/mnt/c/Users/Zhang/AppData/Roaming/Code/User/globalStorage/github.copilot-chat/copilotCli:/mnt/c/WINDOWS/system32:/mnt/c/WINDOWS:/mnt/c/WINDOWS/System32/Wbem:/mnt/c/WINDOWS/System32/WindowsPowerShell/v1.0/:/mnt/c/WINDOWS/System32/OpenSSH/:/mnt/c/Program Files/Git/cmd:/mnt/c/Program Files/MATLAB/R2025b/bin:/mnt/c/Program Files/dotnet/:/mnt/c/Program Files/PowerShell/7/:/mnt/c/Users/Zhang/AppData/Local/Programs/Python/Python314/Scripts/:/mnt/c/Users/Zhang/AppData/Local/Programs/Python/Python314/:/mnt/c/Users/Zhang/.local/bin:/mnt/c/Users/Zhang/AppData/Local/Microsoft/WindowsApps:/mnt/c/Users/Zhang/AppData/Local/Programs/Microsoft VS Code/bin:/mnt/c/Program Files/Processing/:/snap/bin', 'XDG_RUNTIME_DIR': '/run/user/1001', 'DISPLAY': ':0', 'LANG': 'en_US.UTF-8', 'LS_COLORS': 'rs=0:di=01;34:ln=01;36:mh=00:pi=40;33:so=01;35:do=01;35:bd=40;33;01:cd=40;33;01:or=40;31;01:mi=00:su=37;41:sg=30;43:ca=00:tw=30;42:ow=34;42:st=37;44:ex=01;32:*.tar=01;31:*.tgz=01;31:*.arc=01;31:*.arj=01;31:*.taz=01;31:*.lha=01;31:*.lz4=01;31:*.lzh=01;31:*.lzma=01;31:*.tlz=01;31:*.txz=01;31:*.tzo=01;31:*.t7z=01;31:*.zip=01;31:*.z=01;31:*.dz=01;31:*.gz=01;31:*.lrz=01;31:*.lz=01;31:*.lzo=01;31:*.xz=01;31:*.zst=01;31:*.tzst=01;31:*.bz2=01;31:*.bz=01;31:*.tbz=01;31:*.tbz2=01;31:*.tz=01;31:*.deb=01;31:*.rpm=01;31:*.jar=01;31:*.war=01;31:*.ear=01;31:*.sar=01;31:*.rar=01;31:*.alz=01;31:*.ace=01;31:*.zoo=01;31:*.cpio=01;31:*.7z=01;31:*.rz=01;31:*.cab=01;31:*.wim=01;31:*.swm=01;31:*.dwm=01;31:*.esd=01;31:*.avif=01;35:*.jpg=01;35:*.jpeg=01;35:*.mjpg=01;35:*.mjpeg=01;35:*.gif=01;35:*.bmp=01;35:*.pbm=01;35:*.pgm=01;35:*.ppm=01;35:*.tga=01;35:*.xbm=01;35:*.xpm=01;35:*.tif=01;35:*.tiff=01;35:*.png=01;35:*.svg=01;35:*.svgz=01;35:*.mng=01;35:*.pcx=01;35:*.mov=01;35:*.mpg=01;35:*.mpeg=01;35:*.m2v=01;35:*.mkv=01;35:*.webm=01;35:*.webp=01;35:*.ogm=01;35:*.mp4=01;35:*.m4v=01;35:*.mp4v=01;35:*.vob=01;35:*.qt=01;35:*.nuv=01;35:*.wmv=01;35:*.asf=01;35:*.rm=01;35:*.rmvb=01;35:*.flc=01;35:*.avi=01;35:*.fli=01;35:*.flv=01;35:*.gl=01;35:*.dl=01;35:*.xcf=01;35:*.xwd=01;35:*.yuv=01;35:*.cgm=01;35:*.emf=01;35:*.ogv=01;35:*.ogx=01;35:*.aac=00;36:*.au=00;36:*.flac=00;36:*.m4a=00;36:*.mid=00;36:*.midi=00;36:*.mka=00;36:*.mp3=00;36:*.mpc=00;36:*.ogg=00;36:*.ra=00;36:*.wav=00;36:*.oga=00;36:*.opus=00;36:*.spx=00;36:*.xspf=00;36:*~=00;90:*#=00;90:*.bak=00;90:*.crdownload=00;90:*.dpkg-dist=00;90:*.dpkg-new=00;90:*.dpkg-old=00;90:*.dpkg-tmp=00;90:*.old=00;90:*.orig=00;90:*.part=00;90:*.rej=00;90:*.rpmnew=00;90:*.rpmorig=00;90:*.rpmsave=00;90:*.swp=00;90:*.tmp=00;90:*.ucf-dist=00;90:*.ucf-new=00;90:*.ucf-old=00;90:', 'VSCODE_GIT_IPC_HANDLE': '/run/user/1001/vscode-git-82e1d75d12.sock', 'TERM_PROGRAM': 'vscode', 'AMENT_PREFIX_PATH': '/opt/ros/jazzy', 'SHELL': '/bin/bash', 'LESSCLOSE': '/usr/bin/lesspipe %s %s', 'GALLIUM_DRIVER': 'd3d12', 'ROS_AUTOMATIC_DISCOVERY_RANGE': 'SUBNET', 'VSCODE_GIT_ASKPASS_EXTRA_ARGS': '', 'PWD': '/home/zhang/rosprc_ws/build/examples_rclcpp_async_client', 'TURTLEBOT3_MODEL': 'burger', 'COPILOT_DEBUG_NONCE': '503c6a609ad3c4b1656ae504fee63388', 'XDG_DATA_DIRS': '/usr/local/share:/usr/share:/var/lib/snapd/desktop', 'PYTHONPATH': '/opt/ros/jazzy/lib/python3.12/site-packages', 'COLCON': '1', 'WSL2_GUI_APPS_ENABLED': '1', 'HOSTTYPE': 'x86_64', 'CMAKE_PREFIX_PATH': '/opt/ros/jazzy/opt/gz_sim_vendor:/opt/ros/jazzy/opt/gz_sensors_vendor:/opt/ros/jazzy/opt/gz_physics_vendor:/opt/ros/jazzy/opt/sdformat_vendor:/opt/ros/jazzy/opt/gz_gui_vendor:/opt/ros/jazzy/opt/gz_transport_vendor:/opt/ros/jazzy/opt/gz_rendering_vendor:/opt/ros/jazzy/opt/gz_plugin_vendor:/opt/ros/jazzy/opt/gz_fuel_tools_vendor:/opt/ros/jazzy/opt/gz_msgs_vendor:/opt/ros/jazzy/opt/gz_common_vendor:/opt/ros/jazzy/opt/gz_math_vendor:/opt/ros/jazzy/opt/gz_utils_vendor:/opt/ros/jazzy/opt/gz_tools_vendor:/opt/ros/jazzy/opt/gz_ogre_next_vendor:/opt/ros/jazzy/opt/gz_dartsim_vendor:/opt/ros/jazzy/opt/gz_cmake_vendor:/opt/ros/jazzy', 'WSLENV': 'ELECTRON_RUN_AS_NODE/w:'}), 'shell': False}
[13.201258] (examples_rclcpp_async_client) StdoutLine: {'line': b'-- Install configuration: ""\n'}
[13.202411] (examples_rclcpp_async_client) StdoutLine: {'line': b'-- Execute custom install script\n'}
[13.205509] (examples_rclcpp_async_client) StdoutLine: {'line': b'-- Symlinking: /home/zhang/rosprc_ws/install/examples_rclcpp_async_client/lib/examples_rclcpp_async_client/client_main\n'}
[13.220528] (examples_rclcpp_async_client) StdoutLine: {'line': b'-- Symlinking: /home/zhang/rosprc_ws/install/examples_rclcpp_async_client/share/ament_index/resource_index/package_run_dependencies/examples_rclcpp_async_client\n'}
[13.226272] (-) TimerEvent: {}
[13.237023] (examples_rclcpp_async_client) StdoutLine: {'line': b'-- Symlinking: /home/zhang/rosprc_ws/install/examples_rclcpp_async_client/share/ament_index/resource_index/parent_prefix_path/examples_rclcpp_async_client\n'}
[13.268797] (examples_rclcpp_async_client) StdoutLine: {'line': b'-- Symlinking: /home/zhang/rosprc_ws/install/examples_rclcpp_async_client/share/examples_rclcpp_async_client/environment/ament_prefix_path.sh\n'}
[13.286916] (examples_rclcpp_async_client) StdoutLine: {'line': b'-- Symlinking: /home/zhang/rosprc_ws/install/examples_rclcpp_async_client/share/examples_rclcpp_async_client/environment/ament_prefix_path.dsv\n'}
[13.303338] (examples_rclcpp_async_client) StdoutLine: {'line': b'-- Symlinking: /home/zhang/rosprc_ws/install/examples_rclcpp_async_client/share/examples_rclcpp_async_client/environment/path.sh\n'}
[13.322086] (examples_rclcpp_async_client) StdoutLine: {'line': b'-- Symlinking: /home/zhang/rosprc_ws/install/examples_rclcpp_async_client/share/examples_rclcpp_async_client/environment/path.dsv\n'}
[13.326792] (-) TimerEvent: {}
[13.341064] (examples_rclcpp_async_client) StdoutLine: {'line': b'-- Symlinking: /home/zhang/rosprc_ws/install/examples_rclcpp_async_client/share/examples_rclcpp_async_client/local_setup.bash\n'}
[13.358353] (examples_rclcpp_async_client) StdoutLine: {'line': b'-- Symlinking: /home/zhang/rosprc_ws/install/examples_rclcpp_async_client/share/examples_rclcpp_async_client/local_setup.sh\n'}
[13.378596] (examples_rclcpp_async_client) StdoutLine: {'line': b'-- Symlinking: /home/zhang/rosprc_ws/install/examples_rclcpp_async_client/share/examples_rclcpp_async_client/local_setup.zsh\n'}
[13.402292] (examples_rclcpp_async_client) StdoutLine: {'line': b'-- Symlinking: /home/zhang/rosprc_ws/install/examples_rclcpp_async_client/share/examples_rclcpp_async_client/local_setup.dsv\n'}
[13.427251] (examples_rclcpp_async_client) StdoutLine: {'line': b'-- Symlinking: /home/zhang/rosprc_ws/install/examples_rclcpp_async_client/share/examples_rclcpp_async_client/package.dsv\n'}
[13.427684] (-) TimerEvent: {}
[13.442524] (examples_rclcpp_async_client) StdoutLine: {'line': b'-- Symlinking: /home/zhang/rosprc_ws/install/examples_rclcpp_async_client/share/ament_index/resource_index/packages/examples_rclcpp_async_client\n'}
[13.473683] (examples_rclcpp_async_client) StdoutLine: {'line': b'-- Symlinking: /home/zhang/rosprc_ws/install/examples_rclcpp_async_client/share/examples_rclcpp_async_client/cmake/examples_rclcpp_async_clientConfig.cmake\n'}
[13.507271] (examples_rclcpp_async_client) StdoutLine: {'line': b'-- Symlinking: /home/zhang/rosprc_ws/install/examples_rclcpp_async_client/share/examples_rclcpp_async_client/cmake/examples_rclcpp_async_clientConfig-version.cmake\n'}
[13.528219] (-) TimerEvent: {}
[13.536560] (examples_rclcpp_async_client) StdoutLine: {'line': b'-- Symlinking: /home/zhang/rosprc_ws/install/examples_rclcpp_async_client/share/examples_rclcpp_async_client/package.xml\n'}
[13.583598] (examples_rclcpp_async_client) CommandEnded: {'returncode': 0}
[13.628517] (-) TimerEvent: {}
[13.703873] (examples_rclcpp_async_client) JobEnded: {'identifier': 'examples_rclcpp_async_client', 'rc': 0}
[13.712115] (examples_rclcpp_cbg_executor) JobStarted: {'identifier': 'examples_rclcpp_cbg_executor'}
[13.728944] (-) TimerEvent: {}
[13.737168] (examples_rclcpp_cbg_executor) JobProgress: {'identifier': 'examples_rclcpp_cbg_executor', 'progress': 'cmake'}
[13.742873] (examples_rclcpp_cbg_executor) JobProgress: {'identifier': 'examples_rclcpp_cbg_executor', 'progress': 'build'}
[13.745825] (examples_rclcpp_cbg_executor) Command: {'cmd': ['/usr/bin/cmake', '--build', '/home/zhang/rosprc_ws/build/examples_rclcpp_cbg_executor', '--', '-j20', '-l20'], 'cwd': '/home/zhang/rosprc_ws/build/examples_rclcpp_cbg_executor', 'env': OrderedDict({'LESSOPEN': '| /usr/bin/lesspipe %s', 'GZ_SIM_RESOURCE_PATH': '/opt/ros/jazzy/share', 'USER': 'zhang', 'GZ_CONFIG_PATH': '/opt/ros/jazzy/opt/gz_sim_vendor/share/gz:/opt/ros/jazzy/opt/sdformat_vendor/share/gz:/opt/ros/jazzy/opt/gz_gui_vendor/share/gz:/opt/ros/jazzy/opt/gz_transport_vendor/share/gz:/opt/ros/jazzy/opt/gz_rendering_vendor/share/gz:/opt/ros/jazzy/opt/gz_plugin_vendor/share/gz:/opt/ros/jazzy/opt/gz_fuel_tools_vendor/share/gz:/opt/ros/jazzy/opt/gz_msgs_vendor/share/gz:/opt/ros/jazzy/opt/gz_common_vendor/share/gz', 'GIT_ASKPASS': '/home/zhang/.vscode-server/bin/e4c7e7b1d6d060162f4aa7f8225271b67ce1df75/extensions/git/dist/askpass.sh', 'SHLVL': '2', 'LIBGL_ALWAYS_SOFTWARE': '0', 'LD_LIBRARY_PATH': '/opt/ros/jazzy/opt/gz_sim_vendor/lib:/opt/ros/jazzy/opt/gz_sensors_vendor/lib:/opt/ros/jazzy/opt/gz_physics_vendor/lib:/opt/ros/jazzy/opt/sdformat_vendor/lib:/opt/ros/jazzy/opt/rviz_ogre_vendor/lib:/opt/ros/jazzy/lib/x86_64-linux-gnu:/opt/ros/jazzy/opt/gz_gui_vendor/lib:/opt/ros/jazzy/opt/gz_transport_vendor/lib:/opt/ros/jazzy/opt/gz_rendering_vendor/lib:/opt/ros/jazzy/opt/gz_plugin_vendor/lib:/opt/ros/jazzy/opt/gz_fuel_tools_vendor/lib:/opt/ros/jazzy/opt/gz_msgs_vendor/lib:/opt/ros/jazzy/opt/gz_common_vendor/lib:/opt/ros/jazzy/opt/gz_math_vendor/lib:/opt/ros/jazzy/opt/gz_utils_vendor/lib:/opt/ros/jazzy/opt/gz_tools_vendor/lib:/opt/ros/jazzy/opt/gz_ogre_next_vendor/lib:/opt/ros/jazzy/opt/gz_dartsim_vendor/lib:/opt/ros/jazzy/opt/gz_cmake_vendor/lib:/opt/ros/jazzy/lib', 'HOME': '/home/zhang', 'TERM_PROGRAM_VERSION': '1.131.0', 'VSCODE_IPC_HOOK_CLI': '/run/user/1001/vscode-ipc-d537498f-331a-41d4-bf91-51cd2386a755.sock', 'ROS_PYTHON_VERSION': '3', 'VSCODE_GIT_ASKPASS_MAIN': '/home/zhang/.vscode-server/bin/e4c7e7b1d6d060162f4aa7f8225271b67ce1df75/extensions/git/dist/askpass-main.js', 'VSCODE_GIT_ASKPASS_NODE': '/home/zhang/.vscode-server/bin/e4c7e7b1d6d060162f4aa7f8225271b67ce1df75/node', 'VSCODE_PYTHON_AUTOACTIVATE_GUARD': '1', 'DBUS_SESSION_BUS_ADDRESS': 'unix:path=/run/user/1001/bus', 'COLORTERM': 'truecolor', 'WSL_DISTRO_NAME': 'Ubuntu', 'WAYLAND_DISPLAY': 'wayland-0', 'ROS_DISTRO': 'jazzy', 'LOGNAME': 'zhang', 'NAME': 'Code', 'WSL_INTEROP': '/run/WSL/6274_interop', 'PULSE_SERVER': 'unix:/mnt/wslg/PulseServer', '_': '/usr/bin/colcon', 'ROS_VERSION': '2', 'CLAUDE_CODE_SSE_PORT': '21165', 'TERM': 'xterm-256color', 'PATH': '/home/zhang/.vscode-server/data/User/globalStorage/github.copilot-chat/debugCommand:/home/zhang/.vscode-server/data/User/globalStorage/github.copilot-chat/copilotCli:/home/zhang/.vscode-server/bin/e4c7e7b1d6d060162f4aa7f8225271b67ce1df75/bin/remote-cli:/opt/ros/jazzy/opt/gz_msgs_vendor/bin:/opt/ros/jazzy/opt/gz_tools_vendor/bin:/opt/ros/jazzy/opt/gz_ogre_next_vendor/bin:/opt/ros/jazzy/bin:/usr/local/sbin:/usr/local/bin:/usr/sbin:/usr/bin:/sbin:/bin:/usr/games:/usr/local/games:/usr/lib/wsl/lib:/mnt/c/Program Files/PowerShell/7:/mnt/c/Users/Zhang/AppData/Roaming/Code/User/globalStorage/github.copilot-chat/debugCommand:/mnt/c/Users/Zhang/AppData/Roaming/Code/User/globalStorage/github.copilot-chat/copilotCli:/mnt/c/WINDOWS/system32:/mnt/c/WINDOWS:/mnt/c/WINDOWS/System32/Wbem:/mnt/c/WINDOWS/System32/WindowsPowerShell/v1.0/:/mnt/c/WINDOWS/System32/OpenSSH/:/mnt/c/Program Files/Git/cmd:/mnt/c/Program Files/MATLAB/R2025b/bin:/mnt/c/Program Files/dotnet/:/mnt/c/Program Files/PowerShell/7/:/mnt/c/Users/Zhang/AppData/Local/Programs/Python/Python314/Scripts/:/mnt/c/Users/Zhang/AppData/Local/Programs/Python/Python314/:/mnt/c/Users/Zhang/.local/bin:/mnt/c/Users/Zhang/AppData/Local/Microsoft/WindowsApps:/mnt/c/Users/Zhang/AppData/Local/Programs/Microsoft VS Code/bin:/mnt/c/Program Files/Processing/:/snap/bin', 'XDG_RUNTIME_DIR': '/run/user/1001', 'DISPLAY': ':0', 'LANG': 'en_US.UTF-8', 'LS_COLORS': 'rs=0:di=01;34:ln=01;36:mh=00:pi=40;33:so=01;35:do=01;35:bd=40;33;01:cd=40;33;01:or=40;31;01:mi=00:su=37;41:sg=30;43:ca=00:tw=30;42:ow=34;42:st=37;44:ex=01;32:*.tar=01;31:*.tgz=01;31:*.arc=01;31:*.arj=01;31:*.taz=01;31:*.lha=01;31:*.lz4=01;31:*.lzh=01;31:*.lzma=01;31:*.tlz=01;31:*.txz=01;31:*.tzo=01;31:*.t7z=01;31:*.zip=01;31:*.z=01;31:*.dz=01;31:*.gz=01;31:*.lrz=01;31:*.lz=01;31:*.lzo=01;31:*.xz=01;31:*.zst=01;31:*.tzst=01;31:*.bz2=01;31:*.bz=01;31:*.tbz=01;31:*.tbz2=01;31:*.tz=01;31:*.deb=01;31:*.rpm=01;31:*.jar=01;31:*.war=01;31:*.ear=01;31:*.sar=01;31:*.rar=01;31:*.alz=01;31:*.ace=01;31:*.zoo=01;31:*.cpio=01;31:*.7z=01;31:*.rz=01;31:*.cab=01;31:*.wim=01;31:*.swm=01;31:*.dwm=01;31:*.esd=01;31:*.avif=01;35:*.jpg=01;35:*.jpeg=01;35:*.mjpg=01;35:*.mjpeg=01;35:*.gif=01;35:*.bmp=01;35:*.pbm=01;35:*.pgm=01;35:*.ppm=01;35:*.tga=01;35:*.xbm=01;35:*.xpm=01;35:*.tif=01;35:*.tiff=01;35:*.png=01;35:*.svg=01;35:*.svgz=01;35:*.mng=01;35:*.pcx=01;35:*.mov=01;35:*.mpg=01;35:*.mpeg=01;35:*.m2v=01;35:*.mkv=01;35:*.webm=01;35:*.webp=01;35:*.ogm=01;35:*.mp4=01;35:*.m4v=01;35:*.mp4v=01;35:*.vob=01;35:*.qt=01;35:*.nuv=01;35:*.wmv=01;35:*.asf=01;35:*.rm=01;35:*.rmvb=01;35:*.flc=01;35:*.avi=01;35:*.fli=01;35:*.flv=01;35:*.gl=01;35:*.dl=01;35:*.xcf=01;35:*.xwd=01;35:*.yuv=01;35:*.cgm=01;35:*.emf=01;35:*.ogv=01;35:*.ogx=01;35:*.aac=00;36:*.au=00;36:*.flac=00;36:*.m4a=00;36:*.mid=00;36:*.midi=00;36:*.mka=00;36:*.mp3=00;36:*.mpc=00;36:*.ogg=00;36:*.ra=00;36:*.wav=00;36:*.oga=00;36:*.opus=00;36:*.spx=00;36:*.xspf=00;36:*~=00;90:*#=00;90:*.bak=00;90:*.crdownload=00;90:*.dpkg-dist=00;90:*.dpkg-new=00;90:*.dpkg-old=00;90:*.dpkg-tmp=00;90:*.old=00;90:*.orig=00;90:*.part=00;90:*.rej=00;90:*.rpmnew=00;90:*.rpmorig=00;90:*.rpmsave=00;90:*.swp=00;90:*.tmp=00;90:*.ucf-dist=00;90:*.ucf-new=00;90:*.ucf-old=00;90:', 'VSCODE_GIT_IPC_HANDLE': '/run/user/1001/vscode-git-82e1d75d12.sock', 'TERM_PROGRAM': 'vscode', 'AMENT_PREFIX_PATH': '/opt/ros/jazzy', 'SHELL': '/bin/bash', 'LESSCLOSE': '/usr/bin/lesspipe %s %s', 'GALLIUM_DRIVER': 'd3d12', 'ROS_AUTOMATIC_DISCOVERY_RANGE': 'SUBNET', 'VSCODE_GIT_ASKPASS_EXTRA_ARGS': '', 'PWD': '/home/zhang/rosprc_ws/build/examples_rclcpp_cbg_executor', 'TURTLEBOT3_MODEL': 'burger', 'COPILOT_DEBUG_NONCE': '503c6a609ad3c4b1656ae504fee63388', 'XDG_DATA_DIRS': '/usr/local/share:/usr/share:/var/lib/snapd/desktop', 'PYTHONPATH': '/opt/ros/jazzy/lib/python3.12/site-packages', 'COLCON': '1', 'WSL2_GUI_APPS_ENABLED': '1', 'HOSTTYPE': 'x86_64', 'CMAKE_PREFIX_PATH': '/opt/ros/jazzy/opt/gz_sim_vendor:/opt/ros/jazzy/opt/gz_sensors_vendor:/opt/ros/jazzy/opt/gz_physics_vendor:/opt/ros/jazzy/opt/sdformat_vendor:/opt/ros/jazzy/opt/gz_gui_vendor:/opt/ros/jazzy/opt/gz_transport_vendor:/opt/ros/jazzy/opt/gz_rendering_vendor:/opt/ros/jazzy/opt/gz_plugin_vendor:/opt/ros/jazzy/opt/gz_fuel_tools_vendor:/opt/ros/jazzy/opt/gz_msgs_vendor:/opt/ros/jazzy/opt/gz_common_vendor:/opt/ros/jazzy/opt/gz_math_vendor:/opt/ros/jazzy/opt/gz_utils_vendor:/opt/ros/jazzy/opt/gz_tools_vendor:/opt/ros/jazzy/opt/gz_ogre_next_vendor:/opt/ros/jazzy/opt/gz_dartsim_vendor:/opt/ros/jazzy/opt/gz_cmake_vendor:/opt/ros/jazzy', 'WSLENV': 'ELECTRON_RUN_AS_NODE/w:'}), 'shell': False}
[13.829566] (-) TimerEvent: {}
[13.920860] (examples_rclcpp_cbg_executor) StdoutLine: {'line': b'[ 10%] \x1b[32mBuilding CXX object CMakeFiles/ping.dir/src/ping.cpp.o\x1b[0m\n'}
[13.929890] (-) TimerEvent: {}
[14.030891] (-) TimerEvent: {}
[14.132185] (-) TimerEvent: {}
[14.233384] (-) TimerEvent: {}
[14.334544] (-) TimerEvent: {}
[14.435289] (-) TimerEvent: {}
[14.535886] (-) TimerEvent: {}
[14.636593] (-) TimerEvent: {}
[14.737444] (-) TimerEvent: {}
[14.837911] (-) TimerEvent: {}
[14.938351] (-) TimerEvent: {}
[15.038802] (-) TimerEvent: {}
[15.139343] (-) TimerEvent: {}
[15.240130] (-) TimerEvent: {}
[15.341207] (-) TimerEvent: {}
[15.442032] (-) TimerEvent: {}
[15.542489] (-) TimerEvent: {}
[15.643068] (-) TimerEvent: {}
[15.743949] (-) TimerEvent: {}
[15.845015] (-) TimerEvent: {}
[15.946017] (-) TimerEvent: {}
[16.046659] (-) TimerEvent: {}
[16.147397] (-) TimerEvent: {}
[16.248066] (-) TimerEvent: {}
[16.348860] (-) TimerEvent: {}
[16.450030] (-) TimerEvent: {}
[16.550682] (-) TimerEvent: {}
[16.651285] (-) TimerEvent: {}
[16.752150] (-) TimerEvent: {}
[16.853043] (-) TimerEvent: {}
[16.953961] (-) TimerEvent: {}
[17.054898] (-) TimerEvent: {}
[17.155577] (-) TimerEvent: {}
[17.256779] (-) TimerEvent: {}
[17.357963] (-) TimerEvent: {}
[17.459021] (-) TimerEvent: {}
[17.559809] (-) TimerEvent: {}
[17.660506] (-) TimerEvent: {}
[17.761276] (-) TimerEvent: {}
[17.861887] (-) TimerEvent: {}
[17.962421] (-) TimerEvent: {}
[18.062940] (-) TimerEvent: {}
[18.163874] (-) TimerEvent: {}
[18.266826] (-) TimerEvent: {}
[18.367672] (-) TimerEvent: {}
[18.468969] (-) TimerEvent: {}
[18.569821] (-) TimerEvent: {}
[18.670568] (-) TimerEvent: {}
[18.772090] (-) TimerEvent: {}
[18.872875] (-) TimerEvent: {}
[18.973930] (-) TimerEvent: {}
[19.074719] (-) TimerEvent: {}
[19.175119] (-) TimerEvent: {}
[19.276160] (-) TimerEvent: {}
[19.377330] (-) TimerEvent: {}
[19.478640] (-) TimerEvent: {}
[19.579669] (-) TimerEvent: {}
[19.680503] (-) TimerEvent: {}
[19.781428] (-) TimerEvent: {}
[19.881970] (-) TimerEvent: {}
[19.982658] (-) TimerEvent: {}
[20.083644] (-) TimerEvent: {}
[20.185008] (-) TimerEvent: {}
[20.285587] (-) TimerEvent: {}
[20.386248] (-) TimerEvent: {}
[20.487295] (-) TimerEvent: {}
[20.588208] (-) TimerEvent: {}
[20.689739] (-) TimerEvent: {}
[20.790659] (-) TimerEvent: {}
[20.891941] (-) TimerEvent: {}
[20.992868] (-) TimerEvent: {}
[21.093479] (-) TimerEvent: {}
[21.194300] (-) TimerEvent: {}
[21.294946] (-) TimerEvent: {}
[21.396210] (-) TimerEvent: {}
[21.497096] (-) TimerEvent: {}
[21.597767] (-) TimerEvent: {}
[21.698463] (-) TimerEvent: {}
[21.799129] (-) TimerEvent: {}
[21.899525] (-) TimerEvent: {}
[22.000041] (-) TimerEvent: {}
[22.035800] (examples_rclcpp_cbg_executor) StdoutLine: {'line': b'[ 20%] \x1b[32mBuilding CXX object CMakeFiles/ping.dir/src/examples_rclcpp_cbg_executor/ping_node.cpp.o\x1b[0m\n'}
[22.100344] (-) TimerEvent: {}
[22.200957] (-) TimerEvent: {}
[22.301328] (-) TimerEvent: {}
[22.402037] (-) TimerEvent: {}
[22.502779] (-) TimerEvent: {}
[22.603331] (-) TimerEvent: {}
[22.703855] (-) TimerEvent: {}
[22.804410] (-) TimerEvent: {}
[22.904990] (-) TimerEvent: {}
[23.005537] (-) TimerEvent: {}
[23.106153] (-) TimerEvent: {}
[23.206829] (-) TimerEvent: {}
[23.307338] (-) TimerEvent: {}
[23.407797] (-) TimerEvent: {}
[23.508360] (-) TimerEvent: {}
[23.609017] (-) TimerEvent: {}
[23.709541] (-) TimerEvent: {}
[23.810053] (-) TimerEvent: {}
[23.910627] (-) TimerEvent: {}
[24.011274] (-) TimerEvent: {}
[24.111999] (-) TimerEvent: {}
[24.212616] (-) TimerEvent: {}
[24.313225] (-) TimerEvent: {}
[24.413909] (-) TimerEvent: {}
[24.514586] (-) TimerEvent: {}
[24.615154] (-) TimerEvent: {}
[24.715870] (-) TimerEvent: {}
[24.816462] (-) TimerEvent: {}
[24.917005] (-) TimerEvent: {}
[25.017500] (-) TimerEvent: {}
[25.118165] (-) TimerEvent: {}
[25.218929] (-) TimerEvent: {}
[25.319755] (-) TimerEvent: {}
[25.420278] (-) TimerEvent: {}
[25.520829] (-) TimerEvent: {}
[25.621461] (-) TimerEvent: {}
[25.722460] (-) TimerEvent: {}
[25.823570] (-) TimerEvent: {}
[25.924090] (-) TimerEvent: {}
[26.024574] (-) TimerEvent: {}
[26.125278] (-) TimerEvent: {}
[26.226405] (-) TimerEvent: {}
[26.327354] (-) TimerEvent: {}
[26.428155] (-) TimerEvent: {}
[26.529001] (-) TimerEvent: {}
[26.629375] (-) TimerEvent: {}
[26.729916] (-) TimerEvent: {}
[26.830435] (-) TimerEvent: {}
[26.930832] (-) TimerEvent: {}
[27.031226] (-) TimerEvent: {}
[27.131676] (-) TimerEvent: {}
[27.232388] (-) TimerEvent: {}
[27.333042] (-) TimerEvent: {}
[27.433632] (-) TimerEvent: {}
[27.534055] (-) TimerEvent: {}
[27.634634] (-) TimerEvent: {}
[27.735199] (-) TimerEvent: {}
[27.835906] (-) TimerEvent: {}
[27.936501] (-) TimerEvent: {}
[28.036986] (-) TimerEvent: {}
[28.137489] (-) TimerEvent: {}
[28.237950] (-) TimerEvent: {}
[28.338548] (-) TimerEvent: {}
[28.439089] (-) TimerEvent: {}
[28.539658] (-) TimerEvent: {}
[28.640381] (-) TimerEvent: {}
[28.741395] (-) TimerEvent: {}
[28.842326] (-) TimerEvent: {}
[28.942793] (-) TimerEvent: {}
[29.043444] (-) TimerEvent: {}
[29.143871] (-) TimerEvent: {}
[29.244398] (-) TimerEvent: {}
[29.344895] (-) TimerEvent: {}
[29.445437] (-) TimerEvent: {}
[29.546100] (-) TimerEvent: {}
[29.646829] (-) TimerEvent: {}
[29.747464] (-) TimerEvent: {}
[29.848610] (-) TimerEvent: {}
[29.949360] (-) TimerEvent: {}
[30.050094] (-) TimerEvent: {}
[30.150623] (-) TimerEvent: {}
[30.251186] (-) TimerEvent: {}
[30.351930] (-) TimerEvent: {}
[30.452353] (-) TimerEvent: {}
[30.552945] (-) TimerEvent: {}
[30.653579] (-) TimerEvent: {}
[30.754078] (-) TimerEvent: {}
[30.854514] (-) TimerEvent: {}
[30.954981] (-) TimerEvent: {}
[31.055668] (-) TimerEvent: {}
[31.156323] (-) TimerEvent: {}
[31.256888] (-) TimerEvent: {}
[31.357482] (-) TimerEvent: {}
[31.458157] (-) TimerEvent: {}
[31.558925] (-) TimerEvent: {}
[31.659705] (-) TimerEvent: {}
[31.760175] (-) TimerEvent: {}
[31.860735] (-) TimerEvent: {}
[31.961265] (-) TimerEvent: {}
[32.061646] (-) TimerEvent: {}
[32.162066] (-) TimerEvent: {}
[32.262522] (-) TimerEvent: {}
[32.363115] (-) TimerEvent: {}
[32.463572] (-) TimerEvent: {}
[32.564137] (-) TimerEvent: {}
[32.664518] (-) TimerEvent: {}
[32.765000] (-) TimerEvent: {}
[32.865539] (-) TimerEvent: {}
[32.966113] (-) TimerEvent: {}
[33.066755] (-) TimerEvent: {}
[33.167202] (-) TimerEvent: {}
[33.268032] (-) TimerEvent: {}
[33.368448] (-) TimerEvent: {}
[33.468957] (-) TimerEvent: {}
[33.569434] (-) TimerEvent: {}
[33.669997] (-) TimerEvent: {}
[33.770578] (-) TimerEvent: {}
[33.871085] (-) TimerEvent: {}
[33.971605] (-) TimerEvent: {}
[34.072014] (-) TimerEvent: {}
[34.172432] (-) TimerEvent: {}
[34.272944] (-) TimerEvent: {}
[34.373545] (-) TimerEvent: {}
[34.474339] (-) TimerEvent: {}
[34.574918] (-) TimerEvent: {}
[34.675499] (-) TimerEvent: {}
[34.691869] (examples_rclcpp_cbg_executor) StdoutLine: {'line': b'[ 30%] \x1b[32m\x1b[1mLinking CXX executable ping\x1b[0m\n'}
[34.775887] (-) TimerEvent: {}
[34.876535] (-) TimerEvent: {}
[34.978214] (-) TimerEvent: {}
[35.080178] (-) TimerEvent: {}
[35.181593] (-) TimerEvent: {}
[35.282451] (-) TimerEvent: {}
[35.383499] (-) TimerEvent: {}
[35.485044] (-) TimerEvent: {}
[35.586121] (-) TimerEvent: {}
[35.687844] (-) TimerEvent: {}
[35.784133] (examples_rclcpp_cbg_executor) StdoutLine: {'line': b'[ 30%] Built target ping\n'}
[35.787911] (-) TimerEvent: {}
[35.819293] (examples_rclcpp_cbg_executor) StdoutLine: {'line': b'[ 40%] \x1b[32mBuilding CXX object CMakeFiles/ping_pong.dir/src/ping_pong.cpp.o\x1b[0m\n'}
[35.888602] (-) TimerEvent: {}
[35.989702] (-) TimerEvent: {}
[36.090645] (-) TimerEvent: {}
[36.191577] (-) TimerEvent: {}
[36.292830] (-) TimerEvent: {}
[36.393556] (-) TimerEvent: {}
[36.494262] (-) TimerEvent: {}
[36.595262] (-) TimerEvent: {}
[36.696227] (-) TimerEvent: {}
[36.797128] (-) TimerEvent: {}
[36.897831] (-) TimerEvent: {}
[36.998897] (-) TimerEvent: {}
[37.099941] (-) TimerEvent: {}
[37.200955] (-) TimerEvent: {}
[37.301972] (-) TimerEvent: {}
[37.402630] (-) TimerEvent: {}
[37.504373] (-) TimerEvent: {}
[37.606262] (-) TimerEvent: {}
[37.708001] (-) TimerEvent: {}
[37.809801] (-) TimerEvent: {}
[37.911776] (-) TimerEvent: {}
[38.013833] (-) TimerEvent: {}
[38.115850] (-) TimerEvent: {}
[38.217044] (-) TimerEvent: {}
[38.319094] (-) TimerEvent: {}
[38.421110] (-) TimerEvent: {}
[38.522795] (-) TimerEvent: {}
[38.624433] (-) TimerEvent: {}
[38.725913] (-) TimerEvent: {}
[38.827385] (-) TimerEvent: {}
[38.929018] (-) TimerEvent: {}
[39.031083] (-) TimerEvent: {}
[39.132834] (-) TimerEvent: {}
[39.234314] (-) TimerEvent: {}
[39.335834] (-) TimerEvent: {}
[39.437333] (-) TimerEvent: {}
[39.538027] (-) TimerEvent: {}
[39.638657] (-) TimerEvent: {}
[39.740132] (-) TimerEvent: {}
[39.841530] (-) TimerEvent: {}
[39.943065] (-) TimerEvent: {}
[40.044445] (-) TimerEvent: {}
[40.145365] (-) TimerEvent: {}
[40.246002] (-) TimerEvent: {}
[40.346887] (-) TimerEvent: {}
[40.448162] (-) TimerEvent: {}
[40.549170] (-) TimerEvent: {}
[40.649940] (-) TimerEvent: {}
[40.748664] (examples_rclcpp_cbg_executor) StdoutLine: {'line': b'[ 50%] \x1b[32mBuilding CXX object CMakeFiles/ping_pong.dir/src/examples_rclcpp_cbg_executor/pong_node.cpp.o\x1b[0m\n'}
[40.750237] (-) TimerEvent: {}
[40.851435] (-) TimerEvent: {}
[40.952363] (-) TimerEvent: {}
[41.053579] (-) TimerEvent: {}
[41.154626] (-) TimerEvent: {}
[41.255666] (-) TimerEvent: {}
[41.356798] (-) TimerEvent: {}
[41.457929] (-) TimerEvent: {}
[41.559167] (-) TimerEvent: {}
[41.660079] (-) TimerEvent: {}
[41.760961] (-) TimerEvent: {}
[41.862243] (-) TimerEvent: {}
[41.963861] (-) TimerEvent: {}
[42.064728] (-) TimerEvent: {}
[42.165626] (-) TimerEvent: {}
[42.266629] (-) TimerEvent: {}
[42.367695] (-) TimerEvent: {}
[42.468712] (-) TimerEvent: {}
[42.569462] (-) TimerEvent: {}
[42.670190] (-) TimerEvent: {}
[42.771048] (-) TimerEvent: {}
[42.872003] (-) TimerEvent: {}
[42.972951] (-) TimerEvent: {}
[43.073788] (-) TimerEvent: {}
[43.174365] (-) TimerEvent: {}
[43.275178] (-) TimerEvent: {}
[43.376200] (-) TimerEvent: {}
[43.477188] (-) TimerEvent: {}
[43.577939] (-) TimerEvent: {}
[43.678656] (-) TimerEvent: {}
[43.779393] (-) TimerEvent: {}
[43.880019] (-) TimerEvent: {}
[43.980777] (-) TimerEvent: {}
[44.081490] (-) TimerEvent: {}
[44.182007] (-) TimerEvent: {}
[44.282598] (-) TimerEvent: {}
[44.383413] (-) TimerEvent: {}
[44.483997] (-) TimerEvent: {}
[44.585133] (-) TimerEvent: {}
[44.686155] (-) TimerEvent: {}
[44.786801] (-) TimerEvent: {}
[44.887569] (-) TimerEvent: {}
[44.988410] (-) TimerEvent: {}
[45.088953] (-) TimerEvent: {}
[45.189661] (-) TimerEvent: {}
[45.290479] (-) TimerEvent: {}
[45.391012] (-) TimerEvent: {}
[45.491891] (-) TimerEvent: {}
[45.592739] (-) TimerEvent: {}
[45.693421] (-) TimerEvent: {}
[45.793939] (-) TimerEvent: {}
[45.894478] (-) TimerEvent: {}
[45.995136] (-) TimerEvent: {}
[46.095832] (-) TimerEvent: {}
[46.196458] (-) TimerEvent: {}
[46.297009] (-) TimerEvent: {}
[46.397565] (-) TimerEvent: {}
[46.498219] (-) TimerEvent: {}
[46.598899] (-) TimerEvent: {}
[46.699454] (-) TimerEvent: {}
[46.800082] (-) TimerEvent: {}
[46.900784] (-) TimerEvent: {}
[47.001413] (-) TimerEvent: {}
[47.101948] (-) TimerEvent: {}
[47.202450] (-) TimerEvent: {}
[47.303046] (-) TimerEvent: {}
[47.403807] (-) TimerEvent: {}
[47.504354] (-) TimerEvent: {}
[47.604799] (-) TimerEvent: {}
[47.705518] (-) TimerEvent: {}
[47.806367] (-) TimerEvent: {}
[47.907450] (-) TimerEvent: {}
[48.008275] (-) TimerEvent: {}
[48.108875] (-) TimerEvent: {}
[48.209615] (-) TimerEvent: {}
[48.310285] (-) TimerEvent: {}
[48.410862] (-) TimerEvent: {}
[48.511347] (-) TimerEvent: {}
[48.611819] (-) TimerEvent: {}
[48.712425] (-) TimerEvent: {}
[48.813322] (-) TimerEvent: {}
[48.913777] (-) TimerEvent: {}
[49.014376] (-) TimerEvent: {}
[49.114862] (-) TimerEvent: {}
[49.215318] (-) TimerEvent: {}
[49.315740] (-) TimerEvent: {}
[49.416141] (-) TimerEvent: {}
[49.516538] (-) TimerEvent: {}
[49.617084] (-) TimerEvent: {}
[49.717487] (-) TimerEvent: {}
[49.817844] (-) TimerEvent: {}
[49.918196] (-) TimerEvent: {}
[50.018870] (-) TimerEvent: {}
[50.119386] (-) TimerEvent: {}
[50.220095] (-) TimerEvent: {}
[50.320665] (-) TimerEvent: {}
[50.421165] (-) TimerEvent: {}
[50.521699] (-) TimerEvent: {}
[50.622134] (-) TimerEvent: {}
[50.722671] (-) TimerEvent: {}
[50.823079] (-) TimerEvent: {}
[50.923473] (-) TimerEvent: {}
[51.023917] (-) TimerEvent: {}
[51.124364] (-) TimerEvent: {}
[51.224660] (-) TimerEvent: {}
[51.325141] (-) TimerEvent: {}
[51.425476] (-) TimerEvent: {}
[51.525912] (-) TimerEvent: {}
[51.626500] (-) TimerEvent: {}
[51.726908] (-) TimerEvent: {}
[51.827305] (-) TimerEvent: {}
[51.927919] (-) TimerEvent: {}
[52.028732] (-) TimerEvent: {}
[52.129311] (-) TimerEvent: {}
[52.188181] (examples_rclcpp_cbg_executor) StdoutLine: {'line': b'[ 60%] \x1b[32mBuilding CXX object CMakeFiles/ping_pong.dir/src/examples_rclcpp_cbg_executor/ping_node.cpp.o\x1b[0m\n'}
[52.229481] (-) TimerEvent: {}
[52.329912] (-) TimerEvent: {}
[52.430416] (-) TimerEvent: {}
[52.530805] (-) TimerEvent: {}
[52.631223] (-) TimerEvent: {}
[52.731698] (-) TimerEvent: {}
[52.832104] (-) TimerEvent: {}
[52.932556] (-) TimerEvent: {}
[53.033128] (-) TimerEvent: {}
[53.133593] (-) TimerEvent: {}
[53.234142] (-) TimerEvent: {}
[53.334529] (-) TimerEvent: {}
[53.434939] (-) TimerEvent: {}
[53.535416] (-) TimerEvent: {}
[53.636029] (-) TimerEvent: {}
[53.737020] (-) TimerEvent: {}
[53.837787] (-) TimerEvent: {}
[53.938131] (-) TimerEvent: {}
[54.038600] (-) TimerEvent: {}
[54.139047] (-) TimerEvent: {}
[54.239445] (-) TimerEvent: {}
[54.339854] (-) TimerEvent: {}
[54.440327] (-) TimerEvent: {}
[54.540842] (-) TimerEvent: {}
[54.641267] (-) TimerEvent: {}
[54.741687] (-) TimerEvent: {}
[54.842146] (-) TimerEvent: {}
[54.942619] (-) TimerEvent: {}
[55.043102] (-) TimerEvent: {}
[55.143825] (-) TimerEvent: {}
[55.244382] (-) TimerEvent: {}
[55.344776] (-) TimerEvent: {}
[55.445301] (-) TimerEvent: {}
[55.545892] (-) TimerEvent: {}
[55.646378] (-) TimerEvent: {}
[55.746779] (-) TimerEvent: {}
[55.847405] (-) TimerEvent: {}
[55.948026] (-) TimerEvent: {}
[56.048720] (-) TimerEvent: {}
[56.149414] (-) TimerEvent: {}
[56.249909] (-) TimerEvent: {}
[56.350390] (-) TimerEvent: {}
[56.450953] (-) TimerEvent: {}
[56.551581] (-) TimerEvent: {}
[56.652163] (-) TimerEvent: {}
[56.752817] (-) TimerEvent: {}
[56.853483] (-) TimerEvent: {}
[56.954137] (-) TimerEvent: {}
[57.054727] (-) TimerEvent: {}
[57.155294] (-) TimerEvent: {}
[57.255845] (-) TimerEvent: {}
[57.356473] (-) TimerEvent: {}
[57.457281] (-) TimerEvent: {}
[57.557819] (-) TimerEvent: {}
[57.658418] (-) TimerEvent: {}
[57.759086] (-) TimerEvent: {}
[57.859672] (-) TimerEvent: {}
[57.960296] (-) TimerEvent: {}
[58.060801] (-) TimerEvent: {}
[58.161202] (-) TimerEvent: {}
[58.261744] (-) TimerEvent: {}
[58.362396] (-) TimerEvent: {}
[58.463027] (-) TimerEvent: {}
[58.563672] (-) TimerEvent: {}
[58.664391] (-) TimerEvent: {}
[58.764876] (-) TimerEvent: {}
[58.865505] (-) TimerEvent: {}
[58.966198] (-) TimerEvent: {}
[59.067550] (-) TimerEvent: {}
[59.168515] (-) TimerEvent: {}
[59.269040] (-) TimerEvent: {}
[59.369692] (-) TimerEvent: {}
[59.470058] (-) TimerEvent: {}
[59.570551] (-) TimerEvent: {}
[59.671029] (-) TimerEvent: {}
[59.771598] (-) TimerEvent: {}
[59.872094] (-) TimerEvent: {}
[59.972715] (-) TimerEvent: {}
[60.073185] (-) TimerEvent: {}
[60.173635] (-) TimerEvent: {}
[60.274213] (-) TimerEvent: {}
[60.374593] (-) TimerEvent: {}
[60.475063] (-) TimerEvent: {}
[60.575576] (-) TimerEvent: {}
[60.676343] (-) TimerEvent: {}
[60.777011] (-) TimerEvent: {}
[60.877528] (-) TimerEvent: {}
[60.978090] (-) TimerEvent: {}
[61.078568] (-) TimerEvent: {}
[61.179149] (-) TimerEvent: {}
[61.279677] (-) TimerEvent: {}
[61.380207] (-) TimerEvent: {}
[61.480682] (-) TimerEvent: {}
[61.581128] (-) TimerEvent: {}
[61.681656] (-) TimerEvent: {}
[61.782271] (-) TimerEvent: {}
[61.882899] (-) TimerEvent: {}
[61.983382] (-) TimerEvent: {}
[62.083882] (-) TimerEvent: {}
[62.184411] (-) TimerEvent: {}
[62.284815] (-) TimerEvent: {}
[62.385313] (-) TimerEvent: {}
[62.485823] (-) TimerEvent: {}
[62.586259] (-) TimerEvent: {}
[62.686826] (-) TimerEvent: {}
[62.787563] (-) TimerEvent: {}
[62.887969] (-) TimerEvent: {}
[62.988348] (-) TimerEvent: {}
[63.088900] (-) TimerEvent: {}
[63.189313] (-) TimerEvent: {}
[63.289871] (-) TimerEvent: {}
[63.390456] (-) TimerEvent: {}
[63.491043] (-) TimerEvent: {}
[63.558026] (examples_rclcpp_cbg_executor) StdoutLine: {'line': b'[ 70%] \x1b[32m\x1b[1mLinking CXX executable ping_pong\x1b[0m\n'}
[63.591322] (-) TimerEvent: {}
[63.692239] (-) TimerEvent: {}
[63.793412] (-) TimerEvent: {}
[63.896557] (-) TimerEvent: {}
[63.997575] (-) TimerEvent: {}
[64.098597] (-) TimerEvent: {}
[64.199114] (-) TimerEvent: {}
[64.299625] (-) TimerEvent: {}
[64.400235] (-) TimerEvent: {}
[64.500978] (-) TimerEvent: {}
[64.601585] (-) TimerEvent: {}
[64.616268] (examples_rclcpp_cbg_executor) StdoutLine: {'line': b'[ 70%] Built target ping_pong\n'}
[64.650735] (examples_rclcpp_cbg_executor) StdoutLine: {'line': b'[ 80%] \x1b[32mBuilding CXX object CMakeFiles/pong.dir/src/examples_rclcpp_cbg_executor/pong_node.cpp.o\x1b[0m\n'}
[64.651560] (examples_rclcpp_cbg_executor) StdoutLine: {'line': b'[ 90%] \x1b[32mBuilding CXX object CMakeFiles/pong.dir/src/pong.cpp.o\x1b[0m\n'}
[64.701846] (-) TimerEvent: {}
[64.802404] (-) TimerEvent: {}
[64.902766] (-) TimerEvent: {}
[65.003377] (-) TimerEvent: {}
[65.103883] (-) TimerEvent: {}
[65.204599] (-) TimerEvent: {}
[65.305101] (-) TimerEvent: {}
[65.405622] (-) TimerEvent: {}
[65.506114] (-) TimerEvent: {}
[65.606604] (-) TimerEvent: {}
[65.706934] (-) TimerEvent: {}
[65.807453] (-) TimerEvent: {}
[65.907796] (-) TimerEvent: {}
[66.008275] (-) TimerEvent: {}
[66.109068] (-) TimerEvent: {}
[66.210767] (-) TimerEvent: {}
[66.312218] (-) TimerEvent: {}
[66.413190] (-) TimerEvent: {}
[66.515073] (-) TimerEvent: {}
[66.617149] (-) TimerEvent: {}
[66.719012] (-) TimerEvent: {}
[66.821067] (-) TimerEvent: {}
[66.921831] (-) TimerEvent: {}
[67.022569] (-) TimerEvent: {}
[67.123147] (-) TimerEvent: {}
[67.224602] (-) TimerEvent: {}
[67.326696] (-) TimerEvent: {}
[67.428649] (-) TimerEvent: {}
[67.530264] (-) TimerEvent: {}
[67.631764] (-) TimerEvent: {}
[67.733942] (-) TimerEvent: {}
[67.836086] (-) TimerEvent: {}
[67.938456] (-) TimerEvent: {}
[68.040544] (-) TimerEvent: {}
[68.142725] (-) TimerEvent: {}
[68.244383] (-) TimerEvent: {}
[68.346607] (-) TimerEvent: {}
[68.448818] (-) TimerEvent: {}
[68.550665] (-) TimerEvent: {}
[68.651771] (-) TimerEvent: {}
[68.753512] (-) TimerEvent: {}
[68.855509] (-) TimerEvent: {}
[68.957694] (-) TimerEvent: {}
[69.059406] (-) TimerEvent: {}
[69.161316] (-) TimerEvent: {}
[69.263149] (-) TimerEvent: {}
[69.365468] (-) TimerEvent: {}
[69.467227] (-) TimerEvent: {}
[69.568154] (-) TimerEvent: {}
[69.669995] (-) TimerEvent: {}
[69.771113] (-) TimerEvent: {}
[69.873663] (-) TimerEvent: {}
[69.975816] (-) TimerEvent: {}
[70.077366] (-) TimerEvent: {}
[70.178983] (-) TimerEvent: {}
[70.280815] (-) TimerEvent: {}
[70.382630] (-) TimerEvent: {}
[70.483290] (-) TimerEvent: {}
[70.584114] (-) TimerEvent: {}
[70.685264] (-) TimerEvent: {}
[70.785989] (-) TimerEvent: {}
[70.887295] (-) TimerEvent: {}
[70.988238] (-) TimerEvent: {}
[71.090037] (-) TimerEvent: {}
[71.192225] (-) TimerEvent: {}
[71.294091] (-) TimerEvent: {}
[71.395696] (-) TimerEvent: {}
[71.497189] (-) TimerEvent: {}
[71.598911] (-) TimerEvent: {}
[71.701022] (-) TimerEvent: {}
[71.804216] (-) TimerEvent: {}
[71.906891] (-) TimerEvent: {}
[72.008324] (-) TimerEvent: {}
[72.109637] (-) TimerEvent: {}
[72.210928] (-) TimerEvent: {}
[72.312575] (-) TimerEvent: {}
[72.414405] (-) TimerEvent: {}
[72.516072] (-) TimerEvent: {}
[72.617484] (-) TimerEvent: {}
[72.718754] (-) TimerEvent: {}
[72.819824] (-) TimerEvent: {}
[72.921363] (-) TimerEvent: {}
[73.023113] (-) TimerEvent: {}
[73.125267] (-) TimerEvent: {}
[73.227056] (-) TimerEvent: {}
[73.328435] (-) TimerEvent: {}
[73.430281] (-) TimerEvent: {}
[73.531940] (-) TimerEvent: {}
[73.633470] (-) TimerEvent: {}
[73.734446] (-) TimerEvent: {}
[73.836031] (-) TimerEvent: {}
[73.937071] (-) TimerEvent: {}
[74.037978] (-) TimerEvent: {}
[74.138942] (-) TimerEvent: {}
[74.240035] (-) TimerEvent: {}
[74.341218] (-) TimerEvent: {}
[74.442767] (-) TimerEvent: {}
[74.544122] (-) TimerEvent: {}
[74.645320] (-) TimerEvent: {}
[74.746732] (-) TimerEvent: {}
[74.847947] (-) TimerEvent: {}
[74.948809] (-) TimerEvent: {}
[75.049673] (-) TimerEvent: {}
[75.150565] (-) TimerEvent: {}
[75.251374] (-) TimerEvent: {}
[75.352374] (-) TimerEvent: {}
[75.453168] (-) TimerEvent: {}
[75.554055] (-) TimerEvent: {}
[75.654848] (-) TimerEvent: {}
[75.756053] (-) TimerEvent: {}
[75.857341] (-) TimerEvent: {}
[75.958119] (-) TimerEvent: {}
[76.058974] (-) TimerEvent: {}
[76.159954] (-) TimerEvent: {}
[76.260696] (-) TimerEvent: {}
[76.361389] (-) TimerEvent: {}
[76.462256] (-) TimerEvent: {}
[76.563299] (-) TimerEvent: {}
[76.664090] (-) TimerEvent: {}
[76.764486] (-) TimerEvent: {}
[76.865072] (-) TimerEvent: {}
[76.965555] (-) TimerEvent: {}
[77.066182] (-) TimerEvent: {}
[77.167045] (-) TimerEvent: {}
[77.267829] (-) TimerEvent: {}
[77.368420] (-) TimerEvent: {}
[77.468979] (-) TimerEvent: {}
[77.569500] (-) TimerEvent: {}
[77.670062] (-) TimerEvent: {}
[77.770714] (-) TimerEvent: {}
[77.871330] (-) TimerEvent: {}
[77.972082] (-) TimerEvent: {}
[78.072825] (-) TimerEvent: {}
[78.173352] (-) TimerEvent: {}
[78.273901] (-) TimerEvent: {}
[78.374409] (-) TimerEvent: {}
[78.474872] (-) TimerEvent: {}
[78.575322] (-) TimerEvent: {}
[78.675786] (-) TimerEvent: {}
[78.776315] (-) TimerEvent: {}
[78.877160] (-) TimerEvent: {}
[78.977668] (-) TimerEvent: {}
[79.078195] (-) TimerEvent: {}
[79.178725] (-) TimerEvent: {}
[79.279325] (-) TimerEvent: {}
[79.380059] (-) TimerEvent: {}
[79.481142] (-) TimerEvent: {}
[79.581799] (-) TimerEvent: {}
[79.682327] (-) TimerEvent: {}
[79.782815] (-) TimerEvent: {}
[79.883598] (-) TimerEvent: {}
[79.984378] (-) TimerEvent: {}
[80.084806] (-) TimerEvent: {}
[80.185652] (-) TimerEvent: {}
[80.286355] (-) TimerEvent: {}
[80.315572] (examples_rclcpp_cbg_executor) StdoutLine: {'line': b'[100%] \x1b[32m\x1b[1mLinking CXX executable pong\x1b[0m\n'}
[80.386745] (-) TimerEvent: {}
[80.487780] (-) TimerEvent: {}
[80.588516] (-) TimerEvent: {}
[80.689761] (-) TimerEvent: {}
[80.790934] (-) TimerEvent: {}
[80.892056] (-) TimerEvent: {}
[80.992966] (-) TimerEvent: {}
[81.093587] (-) TimerEvent: {}
[81.194569] (-) TimerEvent: {}
[81.295617] (-) TimerEvent: {}
[81.396183] (-) TimerEvent: {}
[81.496864] (-) TimerEvent: {}
[81.540139] (examples_rclcpp_cbg_executor) StdoutLine: {'line': b'[100%] Built target pong\n'}
[81.569356] (examples_rclcpp_cbg_executor) CommandEnded: {'returncode': 0}
[81.576874] (examples_rclcpp_cbg_executor) JobProgress: {'identifier': 'examples_rclcpp_cbg_executor', 'progress': 'install'}
[81.581428] (examples_rclcpp_cbg_executor) Command: {'cmd': ['/usr/bin/cmake', '--install', '/home/zhang/rosprc_ws/build/examples_rclcpp_cbg_executor'], 'cwd': '/home/zhang/rosprc_ws/build/examples_rclcpp_cbg_executor', 'env': OrderedDict({'LESSOPEN': '| /usr/bin/lesspipe %s', 'GZ_SIM_RESOURCE_PATH': '/opt/ros/jazzy/share', 'USER': 'zhang', 'GZ_CONFIG_PATH': '/opt/ros/jazzy/opt/gz_sim_vendor/share/gz:/opt/ros/jazzy/opt/sdformat_vendor/share/gz:/opt/ros/jazzy/opt/gz_gui_vendor/share/gz:/opt/ros/jazzy/opt/gz_transport_vendor/share/gz:/opt/ros/jazzy/opt/gz_rendering_vendor/share/gz:/opt/ros/jazzy/opt/gz_plugin_vendor/share/gz:/opt/ros/jazzy/opt/gz_fuel_tools_vendor/share/gz:/opt/ros/jazzy/opt/gz_msgs_vendor/share/gz:/opt/ros/jazzy/opt/gz_common_vendor/share/gz', 'GIT_ASKPASS': '/home/zhang/.vscode-server/bin/e4c7e7b1d6d060162f4aa7f8225271b67ce1df75/extensions/git/dist/askpass.sh', 'SHLVL': '2', 'LIBGL_ALWAYS_SOFTWARE': '0', 'LD_LIBRARY_PATH': '/opt/ros/jazzy/opt/gz_sim_vendor/lib:/opt/ros/jazzy/opt/gz_sensors_vendor/lib:/opt/ros/jazzy/opt/gz_physics_vendor/lib:/opt/ros/jazzy/opt/sdformat_vendor/lib:/opt/ros/jazzy/opt/rviz_ogre_vendor/lib:/opt/ros/jazzy/lib/x86_64-linux-gnu:/opt/ros/jazzy/opt/gz_gui_vendor/lib:/opt/ros/jazzy/opt/gz_transport_vendor/lib:/opt/ros/jazzy/opt/gz_rendering_vendor/lib:/opt/ros/jazzy/opt/gz_plugin_vendor/lib:/opt/ros/jazzy/opt/gz_fuel_tools_vendor/lib:/opt/ros/jazzy/opt/gz_msgs_vendor/lib:/opt/ros/jazzy/opt/gz_common_vendor/lib:/opt/ros/jazzy/opt/gz_math_vendor/lib:/opt/ros/jazzy/opt/gz_utils_vendor/lib:/opt/ros/jazzy/opt/gz_tools_vendor/lib:/opt/ros/jazzy/opt/gz_ogre_next_vendor/lib:/opt/ros/jazzy/opt/gz_dartsim_vendor/lib:/opt/ros/jazzy/opt/gz_cmake_vendor/lib:/opt/ros/jazzy/lib', 'HOME': '/home/zhang', 'TERM_PROGRAM_VERSION': '1.131.0', 'VSCODE_IPC_HOOK_CLI': '/run/user/1001/vscode-ipc-d537498f-331a-41d4-bf91-51cd2386a755.sock', 'ROS_PYTHON_VERSION': '3', 'VSCODE_GIT_ASKPASS_MAIN': '/home/zhang/.vscode-server/bin/e4c7e7b1d6d060162f4aa7f8225271b67ce1df75/extensions/git/dist/askpass-main.js', 'VSCODE_GIT_ASKPASS_NODE': '/home/zhang/.vscode-server/bin/e4c7e7b1d6d060162f4aa7f8225271b67ce1df75/node', 'VSCODE_PYTHON_AUTOACTIVATE_GUARD': '1', 'DBUS_SESSION_BUS_ADDRESS': 'unix:path=/run/user/1001/bus', 'COLORTERM': 'truecolor', 'WSL_DISTRO_NAME': 'Ubuntu', 'WAYLAND_DISPLAY': 'wayland-0', 'ROS_DISTRO': 'jazzy', 'LOGNAME': 'zhang', 'NAME': 'Code', 'WSL_INTEROP': '/run/WSL/6274_interop', 'PULSE_SERVER': 'unix:/mnt/wslg/PulseServer', '_': '/usr/bin/colcon', 'ROS_VERSION': '2', 'CLAUDE_CODE_SSE_PORT': '21165', 'TERM': 'xterm-256color', 'PATH': '/home/zhang/.vscode-server/data/User/globalStorage/github.copilot-chat/debugCommand:/home/zhang/.vscode-server/data/User/globalStorage/github.copilot-chat/copilotCli:/home/zhang/.vscode-server/bin/e4c7e7b1d6d060162f4aa7f8225271b67ce1df75/bin/remote-cli:/opt/ros/jazzy/opt/gz_msgs_vendor/bin:/opt/ros/jazzy/opt/gz_tools_vendor/bin:/opt/ros/jazzy/opt/gz_ogre_next_vendor/bin:/opt/ros/jazzy/bin:/usr/local/sbin:/usr/local/bin:/usr/sbin:/usr/bin:/sbin:/bin:/usr/games:/usr/local/games:/usr/lib/wsl/lib:/mnt/c/Program Files/PowerShell/7:/mnt/c/Users/Zhang/AppData/Roaming/Code/User/globalStorage/github.copilot-chat/debugCommand:/mnt/c/Users/Zhang/AppData/Roaming/Code/User/globalStorage/github.copilot-chat/copilotCli:/mnt/c/WINDOWS/system32:/mnt/c/WINDOWS:/mnt/c/WINDOWS/System32/Wbem:/mnt/c/WINDOWS/System32/WindowsPowerShell/v1.0/:/mnt/c/WINDOWS/System32/OpenSSH/:/mnt/c/Program Files/Git/cmd:/mnt/c/Program Files/MATLAB/R2025b/bin:/mnt/c/Program Files/dotnet/:/mnt/c/Program Files/PowerShell/7/:/mnt/c/Users/Zhang/AppData/Local/Programs/Python/Python314/Scripts/:/mnt/c/Users/Zhang/AppData/Local/Programs/Python/Python314/:/mnt/c/Users/Zhang/.local/bin:/mnt/c/Users/Zhang/AppData/Local/Microsoft/WindowsApps:/mnt/c/Users/Zhang/AppData/Local/Programs/Microsoft VS Code/bin:/mnt/c/Program Files/Processing/:/snap/bin', 'XDG_RUNTIME_DIR': '/run/user/1001', 'DISPLAY': ':0', 'LANG': 'en_US.UTF-8', 'LS_COLORS': 'rs=0:di=01;34:ln=01;36:mh=00:pi=40;33:so=01;35:do=01;35:bd=40;33;01:cd=40;33;01:or=40;31;01:mi=00:su=37;41:sg=30;43:ca=00:tw=30;42:ow=34;42:st=37;44:ex=01;32:*.tar=01;31:*.tgz=01;31:*.arc=01;31:*.arj=01;31:*.taz=01;31:*.lha=01;31:*.lz4=01;31:*.lzh=01;31:*.lzma=01;31:*.tlz=01;31:*.txz=01;31:*.tzo=01;31:*.t7z=01;31:*.zip=01;31:*.z=01;31:*.dz=01;31:*.gz=01;31:*.lrz=01;31:*.lz=01;31:*.lzo=01;31:*.xz=01;31:*.zst=01;31:*.tzst=01;31:*.bz2=01;31:*.bz=01;31:*.tbz=01;31:*.tbz2=01;31:*.tz=01;31:*.deb=01;31:*.rpm=01;31:*.jar=01;31:*.war=01;31:*.ear=01;31:*.sar=01;31:*.rar=01;31:*.alz=01;31:*.ace=01;31:*.zoo=01;31:*.cpio=01;31:*.7z=01;31:*.rz=01;31:*.cab=01;31:*.wim=01;31:*.swm=01;31:*.dwm=01;31:*.esd=01;31:*.avif=01;35:*.jpg=01;35:*.jpeg=01;35:*.mjpg=01;35:*.mjpeg=01;35:*.gif=01;35:*.bmp=01;35:*.pbm=01;35:*.pgm=01;35:*.ppm=01;35:*.tga=01;35:*.xbm=01;35:*.xpm=01;35:*.tif=01;35:*.tiff=01;35:*.png=01;35:*.svg=01;35:*.svgz=01;35:*.mng=01;35:*.pcx=01;35:*.mov=01;35:*.mpg=01;35:*.mpeg=01;35:*.m2v=01;35:*.mkv=01;35:*.webm=01;35:*.webp=01;35:*.ogm=01;35:*.mp4=01;35:*.m4v=01;35:*.mp4v=01;35:*.vob=01;35:*.qt=01;35:*.nuv=01;35:*.wmv=01;35:*.asf=01;35:*.rm=01;35:*.rmvb=01;35:*.flc=01;35:*.avi=01;35:*.fli=01;35:*.flv=01;35:*.gl=01;35:*.dl=01;35:*.xcf=01;35:*.xwd=01;35:*.yuv=01;35:*.cgm=01;35:*.emf=01;35:*.ogv=01;35:*.ogx=01;35:*.aac=00;36:*.au=00;36:*.flac=00;36:*.m4a=00;36:*.mid=00;36:*.midi=00;36:*.mka=00;36:*.mp3=00;36:*.mpc=00;36:*.ogg=00;36:*.ra=00;36:*.wav=00;36:*.oga=00;36:*.opus=00;36:*.spx=00;36:*.xspf=00;36:*~=00;90:*#=00;90:*.bak=00;90:*.crdownload=00;90:*.dpkg-dist=00;90:*.dpkg-new=00;90:*.dpkg-old=00;90:*.dpkg-tmp=00;90:*.old=00;90:*.orig=00;90:*.part=00;90:*.rej=00;90:*.rpmnew=00;90:*.rpmorig=00;90:*.rpmsave=00;90:*.swp=00;90:*.tmp=00;90:*.ucf-dist=00;90:*.ucf-new=00;90:*.ucf-old=00;90:', 'VSCODE_GIT_IPC_HANDLE': '/run/user/1001/vscode-git-82e1d75d12.sock', 'TERM_PROGRAM': 'vscode', 'AMENT_PREFIX_PATH': '/opt/ros/jazzy', 'SHELL': '/bin/bash', 'LESSCLOSE': '/usr/bin/lesspipe %s %s', 'GALLIUM_DRIVER': 'd3d12', 'ROS_AUTOMATIC_DISCOVERY_RANGE': 'SUBNET', 'VSCODE_GIT_ASKPASS_EXTRA_ARGS': '', 'PWD': '/home/zhang/rosprc_ws/build/examples_rclcpp_cbg_executor', 'TURTLEBOT3_MODEL': 'burger', 'COPILOT_DEBUG_NONCE': '503c6a609ad3c4b1656ae504fee63388', 'XDG_DATA_DIRS': '/usr/local/share:/usr/share:/var/lib/snapd/desktop', 'PYTHONPATH': '/opt/ros/jazzy/lib/python3.12/site-packages', 'COLCON': '1', 'WSL2_GUI_APPS_ENABLED': '1', 'HOSTTYPE': 'x86_64', 'CMAKE_PREFIX_PATH': '/opt/ros/jazzy/opt/gz_sim_vendor:/opt/ros/jazzy/opt/gz_sensors_vendor:/opt/ros/jazzy/opt/gz_physics_vendor:/opt/ros/jazzy/opt/sdformat_vendor:/opt/ros/jazzy/opt/gz_gui_vendor:/opt/ros/jazzy/opt/gz_transport_vendor:/opt/ros/jazzy/opt/gz_rendering_vendor:/opt/ros/jazzy/opt/gz_plugin_vendor:/opt/ros/jazzy/opt/gz_fuel_tools_vendor:/opt/ros/jazzy/opt/gz_msgs_vendor:/opt/ros/jazzy/opt/gz_common_vendor:/opt/ros/jazzy/opt/gz_math_vendor:/opt/ros/jazzy/opt/gz_utils_vendor:/opt/ros/jazzy/opt/gz_tools_vendor:/opt/ros/jazzy/opt/gz_ogre_next_vendor:/opt/ros/jazzy/opt/gz_dartsim_vendor:/opt/ros/jazzy/opt/gz_cmake_vendor:/opt/ros/jazzy', 'WSLENV': 'ELECTRON_RUN_AS_NODE/w:'}), 'shell': False}
[81.597377] (-) TimerEvent: {}
[81.614748] (examples_rclcpp_cbg_executor) StdoutLine: {'line': b'-- Install configuration: ""\n'}
[81.618182] (examples_rclcpp_cbg_executor) StdoutLine: {'line': b'-- Execute custom install script\n'}
[81.621270] (examples_rclcpp_cbg_executor) StdoutLine: {'line': b'-- Symlinking: /home/zhang/rosprc_ws/install/examples_rclcpp_cbg_executor/lib/examples_rclcpp_cbg_executor/ping\n'}
[81.655877] (examples_rclcpp_cbg_executor) StdoutLine: {'line': b'-- Symlinking: /home/zhang/rosprc_ws/install/examples_rclcpp_cbg_executor/lib/examples_rclcpp_cbg_executor/pong\n'}
[81.684629] (examples_rclcpp_cbg_executor) StdoutLine: {'line': b'-- Symlinking: /home/zhang/rosprc_ws/install/examples_rclcpp_cbg_executor/lib/examples_rclcpp_cbg_executor/ping_pong\n'}
[81.697760] (-) TimerEvent: {}
[81.725689] (examples_rclcpp_cbg_executor) StdoutLine: {'line': b'-- Symlinking: /home/zhang/rosprc_ws/install/examples_rclcpp_cbg_executor/include/examples_rclcpp_cbg_executor/ping_node.hpp\n'}
[81.749155] (examples_rclcpp_cbg_executor) StdoutLine: {'line': b'-- Symlinking: /home/zhang/rosprc_ws/install/examples_rclcpp_cbg_executor/include/examples_rclcpp_cbg_executor/pong_node.hpp\n'}
[81.788007] (examples_rclcpp_cbg_executor) StdoutLine: {'line': b'-- Symlinking: /home/zhang/rosprc_ws/install/examples_rclcpp_cbg_executor/share/ament_index/resource_index/package_run_dependencies/examples_rclcpp_cbg_executor\n'}
[81.798206] (-) TimerEvent: {}
[81.825043] (examples_rclcpp_cbg_executor) StdoutLine: {'line': b'-- Symlinking: /home/zhang/rosprc_ws/install/examples_rclcpp_cbg_executor/share/ament_index/resource_index/parent_prefix_path/examples_rclcpp_cbg_executor\n'}
[81.861576] (examples_rclcpp_cbg_executor) StdoutLine: {'line': b'-- Symlinking: /home/zhang/rosprc_ws/install/examples_rclcpp_cbg_executor/share/examples_rclcpp_cbg_executor/environment/ament_prefix_path.sh\n'}
[81.892177] (examples_rclcpp_cbg_executor) StdoutLine: {'line': b'-- Symlinking: /home/zhang/rosprc_ws/install/examples_rclcpp_cbg_executor/share/examples_rclcpp_cbg_executor/environment/ament_prefix_path.dsv\n'}
[81.898569] (-) TimerEvent: {}
[81.924769] (examples_rclcpp_cbg_executor) StdoutLine: {'line': b'-- Symlinking: /home/zhang/rosprc_ws/install/examples_rclcpp_cbg_executor/share/examples_rclcpp_cbg_executor/environment/path.sh\n'}
[81.959518] (examples_rclcpp_cbg_executor) StdoutLine: {'line': b'-- Symlinking: /home/zhang/rosprc_ws/install/examples_rclcpp_cbg_executor/share/examples_rclcpp_cbg_executor/environment/path.dsv\n'}
[81.987287] (examples_rclcpp_cbg_executor) StdoutLine: {'line': b'-- Symlinking: /home/zhang/rosprc_ws/install/examples_rclcpp_cbg_executor/share/examples_rclcpp_cbg_executor/local_setup.bash\n'}
[81.998993] (-) TimerEvent: {}
[82.021670] (examples_rclcpp_cbg_executor) StdoutLine: {'line': b'-- Symlinking: /home/zhang/rosprc_ws/install/examples_rclcpp_cbg_executor/share/examples_rclcpp_cbg_executor/local_setup.sh\n'}
[82.059697] (examples_rclcpp_cbg_executor) StdoutLine: {'line': b'-- Symlinking: /home/zhang/rosprc_ws/install/examples_rclcpp_cbg_executor/share/examples_rclcpp_cbg_executor/local_setup.zsh\n'}
[82.095706] (examples_rclcpp_cbg_executor) StdoutLine: {'line': b'-- Symlinking: /home/zhang/rosprc_ws/install/examples_rclcpp_cbg_executor/share/examples_rclcpp_cbg_executor/local_setup.dsv\n'}
[82.099492] (-) TimerEvent: {}
[82.134401] (examples_rclcpp_cbg_executor) StdoutLine: {'line': b'-- Symlinking: /home/zhang/rosprc_ws/install/examples_rclcpp_cbg_executor/share/examples_rclcpp_cbg_executor/package.dsv\n'}
[82.174201] (examples_rclcpp_cbg_executor) StdoutLine: {'line': b'-- Symlinking: /home/zhang/rosprc_ws/install/examples_rclcpp_cbg_executor/share/ament_index/resource_index/packages/examples_rclcpp_cbg_executor\n'}
[82.199872] (-) TimerEvent: {}
[82.204235] (examples_rclcpp_cbg_executor) StdoutLine: {'line': b'-- Symlinking: /home/zhang/rosprc_ws/install/examples_rclcpp_cbg_executor/share/examples_rclcpp_cbg_executor/cmake/ament_cmake_export_dependencies-extras.cmake\n'}
[82.236852] (examples_rclcpp_cbg_executor) StdoutLine: {'line': b'-- Symlinking: /home/zhang/rosprc_ws/install/examples_rclcpp_cbg_executor/share/examples_rclcpp_cbg_executor/cmake/examples_rclcpp_cbg_executorConfig.cmake\n'}
[82.249431] (examples_rclcpp_cbg_executor) StdoutLine: {'line': b'-- Symlinking: /home/zhang/rosprc_ws/install/examples_rclcpp_cbg_executor/share/examples_rclcpp_cbg_executor/cmake/examples_rclcpp_cbg_executorConfig-version.cmake\n'}
[82.276360] (examples_rclcpp_cbg_executor) StdoutLine: {'line': b'-- Symlinking: /home/zhang/rosprc_ws/install/examples_rclcpp_cbg_executor/share/examples_rclcpp_cbg_executor/package.xml\n'}
[82.300391] (-) TimerEvent: {}
[82.322593] (examples_rclcpp_cbg_executor) CommandEnded: {'returncode': 0}
[82.362785] (examples_rclcpp_cbg_executor) JobEnded: {'identifier': 'examples_rclcpp_cbg_executor', 'rc': 0}
[82.365332] (examples_rclcpp_minimal_action_client) JobStarted: {'identifier': 'examples_rclcpp_minimal_action_client'}
[82.384710] (examples_rclcpp_minimal_action_client) JobProgress: {'identifier': 'examples_rclcpp_minimal_action_client', 'progress': 'cmake'}
[82.393012] (examples_rclcpp_minimal_action_client) JobProgress: {'identifier': 'examples_rclcpp_minimal_action_client', 'progress': 'build'}
[82.393287] (examples_rclcpp_minimal_action_client) Command: {'cmd': ['/usr/bin/cmake', '--build', '/home/zhang/rosprc_ws/build/examples_rclcpp_minimal_action_client', '--', '-j20', '-l20'], 'cwd': '/home/zhang/rosprc_ws/build/examples_rclcpp_minimal_action_client', 'env': OrderedDict({'LESSOPEN': '| /usr/bin/lesspipe %s', 'GZ_SIM_RESOURCE_PATH': '/opt/ros/jazzy/share', 'USER': 'zhang', 'GZ_CONFIG_PATH': '/opt/ros/jazzy/opt/gz_sim_vendor/share/gz:/opt/ros/jazzy/opt/sdformat_vendor/share/gz:/opt/ros/jazzy/opt/gz_gui_vendor/share/gz:/opt/ros/jazzy/opt/gz_transport_vendor/share/gz:/opt/ros/jazzy/opt/gz_rendering_vendor/share/gz:/opt/ros/jazzy/opt/gz_plugin_vendor/share/gz:/opt/ros/jazzy/opt/gz_fuel_tools_vendor/share/gz:/opt/ros/jazzy/opt/gz_msgs_vendor/share/gz:/opt/ros/jazzy/opt/gz_common_vendor/share/gz', 'GIT_ASKPASS': '/home/zhang/.vscode-server/bin/e4c7e7b1d6d060162f4aa7f8225271b67ce1df75/extensions/git/dist/askpass.sh', 'SHLVL': '2', 'LIBGL_ALWAYS_SOFTWARE': '0', 'LD_LIBRARY_PATH': '/opt/ros/jazzy/opt/gz_sim_vendor/lib:/opt/ros/jazzy/opt/gz_sensors_vendor/lib:/opt/ros/jazzy/opt/gz_physics_vendor/lib:/opt/ros/jazzy/opt/sdformat_vendor/lib:/opt/ros/jazzy/opt/rviz_ogre_vendor/lib:/opt/ros/jazzy/lib/x86_64-linux-gnu:/opt/ros/jazzy/opt/gz_gui_vendor/lib:/opt/ros/jazzy/opt/gz_transport_vendor/lib:/opt/ros/jazzy/opt/gz_rendering_vendor/lib:/opt/ros/jazzy/opt/gz_plugin_vendor/lib:/opt/ros/jazzy/opt/gz_fuel_tools_vendor/lib:/opt/ros/jazzy/opt/gz_msgs_vendor/lib:/opt/ros/jazzy/opt/gz_common_vendor/lib:/opt/ros/jazzy/opt/gz_math_vendor/lib:/opt/ros/jazzy/opt/gz_utils_vendor/lib:/opt/ros/jazzy/opt/gz_tools_vendor/lib:/opt/ros/jazzy/opt/gz_ogre_next_vendor/lib:/opt/ros/jazzy/opt/gz_dartsim_vendor/lib:/opt/ros/jazzy/opt/gz_cmake_vendor/lib:/opt/ros/jazzy/lib', 'HOME': '/home/zhang', 'TERM_PROGRAM_VERSION': '1.131.0', 'VSCODE_IPC_HOOK_CLI': '/run/user/1001/vscode-ipc-d537498f-331a-41d4-bf91-51cd2386a755.sock', 'ROS_PYTHON_VERSION': '3', 'VSCODE_GIT_ASKPASS_MAIN': '/home/zhang/.vscode-server/bin/e4c7e7b1d6d060162f4aa7f8225271b67ce1df75/extensions/git/dist/askpass-main.js', 'VSCODE_GIT_ASKPASS_NODE': '/home/zhang/.vscode-server/bin/e4c7e7b1d6d060162f4aa7f8225271b67ce1df75/node', 'VSCODE_PYTHON_AUTOACTIVATE_GUARD': '1', 'DBUS_SESSION_BUS_ADDRESS': 'unix:path=/run/user/1001/bus', 'COLORTERM': 'truecolor', 'WSL_DISTRO_NAME': 'Ubuntu', 'WAYLAND_DISPLAY': 'wayland-0', 'ROS_DISTRO': 'jazzy', 'LOGNAME': 'zhang', 'NAME': 'Code', 'WSL_INTEROP': '/run/WSL/6274_interop', 'PULSE_SERVER': 'unix:/mnt/wslg/PulseServer', '_': '/usr/bin/colcon', 'ROS_VERSION': '2', 'CLAUDE_CODE_SSE_PORT': '21165', 'TERM': 'xterm-256color', 'PATH': '/home/zhang/.vscode-server/data/User/globalStorage/github.copilot-chat/debugCommand:/home/zhang/.vscode-server/data/User/globalStorage/github.copilot-chat/copilotCli:/home/zhang/.vscode-server/bin/e4c7e7b1d6d060162f4aa7f8225271b67ce1df75/bin/remote-cli:/opt/ros/jazzy/opt/gz_msgs_vendor/bin:/opt/ros/jazzy/opt/gz_tools_vendor/bin:/opt/ros/jazzy/opt/gz_ogre_next_vendor/bin:/opt/ros/jazzy/bin:/usr/local/sbin:/usr/local/bin:/usr/sbin:/usr/bin:/sbin:/bin:/usr/games:/usr/local/games:/usr/lib/wsl/lib:/mnt/c/Program Files/PowerShell/7:/mnt/c/Users/Zhang/AppData/Roaming/Code/User/globalStorage/github.copilot-chat/debugCommand:/mnt/c/Users/Zhang/AppData/Roaming/Code/User/globalStorage/github.copilot-chat/copilotCli:/mnt/c/WINDOWS/system32:/mnt/c/WINDOWS:/mnt/c/WINDOWS/System32/Wbem:/mnt/c/WINDOWS/System32/WindowsPowerShell/v1.0/:/mnt/c/WINDOWS/System32/OpenSSH/:/mnt/c/Program Files/Git/cmd:/mnt/c/Program Files/MATLAB/R2025b/bin:/mnt/c/Program Files/dotnet/:/mnt/c/Program Files/PowerShell/7/:/mnt/c/Users/Zhang/AppData/Local/Programs/Python/Python314/Scripts/:/mnt/c/Users/Zhang/AppData/Local/Programs/Python/Python314/:/mnt/c/Users/Zhang/.local/bin:/mnt/c/Users/Zhang/AppData/Local/Microsoft/WindowsApps:/mnt/c/Users/Zhang/AppData/Local/Programs/Microsoft VS Code/bin:/mnt/c/Program Files/Processing/:/snap/bin', 'XDG_RUNTIME_DIR': '/run/user/1001', 'DISPLAY': ':0', 'LANG': 'en_US.UTF-8', 'LS_COLORS': 'rs=0:di=01;34:ln=01;36:mh=00:pi=40;33:so=01;35:do=01;35:bd=40;33;01:cd=40;33;01:or=40;31;01:mi=00:su=37;41:sg=30;43:ca=00:tw=30;42:ow=34;42:st=37;44:ex=01;32:*.tar=01;31:*.tgz=01;31:*.arc=01;31:*.arj=01;31:*.taz=01;31:*.lha=01;31:*.lz4=01;31:*.lzh=01;31:*.lzma=01;31:*.tlz=01;31:*.txz=01;31:*.tzo=01;31:*.t7z=01;31:*.zip=01;31:*.z=01;31:*.dz=01;31:*.gz=01;31:*.lrz=01;31:*.lz=01;31:*.lzo=01;31:*.xz=01;31:*.zst=01;31:*.tzst=01;31:*.bz2=01;31:*.bz=01;31:*.tbz=01;31:*.tbz2=01;31:*.tz=01;31:*.deb=01;31:*.rpm=01;31:*.jar=01;31:*.war=01;31:*.ear=01;31:*.sar=01;31:*.rar=01;31:*.alz=01;31:*.ace=01;31:*.zoo=01;31:*.cpio=01;31:*.7z=01;31:*.rz=01;31:*.cab=01;31:*.wim=01;31:*.swm=01;31:*.dwm=01;31:*.esd=01;31:*.avif=01;35:*.jpg=01;35:*.jpeg=01;35:*.mjpg=01;35:*.mjpeg=01;35:*.gif=01;35:*.bmp=01;35:*.pbm=01;35:*.pgm=01;35:*.ppm=01;35:*.tga=01;35:*.xbm=01;35:*.xpm=01;35:*.tif=01;35:*.tiff=01;35:*.png=01;35:*.svg=01;35:*.svgz=01;35:*.mng=01;35:*.pcx=01;35:*.mov=01;35:*.mpg=01;35:*.mpeg=01;35:*.m2v=01;35:*.mkv=01;35:*.webm=01;35:*.webp=01;35:*.ogm=01;35:*.mp4=01;35:*.m4v=01;35:*.mp4v=01;35:*.vob=01;35:*.qt=01;35:*.nuv=01;35:*.wmv=01;35:*.asf=01;35:*.rm=01;35:*.rmvb=01;35:*.flc=01;35:*.avi=01;35:*.fli=01;35:*.flv=01;35:*.gl=01;35:*.dl=01;35:*.xcf=01;35:*.xwd=01;35:*.yuv=01;35:*.cgm=01;35:*.emf=01;35:*.ogv=01;35:*.ogx=01;35:*.aac=00;36:*.au=00;36:*.flac=00;36:*.m4a=00;36:*.mid=00;36:*.midi=00;36:*.mka=00;36:*.mp3=00;36:*.mpc=00;36:*.ogg=00;36:*.ra=00;36:*.wav=00;36:*.oga=00;36:*.opus=00;36:*.spx=00;36:*.xspf=00;36:*~=00;90:*#=00;90:*.bak=00;90:*.crdownload=00;90:*.dpkg-dist=00;90:*.dpkg-new=00;90:*.dpkg-old=00;90:*.dpkg-tmp=00;90:*.old=00;90:*.orig=00;90:*.part=00;90:*.rej=00;90:*.rpmnew=00;90:*.rpmorig=00;90:*.rpmsave=00;90:*.swp=00;90:*.tmp=00;90:*.ucf-dist=00;90:*.ucf-new=00;90:*.ucf-old=00;90:', 'VSCODE_GIT_IPC_HANDLE': '/run/user/1001/vscode-git-82e1d75d12.sock', 'TERM_PROGRAM': 'vscode', 'AMENT_PREFIX_PATH': '/opt/ros/jazzy', 'SHELL': '/bin/bash', 'LESSCLOSE': '/usr/bin/lesspipe %s %s', 'GALLIUM_DRIVER': 'd3d12', 'ROS_AUTOMATIC_DISCOVERY_RANGE': 'SUBNET', 'VSCODE_GIT_ASKPASS_EXTRA_ARGS': '', 'PWD': '/home/zhang/rosprc_ws/build/examples_rclcpp_minimal_action_client', 'TURTLEBOT3_MODEL': 'burger', 'COPILOT_DEBUG_NONCE': '503c6a609ad3c4b1656ae504fee63388', 'XDG_DATA_DIRS': '/usr/local/share:/usr/share:/var/lib/snapd/desktop', 'PYTHONPATH': '/opt/ros/jazzy/lib/python3.12/site-packages', 'COLCON': '1', 'WSL2_GUI_APPS_ENABLED': '1', 'HOSTTYPE': 'x86_64', 'CMAKE_PREFIX_PATH': '/opt/ros/jazzy/opt/gz_sim_vendor:/opt/ros/jazzy/opt/gz_sensors_vendor:/opt/ros/jazzy/opt/gz_physics_vendor:/opt/ros/jazzy/opt/sdformat_vendor:/opt/ros/jazzy/opt/gz_gui_vendor:/opt/ros/jazzy/opt/gz_transport_vendor:/opt/ros/jazzy/opt/gz_rendering_vendor:/opt/ros/jazzy/opt/gz_plugin_vendor:/opt/ros/jazzy/opt/gz_fuel_tools_vendor:/opt/ros/jazzy/opt/gz_msgs_vendor:/opt/ros/jazzy/opt/gz_common_vendor:/opt/ros/jazzy/opt/gz_math_vendor:/opt/ros/jazzy/opt/gz_utils_vendor:/opt/ros/jazzy/opt/gz_tools_vendor:/opt/ros/jazzy/opt/gz_ogre_next_vendor:/opt/ros/jazzy/opt/gz_dartsim_vendor:/opt/ros/jazzy/opt/gz_cmake_vendor:/opt/ros/jazzy', 'WSLENV': 'ELECTRON_RUN_AS_NODE/w:'}), 'shell': False}
[82.404028] (-) TimerEvent: {}
[82.504890] (-) TimerEvent: {}
[82.550626] (examples_rclcpp_minimal_action_client) StdoutLine: {'line': b'[ 12%] \x1b[32mBuilding CXX object CMakeFiles/action_client_not_composable.dir/not_composable.cpp.o\x1b[0m\n'}
[82.552569] (examples_rclcpp_minimal_action_client) StdoutLine: {'line': b'[ 37%] \x1b[32mBuilding CXX object CMakeFiles/action_client_not_composable_with_cancel.dir/not_composable_with_cancel.cpp.o\x1b[0m\n'}
[82.552910] (examples_rclcpp_minimal_action_client) StdoutLine: {'line': b'[ 37%] \x1b[32mBuilding CXX object CMakeFiles/action_client_member_functions.dir/member_functions.cpp.o\x1b[0m\n'}
[82.558440] (examples_rclcpp_minimal_action_client) StdoutLine: {'line': b'[ 50%] \x1b[32mBuilding CXX object CMakeFiles/action_client_not_composable_with_feedback.dir/not_composable_with_feedback.cpp.o\x1b[0m\n'}
[82.605136] (-) TimerEvent: {}
[82.705800] (-) TimerEvent: {}
[82.806258] (-) TimerEvent: {}
[82.906896] (-) TimerEvent: {}
[83.007565] (-) TimerEvent: {}
[83.108556] (-) TimerEvent: {}
[83.209188] (-) TimerEvent: {}
[83.309865] (-) TimerEvent: {}
[83.410513] (-) TimerEvent: {}
[83.511313] (-) TimerEvent: {}
[83.611949] (-) TimerEvent: {}
[83.712586] (-) TimerEvent: {}
[83.813301] (-) TimerEvent: {}
[83.914197] (-) TimerEvent: {}
[84.014987] (-) TimerEvent: {}
[84.116316] (-) TimerEvent: {}
[84.217187] (-) TimerEvent: {}
[84.317926] (-) TimerEvent: {}
[84.418515] (-) TimerEvent: {}
[84.519112] (-) TimerEvent: {}
[84.619948] (-) TimerEvent: {}
[84.720702] (-) TimerEvent: {}
[84.821247] (-) TimerEvent: {}
[84.921961] (-) TimerEvent: {}
[85.022420] (-) TimerEvent: {}
[85.122975] (-) TimerEvent: {}
[85.223537] (-) TimerEvent: {}
[85.324086] (-) TimerEvent: {}
[85.424680] (-) TimerEvent: {}
[85.525292] (-) TimerEvent: {}
[85.626001] (-) TimerEvent: {}
[85.726977] (-) TimerEvent: {}
[85.827989] (-) TimerEvent: {}
[85.929120] (-) TimerEvent: {}
[86.030141] (-) TimerEvent: {}
[86.131185] (-) TimerEvent: {}
[86.231960] (-) TimerEvent: {}
[86.332957] (-) TimerEvent: {}
[86.433531] (-) TimerEvent: {}
[86.534167] (-) TimerEvent: {}
[86.634729] (-) TimerEvent: {}
[86.735347] (-) TimerEvent: {}
[86.835990] (-) TimerEvent: {}
[86.936911] (-) TimerEvent: {}
[87.037990] (-) TimerEvent: {}
[87.138948] (-) TimerEvent: {}
[87.240463] (-) TimerEvent: {}
[87.341175] (-) TimerEvent: {}
[87.441755] (-) TimerEvent: {}
[87.542417] (-) TimerEvent: {}
[87.643172] (-) TimerEvent: {}
[87.743839] (-) TimerEvent: {}
[87.844581] (-) TimerEvent: {}
[87.945597] (-) TimerEvent: {}
[88.046252] (-) TimerEvent: {}
[88.146948] (-) TimerEvent: {}
[88.247676] (-) TimerEvent: {}
[88.348402] (-) TimerEvent: {}
[88.449186] (-) TimerEvent: {}
[88.550173] (-) TimerEvent: {}
[88.651062] (-) TimerEvent: {}
[88.751654] (-) TimerEvent: {}
[88.852434] (-) TimerEvent: {}
[88.953207] (-) TimerEvent: {}
[89.053790] (-) TimerEvent: {}
[89.154384] (-) TimerEvent: {}
[89.254955] (-) TimerEvent: {}
[89.355769] (-) TimerEvent: {}
[89.456548] (-) TimerEvent: {}
[89.557191] (-) TimerEvent: {}
[89.657800] (-) TimerEvent: {}
[89.758455] (-) TimerEvent: {}
[89.859013] (-) TimerEvent: {}
[89.959634] (-) TimerEvent: {}
[90.060353] (-) TimerEvent: {}
[90.161288] (-) TimerEvent: {}
[90.262116] (-) TimerEvent: {}
[90.363321] (-) TimerEvent: {}
[90.464391] (-) TimerEvent: {}
[90.565630] (-) TimerEvent: {}
[90.666787] (-) TimerEvent: {}
[90.767604] (-) TimerEvent: {}
[90.868495] (-) TimerEvent: {}
[90.969308] (-) TimerEvent: {}
[91.070160] (-) TimerEvent: {}
[91.170944] (-) TimerEvent: {}
[91.271698] (-) TimerEvent: {}
[91.372231] (-) TimerEvent: {}
[91.472819] (-) TimerEvent: {}
[91.573617] (-) TimerEvent: {}
[91.674185] (-) TimerEvent: {}
[91.774784] (-) TimerEvent: {}
[91.875367] (-) TimerEvent: {}
[91.976054] (-) TimerEvent: {}
[92.076713] (-) TimerEvent: {}
[92.177234] (-) TimerEvent: {}
[92.277828] (-) TimerEvent: {}
[92.378301] (-) TimerEvent: {}
[92.415582] (examples_rclcpp_minimal_action_client) StdoutLine: {'line': b'[ 75%] \x1b[32m\x1b[1mLinking CXX executable action_client_not_composable_with_feedback\x1b[0m\n'}
[92.416532] (examples_rclcpp_minimal_action_client) StdoutLine: {'line': b'[ 75%] \x1b[32m\x1b[1mLinking CXX executable action_client_not_composable\x1b[0m\n'}
[92.478546] (-) TimerEvent: {}
[92.563482] (examples_rclcpp_minimal_action_client) StdoutLine: {'line': b'[ 87%] \x1b[32m\x1b[1mLinking CXX executable action_client_not_composable_with_cancel\x1b[0m\n'}
[92.578679] (-) TimerEvent: {}
[92.679204] (-) TimerEvent: {}
[92.762712] (examples_rclcpp_minimal_action_client) StdoutLine: {'line': b'[100%] \x1b[32m\x1b[1mLinking CXX executable action_client_member_functions\x1b[0m\n'}
[92.779612] (-) TimerEvent: {}
[92.874954] (examples_rclcpp_minimal_action_client) StdoutLine: {'line': b'[100%] Built target action_client_not_composable_with_feedback\n'}
[92.876626] (examples_rclcpp_minimal_action_client) StdoutLine: {'line': b'[100%] Built target action_client_not_composable\n'}
[92.879811] (-) TimerEvent: {}
[92.980571] (-) TimerEvent: {}
[93.081530] (-) TimerEvent: {}
[93.182389] (-) TimerEvent: {}
[93.282964] (-) TimerEvent: {}
[93.312610] (examples_rclcpp_minimal_action_client) StdoutLine: {'line': b'[100%] Built target action_client_not_composable_with_cancel\n'}
[93.383107] (-) TimerEvent: {}
[93.439378] (examples_rclcpp_minimal_action_client) StdoutLine: {'line': b'[100%] Built target action_client_member_functions\n'}
[93.457472] (examples_rclcpp_minimal_action_client) CommandEnded: {'returncode': 0}
[93.460482] (examples_rclcpp_minimal_action_client) JobProgress: {'identifier': 'examples_rclcpp_minimal_action_client', 'progress': 'install'}
[93.461582] (examples_rclcpp_minimal_action_client) Command: {'cmd': ['/usr/bin/cmake', '--install', '/home/zhang/rosprc_ws/build/examples_rclcpp_minimal_action_client'], 'cwd': '/home/zhang/rosprc_ws/build/examples_rclcpp_minimal_action_client', 'env': OrderedDict({'LESSOPEN': '| /usr/bin/lesspipe %s', 'GZ_SIM_RESOURCE_PATH': '/opt/ros/jazzy/share', 'USER': 'zhang', 'GZ_CONFIG_PATH': '/opt/ros/jazzy/opt/gz_sim_vendor/share/gz:/opt/ros/jazzy/opt/sdformat_vendor/share/gz:/opt/ros/jazzy/opt/gz_gui_vendor/share/gz:/opt/ros/jazzy/opt/gz_transport_vendor/share/gz:/opt/ros/jazzy/opt/gz_rendering_vendor/share/gz:/opt/ros/jazzy/opt/gz_plugin_vendor/share/gz:/opt/ros/jazzy/opt/gz_fuel_tools_vendor/share/gz:/opt/ros/jazzy/opt/gz_msgs_vendor/share/gz:/opt/ros/jazzy/opt/gz_common_vendor/share/gz', 'GIT_ASKPASS': '/home/zhang/.vscode-server/bin/e4c7e7b1d6d060162f4aa7f8225271b67ce1df75/extensions/git/dist/askpass.sh', 'SHLVL': '2', 'LIBGL_ALWAYS_SOFTWARE': '0', 'LD_LIBRARY_PATH': '/opt/ros/jazzy/opt/gz_sim_vendor/lib:/opt/ros/jazzy/opt/gz_sensors_vendor/lib:/opt/ros/jazzy/opt/gz_physics_vendor/lib:/opt/ros/jazzy/opt/sdformat_vendor/lib:/opt/ros/jazzy/opt/rviz_ogre_vendor/lib:/opt/ros/jazzy/lib/x86_64-linux-gnu:/opt/ros/jazzy/opt/gz_gui_vendor/lib:/opt/ros/jazzy/opt/gz_transport_vendor/lib:/opt/ros/jazzy/opt/gz_rendering_vendor/lib:/opt/ros/jazzy/opt/gz_plugin_vendor/lib:/opt/ros/jazzy/opt/gz_fuel_tools_vendor/lib:/opt/ros/jazzy/opt/gz_msgs_vendor/lib:/opt/ros/jazzy/opt/gz_common_vendor/lib:/opt/ros/jazzy/opt/gz_math_vendor/lib:/opt/ros/jazzy/opt/gz_utils_vendor/lib:/opt/ros/jazzy/opt/gz_tools_vendor/lib:/opt/ros/jazzy/opt/gz_ogre_next_vendor/lib:/opt/ros/jazzy/opt/gz_dartsim_vendor/lib:/opt/ros/jazzy/opt/gz_cmake_vendor/lib:/opt/ros/jazzy/lib', 'HOME': '/home/zhang', 'TERM_PROGRAM_VERSION': '1.131.0', 'VSCODE_IPC_HOOK_CLI': '/run/user/1001/vscode-ipc-d537498f-331a-41d4-bf91-51cd2386a755.sock', 'ROS_PYTHON_VERSION': '3', 'VSCODE_GIT_ASKPASS_MAIN': '/home/zhang/.vscode-server/bin/e4c7e7b1d6d060162f4aa7f8225271b67ce1df75/extensions/git/dist/askpass-main.js', 'VSCODE_GIT_ASKPASS_NODE': '/home/zhang/.vscode-server/bin/e4c7e7b1d6d060162f4aa7f8225271b67ce1df75/node', 'VSCODE_PYTHON_AUTOACTIVATE_GUARD': '1', 'DBUS_SESSION_BUS_ADDRESS': 'unix:path=/run/user/1001/bus', 'COLORTERM': 'truecolor', 'WSL_DISTRO_NAME': 'Ubuntu', 'WAYLAND_DISPLAY': 'wayland-0', 'ROS_DISTRO': 'jazzy', 'LOGNAME': 'zhang', 'NAME': 'Code', 'WSL_INTEROP': '/run/WSL/6274_interop', 'PULSE_SERVER': 'unix:/mnt/wslg/PulseServer', '_': '/usr/bin/colcon', 'ROS_VERSION': '2', 'CLAUDE_CODE_SSE_PORT': '21165', 'TERM': 'xterm-256color', 'PATH': '/home/zhang/.vscode-server/data/User/globalStorage/github.copilot-chat/debugCommand:/home/zhang/.vscode-server/data/User/globalStorage/github.copilot-chat/copilotCli:/home/zhang/.vscode-server/bin/e4c7e7b1d6d060162f4aa7f8225271b67ce1df75/bin/remote-cli:/opt/ros/jazzy/opt/gz_msgs_vendor/bin:/opt/ros/jazzy/opt/gz_tools_vendor/bin:/opt/ros/jazzy/opt/gz_ogre_next_vendor/bin:/opt/ros/jazzy/bin:/usr/local/sbin:/usr/local/bin:/usr/sbin:/usr/bin:/sbin:/bin:/usr/games:/usr/local/games:/usr/lib/wsl/lib:/mnt/c/Program Files/PowerShell/7:/mnt/c/Users/Zhang/AppData/Roaming/Code/User/globalStorage/github.copilot-chat/debugCommand:/mnt/c/Users/Zhang/AppData/Roaming/Code/User/globalStorage/github.copilot-chat/copilotCli:/mnt/c/WINDOWS/system32:/mnt/c/WINDOWS:/mnt/c/WINDOWS/System32/Wbem:/mnt/c/WINDOWS/System32/WindowsPowerShell/v1.0/:/mnt/c/WINDOWS/System32/OpenSSH/:/mnt/c/Program Files/Git/cmd:/mnt/c/Program Files/MATLAB/R2025b/bin:/mnt/c/Program Files/dotnet/:/mnt/c/Program Files/PowerShell/7/:/mnt/c/Users/Zhang/AppData/Local/Programs/Python/Python314/Scripts/:/mnt/c/Users/Zhang/AppData/Local/Programs/Python/Python314/:/mnt/c/Users/Zhang/.local/bin:/mnt/c/Users/Zhang/AppData/Local/Microsoft/WindowsApps:/mnt/c/Users/Zhang/AppData/Local/Programs/Microsoft VS Code/bin:/mnt/c/Program Files/Processing/:/snap/bin', 'XDG_RUNTIME_DIR': '/run/user/1001', 'DISPLAY': ':0', 'LANG': 'en_US.UTF-8', 'LS_COLORS': 'rs=0:di=01;34:ln=01;36:mh=00:pi=40;33:so=01;35:do=01;35:bd=40;33;01:cd=40;33;01:or=40;31;01:mi=00:su=37;41:sg=30;43:ca=00:tw=30;42:ow=34;42:st=37;44:ex=01;32:*.tar=01;31:*.tgz=01;31:*.arc=01;31:*.arj=01;31:*.taz=01;31:*.lha=01;31:*.lz4=01;31:*.lzh=01;31:*.lzma=01;31:*.tlz=01;31:*.txz=01;31:*.tzo=01;31:*.t7z=01;31:*.zip=01;31:*.z=01;31:*.dz=01;31:*.gz=01;31:*.lrz=01;31:*.lz=01;31:*.lzo=01;31:*.xz=01;31:*.zst=01;31:*.tzst=01;31:*.bz2=01;31:*.bz=01;31:*.tbz=01;31:*.tbz2=01;31:*.tz=01;31:*.deb=01;31:*.rpm=01;31:*.jar=01;31:*.war=01;31:*.ear=01;31:*.sar=01;31:*.rar=01;31:*.alz=01;31:*.ace=01;31:*.zoo=01;31:*.cpio=01;31:*.7z=01;31:*.rz=01;31:*.cab=01;31:*.wim=01;31:*.swm=01;31:*.dwm=01;31:*.esd=01;31:*.avif=01;35:*.jpg=01;35:*.jpeg=01;35:*.mjpg=01;35:*.mjpeg=01;35:*.gif=01;35:*.bmp=01;35:*.pbm=01;35:*.pgm=01;35:*.ppm=01;35:*.tga=01;35:*.xbm=01;35:*.xpm=01;35:*.tif=01;35:*.tiff=01;35:*.png=01;35:*.svg=01;35:*.svgz=01;35:*.mng=01;35:*.pcx=01;35:*.mov=01;35:*.mpg=01;35:*.mpeg=01;35:*.m2v=01;35:*.mkv=01;35:*.webm=01;35:*.webp=01;35:*.ogm=01;35:*.mp4=01;35:*.m4v=01;35:*.mp4v=01;35:*.vob=01;35:*.qt=01;35:*.nuv=01;35:*.wmv=01;35:*.asf=01;35:*.rm=01;35:*.rmvb=01;35:*.flc=01;35:*.avi=01;35:*.fli=01;35:*.flv=01;35:*.gl=01;35:*.dl=01;35:*.xcf=01;35:*.xwd=01;35:*.yuv=01;35:*.cgm=01;35:*.emf=01;35:*.ogv=01;35:*.ogx=01;35:*.aac=00;36:*.au=00;36:*.flac=00;36:*.m4a=00;36:*.mid=00;36:*.midi=00;36:*.mka=00;36:*.mp3=00;36:*.mpc=00;36:*.ogg=00;36:*.ra=00;36:*.wav=00;36:*.oga=00;36:*.opus=00;36:*.spx=00;36:*.xspf=00;36:*~=00;90:*#=00;90:*.bak=00;90:*.crdownload=00;90:*.dpkg-dist=00;90:*.dpkg-new=00;90:*.dpkg-old=00;90:*.dpkg-tmp=00;90:*.old=00;90:*.orig=00;90:*.part=00;90:*.rej=00;90:*.rpmnew=00;90:*.rpmorig=00;90:*.rpmsave=00;90:*.swp=00;90:*.tmp=00;90:*.ucf-dist=00;90:*.ucf-new=00;90:*.ucf-old=00;90:', 'VSCODE_GIT_IPC_HANDLE': '/run/user/1001/vscode-git-82e1d75d12.sock', 'TERM_PROGRAM': 'vscode', 'AMENT_PREFIX_PATH': '/opt/ros/jazzy', 'SHELL': '/bin/bash', 'LESSCLOSE': '/usr/bin/lesspipe %s %s', 'GALLIUM_DRIVER': 'd3d12', 'ROS_AUTOMATIC_DISCOVERY_RANGE': 'SUBNET', 'VSCODE_GIT_ASKPASS_EXTRA_ARGS': '', 'PWD': '/home/zhang/rosprc_ws/build/examples_rclcpp_minimal_action_client', 'TURTLEBOT3_MODEL': 'burger', 'COPILOT_DEBUG_NONCE': '503c6a609ad3c4b1656ae504fee63388', 'XDG_DATA_DIRS': '/usr/local/share:/usr/share:/var/lib/snapd/desktop', 'PYTHONPATH': '/opt/ros/jazzy/lib/python3.12/site-packages', 'COLCON': '1', 'WSL2_GUI_APPS_ENABLED': '1', 'HOSTTYPE': 'x86_64', 'CMAKE_PREFIX_PATH': '/opt/ros/jazzy/opt/gz_sim_vendor:/opt/ros/jazzy/opt/gz_sensors_vendor:/opt/ros/jazzy/opt/gz_physics_vendor:/opt/ros/jazzy/opt/sdformat_vendor:/opt/ros/jazzy/opt/gz_gui_vendor:/opt/ros/jazzy/opt/gz_transport_vendor:/opt/ros/jazzy/opt/gz_rendering_vendor:/opt/ros/jazzy/opt/gz_plugin_vendor:/opt/ros/jazzy/opt/gz_fuel_tools_vendor:/opt/ros/jazzy/opt/gz_msgs_vendor:/opt/ros/jazzy/opt/gz_common_vendor:/opt/ros/jazzy/opt/gz_math_vendor:/opt/ros/jazzy/opt/gz_utils_vendor:/opt/ros/jazzy/opt/gz_tools_vendor:/opt/ros/jazzy/opt/gz_ogre_next_vendor:/opt/ros/jazzy/opt/gz_dartsim_vendor:/opt/ros/jazzy/opt/gz_cmake_vendor:/opt/ros/jazzy', 'WSLENV': 'ELECTRON_RUN_AS_NODE/w:'}), 'shell': False}
[93.471759] (examples_rclcpp_minimal_action_client) StdoutLine: {'line': b'-- Install configuration: ""\n'}
[93.473813] (examples_rclcpp_minimal_action_client) StdoutLine: {'line': b'-- Execute custom install script\n'}
[93.475676] (examples_rclcpp_minimal_action_client) StdoutLine: {'line': b'-- Symlinking: /home/zhang/rosprc_ws/install/examples_rclcpp_minimal_action_client/lib/examples_rclcpp_minimal_action_client/action_client_member_functions\n'}
[93.483332] (-) TimerEvent: {}
[93.485679] (examples_rclcpp_minimal_action_client) StdoutLine: {'line': b'-- Symlinking: /home/zhang/rosprc_ws/install/examples_rclcpp_minimal_action_client/lib/examples_rclcpp_minimal_action_client/action_client_not_composable\n'}
[93.496962] (examples_rclcpp_minimal_action_client) StdoutLine: {'line': b'-- Symlinking: /home/zhang/rosprc_ws/install/examples_rclcpp_minimal_action_client/lib/examples_rclcpp_minimal_action_client/action_client_not_composable_with_cancel\n'}
[93.511446] (examples_rclcpp_minimal_action_client) StdoutLine: {'line': b'-- Symlinking: /home/zhang/rosprc_ws/install/examples_rclcpp_minimal_action_client/lib/examples_rclcpp_minimal_action_client/action_client_not_composable_with_feedback\n'}
[93.524321] (examples_rclcpp_minimal_action_client) StdoutLine: {'line': b'-- Symlinking: /home/zhang/rosprc_ws/install/examples_rclcpp_minimal_action_client/share/ament_index/resource_index/package_run_dependencies/examples_rclcpp_minimal_action_client\n'}
[93.538097] (examples_rclcpp_minimal_action_client) StdoutLine: {'line': b'-- Symlinking: /home/zhang/rosprc_ws/install/examples_rclcpp_minimal_action_client/share/ament_index/resource_index/parent_prefix_path/examples_rclcpp_minimal_action_client\n'}
[93.551073] (examples_rclcpp_minimal_action_client) StdoutLine: {'line': b'-- Symlinking: /home/zhang/rosprc_ws/install/examples_rclcpp_minimal_action_client/share/examples_rclcpp_minimal_action_client/environment/ament_prefix_path.sh\n'}
[93.564381] (examples_rclcpp_minimal_action_client) StdoutLine: {'line': b'-- Symlinking: /home/zhang/rosprc_ws/install/examples_rclcpp_minimal_action_client/share/examples_rclcpp_minimal_action_client/environment/ament_prefix_path.dsv\n'}
[93.577240] (examples_rclcpp_minimal_action_client) StdoutLine: {'line': b'-- Symlinking: /home/zhang/rosprc_ws/install/examples_rclcpp_minimal_action_client/share/examples_rclcpp_minimal_action_client/environment/path.sh\n'}
[93.583623] (-) TimerEvent: {}
[93.592662] (examples_rclcpp_minimal_action_client) StdoutLine: {'line': b'-- Symlinking: /home/zhang/rosprc_ws/install/examples_rclcpp_minimal_action_client/share/examples_rclcpp_minimal_action_client/environment/path.dsv\n'}
[93.609055] (examples_rclcpp_minimal_action_client) StdoutLine: {'line': b'-- Symlinking: /home/zhang/rosprc_ws/install/examples_rclcpp_minimal_action_client/share/examples_rclcpp_minimal_action_client/local_setup.bash\n'}
[93.623411] (examples_rclcpp_minimal_action_client) StdoutLine: {'line': b'-- Symlinking: /home/zhang/rosprc_ws/install/examples_rclcpp_minimal_action_client/share/examples_rclcpp_minimal_action_client/local_setup.sh\n'}
[93.637941] (examples_rclcpp_minimal_action_client) StdoutLine: {'line': b'-- Symlinking: /home/zhang/rosprc_ws/install/examples_rclcpp_minimal_action_client/share/examples_rclcpp_minimal_action_client/local_setup.zsh\n'}
[93.651328] (examples_rclcpp_minimal_action_client) StdoutLine: {'line': b'-- Symlinking: /home/zhang/rosprc_ws/install/examples_rclcpp_minimal_action_client/share/examples_rclcpp_minimal_action_client/local_setup.dsv\n'}
[93.669467] (examples_rclcpp_minimal_action_client) StdoutLine: {'line': b'-- Symlinking: /home/zhang/rosprc_ws/install/examples_rclcpp_minimal_action_client/share/examples_rclcpp_minimal_action_client/package.dsv\n'}
[93.683861] (-) TimerEvent: {}
[93.684947] (examples_rclcpp_minimal_action_client) StdoutLine: {'line': b'-- Symlinking: /home/zhang/rosprc_ws/install/examples_rclcpp_minimal_action_client/share/ament_index/resource_index/packages/examples_rclcpp_minimal_action_client\n'}
[93.706363] (examples_rclcpp_minimal_action_client) StdoutLine: {'line': b'-- Symlinking: /home/zhang/rosprc_ws/install/examples_rclcpp_minimal_action_client/share/examples_rclcpp_minimal_action_client/cmake/examples_rclcpp_minimal_action_clientConfig.cmake\n'}
[93.724515] (examples_rclcpp_minimal_action_client) StdoutLine: {'line': b'-- Symlinking: /home/zhang/rosprc_ws/install/examples_rclcpp_minimal_action_client/share/examples_rclcpp_minimal_action_client/cmake/examples_rclcpp_minimal_action_clientConfig-version.cmake\n'}
[93.744692] (examples_rclcpp_minimal_action_client) StdoutLine: {'line': b'-- Symlinking: /home/zhang/rosprc_ws/install/examples_rclcpp_minimal_action_client/share/examples_rclcpp_minimal_action_client/package.xml\n'}
[93.777313] (examples_rclcpp_minimal_action_client) CommandEnded: {'returncode': 0}
[93.784093] (-) TimerEvent: {}
[93.814093] (examples_rclcpp_minimal_action_client) JobEnded: {'identifier': 'examples_rclcpp_minimal_action_client', 'rc': 0}
[93.815733] (examples_rclcpp_minimal_action_server) JobStarted: {'identifier': 'examples_rclcpp_minimal_action_server'}
[93.824741] (examples_rclcpp_minimal_action_server) JobProgress: {'identifier': 'examples_rclcpp_minimal_action_server', 'progress': 'cmake'}
[93.829268] (examples_rclcpp_minimal_action_server) JobProgress: {'identifier': 'examples_rclcpp_minimal_action_server', 'progress': 'build'}
[93.829368] (examples_rclcpp_minimal_action_server) Command: {'cmd': ['/usr/bin/cmake', '--build', '/home/zhang/rosprc_ws/build/examples_rclcpp_minimal_action_server', '--', '-j20', '-l20'], 'cwd': '/home/zhang/rosprc_ws/build/examples_rclcpp_minimal_action_server', 'env': OrderedDict({'LESSOPEN': '| /usr/bin/lesspipe %s', 'GZ_SIM_RESOURCE_PATH': '/opt/ros/jazzy/share', 'USER': 'zhang', 'GZ_CONFIG_PATH': '/opt/ros/jazzy/opt/gz_sim_vendor/share/gz:/opt/ros/jazzy/opt/sdformat_vendor/share/gz:/opt/ros/jazzy/opt/gz_gui_vendor/share/gz:/opt/ros/jazzy/opt/gz_transport_vendor/share/gz:/opt/ros/jazzy/opt/gz_rendering_vendor/share/gz:/opt/ros/jazzy/opt/gz_plugin_vendor/share/gz:/opt/ros/jazzy/opt/gz_fuel_tools_vendor/share/gz:/opt/ros/jazzy/opt/gz_msgs_vendor/share/gz:/opt/ros/jazzy/opt/gz_common_vendor/share/gz', 'GIT_ASKPASS': '/home/zhang/.vscode-server/bin/e4c7e7b1d6d060162f4aa7f8225271b67ce1df75/extensions/git/dist/askpass.sh', 'SHLVL': '2', 'LIBGL_ALWAYS_SOFTWARE': '0', 'LD_LIBRARY_PATH': '/opt/ros/jazzy/opt/gz_sim_vendor/lib:/opt/ros/jazzy/opt/gz_sensors_vendor/lib:/opt/ros/jazzy/opt/gz_physics_vendor/lib:/opt/ros/jazzy/opt/sdformat_vendor/lib:/opt/ros/jazzy/opt/rviz_ogre_vendor/lib:/opt/ros/jazzy/lib/x86_64-linux-gnu:/opt/ros/jazzy/opt/gz_gui_vendor/lib:/opt/ros/jazzy/opt/gz_transport_vendor/lib:/opt/ros/jazzy/opt/gz_rendering_vendor/lib:/opt/ros/jazzy/opt/gz_plugin_vendor/lib:/opt/ros/jazzy/opt/gz_fuel_tools_vendor/lib:/opt/ros/jazzy/opt/gz_msgs_vendor/lib:/opt/ros/jazzy/opt/gz_common_vendor/lib:/opt/ros/jazzy/opt/gz_math_vendor/lib:/opt/ros/jazzy/opt/gz_utils_vendor/lib:/opt/ros/jazzy/opt/gz_tools_vendor/lib:/opt/ros/jazzy/opt/gz_ogre_next_vendor/lib:/opt/ros/jazzy/opt/gz_dartsim_vendor/lib:/opt/ros/jazzy/opt/gz_cmake_vendor/lib:/opt/ros/jazzy/lib', 'HOME': '/home/zhang', 'TERM_PROGRAM_VERSION': '1.131.0', 'VSCODE_IPC_HOOK_CLI': '/run/user/1001/vscode-ipc-d537498f-331a-41d4-bf91-51cd2386a755.sock', 'ROS_PYTHON_VERSION': '3', 'VSCODE_GIT_ASKPASS_MAIN': '/home/zhang/.vscode-server/bin/e4c7e7b1d6d060162f4aa7f8225271b67ce1df75/extensions/git/dist/askpass-main.js', 'VSCODE_GIT_ASKPASS_NODE': '/home/zhang/.vscode-server/bin/e4c7e7b1d6d060162f4aa7f8225271b67ce1df75/node', 'VSCODE_PYTHON_AUTOACTIVATE_GUARD': '1', 'DBUS_SESSION_BUS_ADDRESS': 'unix:path=/run/user/1001/bus', 'COLORTERM': 'truecolor', 'WSL_DISTRO_NAME': 'Ubuntu', 'WAYLAND_DISPLAY': 'wayland-0', 'ROS_DISTRO': 'jazzy', 'LOGNAME': 'zhang', 'NAME': 'Code', 'WSL_INTEROP': '/run/WSL/6274_interop', 'PULSE_SERVER': 'unix:/mnt/wslg/PulseServer', '_': '/usr/bin/colcon', 'ROS_VERSION': '2', 'CLAUDE_CODE_SSE_PORT': '21165', 'TERM': 'xterm-256color', 'PATH': '/home/zhang/.vscode-server/data/User/globalStorage/github.copilot-chat/debugCommand:/home/zhang/.vscode-server/data/User/globalStorage/github.copilot-chat/copilotCli:/home/zhang/.vscode-server/bin/e4c7e7b1d6d060162f4aa7f8225271b67ce1df75/bin/remote-cli:/opt/ros/jazzy/opt/gz_msgs_vendor/bin:/opt/ros/jazzy/opt/gz_tools_vendor/bin:/opt/ros/jazzy/opt/gz_ogre_next_vendor/bin:/opt/ros/jazzy/bin:/usr/local/sbin:/usr/local/bin:/usr/sbin:/usr/bin:/sbin:/bin:/usr/games:/usr/local/games:/usr/lib/wsl/lib:/mnt/c/Program Files/PowerShell/7:/mnt/c/Users/Zhang/AppData/Roaming/Code/User/globalStorage/github.copilot-chat/debugCommand:/mnt/c/Users/Zhang/AppData/Roaming/Code/User/globalStorage/github.copilot-chat/copilotCli:/mnt/c/WINDOWS/system32:/mnt/c/WINDOWS:/mnt/c/WINDOWS/System32/Wbem:/mnt/c/WINDOWS/System32/WindowsPowerShell/v1.0/:/mnt/c/WINDOWS/System32/OpenSSH/:/mnt/c/Program Files/Git/cmd:/mnt/c/Program Files/MATLAB/R2025b/bin:/mnt/c/Program Files/dotnet/:/mnt/c/Program Files/PowerShell/7/:/mnt/c/Users/Zhang/AppData/Local/Programs/Python/Python314/Scripts/:/mnt/c/Users/Zhang/AppData/Local/Programs/Python/Python314/:/mnt/c/Users/Zhang/.local/bin:/mnt/c/Users/Zhang/AppData/Local/Microsoft/WindowsApps:/mnt/c/Users/Zhang/AppData/Local/Programs/Microsoft VS Code/bin:/mnt/c/Program Files/Processing/:/snap/bin', 'XDG_RUNTIME_DIR': '/run/user/1001', 'DISPLAY': ':0', 'LANG': 'en_US.UTF-8', 'LS_COLORS': 'rs=0:di=01;34:ln=01;36:mh=00:pi=40;33:so=01;35:do=01;35:bd=40;33;01:cd=40;33;01:or=40;31;01:mi=00:su=37;41:sg=30;43:ca=00:tw=30;42:ow=34;42:st=37;44:ex=01;32:*.tar=01;31:*.tgz=01;31:*.arc=01;31:*.arj=01;31:*.taz=01;31:*.lha=01;31:*.lz4=01;31:*.lzh=01;31:*.lzma=01;31:*.tlz=01;31:*.txz=01;31:*.tzo=01;31:*.t7z=01;31:*.zip=01;31:*.z=01;31:*.dz=01;31:*.gz=01;31:*.lrz=01;31:*.lz=01;31:*.lzo=01;31:*.xz=01;31:*.zst=01;31:*.tzst=01;31:*.bz2=01;31:*.bz=01;31:*.tbz=01;31:*.tbz2=01;31:*.tz=01;31:*.deb=01;31:*.rpm=01;31:*.jar=01;31:*.war=01;31:*.ear=01;31:*.sar=01;31:*.rar=01;31:*.alz=01;31:*.ace=01;31:*.zoo=01;31:*.cpio=01;31:*.7z=01;31:*.rz=01;31:*.cab=01;31:*.wim=01;31:*.swm=01;31:*.dwm=01;31:*.esd=01;31:*.avif=01;35:*.jpg=01;35:*.jpeg=01;35:*.mjpg=01;35:*.mjpeg=01;35:*.gif=01;35:*.bmp=01;35:*.pbm=01;35:*.pgm=01;35:*.ppm=01;35:*.tga=01;35:*.xbm=01;35:*.xpm=01;35:*.tif=01;35:*.tiff=01;35:*.png=01;35:*.svg=01;35:*.svgz=01;35:*.mng=01;35:*.pcx=01;35:*.mov=01;35:*.mpg=01;35:*.mpeg=01;35:*.m2v=01;35:*.mkv=01;35:*.webm=01;35:*.webp=01;35:*.ogm=01;35:*.mp4=01;35:*.m4v=01;35:*.mp4v=01;35:*.vob=01;35:*.qt=01;35:*.nuv=01;35:*.wmv=01;35:*.asf=01;35:*.rm=01;35:*.rmvb=01;35:*.flc=01;35:*.avi=01;35:*.fli=01;35:*.flv=01;35:*.gl=01;35:*.dl=01;35:*.xcf=01;35:*.xwd=01;35:*.yuv=01;35:*.cgm=01;35:*.emf=01;35:*.ogv=01;35:*.ogx=01;35:*.aac=00;36:*.au=00;36:*.flac=00;36:*.m4a=00;36:*.mid=00;36:*.midi=00;36:*.mka=00;36:*.mp3=00;36:*.mpc=00;36:*.ogg=00;36:*.ra=00;36:*.wav=00;36:*.oga=00;36:*.opus=00;36:*.spx=00;36:*.xspf=00;36:*~=00;90:*#=00;90:*.bak=00;90:*.crdownload=00;90:*.dpkg-dist=00;90:*.dpkg-new=00;90:*.dpkg-old=00;90:*.dpkg-tmp=00;90:*.old=00;90:*.orig=00;90:*.part=00;90:*.rej=00;90:*.rpmnew=00;90:*.rpmorig=00;90:*.rpmsave=00;90:*.swp=00;90:*.tmp=00;90:*.ucf-dist=00;90:*.ucf-new=00;90:*.ucf-old=00;90:', 'VSCODE_GIT_IPC_HANDLE': '/run/user/1001/vscode-git-82e1d75d12.sock', 'TERM_PROGRAM': 'vscode', 'AMENT_PREFIX_PATH': '/opt/ros/jazzy', 'SHELL': '/bin/bash', 'LESSCLOSE': '/usr/bin/lesspipe %s %s', 'GALLIUM_DRIVER': 'd3d12', 'ROS_AUTOMATIC_DISCOVERY_RANGE': 'SUBNET', 'VSCODE_GIT_ASKPASS_EXTRA_ARGS': '', 'PWD': '/home/zhang/rosprc_ws/build/examples_rclcpp_minimal_action_server', 'TURTLEBOT3_MODEL': 'burger', 'COPILOT_DEBUG_NONCE': '503c6a609ad3c4b1656ae504fee63388', 'XDG_DATA_DIRS': '/usr/local/share:/usr/share:/var/lib/snapd/desktop', 'PYTHONPATH': '/opt/ros/jazzy/lib/python3.12/site-packages', 'COLCON': '1', 'WSL2_GUI_APPS_ENABLED': '1', 'HOSTTYPE': 'x86_64', 'CMAKE_PREFIX_PATH': '/opt/ros/jazzy/opt/gz_sim_vendor:/opt/ros/jazzy/opt/gz_sensors_vendor:/opt/ros/jazzy/opt/gz_physics_vendor:/opt/ros/jazzy/opt/sdformat_vendor:/opt/ros/jazzy/opt/gz_gui_vendor:/opt/ros/jazzy/opt/gz_transport_vendor:/opt/ros/jazzy/opt/gz_rendering_vendor:/opt/ros/jazzy/opt/gz_plugin_vendor:/opt/ros/jazzy/opt/gz_fuel_tools_vendor:/opt/ros/jazzy/opt/gz_msgs_vendor:/opt/ros/jazzy/opt/gz_common_vendor:/opt/ros/jazzy/opt/gz_math_vendor:/opt/ros/jazzy/opt/gz_utils_vendor:/opt/ros/jazzy/opt/gz_tools_vendor:/opt/ros/jazzy/opt/gz_ogre_next_vendor:/opt/ros/jazzy/opt/gz_dartsim_vendor:/opt/ros/jazzy/opt/gz_cmake_vendor:/opt/ros/jazzy', 'WSLENV': 'ELECTRON_RUN_AS_NODE/w:'}), 'shell': False}
[93.884197] (-) TimerEvent: {}
[93.910043] (examples_rclcpp_minimal_action_server) StdoutLine: {'line': b'[ 25%] \x1b[32mBuilding CXX object CMakeFiles/action_server_member_functions.dir/member_functions.cpp.o\x1b[0m\n'}
[93.911177] (examples_rclcpp_minimal_action_server) StdoutLine: {'line': b'[ 50%] \x1b[32mBuilding CXX object CMakeFiles/action_server_not_composable.dir/not_composable.cpp.o\x1b[0m\n'}
[93.984394] (-) TimerEvent: {}
[94.084915] (-) TimerEvent: {}
[94.185403] (-) TimerEvent: {}
[94.286199] (-) TimerEvent: {}
[94.386763] (-) TimerEvent: {}
[94.487317] (-) TimerEvent: {}
[94.588132] (-) TimerEvent: {}
[94.689460] (-) TimerEvent: {}
[94.790953] (-) TimerEvent: {}
[94.891856] (-) TimerEvent: {}
[94.992636] (-) TimerEvent: {}
[95.093081] (-) TimerEvent: {}
[95.193638] (-) TimerEvent: {}
[95.294354] (-) TimerEvent: {}
[95.394995] (-) TimerEvent: {}
[95.495545] (-) TimerEvent: {}
[95.596070] (-) TimerEvent: {}
[95.696634] (-) TimerEvent: {}
[95.797363] (-) TimerEvent: {}
[95.898146] (-) TimerEvent: {}
[95.998921] (-) TimerEvent: {}
[96.099848] (-) TimerEvent: {}
[96.200438] (-) TimerEvent: {}
[96.301119] (-) TimerEvent: {}
[96.401742] (-) TimerEvent: {}
[96.502331] (-) TimerEvent: {}
[96.602908] (-) TimerEvent: {}
[96.703584] (-) TimerEvent: {}
[96.804149] (-) TimerEvent: {}
[96.904722] (-) TimerEvent: {}
[97.005561] (-) TimerEvent: {}
[97.106280] (-) TimerEvent: {}
[97.207158] (-) TimerEvent: {}
[97.307663] (-) TimerEvent: {}
[97.408288] (-) TimerEvent: {}
[97.508881] (-) TimerEvent: {}
[97.609652] (-) TimerEvent: {}
[97.710434] (-) TimerEvent: {}
[97.811705] (-) TimerEvent: {}
[97.912269] (-) TimerEvent: {}
[98.012786] (-) TimerEvent: {}
[98.113456] (-) TimerEvent: {}
[98.214043] (-) TimerEvent: {}
[98.314686] (-) TimerEvent: {}
[98.415111] (-) TimerEvent: {}
[98.517376] (-) TimerEvent: {}
[98.620153] (-) TimerEvent: {}
[98.722731] (-) TimerEvent: {}
[98.825303] (-) TimerEvent: {}
[98.928027] (-) TimerEvent: {}
[99.030589] (-) TimerEvent: {}
[99.133209] (-) TimerEvent: {}
[99.235920] (-) TimerEvent: {}
[99.338420] (-) TimerEvent: {}
[99.440821] (-) TimerEvent: {}
[99.541794] (-) TimerEvent: {}
[99.643952] (-) TimerEvent: {}
[99.746809] (-) TimerEvent: {}
[99.848980] (-) TimerEvent: {}
[99.951176] (-) TimerEvent: {}
[100.053525] (-) TimerEvent: {}
[100.155750] (-) TimerEvent: {}
[100.258178] (-) TimerEvent: {}
[100.360648] (-) TimerEvent: {}
[100.463365] (-) TimerEvent: {}
[100.565707] (-) TimerEvent: {}
[100.667104] (-) TimerEvent: {}
[100.769181] (-) TimerEvent: {}
[100.871296] (-) TimerEvent: {}
[100.973196] (-) TimerEvent: {}
[101.075127] (-) TimerEvent: {}
[101.177292] (-) TimerEvent: {}
[101.279139] (-) TimerEvent: {}
[101.381353] (-) TimerEvent: {}
[101.483053] (-) TimerEvent: {}
[101.584859] (-) TimerEvent: {}
[101.605539] (examples_rclcpp_minimal_action_server) StdoutLine: {'line': b'[ 75%] \x1b[32m\x1b[1mLinking CXX executable action_server_not_composable\x1b[0m\n'}
[101.686090] (-) TimerEvent: {}
[101.788414] (-) TimerEvent: {}
[101.890592] (-) TimerEvent: {}
[101.992454] (-) TimerEvent: {}
[102.094609] (-) TimerEvent: {}
[102.164773] (examples_rclcpp_minimal_action_server) StdoutLine: {'line': b'[100%] \x1b[32m\x1b[1mLinking CXX executable action_server_member_functions\x1b[0m\n'}
[102.195155] (-) TimerEvent: {}
[102.297043] (-) TimerEvent: {}
[102.321917] (examples_rclcpp_minimal_action_server) StdoutLine: {'line': b'[100%] Built target action_server_not_composable\n'}
[102.398264] (-) TimerEvent: {}
[102.500498] (-) TimerEvent: {}
[102.602611] (-) TimerEvent: {}
[102.704517] (-) TimerEvent: {}
[102.805856] (-) TimerEvent: {}
[102.907628] (-) TimerEvent: {}
[102.910838] (examples_rclcpp_minimal_action_server) StdoutLine: {'line': b'[100%] Built target action_server_member_functions\n'}
[102.947545] (examples_rclcpp_minimal_action_server) CommandEnded: {'returncode': 0}
[102.952581] (examples_rclcpp_minimal_action_server) JobProgress: {'identifier': 'examples_rclcpp_minimal_action_server', 'progress': 'install'}
[102.956352] (examples_rclcpp_minimal_action_server) Command: {'cmd': ['/usr/bin/cmake', '--install', '/home/zhang/rosprc_ws/build/examples_rclcpp_minimal_action_server'], 'cwd': '/home/zhang/rosprc_ws/build/examples_rclcpp_minimal_action_server', 'env': OrderedDict({'LESSOPEN': '| /usr/bin/lesspipe %s', 'GZ_SIM_RESOURCE_PATH': '/opt/ros/jazzy/share', 'USER': 'zhang', 'GZ_CONFIG_PATH': '/opt/ros/jazzy/opt/gz_sim_vendor/share/gz:/opt/ros/jazzy/opt/sdformat_vendor/share/gz:/opt/ros/jazzy/opt/gz_gui_vendor/share/gz:/opt/ros/jazzy/opt/gz_transport_vendor/share/gz:/opt/ros/jazzy/opt/gz_rendering_vendor/share/gz:/opt/ros/jazzy/opt/gz_plugin_vendor/share/gz:/opt/ros/jazzy/opt/gz_fuel_tools_vendor/share/gz:/opt/ros/jazzy/opt/gz_msgs_vendor/share/gz:/opt/ros/jazzy/opt/gz_common_vendor/share/gz', 'GIT_ASKPASS': '/home/zhang/.vscode-server/bin/e4c7e7b1d6d060162f4aa7f8225271b67ce1df75/extensions/git/dist/askpass.sh', 'SHLVL': '2', 'LIBGL_ALWAYS_SOFTWARE': '0', 'LD_LIBRARY_PATH': '/opt/ros/jazzy/opt/gz_sim_vendor/lib:/opt/ros/jazzy/opt/gz_sensors_vendor/lib:/opt/ros/jazzy/opt/gz_physics_vendor/lib:/opt/ros/jazzy/opt/sdformat_vendor/lib:/opt/ros/jazzy/opt/rviz_ogre_vendor/lib:/opt/ros/jazzy/lib/x86_64-linux-gnu:/opt/ros/jazzy/opt/gz_gui_vendor/lib:/opt/ros/jazzy/opt/gz_transport_vendor/lib:/opt/ros/jazzy/opt/gz_rendering_vendor/lib:/opt/ros/jazzy/opt/gz_plugin_vendor/lib:/opt/ros/jazzy/opt/gz_fuel_tools_vendor/lib:/opt/ros/jazzy/opt/gz_msgs_vendor/lib:/opt/ros/jazzy/opt/gz_common_vendor/lib:/opt/ros/jazzy/opt/gz_math_vendor/lib:/opt/ros/jazzy/opt/gz_utils_vendor/lib:/opt/ros/jazzy/opt/gz_tools_vendor/lib:/opt/ros/jazzy/opt/gz_ogre_next_vendor/lib:/opt/ros/jazzy/opt/gz_dartsim_vendor/lib:/opt/ros/jazzy/opt/gz_cmake_vendor/lib:/opt/ros/jazzy/lib', 'HOME': '/home/zhang', 'TERM_PROGRAM_VERSION': '1.131.0', 'VSCODE_IPC_HOOK_CLI': '/run/user/1001/vscode-ipc-d537498f-331a-41d4-bf91-51cd2386a755.sock', 'ROS_PYTHON_VERSION': '3', 'VSCODE_GIT_ASKPASS_MAIN': '/home/zhang/.vscode-server/bin/e4c7e7b1d6d060162f4aa7f8225271b67ce1df75/extensions/git/dist/askpass-main.js', 'VSCODE_GIT_ASKPASS_NODE': '/home/zhang/.vscode-server/bin/e4c7e7b1d6d060162f4aa7f8225271b67ce1df75/node', 'VSCODE_PYTHON_AUTOACTIVATE_GUARD': '1', 'DBUS_SESSION_BUS_ADDRESS': 'unix:path=/run/user/1001/bus', 'COLORTERM': 'truecolor', 'WSL_DISTRO_NAME': 'Ubuntu', 'WAYLAND_DISPLAY': 'wayland-0', 'ROS_DISTRO': 'jazzy', 'LOGNAME': 'zhang', 'NAME': 'Code', 'WSL_INTEROP': '/run/WSL/6274_interop', 'PULSE_SERVER': 'unix:/mnt/wslg/PulseServer', '_': '/usr/bin/colcon', 'ROS_VERSION': '2', 'CLAUDE_CODE_SSE_PORT': '21165', 'TERM': 'xterm-256color', 'PATH': '/home/zhang/.vscode-server/data/User/globalStorage/github.copilot-chat/debugCommand:/home/zhang/.vscode-server/data/User/globalStorage/github.copilot-chat/copilotCli:/home/zhang/.vscode-server/bin/e4c7e7b1d6d060162f4aa7f8225271b67ce1df75/bin/remote-cli:/opt/ros/jazzy/opt/gz_msgs_vendor/bin:/opt/ros/jazzy/opt/gz_tools_vendor/bin:/opt/ros/jazzy/opt/gz_ogre_next_vendor/bin:/opt/ros/jazzy/bin:/usr/local/sbin:/usr/local/bin:/usr/sbin:/usr/bin:/sbin:/bin:/usr/games:/usr/local/games:/usr/lib/wsl/lib:/mnt/c/Program Files/PowerShell/7:/mnt/c/Users/Zhang/AppData/Roaming/Code/User/globalStorage/github.copilot-chat/debugCommand:/mnt/c/Users/Zhang/AppData/Roaming/Code/User/globalStorage/github.copilot-chat/copilotCli:/mnt/c/WINDOWS/system32:/mnt/c/WINDOWS:/mnt/c/WINDOWS/System32/Wbem:/mnt/c/WINDOWS/System32/WindowsPowerShell/v1.0/:/mnt/c/WINDOWS/System32/OpenSSH/:/mnt/c/Program Files/Git/cmd:/mnt/c/Program Files/MATLAB/R2025b/bin:/mnt/c/Program Files/dotnet/:/mnt/c/Program Files/PowerShell/7/:/mnt/c/Users/Zhang/AppData/Local/Programs/Python/Python314/Scripts/:/mnt/c/Users/Zhang/AppData/Local/Programs/Python/Python314/:/mnt/c/Users/Zhang/.local/bin:/mnt/c/Users/Zhang/AppData/Local/Microsoft/WindowsApps:/mnt/c/Users/Zhang/AppData/Local/Programs/Microsoft VS Code/bin:/mnt/c/Program Files/Processing/:/snap/bin', 'XDG_RUNTIME_DIR': '/run/user/1001', 'DISPLAY': ':0', 'LANG': 'en_US.UTF-8', 'LS_COLORS': 'rs=0:di=01;34:ln=01;36:mh=00:pi=40;33:so=01;35:do=01;35:bd=40;33;01:cd=40;33;01:or=40;31;01:mi=00:su=37;41:sg=30;43:ca=00:tw=30;42:ow=34;42:st=37;44:ex=01;32:*.tar=01;31:*.tgz=01;31:*.arc=01;31:*.arj=01;31:*.taz=01;31:*.lha=01;31:*.lz4=01;31:*.lzh=01;31:*.lzma=01;31:*.tlz=01;31:*.txz=01;31:*.tzo=01;31:*.t7z=01;31:*.zip=01;31:*.z=01;31:*.dz=01;31:*.gz=01;31:*.lrz=01;31:*.lz=01;31:*.lzo=01;31:*.xz=01;31:*.zst=01;31:*.tzst=01;31:*.bz2=01;31:*.bz=01;31:*.tbz=01;31:*.tbz2=01;31:*.tz=01;31:*.deb=01;31:*.rpm=01;31:*.jar=01;31:*.war=01;31:*.ear=01;31:*.sar=01;31:*.rar=01;31:*.alz=01;31:*.ace=01;31:*.zoo=01;31:*.cpio=01;31:*.7z=01;31:*.rz=01;31:*.cab=01;31:*.wim=01;31:*.swm=01;31:*.dwm=01;31:*.esd=01;31:*.avif=01;35:*.jpg=01;35:*.jpeg=01;35:*.mjpg=01;35:*.mjpeg=01;35:*.gif=01;35:*.bmp=01;35:*.pbm=01;35:*.pgm=01;35:*.ppm=01;35:*.tga=01;35:*.xbm=01;35:*.xpm=01;35:*.tif=01;35:*.tiff=01;35:*.png=01;35:*.svg=01;35:*.svgz=01;35:*.mng=01;35:*.pcx=01;35:*.mov=01;35:*.mpg=01;35:*.mpeg=01;35:*.m2v=01;35:*.mkv=01;35:*.webm=01;35:*.webp=01;35:*.ogm=01;35:*.mp4=01;35:*.m4v=01;35:*.mp4v=01;35:*.vob=01;35:*.qt=01;35:*.nuv=01;35:*.wmv=01;35:*.asf=01;35:*.rm=01;35:*.rmvb=01;35:*.flc=01;35:*.avi=01;35:*.fli=01;35:*.flv=01;35:*.gl=01;35:*.dl=01;35:*.xcf=01;35:*.xwd=01;35:*.yuv=01;35:*.cgm=01;35:*.emf=01;35:*.ogv=01;35:*.ogx=01;35:*.aac=00;36:*.au=00;36:*.flac=00;36:*.m4a=00;36:*.mid=00;36:*.midi=00;36:*.mka=00;36:*.mp3=00;36:*.mpc=00;36:*.ogg=00;36:*.ra=00;36:*.wav=00;36:*.oga=00;36:*.opus=00;36:*.spx=00;36:*.xspf=00;36:*~=00;90:*#=00;90:*.bak=00;90:*.crdownload=00;90:*.dpkg-dist=00;90:*.dpkg-new=00;90:*.dpkg-old=00;90:*.dpkg-tmp=00;90:*.old=00;90:*.orig=00;90:*.part=00;90:*.rej=00;90:*.rpmnew=00;90:*.rpmorig=00;90:*.rpmsave=00;90:*.swp=00;90:*.tmp=00;90:*.ucf-dist=00;90:*.ucf-new=00;90:*.ucf-old=00;90:', 'VSCODE_GIT_IPC_HANDLE': '/run/user/1001/vscode-git-82e1d75d12.sock', 'TERM_PROGRAM': 'vscode', 'AMENT_PREFIX_PATH': '/opt/ros/jazzy', 'SHELL': '/bin/bash', 'LESSCLOSE': '/usr/bin/lesspipe %s %s', 'GALLIUM_DRIVER': 'd3d12', 'ROS_AUTOMATIC_DISCOVERY_RANGE': 'SUBNET', 'VSCODE_GIT_ASKPASS_EXTRA_ARGS': '', 'PWD': '/home/zhang/rosprc_ws/build/examples_rclcpp_minimal_action_server', 'TURTLEBOT3_MODEL': 'burger', 'COPILOT_DEBUG_NONCE': '503c6a609ad3c4b1656ae504fee63388', 'XDG_DATA_DIRS': '/usr/local/share:/usr/share:/var/lib/snapd/desktop', 'PYTHONPATH': '/opt/ros/jazzy/lib/python3.12/site-packages', 'COLCON': '1', 'WSL2_GUI_APPS_ENABLED': '1', 'HOSTTYPE': 'x86_64', 'CMAKE_PREFIX_PATH': '/opt/ros/jazzy/opt/gz_sim_vendor:/opt/ros/jazzy/opt/gz_sensors_vendor:/opt/ros/jazzy/opt/gz_physics_vendor:/opt/ros/jazzy/opt/sdformat_vendor:/opt/ros/jazzy/opt/gz_gui_vendor:/opt/ros/jazzy/opt/gz_transport_vendor:/opt/ros/jazzy/opt/gz_rendering_vendor:/opt/ros/jazzy/opt/gz_plugin_vendor:/opt/ros/jazzy/opt/gz_fuel_tools_vendor:/opt/ros/jazzy/opt/gz_msgs_vendor:/opt/ros/jazzy/opt/gz_common_vendor:/opt/ros/jazzy/opt/gz_math_vendor:/opt/ros/jazzy/opt/gz_utils_vendor:/opt/ros/jazzy/opt/gz_tools_vendor:/opt/ros/jazzy/opt/gz_ogre_next_vendor:/opt/ros/jazzy/opt/gz_dartsim_vendor:/opt/ros/jazzy/opt/gz_cmake_vendor:/opt/ros/jazzy', 'WSLENV': 'ELECTRON_RUN_AS_NODE/w:'}), 'shell': False}
[102.986822] (examples_rclcpp_minimal_action_server) StdoutLine: {'line': b'-- Install configuration: ""\n'}
[102.991617] (examples_rclcpp_minimal_action_server) StdoutLine: {'line': b'-- Execute custom install script\n'}
[102.997900] (examples_rclcpp_minimal_action_server) StdoutLine: {'line': b'-- Symlinking: /home/zhang/rosprc_ws/install/examples_rclcpp_minimal_action_server/lib/examples_rclcpp_minimal_action_server/action_server_not_composable\n'}
[103.008131] (-) TimerEvent: {}
[103.035512] (examples_rclcpp_minimal_action_server) StdoutLine: {'line': b'-- Symlinking: /home/zhang/rosprc_ws/install/examples_rclcpp_minimal_action_server/lib/examples_rclcpp_minimal_action_server/action_server_member_functions\n'}
[103.077520] (examples_rclcpp_minimal_action_server) StdoutLine: {'line': b'-- Symlinking: /home/zhang/rosprc_ws/install/examples_rclcpp_minimal_action_server/share/ament_index/resource_index/package_run_dependencies/examples_rclcpp_minimal_action_server\n'}
[103.108882] (-) TimerEvent: {}
[103.118870] (examples_rclcpp_minimal_action_server) StdoutLine: {'line': b'-- Symlinking: /home/zhang/rosprc_ws/install/examples_rclcpp_minimal_action_server/share/ament_index/resource_index/parent_prefix_path/examples_rclcpp_minimal_action_server\n'}
[103.151843] (examples_rclcpp_minimal_action_server) StdoutLine: {'line': b'-- Symlinking: /home/zhang/rosprc_ws/install/examples_rclcpp_minimal_action_server/share/examples_rclcpp_minimal_action_server/environment/ament_prefix_path.sh\n'}
[103.178452] (examples_rclcpp_minimal_action_server) StdoutLine: {'line': b'-- Symlinking: /home/zhang/rosprc_ws/install/examples_rclcpp_minimal_action_server/share/examples_rclcpp_minimal_action_server/environment/ament_prefix_path.dsv\n'}
[103.200437] (examples_rclcpp_minimal_action_server) StdoutLine: {'line': b'-- Symlinking: /home/zhang/rosprc_ws/install/examples_rclcpp_minimal_action_server/share/examples_rclcpp_minimal_action_server/environment/path.sh\n'}
[103.209291] (-) TimerEvent: {}
[103.237769] (examples_rclcpp_minimal_action_server) StdoutLine: {'line': b'-- Symlinking: /home/zhang/rosprc_ws/install/examples_rclcpp_minimal_action_server/share/examples_rclcpp_minimal_action_server/environment/path.dsv\n'}
[103.273872] (examples_rclcpp_minimal_action_server) StdoutLine: {'line': b'-- Symlinking: /home/zhang/rosprc_ws/install/examples_rclcpp_minimal_action_server/share/examples_rclcpp_minimal_action_server/local_setup.bash\n'}
[103.310087] (-) TimerEvent: {}
[103.312051] (examples_rclcpp_minimal_action_server) StdoutLine: {'line': b'-- Symlinking: /home/zhang/rosprc_ws/install/examples_rclcpp_minimal_action_server/share/examples_rclcpp_minimal_action_server/local_setup.sh\n'}
[103.354996] (examples_rclcpp_minimal_action_server) StdoutLine: {'line': b'-- Symlinking: /home/zhang/rosprc_ws/install/examples_rclcpp_minimal_action_server/share/examples_rclcpp_minimal_action_server/local_setup.zsh\n'}
[103.380079] (examples_rclcpp_minimal_action_server) StdoutLine: {'line': b'-- Symlinking: /home/zhang/rosprc_ws/install/examples_rclcpp_minimal_action_server/share/examples_rclcpp_minimal_action_server/local_setup.dsv\n'}
[103.404234] (examples_rclcpp_minimal_action_server) StdoutLine: {'line': b'-- Symlinking: /home/zhang/rosprc_ws/install/examples_rclcpp_minimal_action_server/share/examples_rclcpp_minimal_action_server/package.dsv\n'}
[103.410515] (-) TimerEvent: {}
[103.436522] (examples_rclcpp_minimal_action_server) StdoutLine: {'line': b'-- Symlinking: /home/zhang/rosprc_ws/install/examples_rclcpp_minimal_action_server/share/ament_index/resource_index/packages/examples_rclcpp_minimal_action_server\n'}
[103.465447] (examples_rclcpp_minimal_action_server) StdoutLine: {'line': b'-- Symlinking: /home/zhang/rosprc_ws/install/examples_rclcpp_minimal_action_server/share/examples_rclcpp_minimal_action_server/cmake/examples_rclcpp_minimal_action_serverConfig.cmake\n'}
[103.479400] (examples_rclcpp_minimal_action_server) StdoutLine: {'line': b'-- Symlinking: /home/zhang/rosprc_ws/install/examples_rclcpp_minimal_action_server/share/examples_rclcpp_minimal_action_server/cmake/examples_rclcpp_minimal_action_serverConfig-version.cmake\n'}
[103.494282] (examples_rclcpp_minimal_action_server) StdoutLine: {'line': b'-- Symlinking: /home/zhang/rosprc_ws/install/examples_rclcpp_minimal_action_server/share/examples_rclcpp_minimal_action_server/package.xml\n'}
[103.509951] (examples_rclcpp_minimal_action_server) CommandEnded: {'returncode': 0}
[103.514417] (-) TimerEvent: {}
[103.573786] (examples_rclcpp_minimal_action_server) JobEnded: {'identifier': 'examples_rclcpp_minimal_action_server', 'rc': 0}
[103.575657] (examples_rclcpp_minimal_client) JobStarted: {'identifier': 'examples_rclcpp_minimal_client'}
[103.586370] (examples_rclcpp_minimal_client) JobProgress: {'identifier': 'examples_rclcpp_minimal_client', 'progress': 'cmake'}
[103.593282] (examples_rclcpp_minimal_client) JobProgress: {'identifier': 'examples_rclcpp_minimal_client', 'progress': 'build'}
[103.596177] (examples_rclcpp_minimal_client) Command: {'cmd': ['/usr/bin/cmake', '--build', '/home/zhang/rosprc_ws/build/examples_rclcpp_minimal_client', '--', '-j20', '-l20'], 'cwd': '/home/zhang/rosprc_ws/build/examples_rclcpp_minimal_client', 'env': OrderedDict({'LESSOPEN': '| /usr/bin/lesspipe %s', 'GZ_SIM_RESOURCE_PATH': '/opt/ros/jazzy/share', 'USER': 'zhang', 'GZ_CONFIG_PATH': '/opt/ros/jazzy/opt/gz_sim_vendor/share/gz:/opt/ros/jazzy/opt/sdformat_vendor/share/gz:/opt/ros/jazzy/opt/gz_gui_vendor/share/gz:/opt/ros/jazzy/opt/gz_transport_vendor/share/gz:/opt/ros/jazzy/opt/gz_rendering_vendor/share/gz:/opt/ros/jazzy/opt/gz_plugin_vendor/share/gz:/opt/ros/jazzy/opt/gz_fuel_tools_vendor/share/gz:/opt/ros/jazzy/opt/gz_msgs_vendor/share/gz:/opt/ros/jazzy/opt/gz_common_vendor/share/gz', 'GIT_ASKPASS': '/home/zhang/.vscode-server/bin/e4c7e7b1d6d060162f4aa7f8225271b67ce1df75/extensions/git/dist/askpass.sh', 'SHLVL': '2', 'LIBGL_ALWAYS_SOFTWARE': '0', 'LD_LIBRARY_PATH': '/opt/ros/jazzy/opt/gz_sim_vendor/lib:/opt/ros/jazzy/opt/gz_sensors_vendor/lib:/opt/ros/jazzy/opt/gz_physics_vendor/lib:/opt/ros/jazzy/opt/sdformat_vendor/lib:/opt/ros/jazzy/opt/rviz_ogre_vendor/lib:/opt/ros/jazzy/lib/x86_64-linux-gnu:/opt/ros/jazzy/opt/gz_gui_vendor/lib:/opt/ros/jazzy/opt/gz_transport_vendor/lib:/opt/ros/jazzy/opt/gz_rendering_vendor/lib:/opt/ros/jazzy/opt/gz_plugin_vendor/lib:/opt/ros/jazzy/opt/gz_fuel_tools_vendor/lib:/opt/ros/jazzy/opt/gz_msgs_vendor/lib:/opt/ros/jazzy/opt/gz_common_vendor/lib:/opt/ros/jazzy/opt/gz_math_vendor/lib:/opt/ros/jazzy/opt/gz_utils_vendor/lib:/opt/ros/jazzy/opt/gz_tools_vendor/lib:/opt/ros/jazzy/opt/gz_ogre_next_vendor/lib:/opt/ros/jazzy/opt/gz_dartsim_vendor/lib:/opt/ros/jazzy/opt/gz_cmake_vendor/lib:/opt/ros/jazzy/lib', 'HOME': '/home/zhang', 'TERM_PROGRAM_VERSION': '1.131.0', 'VSCODE_IPC_HOOK_CLI': '/run/user/1001/vscode-ipc-d537498f-331a-41d4-bf91-51cd2386a755.sock', 'ROS_PYTHON_VERSION': '3', 'VSCODE_GIT_ASKPASS_MAIN': '/home/zhang/.vscode-server/bin/e4c7e7b1d6d060162f4aa7f8225271b67ce1df75/extensions/git/dist/askpass-main.js', 'VSCODE_GIT_ASKPASS_NODE': '/home/zhang/.vscode-server/bin/e4c7e7b1d6d060162f4aa7f8225271b67ce1df75/node', 'VSCODE_PYTHON_AUTOACTIVATE_GUARD': '1', 'DBUS_SESSION_BUS_ADDRESS': 'unix:path=/run/user/1001/bus', 'COLORTERM': 'truecolor', 'WSL_DISTRO_NAME': 'Ubuntu', 'WAYLAND_DISPLAY': 'wayland-0', 'ROS_DISTRO': 'jazzy', 'LOGNAME': 'zhang', 'NAME': 'Code', 'WSL_INTEROP': '/run/WSL/6274_interop', 'PULSE_SERVER': 'unix:/mnt/wslg/PulseServer', '_': '/usr/bin/colcon', 'ROS_VERSION': '2', 'CLAUDE_CODE_SSE_PORT': '21165', 'TERM': 'xterm-256color', 'PATH': '/home/zhang/.vscode-server/data/User/globalStorage/github.copilot-chat/debugCommand:/home/zhang/.vscode-server/data/User/globalStorage/github.copilot-chat/copilotCli:/home/zhang/.vscode-server/bin/e4c7e7b1d6d060162f4aa7f8225271b67ce1df75/bin/remote-cli:/opt/ros/jazzy/opt/gz_msgs_vendor/bin:/opt/ros/jazzy/opt/gz_tools_vendor/bin:/opt/ros/jazzy/opt/gz_ogre_next_vendor/bin:/opt/ros/jazzy/bin:/usr/local/sbin:/usr/local/bin:/usr/sbin:/usr/bin:/sbin:/bin:/usr/games:/usr/local/games:/usr/lib/wsl/lib:/mnt/c/Program Files/PowerShell/7:/mnt/c/Users/Zhang/AppData/Roaming/Code/User/globalStorage/github.copilot-chat/debugCommand:/mnt/c/Users/Zhang/AppData/Roaming/Code/User/globalStorage/github.copilot-chat/copilotCli:/mnt/c/WINDOWS/system32:/mnt/c/WINDOWS:/mnt/c/WINDOWS/System32/Wbem:/mnt/c/WINDOWS/System32/WindowsPowerShell/v1.0/:/mnt/c/WINDOWS/System32/OpenSSH/:/mnt/c/Program Files/Git/cmd:/mnt/c/Program Files/MATLAB/R2025b/bin:/mnt/c/Program Files/dotnet/:/mnt/c/Program Files/PowerShell/7/:/mnt/c/Users/Zhang/AppData/Local/Programs/Python/Python314/Scripts/:/mnt/c/Users/Zhang/AppData/Local/Programs/Python/Python314/:/mnt/c/Users/Zhang/.local/bin:/mnt/c/Users/Zhang/AppData/Local/Microsoft/WindowsApps:/mnt/c/Users/Zhang/AppData/Local/Programs/Microsoft VS Code/bin:/mnt/c/Program Files/Processing/:/snap/bin', 'XDG_RUNTIME_DIR': '/run/user/1001', 'DISPLAY': ':0', 'LANG': 'en_US.UTF-8', 'LS_COLORS': 'rs=0:di=01;34:ln=01;36:mh=00:pi=40;33:so=01;35:do=01;35:bd=40;33;01:cd=40;33;01:or=40;31;01:mi=00:su=37;41:sg=30;43:ca=00:tw=30;42:ow=34;42:st=37;44:ex=01;32:*.tar=01;31:*.tgz=01;31:*.arc=01;31:*.arj=01;31:*.taz=01;31:*.lha=01;31:*.lz4=01;31:*.lzh=01;31:*.lzma=01;31:*.tlz=01;31:*.txz=01;31:*.tzo=01;31:*.t7z=01;31:*.zip=01;31:*.z=01;31:*.dz=01;31:*.gz=01;31:*.lrz=01;31:*.lz=01;31:*.lzo=01;31:*.xz=01;31:*.zst=01;31:*.tzst=01;31:*.bz2=01;31:*.bz=01;31:*.tbz=01;31:*.tbz2=01;31:*.tz=01;31:*.deb=01;31:*.rpm=01;31:*.jar=01;31:*.war=01;31:*.ear=01;31:*.sar=01;31:*.rar=01;31:*.alz=01;31:*.ace=01;31:*.zoo=01;31:*.cpio=01;31:*.7z=01;31:*.rz=01;31:*.cab=01;31:*.wim=01;31:*.swm=01;31:*.dwm=01;31:*.esd=01;31:*.avif=01;35:*.jpg=01;35:*.jpeg=01;35:*.mjpg=01;35:*.mjpeg=01;35:*.gif=01;35:*.bmp=01;35:*.pbm=01;35:*.pgm=01;35:*.ppm=01;35:*.tga=01;35:*.xbm=01;35:*.xpm=01;35:*.tif=01;35:*.tiff=01;35:*.png=01;35:*.svg=01;35:*.svgz=01;35:*.mng=01;35:*.pcx=01;35:*.mov=01;35:*.mpg=01;35:*.mpeg=01;35:*.m2v=01;35:*.mkv=01;35:*.webm=01;35:*.webp=01;35:*.ogm=01;35:*.mp4=01;35:*.m4v=01;35:*.mp4v=01;35:*.vob=01;35:*.qt=01;35:*.nuv=01;35:*.wmv=01;35:*.asf=01;35:*.rm=01;35:*.rmvb=01;35:*.flc=01;35:*.avi=01;35:*.fli=01;35:*.flv=01;35:*.gl=01;35:*.dl=01;35:*.xcf=01;35:*.xwd=01;35:*.yuv=01;35:*.cgm=01;35:*.emf=01;35:*.ogv=01;35:*.ogx=01;35:*.aac=00;36:*.au=00;36:*.flac=00;36:*.m4a=00;36:*.mid=00;36:*.midi=00;36:*.mka=00;36:*.mp3=00;36:*.mpc=00;36:*.ogg=00;36:*.ra=00;36:*.wav=00;36:*.oga=00;36:*.opus=00;36:*.spx=00;36:*.xspf=00;36:*~=00;90:*#=00;90:*.bak=00;90:*.crdownload=00;90:*.dpkg-dist=00;90:*.dpkg-new=00;90:*.dpkg-old=00;90:*.dpkg-tmp=00;90:*.old=00;90:*.orig=00;90:*.part=00;90:*.rej=00;90:*.rpmnew=00;90:*.rpmorig=00;90:*.rpmsave=00;90:*.swp=00;90:*.tmp=00;90:*.ucf-dist=00;90:*.ucf-new=00;90:*.ucf-old=00;90:', 'VSCODE_GIT_IPC_HANDLE': '/run/user/1001/vscode-git-82e1d75d12.sock', 'TERM_PROGRAM': 'vscode', 'AMENT_PREFIX_PATH': '/opt/ros/jazzy', 'SHELL': '/bin/bash', 'LESSCLOSE': '/usr/bin/lesspipe %s %s', 'GALLIUM_DRIVER': 'd3d12', 'ROS_AUTOMATIC_DISCOVERY_RANGE': 'SUBNET', 'VSCODE_GIT_ASKPASS_EXTRA_ARGS': '', 'PWD': '/home/zhang/rosprc_ws/build/examples_rclcpp_minimal_client', 'TURTLEBOT3_MODEL': 'burger', 'COPILOT_DEBUG_NONCE': '503c6a609ad3c4b1656ae504fee63388', 'XDG_DATA_DIRS': '/usr/local/share:/usr/share:/var/lib/snapd/desktop', 'PYTHONPATH': '/opt/ros/jazzy/lib/python3.12/site-packages', 'COLCON': '1', 'WSL2_GUI_APPS_ENABLED': '1', 'HOSTTYPE': 'x86_64', 'CMAKE_PREFIX_PATH': '/opt/ros/jazzy/opt/gz_sim_vendor:/opt/ros/jazzy/opt/gz_sensors_vendor:/opt/ros/jazzy/opt/gz_physics_vendor:/opt/ros/jazzy/opt/sdformat_vendor:/opt/ros/jazzy/opt/gz_gui_vendor:/opt/ros/jazzy/opt/gz_transport_vendor:/opt/ros/jazzy/opt/gz_rendering_vendor:/opt/ros/jazzy/opt/gz_plugin_vendor:/opt/ros/jazzy/opt/gz_fuel_tools_vendor:/opt/ros/jazzy/opt/gz_msgs_vendor:/opt/ros/jazzy/opt/gz_common_vendor:/opt/ros/jazzy/opt/gz_math_vendor:/opt/ros/jazzy/opt/gz_utils_vendor:/opt/ros/jazzy/opt/gz_tools_vendor:/opt/ros/jazzy/opt/gz_ogre_next_vendor:/opt/ros/jazzy/opt/gz_dartsim_vendor:/opt/ros/jazzy/opt/gz_cmake_vendor:/opt/ros/jazzy', 'WSLENV': 'ELECTRON_RUN_AS_NODE/w:'}), 'shell': False}
[103.615291] (-) TimerEvent: {}
[103.717564] (-) TimerEvent: {}
[103.812588] (examples_rclcpp_minimal_client) StdoutLine: {'line': b'[ 50%] \x1b[32mBuilding CXX object CMakeFiles/client_main.dir/main.cpp.o\x1b[0m\n'}
[103.817820] (-) TimerEvent: {}
[103.919258] (-) TimerEvent: {}
[104.021008] (-) TimerEvent: {}
[104.122514] (-) TimerEvent: {}
[104.223858] (-) TimerEvent: {}
[104.325149] (-) TimerEvent: {}
[104.426827] (-) TimerEvent: {}
[104.529118] (-) TimerEvent: {}
[104.630212] (-) TimerEvent: {}
[104.731822] (-) TimerEvent: {}
[104.832821] (-) TimerEvent: {}
[104.933984] (-) TimerEvent: {}
[105.035458] (-) TimerEvent: {}
[105.137165] (-) TimerEvent: {}
[105.238327] (-) TimerEvent: {}
[105.339586] (-) TimerEvent: {}
[105.440644] (-) TimerEvent: {}
[105.541669] (-) TimerEvent: {}
[105.642634] (-) TimerEvent: {}
[105.743994] (-) TimerEvent: {}
[105.845552] (-) TimerEvent: {}
[105.947167] (-) TimerEvent: {}
[106.048532] (-) TimerEvent: {}
[106.149621] (-) TimerEvent: {}
[106.250621] (-) TimerEvent: {}
[106.351874] (-) TimerEvent: {}
[106.452912] (-) TimerEvent: {}
[106.553693] (-) TimerEvent: {}
[106.654536] (-) TimerEvent: {}
[106.755220] (-) TimerEvent: {}
[106.856200] (-) TimerEvent: {}
[106.957467] (-) TimerEvent: {}
[107.058547] (-) TimerEvent: {}
[107.159972] (-) TimerEvent: {}
[107.261148] (-) TimerEvent: {}
[107.362400] (-) TimerEvent: {}
[107.463197] (-) TimerEvent: {}
[107.563806] (-) TimerEvent: {}
[107.664353] (-) TimerEvent: {}
[107.765035] (-) TimerEvent: {}
[107.865701] (-) TimerEvent: {}
[107.966540] (-) TimerEvent: {}
[108.067237] (-) TimerEvent: {}
[108.167972] (-) TimerEvent: {}
[108.268910] (-) TimerEvent: {}
[108.370022] (-) TimerEvent: {}
[108.471052] (-) TimerEvent: {}
[108.571665] (-) TimerEvent: {}
[108.672209] (-) TimerEvent: {}
[108.772986] (-) TimerEvent: {}
[108.873855] (-) TimerEvent: {}
[108.974669] (-) TimerEvent: {}
[109.075228] (-) TimerEvent: {}
[109.175852] (-) TimerEvent: {}
[109.276658] (-) TimerEvent: {}
[109.378242] (-) TimerEvent: {}
[109.479169] (-) TimerEvent: {}
[109.579803] (-) TimerEvent: {}
[109.680392] (-) TimerEvent: {}
[109.781042] (-) TimerEvent: {}
[109.882235] (-) TimerEvent: {}
[109.983060] (-) TimerEvent: {}
[110.083930] (-) TimerEvent: {}
[110.184364] (-) TimerEvent: {}
[110.285127] (-) TimerEvent: {}
[110.385787] (-) TimerEvent: {}
[110.486424] (-) TimerEvent: {}
[110.587215] (-) TimerEvent: {}
[110.688310] (-) TimerEvent: {}
[110.788934] (-) TimerEvent: {}
[110.889474] (-) TimerEvent: {}
[110.990259] (-) TimerEvent: {}
[111.090982] (-) TimerEvent: {}
[111.191675] (-) TimerEvent: {}
[111.228444] (examples_rclcpp_minimal_client) StdoutLine: {'line': b'[100%] \x1b[32m\x1b[1mLinking CXX executable client_main\x1b[0m\n'}
[111.292216] (-) TimerEvent: {}
[111.393329] (-) TimerEvent: {}
[111.494212] (-) TimerEvent: {}
[111.594982] (-) TimerEvent: {}
[111.695840] (-) TimerEvent: {}
[111.796758] (-) TimerEvent: {}
[111.897587] (-) TimerEvent: {}
[111.998366] (-) TimerEvent: {}
[112.098946] (-) TimerEvent: {}
[112.115091] (examples_rclcpp_minimal_client) StdoutLine: {'line': b'[100%] Built target client_main\n'}
[112.157139] (examples_rclcpp_minimal_client) CommandEnded: {'returncode': 0}
[112.161883] (examples_rclcpp_minimal_client) JobProgress: {'identifier': 'examples_rclcpp_minimal_client', 'progress': 'install'}
[112.164711] (examples_rclcpp_minimal_client) Command: {'cmd': ['/usr/bin/cmake', '--install', '/home/zhang/rosprc_ws/build/examples_rclcpp_minimal_client'], 'cwd': '/home/zhang/rosprc_ws/build/examples_rclcpp_minimal_client', 'env': OrderedDict({'LESSOPEN': '| /usr/bin/lesspipe %s', 'GZ_SIM_RESOURCE_PATH': '/opt/ros/jazzy/share', 'USER': 'zhang', 'GZ_CONFIG_PATH': '/opt/ros/jazzy/opt/gz_sim_vendor/share/gz:/opt/ros/jazzy/opt/sdformat_vendor/share/gz:/opt/ros/jazzy/opt/gz_gui_vendor/share/gz:/opt/ros/jazzy/opt/gz_transport_vendor/share/gz:/opt/ros/jazzy/opt/gz_rendering_vendor/share/gz:/opt/ros/jazzy/opt/gz_plugin_vendor/share/gz:/opt/ros/jazzy/opt/gz_fuel_tools_vendor/share/gz:/opt/ros/jazzy/opt/gz_msgs_vendor/share/gz:/opt/ros/jazzy/opt/gz_common_vendor/share/gz', 'GIT_ASKPASS': '/home/zhang/.vscode-server/bin/e4c7e7b1d6d060162f4aa7f8225271b67ce1df75/extensions/git/dist/askpass.sh', 'SHLVL': '2', 'LIBGL_ALWAYS_SOFTWARE': '0', 'LD_LIBRARY_PATH': '/opt/ros/jazzy/opt/gz_sim_vendor/lib:/opt/ros/jazzy/opt/gz_sensors_vendor/lib:/opt/ros/jazzy/opt/gz_physics_vendor/lib:/opt/ros/jazzy/opt/sdformat_vendor/lib:/opt/ros/jazzy/opt/rviz_ogre_vendor/lib:/opt/ros/jazzy/lib/x86_64-linux-gnu:/opt/ros/jazzy/opt/gz_gui_vendor/lib:/opt/ros/jazzy/opt/gz_transport_vendor/lib:/opt/ros/jazzy/opt/gz_rendering_vendor/lib:/opt/ros/jazzy/opt/gz_plugin_vendor/lib:/opt/ros/jazzy/opt/gz_fuel_tools_vendor/lib:/opt/ros/jazzy/opt/gz_msgs_vendor/lib:/opt/ros/jazzy/opt/gz_common_vendor/lib:/opt/ros/jazzy/opt/gz_math_vendor/lib:/opt/ros/jazzy/opt/gz_utils_vendor/lib:/opt/ros/jazzy/opt/gz_tools_vendor/lib:/opt/ros/jazzy/opt/gz_ogre_next_vendor/lib:/opt/ros/jazzy/opt/gz_dartsim_vendor/lib:/opt/ros/jazzy/opt/gz_cmake_vendor/lib:/opt/ros/jazzy/lib', 'HOME': '/home/zhang', 'TERM_PROGRAM_VERSION': '1.131.0', 'VSCODE_IPC_HOOK_CLI': '/run/user/1001/vscode-ipc-d537498f-331a-41d4-bf91-51cd2386a755.sock', 'ROS_PYTHON_VERSION': '3', 'VSCODE_GIT_ASKPASS_MAIN': '/home/zhang/.vscode-server/bin/e4c7e7b1d6d060162f4aa7f8225271b67ce1df75/extensions/git/dist/askpass-main.js', 'VSCODE_GIT_ASKPASS_NODE': '/home/zhang/.vscode-server/bin/e4c7e7b1d6d060162f4aa7f8225271b67ce1df75/node', 'VSCODE_PYTHON_AUTOACTIVATE_GUARD': '1', 'DBUS_SESSION_BUS_ADDRESS': 'unix:path=/run/user/1001/bus', 'COLORTERM': 'truecolor', 'WSL_DISTRO_NAME': 'Ubuntu', 'WAYLAND_DISPLAY': 'wayland-0', 'ROS_DISTRO': 'jazzy', 'LOGNAME': 'zhang', 'NAME': 'Code', 'WSL_INTEROP': '/run/WSL/6274_interop', 'PULSE_SERVER': 'unix:/mnt/wslg/PulseServer', '_': '/usr/bin/colcon', 'ROS_VERSION': '2', 'CLAUDE_CODE_SSE_PORT': '21165', 'TERM': 'xterm-256color', 'PATH': '/home/zhang/.vscode-server/data/User/globalStorage/github.copilot-chat/debugCommand:/home/zhang/.vscode-server/data/User/globalStorage/github.copilot-chat/copilotCli:/home/zhang/.vscode-server/bin/e4c7e7b1d6d060162f4aa7f8225271b67ce1df75/bin/remote-cli:/opt/ros/jazzy/opt/gz_msgs_vendor/bin:/opt/ros/jazzy/opt/gz_tools_vendor/bin:/opt/ros/jazzy/opt/gz_ogre_next_vendor/bin:/opt/ros/jazzy/bin:/usr/local/sbin:/usr/local/bin:/usr/sbin:/usr/bin:/sbin:/bin:/usr/games:/usr/local/games:/usr/lib/wsl/lib:/mnt/c/Program Files/PowerShell/7:/mnt/c/Users/Zhang/AppData/Roaming/Code/User/globalStorage/github.copilot-chat/debugCommand:/mnt/c/Users/Zhang/AppData/Roaming/Code/User/globalStorage/github.copilot-chat/copilotCli:/mnt/c/WINDOWS/system32:/mnt/c/WINDOWS:/mnt/c/WINDOWS/System32/Wbem:/mnt/c/WINDOWS/System32/WindowsPowerShell/v1.0/:/mnt/c/WINDOWS/System32/OpenSSH/:/mnt/c/Program Files/Git/cmd:/mnt/c/Program Files/MATLAB/R2025b/bin:/mnt/c/Program Files/dotnet/:/mnt/c/Program Files/PowerShell/7/:/mnt/c/Users/Zhang/AppData/Local/Programs/Python/Python314/Scripts/:/mnt/c/Users/Zhang/AppData/Local/Programs/Python/Python314/:/mnt/c/Users/Zhang/.local/bin:/mnt/c/Users/Zhang/AppData/Local/Microsoft/WindowsApps:/mnt/c/Users/Zhang/AppData/Local/Programs/Microsoft VS Code/bin:/mnt/c/Program Files/Processing/:/snap/bin', 'XDG_RUNTIME_DIR': '/run/user/1001', 'DISPLAY': ':0', 'LANG': 'en_US.UTF-8', 'LS_COLORS': 'rs=0:di=01;34:ln=01;36:mh=00:pi=40;33:so=01;35:do=01;35:bd=40;33;01:cd=40;33;01:or=40;31;01:mi=00:su=37;41:sg=30;43:ca=00:tw=30;42:ow=34;42:st=37;44:ex=01;32:*.tar=01;31:*.tgz=01;31:*.arc=01;31:*.arj=01;31:*.taz=01;31:*.lha=01;31:*.lz4=01;31:*.lzh=01;31:*.lzma=01;31:*.tlz=01;31:*.txz=01;31:*.tzo=01;31:*.t7z=01;31:*.zip=01;31:*.z=01;31:*.dz=01;31:*.gz=01;31:*.lrz=01;31:*.lz=01;31:*.lzo=01;31:*.xz=01;31:*.zst=01;31:*.tzst=01;31:*.bz2=01;31:*.bz=01;31:*.tbz=01;31:*.tbz2=01;31:*.tz=01;31:*.deb=01;31:*.rpm=01;31:*.jar=01;31:*.war=01;31:*.ear=01;31:*.sar=01;31:*.rar=01;31:*.alz=01;31:*.ace=01;31:*.zoo=01;31:*.cpio=01;31:*.7z=01;31:*.rz=01;31:*.cab=01;31:*.wim=01;31:*.swm=01;31:*.dwm=01;31:*.esd=01;31:*.avif=01;35:*.jpg=01;35:*.jpeg=01;35:*.mjpg=01;35:*.mjpeg=01;35:*.gif=01;35:*.bmp=01;35:*.pbm=01;35:*.pgm=01;35:*.ppm=01;35:*.tga=01;35:*.xbm=01;35:*.xpm=01;35:*.tif=01;35:*.tiff=01;35:*.png=01;35:*.svg=01;35:*.svgz=01;35:*.mng=01;35:*.pcx=01;35:*.mov=01;35:*.mpg=01;35:*.mpeg=01;35:*.m2v=01;35:*.mkv=01;35:*.webm=01;35:*.webp=01;35:*.ogm=01;35:*.mp4=01;35:*.m4v=01;35:*.mp4v=01;35:*.vob=01;35:*.qt=01;35:*.nuv=01;35:*.wmv=01;35:*.asf=01;35:*.rm=01;35:*.rmvb=01;35:*.flc=01;35:*.avi=01;35:*.fli=01;35:*.flv=01;35:*.gl=01;35:*.dl=01;35:*.xcf=01;35:*.xwd=01;35:*.yuv=01;35:*.cgm=01;35:*.emf=01;35:*.ogv=01;35:*.ogx=01;35:*.aac=00;36:*.au=00;36:*.flac=00;36:*.m4a=00;36:*.mid=00;36:*.midi=00;36:*.mka=00;36:*.mp3=00;36:*.mpc=00;36:*.ogg=00;36:*.ra=00;36:*.wav=00;36:*.oga=00;36:*.opus=00;36:*.spx=00;36:*.xspf=00;36:*~=00;90:*#=00;90:*.bak=00;90:*.crdownload=00;90:*.dpkg-dist=00;90:*.dpkg-new=00;90:*.dpkg-old=00;90:*.dpkg-tmp=00;90:*.old=00;90:*.orig=00;90:*.part=00;90:*.rej=00;90:*.rpmnew=00;90:*.rpmorig=00;90:*.rpmsave=00;90:*.swp=00;90:*.tmp=00;90:*.ucf-dist=00;90:*.ucf-new=00;90:*.ucf-old=00;90:', 'VSCODE_GIT_IPC_HANDLE': '/run/user/1001/vscode-git-82e1d75d12.sock', 'TERM_PROGRAM': 'vscode', 'AMENT_PREFIX_PATH': '/opt/ros/jazzy', 'SHELL': '/bin/bash', 'LESSCLOSE': '/usr/bin/lesspipe %s %s', 'GALLIUM_DRIVER': 'd3d12', 'ROS_AUTOMATIC_DISCOVERY_RANGE': 'SUBNET', 'VSCODE_GIT_ASKPASS_EXTRA_ARGS': '', 'PWD': '/home/zhang/rosprc_ws/build/examples_rclcpp_minimal_client', 'TURTLEBOT3_MODEL': 'burger', 'COPILOT_DEBUG_NONCE': '503c6a609ad3c4b1656ae504fee63388', 'XDG_DATA_DIRS': '/usr/local/share:/usr/share:/var/lib/snapd/desktop', 'PYTHONPATH': '/opt/ros/jazzy/lib/python3.12/site-packages', 'COLCON': '1', 'WSL2_GUI_APPS_ENABLED': '1', 'HOSTTYPE': 'x86_64', 'CMAKE_PREFIX_PATH': '/opt/ros/jazzy/opt/gz_sim_vendor:/opt/ros/jazzy/opt/gz_sensors_vendor:/opt/ros/jazzy/opt/gz_physics_vendor:/opt/ros/jazzy/opt/sdformat_vendor:/opt/ros/jazzy/opt/gz_gui_vendor:/opt/ros/jazzy/opt/gz_transport_vendor:/opt/ros/jazzy/opt/gz_rendering_vendor:/opt/ros/jazzy/opt/gz_plugin_vendor:/opt/ros/jazzy/opt/gz_fuel_tools_vendor:/opt/ros/jazzy/opt/gz_msgs_vendor:/opt/ros/jazzy/opt/gz_common_vendor:/opt/ros/jazzy/opt/gz_math_vendor:/opt/ros/jazzy/opt/gz_utils_vendor:/opt/ros/jazzy/opt/gz_tools_vendor:/opt/ros/jazzy/opt/gz_ogre_next_vendor:/opt/ros/jazzy/opt/gz_dartsim_vendor:/opt/ros/jazzy/opt/gz_cmake_vendor:/opt/ros/jazzy', 'WSLENV': 'ELECTRON_RUN_AS_NODE/w:'}), 'shell': False}
[112.193391] (examples_rclcpp_minimal_client) StdoutLine: {'line': b'-- Install configuration: ""\n'}
[112.197277] (examples_rclcpp_minimal_client) StdoutLine: {'line': b'-- Execute custom install script\n'}
[112.199416] (-) TimerEvent: {}
[112.202743] (examples_rclcpp_minimal_client) StdoutLine: {'line': b'-- Symlinking: /home/zhang/rosprc_ws/install/examples_rclcpp_minimal_client/lib/examples_rclcpp_minimal_client/client_main\n'}
[112.241962] (examples_rclcpp_minimal_client) StdoutLine: {'line': b'-- Symlinking: /home/zhang/rosprc_ws/install/examples_rclcpp_minimal_client/share/ament_index/resource_index/package_run_dependencies/examples_rclcpp_minimal_client\n'}
[112.282495] (examples_rclcpp_minimal_client) StdoutLine: {'line': b'-- Symlinking: /home/zhang/rosprc_ws/install/examples_rclcpp_minimal_client/share/ament_index/resource_index/parent_prefix_path/examples_rclcpp_minimal_client\n'}
[112.300063] (-) TimerEvent: {}
[112.323169] (examples_rclcpp_minimal_client) StdoutLine: {'line': b'-- Symlinking: /home/zhang/rosprc_ws/install/examples_rclcpp_minimal_client/share/examples_rclcpp_minimal_client/environment/ament_prefix_path.sh\n'}
[112.358547] (examples_rclcpp_minimal_client) StdoutLine: {'line': b'-- Symlinking: /home/zhang/rosprc_ws/install/examples_rclcpp_minimal_client/share/examples_rclcpp_minimal_client/environment/ament_prefix_path.dsv\n'}
[112.392628] (examples_rclcpp_minimal_client) StdoutLine: {'line': b'-- Symlinking: /home/zhang/rosprc_ws/install/examples_rclcpp_minimal_client/share/examples_rclcpp_minimal_client/environment/path.sh\n'}
[112.400662] (-) TimerEvent: {}
[112.430284] (examples_rclcpp_minimal_client) StdoutLine: {'line': b'-- Symlinking: /home/zhang/rosprc_ws/install/examples_rclcpp_minimal_client/share/examples_rclcpp_minimal_client/environment/path.dsv\n'}
[112.464404] (examples_rclcpp_minimal_client) StdoutLine: {'line': b'-- Symlinking: /home/zhang/rosprc_ws/install/examples_rclcpp_minimal_client/share/examples_rclcpp_minimal_client/local_setup.bash\n'}
[112.491444] (examples_rclcpp_minimal_client) StdoutLine: {'line': b'-- Symlinking: /home/zhang/rosprc_ws/install/examples_rclcpp_minimal_client/share/examples_rclcpp_minimal_client/local_setup.sh\n'}
[112.501073] (-) TimerEvent: {}
[112.508090] (examples_rclcpp_minimal_client) StdoutLine: {'line': b'-- Symlinking: /home/zhang/rosprc_ws/install/examples_rclcpp_minimal_client/share/examples_rclcpp_minimal_client/local_setup.zsh\n'}
[112.535469] (examples_rclcpp_minimal_client) StdoutLine: {'line': b'-- Symlinking: /home/zhang/rosprc_ws/install/examples_rclcpp_minimal_client/share/examples_rclcpp_minimal_client/local_setup.dsv\n'}
[112.557633] (examples_rclcpp_minimal_client) StdoutLine: {'line': b'-- Symlinking: /home/zhang/rosprc_ws/install/examples_rclcpp_minimal_client/share/examples_rclcpp_minimal_client/package.dsv\n'}
[112.589241] (examples_rclcpp_minimal_client) StdoutLine: {'line': b'-- Symlinking: /home/zhang/rosprc_ws/install/examples_rclcpp_minimal_client/share/ament_index/resource_index/packages/examples_rclcpp_minimal_client\n'}
[112.601468] (-) TimerEvent: {}
[112.626452] (examples_rclcpp_minimal_client) StdoutLine: {'line': b'-- Symlinking: /home/zhang/rosprc_ws/install/examples_rclcpp_minimal_client/share/examples_rclcpp_minimal_client/cmake/examples_rclcpp_minimal_clientConfig.cmake\n'}
[112.663901] (examples_rclcpp_minimal_client) StdoutLine: {'line': b'-- Symlinking: /home/zhang/rosprc_ws/install/examples_rclcpp_minimal_client/share/examples_rclcpp_minimal_client/cmake/examples_rclcpp_minimal_clientConfig-version.cmake\n'}
[112.699823] (examples_rclcpp_minimal_client) StdoutLine: {'line': b'-- Symlinking: /home/zhang/rosprc_ws/install/examples_rclcpp_minimal_client/share/examples_rclcpp_minimal_client/package.xml\n'}
[112.701900] (-) TimerEvent: {}
[112.744070] (examples_rclcpp_minimal_client) CommandEnded: {'returncode': 0}
[112.846105] (-) TimerEvent: {}
[112.877985] (examples_rclcpp_minimal_client) JobEnded: {'identifier': 'examples_rclcpp_minimal_client', 'rc': 0}
[112.886087] (examples_rclcpp_minimal_composition) JobStarted: {'identifier': 'examples_rclcpp_minimal_composition'}
[112.908109] (examples_rclcpp_minimal_composition) JobProgress: {'identifier': 'examples_rclcpp_minimal_composition', 'progress': 'cmake'}
[112.917385] (examples_rclcpp_minimal_composition) JobProgress: {'identifier': 'examples_rclcpp_minimal_composition', 'progress': 'build'}
[112.917710] (examples_rclcpp_minimal_composition) Command: {'cmd': ['/usr/bin/cmake', '--build', '/home/zhang/rosprc_ws/build/examples_rclcpp_minimal_composition', '--', '-j20', '-l20'], 'cwd': '/home/zhang/rosprc_ws/build/examples_rclcpp_minimal_composition', 'env': OrderedDict({'LESSOPEN': '| /usr/bin/lesspipe %s', 'GZ_SIM_RESOURCE_PATH': '/opt/ros/jazzy/share', 'USER': 'zhang', 'GZ_CONFIG_PATH': '/opt/ros/jazzy/opt/gz_sim_vendor/share/gz:/opt/ros/jazzy/opt/sdformat_vendor/share/gz:/opt/ros/jazzy/opt/gz_gui_vendor/share/gz:/opt/ros/jazzy/opt/gz_transport_vendor/share/gz:/opt/ros/jazzy/opt/gz_rendering_vendor/share/gz:/opt/ros/jazzy/opt/gz_plugin_vendor/share/gz:/opt/ros/jazzy/opt/gz_fuel_tools_vendor/share/gz:/opt/ros/jazzy/opt/gz_msgs_vendor/share/gz:/opt/ros/jazzy/opt/gz_common_vendor/share/gz', 'GIT_ASKPASS': '/home/zhang/.vscode-server/bin/e4c7e7b1d6d060162f4aa7f8225271b67ce1df75/extensions/git/dist/askpass.sh', 'SHLVL': '2', 'LIBGL_ALWAYS_SOFTWARE': '0', 'LD_LIBRARY_PATH': '/opt/ros/jazzy/opt/gz_sim_vendor/lib:/opt/ros/jazzy/opt/gz_sensors_vendor/lib:/opt/ros/jazzy/opt/gz_physics_vendor/lib:/opt/ros/jazzy/opt/sdformat_vendor/lib:/opt/ros/jazzy/opt/rviz_ogre_vendor/lib:/opt/ros/jazzy/lib/x86_64-linux-gnu:/opt/ros/jazzy/opt/gz_gui_vendor/lib:/opt/ros/jazzy/opt/gz_transport_vendor/lib:/opt/ros/jazzy/opt/gz_rendering_vendor/lib:/opt/ros/jazzy/opt/gz_plugin_vendor/lib:/opt/ros/jazzy/opt/gz_fuel_tools_vendor/lib:/opt/ros/jazzy/opt/gz_msgs_vendor/lib:/opt/ros/jazzy/opt/gz_common_vendor/lib:/opt/ros/jazzy/opt/gz_math_vendor/lib:/opt/ros/jazzy/opt/gz_utils_vendor/lib:/opt/ros/jazzy/opt/gz_tools_vendor/lib:/opt/ros/jazzy/opt/gz_ogre_next_vendor/lib:/opt/ros/jazzy/opt/gz_dartsim_vendor/lib:/opt/ros/jazzy/opt/gz_cmake_vendor/lib:/opt/ros/jazzy/lib', 'HOME': '/home/zhang', 'TERM_PROGRAM_VERSION': '1.131.0', 'VSCODE_IPC_HOOK_CLI': '/run/user/1001/vscode-ipc-d537498f-331a-41d4-bf91-51cd2386a755.sock', 'ROS_PYTHON_VERSION': '3', 'VSCODE_GIT_ASKPASS_MAIN': '/home/zhang/.vscode-server/bin/e4c7e7b1d6d060162f4aa7f8225271b67ce1df75/extensions/git/dist/askpass-main.js', 'VSCODE_GIT_ASKPASS_NODE': '/home/zhang/.vscode-server/bin/e4c7e7b1d6d060162f4aa7f8225271b67ce1df75/node', 'VSCODE_PYTHON_AUTOACTIVATE_GUARD': '1', 'DBUS_SESSION_BUS_ADDRESS': 'unix:path=/run/user/1001/bus', 'COLORTERM': 'truecolor', 'WSL_DISTRO_NAME': 'Ubuntu', 'WAYLAND_DISPLAY': 'wayland-0', 'ROS_DISTRO': 'jazzy', 'LOGNAME': 'zhang', 'NAME': 'Code', 'WSL_INTEROP': '/run/WSL/6274_interop', 'PULSE_SERVER': 'unix:/mnt/wslg/PulseServer', '_': '/usr/bin/colcon', 'ROS_VERSION': '2', 'CLAUDE_CODE_SSE_PORT': '21165', 'TERM': 'xterm-256color', 'PATH': '/home/zhang/.vscode-server/data/User/globalStorage/github.copilot-chat/debugCommand:/home/zhang/.vscode-server/data/User/globalStorage/github.copilot-chat/copilotCli:/home/zhang/.vscode-server/bin/e4c7e7b1d6d060162f4aa7f8225271b67ce1df75/bin/remote-cli:/opt/ros/jazzy/opt/gz_msgs_vendor/bin:/opt/ros/jazzy/opt/gz_tools_vendor/bin:/opt/ros/jazzy/opt/gz_ogre_next_vendor/bin:/opt/ros/jazzy/bin:/usr/local/sbin:/usr/local/bin:/usr/sbin:/usr/bin:/sbin:/bin:/usr/games:/usr/local/games:/usr/lib/wsl/lib:/mnt/c/Program Files/PowerShell/7:/mnt/c/Users/Zhang/AppData/Roaming/Code/User/globalStorage/github.copilot-chat/debugCommand:/mnt/c/Users/Zhang/AppData/Roaming/Code/User/globalStorage/github.copilot-chat/copilotCli:/mnt/c/WINDOWS/system32:/mnt/c/WINDOWS:/mnt/c/WINDOWS/System32/Wbem:/mnt/c/WINDOWS/System32/WindowsPowerShell/v1.0/:/mnt/c/WINDOWS/System32/OpenSSH/:/mnt/c/Program Files/Git/cmd:/mnt/c/Program Files/MATLAB/R2025b/bin:/mnt/c/Program Files/dotnet/:/mnt/c/Program Files/PowerShell/7/:/mnt/c/Users/Zhang/AppData/Local/Programs/Python/Python314/Scripts/:/mnt/c/Users/Zhang/AppData/Local/Programs/Python/Python314/:/mnt/c/Users/Zhang/.local/bin:/mnt/c/Users/Zhang/AppData/Local/Microsoft/WindowsApps:/mnt/c/Users/Zhang/AppData/Local/Programs/Microsoft VS Code/bin:/mnt/c/Program Files/Processing/:/snap/bin', 'XDG_RUNTIME_DIR': '/run/user/1001', 'DISPLAY': ':0', 'LANG': 'en_US.UTF-8', 'LS_COLORS': 'rs=0:di=01;34:ln=01;36:mh=00:pi=40;33:so=01;35:do=01;35:bd=40;33;01:cd=40;33;01:or=40;31;01:mi=00:su=37;41:sg=30;43:ca=00:tw=30;42:ow=34;42:st=37;44:ex=01;32:*.tar=01;31:*.tgz=01;31:*.arc=01;31:*.arj=01;31:*.taz=01;31:*.lha=01;31:*.lz4=01;31:*.lzh=01;31:*.lzma=01;31:*.tlz=01;31:*.txz=01;31:*.tzo=01;31:*.t7z=01;31:*.zip=01;31:*.z=01;31:*.dz=01;31:*.gz=01;31:*.lrz=01;31:*.lz=01;31:*.lzo=01;31:*.xz=01;31:*.zst=01;31:*.tzst=01;31:*.bz2=01;31:*.bz=01;31:*.tbz=01;31:*.tbz2=01;31:*.tz=01;31:*.deb=01;31:*.rpm=01;31:*.jar=01;31:*.war=01;31:*.ear=01;31:*.sar=01;31:*.rar=01;31:*.alz=01;31:*.ace=01;31:*.zoo=01;31:*.cpio=01;31:*.7z=01;31:*.rz=01;31:*.cab=01;31:*.wim=01;31:*.swm=01;31:*.dwm=01;31:*.esd=01;31:*.avif=01;35:*.jpg=01;35:*.jpeg=01;35:*.mjpg=01;35:*.mjpeg=01;35:*.gif=01;35:*.bmp=01;35:*.pbm=01;35:*.pgm=01;35:*.ppm=01;35:*.tga=01;35:*.xbm=01;35:*.xpm=01;35:*.tif=01;35:*.tiff=01;35:*.png=01;35:*.svg=01;35:*.svgz=01;35:*.mng=01;35:*.pcx=01;35:*.mov=01;35:*.mpg=01;35:*.mpeg=01;35:*.m2v=01;35:*.mkv=01;35:*.webm=01;35:*.webp=01;35:*.ogm=01;35:*.mp4=01;35:*.m4v=01;35:*.mp4v=01;35:*.vob=01;35:*.qt=01;35:*.nuv=01;35:*.wmv=01;35:*.asf=01;35:*.rm=01;35:*.rmvb=01;35:*.flc=01;35:*.avi=01;35:*.fli=01;35:*.flv=01;35:*.gl=01;35:*.dl=01;35:*.xcf=01;35:*.xwd=01;35:*.yuv=01;35:*.cgm=01;35:*.emf=01;35:*.ogv=01;35:*.ogx=01;35:*.aac=00;36:*.au=00;36:*.flac=00;36:*.m4a=00;36:*.mid=00;36:*.midi=00;36:*.mka=00;36:*.mp3=00;36:*.mpc=00;36:*.ogg=00;36:*.ra=00;36:*.wav=00;36:*.oga=00;36:*.opus=00;36:*.spx=00;36:*.xspf=00;36:*~=00;90:*#=00;90:*.bak=00;90:*.crdownload=00;90:*.dpkg-dist=00;90:*.dpkg-new=00;90:*.dpkg-old=00;90:*.dpkg-tmp=00;90:*.old=00;90:*.orig=00;90:*.part=00;90:*.rej=00;90:*.rpmnew=00;90:*.rpmorig=00;90:*.rpmsave=00;90:*.swp=00;90:*.tmp=00;90:*.ucf-dist=00;90:*.ucf-new=00;90:*.ucf-old=00;90:', 'VSCODE_GIT_IPC_HANDLE': '/run/user/1001/vscode-git-82e1d75d12.sock', 'TERM_PROGRAM': 'vscode', 'AMENT_PREFIX_PATH': '/opt/ros/jazzy', 'SHELL': '/bin/bash', 'LESSCLOSE': '/usr/bin/lesspipe %s %s', 'GALLIUM_DRIVER': 'd3d12', 'ROS_AUTOMATIC_DISCOVERY_RANGE': 'SUBNET', 'VSCODE_GIT_ASKPASS_EXTRA_ARGS': '', 'PWD': '/home/zhang/rosprc_ws/build/examples_rclcpp_minimal_composition', 'TURTLEBOT3_MODEL': 'burger', 'COPILOT_DEBUG_NONCE': '503c6a609ad3c4b1656ae504fee63388', 'XDG_DATA_DIRS': '/usr/local/share:/usr/share:/var/lib/snapd/desktop', 'PYTHONPATH': '/opt/ros/jazzy/lib/python3.12/site-packages', 'COLCON': '1', 'WSL2_GUI_APPS_ENABLED': '1', 'HOSTTYPE': 'x86_64', 'CMAKE_PREFIX_PATH': '/opt/ros/jazzy/opt/gz_sim_vendor:/opt/ros/jazzy/opt/gz_sensors_vendor:/opt/ros/jazzy/opt/gz_physics_vendor:/opt/ros/jazzy/opt/sdformat_vendor:/opt/ros/jazzy/opt/gz_gui_vendor:/opt/ros/jazzy/opt/gz_transport_vendor:/opt/ros/jazzy/opt/gz_rendering_vendor:/opt/ros/jazzy/opt/gz_plugin_vendor:/opt/ros/jazzy/opt/gz_fuel_tools_vendor:/opt/ros/jazzy/opt/gz_msgs_vendor:/opt/ros/jazzy/opt/gz_common_vendor:/opt/ros/jazzy/opt/gz_math_vendor:/opt/ros/jazzy/opt/gz_utils_vendor:/opt/ros/jazzy/opt/gz_tools_vendor:/opt/ros/jazzy/opt/gz_ogre_next_vendor:/opt/ros/jazzy/opt/gz_dartsim_vendor:/opt/ros/jazzy/opt/gz_cmake_vendor:/opt/ros/jazzy', 'WSLENV': 'ELECTRON_RUN_AS_NODE/w:'}), 'shell': False}
[112.946461] (-) TimerEvent: {}
[113.047382] (-) TimerEvent: {}
[113.128942] (examples_rclcpp_minimal_composition) StdoutLine: {'line': b'[ 11%] \x1b[32mBuilding CXX object CMakeFiles/composition_nodes.dir/src/publisher_node.cpp.o\x1b[0m\n'}
[113.130758] (examples_rclcpp_minimal_composition) StdoutLine: {'line': b'[ 22%] \x1b[32mBuilding CXX object CMakeFiles/composition_nodes.dir/src/subscriber_node.cpp.o\x1b[0m\n'}
[113.148008] (-) TimerEvent: {}
[113.248992] (-) TimerEvent: {}
[113.349527] (-) TimerEvent: {}
[113.450048] (-) TimerEvent: {}
[113.550862] (-) TimerEvent: {}
[113.651427] (-) TimerEvent: {}
[113.752225] (-) TimerEvent: {}
[113.853031] (-) TimerEvent: {}
[113.953738] (-) TimerEvent: {}
[114.054341] (-) TimerEvent: {}
[114.154928] (-) TimerEvent: {}
[114.255380] (-) TimerEvent: {}
[114.355821] (-) TimerEvent: {}
[114.456260] (-) TimerEvent: {}
[114.556803] (-) TimerEvent: {}
[114.657239] (-) TimerEvent: {}
[114.757871] (-) TimerEvent: {}
[114.858714] (-) TimerEvent: {}
[114.959969] (-) TimerEvent: {}
[115.060467] (-) TimerEvent: {}
[115.161221] (-) TimerEvent: {}
[115.261728] (-) TimerEvent: {}
[115.362355] (-) TimerEvent: {}
[115.462820] (-) TimerEvent: {}
[115.563615] (-) TimerEvent: {}
[115.664761] (-) TimerEvent: {}
[115.765582] (-) TimerEvent: {}
[115.866466] (-) TimerEvent: {}
[115.966936] (-) TimerEvent: {}
[116.067450] (-) TimerEvent: {}
[116.167991] (-) TimerEvent: {}
[116.268879] (-) TimerEvent: {}
[116.370183] (-) TimerEvent: {}
[116.470774] (-) TimerEvent: {}
[116.571310] (-) TimerEvent: {}
[116.672210] (-) TimerEvent: {}
[116.773534] (-) TimerEvent: {}
[116.874355] (-) TimerEvent: {}
[116.974885] (-) TimerEvent: {}
[117.075363] (-) TimerEvent: {}
[117.175952] (-) TimerEvent: {}
[117.276696] (-) TimerEvent: {}
[117.377199] (-) TimerEvent: {}
[117.477684] (-) TimerEvent: {}
[117.578293] (-) TimerEvent: {}
[117.678737] (-) TimerEvent: {}
[117.779227] (-) TimerEvent: {}
[117.879748] (-) TimerEvent: {}
[117.980358] (-) TimerEvent: {}
[118.081025] (-) TimerEvent: {}
[118.181583] (-) TimerEvent: {}
[118.282480] (-) TimerEvent: {}
[118.383122] (-) TimerEvent: {}
[118.483703] (-) TimerEvent: {}
[118.584609] (-) TimerEvent: {}
[118.685288] (-) TimerEvent: {}
[118.785917] (-) TimerEvent: {}
[118.886635] (-) TimerEvent: {}
[118.987407] (-) TimerEvent: {}
[119.088110] (-) TimerEvent: {}
[119.188659] (-) TimerEvent: {}
[119.289289] (-) TimerEvent: {}
[119.389843] (-) TimerEvent: {}
[119.490566] (-) TimerEvent: {}
[119.591151] (-) TimerEvent: {}
[119.691791] (-) TimerEvent: {}
[119.792624] (-) TimerEvent: {}
[119.893134] (-) TimerEvent: {}
[119.993605] (-) TimerEvent: {}
[120.094194] (-) TimerEvent: {}
[120.194852] (-) TimerEvent: {}
[120.295300] (-) TimerEvent: {}
[120.395865] (-) TimerEvent: {}
[120.496291] (-) TimerEvent: {}
[120.596960] (-) TimerEvent: {}
[120.697563] (-) TimerEvent: {}
[120.798047] (-) TimerEvent: {}
[120.898681] (-) TimerEvent: {}
[120.999234] (-) TimerEvent: {}
[121.099992] (-) TimerEvent: {}
[121.200733] (-) TimerEvent: {}
[121.301257] (-) TimerEvent: {}
[121.401872] (-) TimerEvent: {}
[121.502533] (-) TimerEvent: {}
[121.602943] (-) TimerEvent: {}
[121.703465] (-) TimerEvent: {}
[121.804063] (-) TimerEvent: {}
[121.904814] (-) TimerEvent: {}
[122.005317] (-) TimerEvent: {}
[122.105780] (-) TimerEvent: {}
[122.206454] (-) TimerEvent: {}
[122.307111] (-) TimerEvent: {}
[122.407841] (-) TimerEvent: {}
[122.508614] (-) TimerEvent: {}
[122.609345] (-) TimerEvent: {}
[122.709945] (-) TimerEvent: {}
[122.810400] (-) TimerEvent: {}
[122.910866] (-) TimerEvent: {}
[123.011437] (-) TimerEvent: {}
[123.111989] (-) TimerEvent: {}
[123.212602] (-) TimerEvent: {}
[123.313212] (-) TimerEvent: {}
[123.414098] (-) TimerEvent: {}
[123.515109] (-) TimerEvent: {}
[123.616695] (-) TimerEvent: {}
[123.717861] (-) TimerEvent: {}
[123.819297] (-) TimerEvent: {}
[123.919945] (-) TimerEvent: {}
[124.020441] (-) TimerEvent: {}
[124.120922] (-) TimerEvent: {}
[124.221696] (-) TimerEvent: {}
[124.322339] (-) TimerEvent: {}
[124.422962] (-) TimerEvent: {}
[124.523429] (-) TimerEvent: {}
[124.624101] (-) TimerEvent: {}
[124.724774] (-) TimerEvent: {}
[124.825749] (-) TimerEvent: {}
[124.926660] (-) TimerEvent: {}
[125.027283] (-) TimerEvent: {}
[125.128143] (-) TimerEvent: {}
[125.228756] (-) TimerEvent: {}
[125.329592] (-) TimerEvent: {}
[125.430166] (-) TimerEvent: {}
[125.530670] (-) TimerEvent: {}
[125.631320] (-) TimerEvent: {}
[125.732394] (-) TimerEvent: {}
[125.833276] (-) TimerEvent: {}
[125.934086] (-) TimerEvent: {}
[126.034645] (-) TimerEvent: {}
[126.135153] (-) TimerEvent: {}
[126.235958] (-) TimerEvent: {}
[126.336697] (-) TimerEvent: {}
[126.437376] (-) TimerEvent: {}
[126.537898] (-) TimerEvent: {}
[126.638706] (-) TimerEvent: {}
[126.739969] (-) TimerEvent: {}
[126.840611] (-) TimerEvent: {}
[126.941178] (-) TimerEvent: {}
[127.041555] (-) TimerEvent: {}
[127.142126] (-) TimerEvent: {}
[127.242786] (-) TimerEvent: {}
[127.343404] (-) TimerEvent: {}
[127.444034] (-) TimerEvent: {}
[127.544798] (-) TimerEvent: {}
[127.645516] (-) TimerEvent: {}
[127.746026] (-) TimerEvent: {}
[127.764736] (examples_rclcpp_minimal_composition) StdoutLine: {'line': b'[ 33%] \x1b[32m\x1b[1mLinking CXX shared library libcomposition_nodes.so\x1b[0m\n'}
[127.846568] (-) TimerEvent: {}
[127.947487] (-) TimerEvent: {}
[128.048824] (-) TimerEvent: {}
[128.149716] (-) TimerEvent: {}
[128.250686] (-) TimerEvent: {}
[128.351881] (-) TimerEvent: {}
[128.452951] (-) TimerEvent: {}
[128.554113] (-) TimerEvent: {}
[128.654804] (-) TimerEvent: {}
[128.755896] (-) TimerEvent: {}
[128.856944] (-) TimerEvent: {}
[128.957981] (-) TimerEvent: {}
[129.058990] (-) TimerEvent: {}
[129.160011] (-) TimerEvent: {}
[129.173185] (examples_rclcpp_minimal_composition) StdoutLine: {'line': b'[ 33%] Built target composition_nodes\n'}
[129.222649] (examples_rclcpp_minimal_composition) StdoutLine: {'line': b'[ 66%] \x1b[32mBuilding CXX object CMakeFiles/composition_composed.dir/src/composed.cpp.o\x1b[0m\n'}
[129.223399] (examples_rclcpp_minimal_composition) StdoutLine: {'line': b'[ 66%] \x1b[32mBuilding CXX object CMakeFiles/composition_subscriber.dir/src/standalone_subscriber.cpp.o\x1b[0m\n'}
[129.223848] (examples_rclcpp_minimal_composition) StdoutLine: {'line': b'[ 66%] \x1b[32mBuilding CXX object CMakeFiles/composition_publisher.dir/src/standalone_publisher.cpp.o\x1b[0m\n'}
[129.260306] (-) TimerEvent: {}
[129.361176] (-) TimerEvent: {}
[129.461886] (-) TimerEvent: {}
[129.562399] (-) TimerEvent: {}
[129.663122] (-) TimerEvent: {}
[129.763652] (-) TimerEvent: {}
[129.864171] (-) TimerEvent: {}
[129.964774] (-) TimerEvent: {}
[130.065506] (-) TimerEvent: {}
[130.166205] (-) TimerEvent: {}
[130.267173] (-) TimerEvent: {}
[130.368851] (-) TimerEvent: {}
[130.470243] (-) TimerEvent: {}
[130.572236] (-) TimerEvent: {}
[130.673531] (-) TimerEvent: {}
[130.775613] (-) TimerEvent: {}
[130.876612] (-) TimerEvent: {}
[130.978866] (-) TimerEvent: {}
[131.081043] (-) TimerEvent: {}
[131.183071] (-) TimerEvent: {}
[131.285210] (-) TimerEvent: {}
[131.387305] (-) TimerEvent: {}
[131.488980] (-) TimerEvent: {}
[131.590597] (-) TimerEvent: {}
[131.692333] (-) TimerEvent: {}
[131.793806] (-) TimerEvent: {}
[131.896196] (-) TimerEvent: {}
[131.998600] (-) TimerEvent: {}
[132.100931] (-) TimerEvent: {}
[132.203552] (-) TimerEvent: {}
[132.306594] (-) TimerEvent: {}
[132.408969] (-) TimerEvent: {}
[132.510983] (-) TimerEvent: {}
[132.613199] (-) TimerEvent: {}
[132.715166] (-) TimerEvent: {}
[132.816672] (-) TimerEvent: {}
[132.918305] (-) TimerEvent: {}
[133.020431] (-) TimerEvent: {}
[133.122459] (-) TimerEvent: {}
[133.224541] (-) TimerEvent: {}
[133.326516] (-) TimerEvent: {}
[133.428712] (-) TimerEvent: {}
[133.529513] (-) TimerEvent: {}
[133.632018] (-) TimerEvent: {}
[133.734377] (-) TimerEvent: {}
[133.836275] (-) TimerEvent: {}
[133.936852] (-) TimerEvent: {}
[134.038807] (-) TimerEvent: {}
[134.140559] (-) TimerEvent: {}
[134.242349] (-) TimerEvent: {}
[134.344239] (-) TimerEvent: {}
[134.446038] (-) TimerEvent: {}
[134.546513] (-) TimerEvent: {}
[134.648042] (-) TimerEvent: {}
[134.748885] (-) TimerEvent: {}
[134.849552] (-) TimerEvent: {}
[134.950453] (-) TimerEvent: {}
[135.051446] (-) TimerEvent: {}
[135.152940] (-) TimerEvent: {}
[135.209725] (examples_rclcpp_minimal_composition) StdoutLine: {'line': b'[ 77%] \x1b[32m\x1b[1mLinking CXX executable composition_publisher\x1b[0m\n'}
[135.253715] (-) TimerEvent: {}
[135.354341] (-) TimerEvent: {}
[135.355054] (examples_rclcpp_minimal_composition) StdoutLine: {'line': b'[ 88%] \x1b[32m\x1b[1mLinking CXX executable composition_subscriber\x1b[0m\n'}
[135.454942] (-) TimerEvent: {}
[135.555976] (-) TimerEvent: {}
[135.600055] (examples_rclcpp_minimal_composition) StdoutLine: {'line': b'[100%] \x1b[32m\x1b[1mLinking CXX executable composition_composed\x1b[0m\n'}
[135.656321] (-) TimerEvent: {}
[135.757832] (-) TimerEvent: {}
[135.859194] (-) TimerEvent: {}
[135.960096] (-) TimerEvent: {}
[136.061322] (-) TimerEvent: {}
[136.143696] (examples_rclcpp_minimal_composition) StdoutLine: {'line': b'[100%] Built target composition_publisher\n'}
[136.161753] (-) TimerEvent: {}
[136.163888] (examples_rclcpp_minimal_composition) StdoutLine: {'line': b'[100%] Built target composition_subscriber\n'}
[136.262735] (-) TimerEvent: {}
[136.308144] (examples_rclcpp_minimal_composition) StdoutLine: {'line': b'[100%] Built target composition_composed\n'}
[136.333067] (examples_rclcpp_minimal_composition) CommandEnded: {'returncode': 0}
[136.338148] (examples_rclcpp_minimal_composition) JobProgress: {'identifier': 'examples_rclcpp_minimal_composition', 'progress': 'install'}
[136.340294] (examples_rclcpp_minimal_composition) Command: {'cmd': ['/usr/bin/cmake', '--install', '/home/zhang/rosprc_ws/build/examples_rclcpp_minimal_composition'], 'cwd': '/home/zhang/rosprc_ws/build/examples_rclcpp_minimal_composition', 'env': OrderedDict({'LESSOPEN': '| /usr/bin/lesspipe %s', 'GZ_SIM_RESOURCE_PATH': '/opt/ros/jazzy/share', 'USER': 'zhang', 'GZ_CONFIG_PATH': '/opt/ros/jazzy/opt/gz_sim_vendor/share/gz:/opt/ros/jazzy/opt/sdformat_vendor/share/gz:/opt/ros/jazzy/opt/gz_gui_vendor/share/gz:/opt/ros/jazzy/opt/gz_transport_vendor/share/gz:/opt/ros/jazzy/opt/gz_rendering_vendor/share/gz:/opt/ros/jazzy/opt/gz_plugin_vendor/share/gz:/opt/ros/jazzy/opt/gz_fuel_tools_vendor/share/gz:/opt/ros/jazzy/opt/gz_msgs_vendor/share/gz:/opt/ros/jazzy/opt/gz_common_vendor/share/gz', 'GIT_ASKPASS': '/home/zhang/.vscode-server/bin/e4c7e7b1d6d060162f4aa7f8225271b67ce1df75/extensions/git/dist/askpass.sh', 'SHLVL': '2', 'LIBGL_ALWAYS_SOFTWARE': '0', 'LD_LIBRARY_PATH': '/opt/ros/jazzy/opt/gz_sim_vendor/lib:/opt/ros/jazzy/opt/gz_sensors_vendor/lib:/opt/ros/jazzy/opt/gz_physics_vendor/lib:/opt/ros/jazzy/opt/sdformat_vendor/lib:/opt/ros/jazzy/opt/rviz_ogre_vendor/lib:/opt/ros/jazzy/lib/x86_64-linux-gnu:/opt/ros/jazzy/opt/gz_gui_vendor/lib:/opt/ros/jazzy/opt/gz_transport_vendor/lib:/opt/ros/jazzy/opt/gz_rendering_vendor/lib:/opt/ros/jazzy/opt/gz_plugin_vendor/lib:/opt/ros/jazzy/opt/gz_fuel_tools_vendor/lib:/opt/ros/jazzy/opt/gz_msgs_vendor/lib:/opt/ros/jazzy/opt/gz_common_vendor/lib:/opt/ros/jazzy/opt/gz_math_vendor/lib:/opt/ros/jazzy/opt/gz_utils_vendor/lib:/opt/ros/jazzy/opt/gz_tools_vendor/lib:/opt/ros/jazzy/opt/gz_ogre_next_vendor/lib:/opt/ros/jazzy/opt/gz_dartsim_vendor/lib:/opt/ros/jazzy/opt/gz_cmake_vendor/lib:/opt/ros/jazzy/lib', 'HOME': '/home/zhang', 'TERM_PROGRAM_VERSION': '1.131.0', 'VSCODE_IPC_HOOK_CLI': '/run/user/1001/vscode-ipc-d537498f-331a-41d4-bf91-51cd2386a755.sock', 'ROS_PYTHON_VERSION': '3', 'VSCODE_GIT_ASKPASS_MAIN': '/home/zhang/.vscode-server/bin/e4c7e7b1d6d060162f4aa7f8225271b67ce1df75/extensions/git/dist/askpass-main.js', 'VSCODE_GIT_ASKPASS_NODE': '/home/zhang/.vscode-server/bin/e4c7e7b1d6d060162f4aa7f8225271b67ce1df75/node', 'VSCODE_PYTHON_AUTOACTIVATE_GUARD': '1', 'DBUS_SESSION_BUS_ADDRESS': 'unix:path=/run/user/1001/bus', 'COLORTERM': 'truecolor', 'WSL_DISTRO_NAME': 'Ubuntu', 'WAYLAND_DISPLAY': 'wayland-0', 'ROS_DISTRO': 'jazzy', 'LOGNAME': 'zhang', 'NAME': 'Code', 'WSL_INTEROP': '/run/WSL/6274_interop', 'PULSE_SERVER': 'unix:/mnt/wslg/PulseServer', '_': '/usr/bin/colcon', 'ROS_VERSION': '2', 'CLAUDE_CODE_SSE_PORT': '21165', 'TERM': 'xterm-256color', 'PATH': '/home/zhang/.vscode-server/data/User/globalStorage/github.copilot-chat/debugCommand:/home/zhang/.vscode-server/data/User/globalStorage/github.copilot-chat/copilotCli:/home/zhang/.vscode-server/bin/e4c7e7b1d6d060162f4aa7f8225271b67ce1df75/bin/remote-cli:/opt/ros/jazzy/opt/gz_msgs_vendor/bin:/opt/ros/jazzy/opt/gz_tools_vendor/bin:/opt/ros/jazzy/opt/gz_ogre_next_vendor/bin:/opt/ros/jazzy/bin:/usr/local/sbin:/usr/local/bin:/usr/sbin:/usr/bin:/sbin:/bin:/usr/games:/usr/local/games:/usr/lib/wsl/lib:/mnt/c/Program Files/PowerShell/7:/mnt/c/Users/Zhang/AppData/Roaming/Code/User/globalStorage/github.copilot-chat/debugCommand:/mnt/c/Users/Zhang/AppData/Roaming/Code/User/globalStorage/github.copilot-chat/copilotCli:/mnt/c/WINDOWS/system32:/mnt/c/WINDOWS:/mnt/c/WINDOWS/System32/Wbem:/mnt/c/WINDOWS/System32/WindowsPowerShell/v1.0/:/mnt/c/WINDOWS/System32/OpenSSH/:/mnt/c/Program Files/Git/cmd:/mnt/c/Program Files/MATLAB/R2025b/bin:/mnt/c/Program Files/dotnet/:/mnt/c/Program Files/PowerShell/7/:/mnt/c/Users/Zhang/AppData/Local/Programs/Python/Python314/Scripts/:/mnt/c/Users/Zhang/AppData/Local/Programs/Python/Python314/:/mnt/c/Users/Zhang/.local/bin:/mnt/c/Users/Zhang/AppData/Local/Microsoft/WindowsApps:/mnt/c/Users/Zhang/AppData/Local/Programs/Microsoft VS Code/bin:/mnt/c/Program Files/Processing/:/snap/bin', 'XDG_RUNTIME_DIR': '/run/user/1001', 'DISPLAY': ':0', 'LANG': 'en_US.UTF-8', 'LS_COLORS': 'rs=0:di=01;34:ln=01;36:mh=00:pi=40;33:so=01;35:do=01;35:bd=40;33;01:cd=40;33;01:or=40;31;01:mi=00:su=37;41:sg=30;43:ca=00:tw=30;42:ow=34;42:st=37;44:ex=01;32:*.tar=01;31:*.tgz=01;31:*.arc=01;31:*.arj=01;31:*.taz=01;31:*.lha=01;31:*.lz4=01;31:*.lzh=01;31:*.lzma=01;31:*.tlz=01;31:*.txz=01;31:*.tzo=01;31:*.t7z=01;31:*.zip=01;31:*.z=01;31:*.dz=01;31:*.gz=01;31:*.lrz=01;31:*.lz=01;31:*.lzo=01;31:*.xz=01;31:*.zst=01;31:*.tzst=01;31:*.bz2=01;31:*.bz=01;31:*.tbz=01;31:*.tbz2=01;31:*.tz=01;31:*.deb=01;31:*.rpm=01;31:*.jar=01;31:*.war=01;31:*.ear=01;31:*.sar=01;31:*.rar=01;31:*.alz=01;31:*.ace=01;31:*.zoo=01;31:*.cpio=01;31:*.7z=01;31:*.rz=01;31:*.cab=01;31:*.wim=01;31:*.swm=01;31:*.dwm=01;31:*.esd=01;31:*.avif=01;35:*.jpg=01;35:*.jpeg=01;35:*.mjpg=01;35:*.mjpeg=01;35:*.gif=01;35:*.bmp=01;35:*.pbm=01;35:*.pgm=01;35:*.ppm=01;35:*.tga=01;35:*.xbm=01;35:*.xpm=01;35:*.tif=01;35:*.tiff=01;35:*.png=01;35:*.svg=01;35:*.svgz=01;35:*.mng=01;35:*.pcx=01;35:*.mov=01;35:*.mpg=01;35:*.mpeg=01;35:*.m2v=01;35:*.mkv=01;35:*.webm=01;35:*.webp=01;35:*.ogm=01;35:*.mp4=01;35:*.m4v=01;35:*.mp4v=01;35:*.vob=01;35:*.qt=01;35:*.nuv=01;35:*.wmv=01;35:*.asf=01;35:*.rm=01;35:*.rmvb=01;35:*.flc=01;35:*.avi=01;35:*.fli=01;35:*.flv=01;35:*.gl=01;35:*.dl=01;35:*.xcf=01;35:*.xwd=01;35:*.yuv=01;35:*.cgm=01;35:*.emf=01;35:*.ogv=01;35:*.ogx=01;35:*.aac=00;36:*.au=00;36:*.flac=00;36:*.m4a=00;36:*.mid=00;36:*.midi=00;36:*.mka=00;36:*.mp3=00;36:*.mpc=00;36:*.ogg=00;36:*.ra=00;36:*.wav=00;36:*.oga=00;36:*.opus=00;36:*.spx=00;36:*.xspf=00;36:*~=00;90:*#=00;90:*.bak=00;90:*.crdownload=00;90:*.dpkg-dist=00;90:*.dpkg-new=00;90:*.dpkg-old=00;90:*.dpkg-tmp=00;90:*.old=00;90:*.orig=00;90:*.part=00;90:*.rej=00;90:*.rpmnew=00;90:*.rpmorig=00;90:*.rpmsave=00;90:*.swp=00;90:*.tmp=00;90:*.ucf-dist=00;90:*.ucf-new=00;90:*.ucf-old=00;90:', 'VSCODE_GIT_IPC_HANDLE': '/run/user/1001/vscode-git-82e1d75d12.sock', 'TERM_PROGRAM': 'vscode', 'AMENT_PREFIX_PATH': '/opt/ros/jazzy', 'SHELL': '/bin/bash', 'LESSCLOSE': '/usr/bin/lesspipe %s %s', 'GALLIUM_DRIVER': 'd3d12', 'ROS_AUTOMATIC_DISCOVERY_RANGE': 'SUBNET', 'VSCODE_GIT_ASKPASS_EXTRA_ARGS': '', 'PWD': '/home/zhang/rosprc_ws/build/examples_rclcpp_minimal_composition', 'TURTLEBOT3_MODEL': 'burger', 'COPILOT_DEBUG_NONCE': '503c6a609ad3c4b1656ae504fee63388', 'XDG_DATA_DIRS': '/usr/local/share:/usr/share:/var/lib/snapd/desktop', 'PYTHONPATH': '/opt/ros/jazzy/lib/python3.12/site-packages', 'COLCON': '1', 'WSL2_GUI_APPS_ENABLED': '1', 'HOSTTYPE': 'x86_64', 'CMAKE_PREFIX_PATH': '/opt/ros/jazzy/opt/gz_sim_vendor:/opt/ros/jazzy/opt/gz_sensors_vendor:/opt/ros/jazzy/opt/gz_physics_vendor:/opt/ros/jazzy/opt/sdformat_vendor:/opt/ros/jazzy/opt/gz_gui_vendor:/opt/ros/jazzy/opt/gz_transport_vendor:/opt/ros/jazzy/opt/gz_rendering_vendor:/opt/ros/jazzy/opt/gz_plugin_vendor:/opt/ros/jazzy/opt/gz_fuel_tools_vendor:/opt/ros/jazzy/opt/gz_msgs_vendor:/opt/ros/jazzy/opt/gz_common_vendor:/opt/ros/jazzy/opt/gz_math_vendor:/opt/ros/jazzy/opt/gz_utils_vendor:/opt/ros/jazzy/opt/gz_tools_vendor:/opt/ros/jazzy/opt/gz_ogre_next_vendor:/opt/ros/jazzy/opt/gz_dartsim_vendor:/opt/ros/jazzy/opt/gz_cmake_vendor:/opt/ros/jazzy', 'WSLENV': 'ELECTRON_RUN_AS_NODE/w:'}), 'shell': False}
[136.359713] (examples_rclcpp_minimal_composition) StdoutLine: {'line': b'-- Install configuration: ""\n'}
[136.360923] (examples_rclcpp_minimal_composition) StdoutLine: {'line': b'-- Execute custom install script\n'}
[136.361950] (examples_rclcpp_minimal_composition) StdoutLine: {'line': b'-- Symlinking: /home/zhang/rosprc_ws/install/examples_rclcpp_minimal_composition/share/examples_rclcpp_minimal_composition/environment/library_path.sh\n'}
[136.363098] (-) TimerEvent: {}
[136.389718] (examples_rclcpp_minimal_composition) StdoutLine: {'line': b'-- Symlinking: /home/zhang/rosprc_ws/install/examples_rclcpp_minimal_composition/share/examples_rclcpp_minimal_composition/environment/library_path.dsv\n'}
[136.418499] (examples_rclcpp_minimal_composition) StdoutLine: {'line': b'-- Symlinking: /home/zhang/rosprc_ws/install/examples_rclcpp_minimal_composition/lib/libcomposition_nodes.so\n'}
[136.448078] (examples_rclcpp_minimal_composition) StdoutLine: {'line': b'-- Symlinking: /home/zhang/rosprc_ws/install/examples_rclcpp_minimal_composition/lib/examples_rclcpp_minimal_composition/composition_publisher\n'}
[136.463489] (-) TimerEvent: {}
[136.468776] (examples_rclcpp_minimal_composition) StdoutLine: {'line': b'-- Symlinking: /home/zhang/rosprc_ws/install/examples_rclcpp_minimal_composition/lib/examples_rclcpp_minimal_composition/composition_subscriber\n'}
[136.494517] (examples_rclcpp_minimal_composition) StdoutLine: {'line': b'-- Symlinking: /home/zhang/rosprc_ws/install/examples_rclcpp_minimal_composition/lib/examples_rclcpp_minimal_composition/composition_composed\n'}
[136.518558] (examples_rclcpp_minimal_composition) StdoutLine: {'line': b'-- Symlinking: /home/zhang/rosprc_ws/install/examples_rclcpp_minimal_composition/share/ament_index/resource_index/package_run_dependencies/examples_rclcpp_minimal_composition\n'}
[136.545307] (examples_rclcpp_minimal_composition) StdoutLine: {'line': b'-- Symlinking: /home/zhang/rosprc_ws/install/examples_rclcpp_minimal_composition/share/ament_index/resource_index/parent_prefix_path/examples_rclcpp_minimal_composition\n'}
[136.564007] (-) TimerEvent: {}
[136.569879] (examples_rclcpp_minimal_composition) StdoutLine: {'line': b'-- Symlinking: /home/zhang/rosprc_ws/install/examples_rclcpp_minimal_composition/share/examples_rclcpp_minimal_composition/environment/ament_prefix_path.sh\n'}
[136.598251] (examples_rclcpp_minimal_composition) StdoutLine: {'line': b'-- Symlinking: /home/zhang/rosprc_ws/install/examples_rclcpp_minimal_composition/share/examples_rclcpp_minimal_composition/environment/ament_prefix_path.dsv\n'}
[136.623414] (examples_rclcpp_minimal_composition) StdoutLine: {'line': b'-- Symlinking: /home/zhang/rosprc_ws/install/examples_rclcpp_minimal_composition/share/examples_rclcpp_minimal_composition/environment/path.sh\n'}
[136.647232] (examples_rclcpp_minimal_composition) StdoutLine: {'line': b'-- Symlinking: /home/zhang/rosprc_ws/install/examples_rclcpp_minimal_composition/share/examples_rclcpp_minimal_composition/environment/path.dsv\n'}
[136.664594] (-) TimerEvent: {}
[136.672751] (examples_rclcpp_minimal_composition) StdoutLine: {'line': b'-- Symlinking: /home/zhang/rosprc_ws/install/examples_rclcpp_minimal_composition/share/examples_rclcpp_minimal_composition/local_setup.bash\n'}
[136.701329] (examples_rclcpp_minimal_composition) StdoutLine: {'line': b'-- Symlinking: /home/zhang/rosprc_ws/install/examples_rclcpp_minimal_composition/share/examples_rclcpp_minimal_composition/local_setup.sh\n'}
[136.726081] (examples_rclcpp_minimal_composition) StdoutLine: {'line': b'-- Symlinking: /home/zhang/rosprc_ws/install/examples_rclcpp_minimal_composition/share/examples_rclcpp_minimal_composition/local_setup.zsh\n'}
[136.747471] (examples_rclcpp_minimal_composition) StdoutLine: {'line': b'-- Symlinking: /home/zhang/rosprc_ws/install/examples_rclcpp_minimal_composition/share/examples_rclcpp_minimal_composition/local_setup.dsv\n'}
[136.764873] (-) TimerEvent: {}
[136.767942] (examples_rclcpp_minimal_composition) StdoutLine: {'line': b'-- Symlinking: /home/zhang/rosprc_ws/install/examples_rclcpp_minimal_composition/share/examples_rclcpp_minimal_composition/package.dsv\n'}
[136.791317] (examples_rclcpp_minimal_composition) StdoutLine: {'line': b'-- Symlinking: /home/zhang/rosprc_ws/install/examples_rclcpp_minimal_composition/share/ament_index/resource_index/packages/examples_rclcpp_minimal_composition\n'}
[136.813525] (examples_rclcpp_minimal_composition) StdoutLine: {'line': b'-- Symlinking: /home/zhang/rosprc_ws/install/examples_rclcpp_minimal_composition/share/examples_rclcpp_minimal_composition/cmake/examples_rclcpp_minimal_compositionConfig.cmake\n'}
[136.838061] (examples_rclcpp_minimal_composition) StdoutLine: {'line': b'-- Symlinking: /home/zhang/rosprc_ws/install/examples_rclcpp_minimal_composition/share/examples_rclcpp_minimal_composition/cmake/examples_rclcpp_minimal_compositionConfig-version.cmake\n'}
[136.857863] (examples_rclcpp_minimal_composition) StdoutLine: {'line': b'-- Symlinking: /home/zhang/rosprc_ws/install/examples_rclcpp_minimal_composition/share/examples_rclcpp_minimal_composition/package.xml\n'}
[136.865368] (-) TimerEvent: {}
[136.893228] (examples_rclcpp_minimal_composition) CommandEnded: {'returncode': 0}
[136.945386] (examples_rclcpp_minimal_composition) JobEnded: {'identifier': 'examples_rclcpp_minimal_composition', 'rc': 0}
[136.949000] (examples_rclcpp_minimal_publisher) JobStarted: {'identifier': 'examples_rclcpp_minimal_publisher'}
[136.958165] (examples_rclcpp_minimal_publisher) JobProgress: {'identifier': 'examples_rclcpp_minimal_publisher', 'progress': 'cmake'}
[136.963141] (examples_rclcpp_minimal_publisher) JobProgress: {'identifier': 'examples_rclcpp_minimal_publisher', 'progress': 'build'}
[136.965326] (examples_rclcpp_minimal_publisher) Command: {'cmd': ['/usr/bin/cmake', '--build', '/home/zhang/rosprc_ws/build/examples_rclcpp_minimal_publisher', '--', '-j20', '-l20'], 'cwd': '/home/zhang/rosprc_ws/build/examples_rclcpp_minimal_publisher', 'env': OrderedDict({'LESSOPEN': '| /usr/bin/lesspipe %s', 'GZ_SIM_RESOURCE_PATH': '/opt/ros/jazzy/share', 'USER': 'zhang', 'GZ_CONFIG_PATH': '/opt/ros/jazzy/opt/gz_sim_vendor/share/gz:/opt/ros/jazzy/opt/sdformat_vendor/share/gz:/opt/ros/jazzy/opt/gz_gui_vendor/share/gz:/opt/ros/jazzy/opt/gz_transport_vendor/share/gz:/opt/ros/jazzy/opt/gz_rendering_vendor/share/gz:/opt/ros/jazzy/opt/gz_plugin_vendor/share/gz:/opt/ros/jazzy/opt/gz_fuel_tools_vendor/share/gz:/opt/ros/jazzy/opt/gz_msgs_vendor/share/gz:/opt/ros/jazzy/opt/gz_common_vendor/share/gz', 'GIT_ASKPASS': '/home/zhang/.vscode-server/bin/e4c7e7b1d6d060162f4aa7f8225271b67ce1df75/extensions/git/dist/askpass.sh', 'SHLVL': '2', 'LIBGL_ALWAYS_SOFTWARE': '0', 'LD_LIBRARY_PATH': '/opt/ros/jazzy/opt/gz_sim_vendor/lib:/opt/ros/jazzy/opt/gz_sensors_vendor/lib:/opt/ros/jazzy/opt/gz_physics_vendor/lib:/opt/ros/jazzy/opt/sdformat_vendor/lib:/opt/ros/jazzy/opt/rviz_ogre_vendor/lib:/opt/ros/jazzy/lib/x86_64-linux-gnu:/opt/ros/jazzy/opt/gz_gui_vendor/lib:/opt/ros/jazzy/opt/gz_transport_vendor/lib:/opt/ros/jazzy/opt/gz_rendering_vendor/lib:/opt/ros/jazzy/opt/gz_plugin_vendor/lib:/opt/ros/jazzy/opt/gz_fuel_tools_vendor/lib:/opt/ros/jazzy/opt/gz_msgs_vendor/lib:/opt/ros/jazzy/opt/gz_common_vendor/lib:/opt/ros/jazzy/opt/gz_math_vendor/lib:/opt/ros/jazzy/opt/gz_utils_vendor/lib:/opt/ros/jazzy/opt/gz_tools_vendor/lib:/opt/ros/jazzy/opt/gz_ogre_next_vendor/lib:/opt/ros/jazzy/opt/gz_dartsim_vendor/lib:/opt/ros/jazzy/opt/gz_cmake_vendor/lib:/opt/ros/jazzy/lib', 'HOME': '/home/zhang', 'TERM_PROGRAM_VERSION': '1.131.0', 'VSCODE_IPC_HOOK_CLI': '/run/user/1001/vscode-ipc-d537498f-331a-41d4-bf91-51cd2386a755.sock', 'ROS_PYTHON_VERSION': '3', 'VSCODE_GIT_ASKPASS_MAIN': '/home/zhang/.vscode-server/bin/e4c7e7b1d6d060162f4aa7f8225271b67ce1df75/extensions/git/dist/askpass-main.js', 'VSCODE_GIT_ASKPASS_NODE': '/home/zhang/.vscode-server/bin/e4c7e7b1d6d060162f4aa7f8225271b67ce1df75/node', 'VSCODE_PYTHON_AUTOACTIVATE_GUARD': '1', 'DBUS_SESSION_BUS_ADDRESS': 'unix:path=/run/user/1001/bus', 'COLORTERM': 'truecolor', 'WSL_DISTRO_NAME': 'Ubuntu', 'WAYLAND_DISPLAY': 'wayland-0', 'ROS_DISTRO': 'jazzy', 'LOGNAME': 'zhang', 'NAME': 'Code', 'WSL_INTEROP': '/run/WSL/6274_interop', 'PULSE_SERVER': 'unix:/mnt/wslg/PulseServer', '_': '/usr/bin/colcon', 'ROS_VERSION': '2', 'CLAUDE_CODE_SSE_PORT': '21165', 'TERM': 'xterm-256color', 'PATH': '/home/zhang/.vscode-server/data/User/globalStorage/github.copilot-chat/debugCommand:/home/zhang/.vscode-server/data/User/globalStorage/github.copilot-chat/copilotCli:/home/zhang/.vscode-server/bin/e4c7e7b1d6d060162f4aa7f8225271b67ce1df75/bin/remote-cli:/opt/ros/jazzy/opt/gz_msgs_vendor/bin:/opt/ros/jazzy/opt/gz_tools_vendor/bin:/opt/ros/jazzy/opt/gz_ogre_next_vendor/bin:/opt/ros/jazzy/bin:/usr/local/sbin:/usr/local/bin:/usr/sbin:/usr/bin:/sbin:/bin:/usr/games:/usr/local/games:/usr/lib/wsl/lib:/mnt/c/Program Files/PowerShell/7:/mnt/c/Users/Zhang/AppData/Roaming/Code/User/globalStorage/github.copilot-chat/debugCommand:/mnt/c/Users/Zhang/AppData/Roaming/Code/User/globalStorage/github.copilot-chat/copilotCli:/mnt/c/WINDOWS/system32:/mnt/c/WINDOWS:/mnt/c/WINDOWS/System32/Wbem:/mnt/c/WINDOWS/System32/WindowsPowerShell/v1.0/:/mnt/c/WINDOWS/System32/OpenSSH/:/mnt/c/Program Files/Git/cmd:/mnt/c/Program Files/MATLAB/R2025b/bin:/mnt/c/Program Files/dotnet/:/mnt/c/Program Files/PowerShell/7/:/mnt/c/Users/Zhang/AppData/Local/Programs/Python/Python314/Scripts/:/mnt/c/Users/Zhang/AppData/Local/Programs/Python/Python314/:/mnt/c/Users/Zhang/.local/bin:/mnt/c/Users/Zhang/AppData/Local/Microsoft/WindowsApps:/mnt/c/Users/Zhang/AppData/Local/Programs/Microsoft VS Code/bin:/mnt/c/Program Files/Processing/:/snap/bin', 'XDG_RUNTIME_DIR': '/run/user/1001', 'DISPLAY': ':0', 'LANG': 'en_US.UTF-8', 'LS_COLORS': 'rs=0:di=01;34:ln=01;36:mh=00:pi=40;33:so=01;35:do=01;35:bd=40;33;01:cd=40;33;01:or=40;31;01:mi=00:su=37;41:sg=30;43:ca=00:tw=30;42:ow=34;42:st=37;44:ex=01;32:*.tar=01;31:*.tgz=01;31:*.arc=01;31:*.arj=01;31:*.taz=01;31:*.lha=01;31:*.lz4=01;31:*.lzh=01;31:*.lzma=01;31:*.tlz=01;31:*.txz=01;31:*.tzo=01;31:*.t7z=01;31:*.zip=01;31:*.z=01;31:*.dz=01;31:*.gz=01;31:*.lrz=01;31:*.lz=01;31:*.lzo=01;31:*.xz=01;31:*.zst=01;31:*.tzst=01;31:*.bz2=01;31:*.bz=01;31:*.tbz=01;31:*.tbz2=01;31:*.tz=01;31:*.deb=01;31:*.rpm=01;31:*.jar=01;31:*.war=01;31:*.ear=01;31:*.sar=01;31:*.rar=01;31:*.alz=01;31:*.ace=01;31:*.zoo=01;31:*.cpio=01;31:*.7z=01;31:*.rz=01;31:*.cab=01;31:*.wim=01;31:*.swm=01;31:*.dwm=01;31:*.esd=01;31:*.avif=01;35:*.jpg=01;35:*.jpeg=01;35:*.mjpg=01;35:*.mjpeg=01;35:*.gif=01;35:*.bmp=01;35:*.pbm=01;35:*.pgm=01;35:*.ppm=01;35:*.tga=01;35:*.xbm=01;35:*.xpm=01;35:*.tif=01;35:*.tiff=01;35:*.png=01;35:*.svg=01;35:*.svgz=01;35:*.mng=01;35:*.pcx=01;35:*.mov=01;35:*.mpg=01;35:*.mpeg=01;35:*.m2v=01;35:*.mkv=01;35:*.webm=01;35:*.webp=01;35:*.ogm=01;35:*.mp4=01;35:*.m4v=01;35:*.mp4v=01;35:*.vob=01;35:*.qt=01;35:*.nuv=01;35:*.wmv=01;35:*.asf=01;35:*.rm=01;35:*.rmvb=01;35:*.flc=01;35:*.avi=01;35:*.fli=01;35:*.flv=01;35:*.gl=01;35:*.dl=01;35:*.xcf=01;35:*.xwd=01;35:*.yuv=01;35:*.cgm=01;35:*.emf=01;35:*.ogv=01;35:*.ogx=01;35:*.aac=00;36:*.au=00;36:*.flac=00;36:*.m4a=00;36:*.mid=00;36:*.midi=00;36:*.mka=00;36:*.mp3=00;36:*.mpc=00;36:*.ogg=00;36:*.ra=00;36:*.wav=00;36:*.oga=00;36:*.opus=00;36:*.spx=00;36:*.xspf=00;36:*~=00;90:*#=00;90:*.bak=00;90:*.crdownload=00;90:*.dpkg-dist=00;90:*.dpkg-new=00;90:*.dpkg-old=00;90:*.dpkg-tmp=00;90:*.old=00;90:*.orig=00;90:*.part=00;90:*.rej=00;90:*.rpmnew=00;90:*.rpmorig=00;90:*.rpmsave=00;90:*.swp=00;90:*.tmp=00;90:*.ucf-dist=00;90:*.ucf-new=00;90:*.ucf-old=00;90:', 'VSCODE_GIT_IPC_HANDLE': '/run/user/1001/vscode-git-82e1d75d12.sock', 'TERM_PROGRAM': 'vscode', 'AMENT_PREFIX_PATH': '/opt/ros/jazzy', 'SHELL': '/bin/bash', 'LESSCLOSE': '/usr/bin/lesspipe %s %s', 'GALLIUM_DRIVER': 'd3d12', 'ROS_AUTOMATIC_DISCOVERY_RANGE': 'SUBNET', 'VSCODE_GIT_ASKPASS_EXTRA_ARGS': '', 'PWD': '/home/zhang/rosprc_ws/build/examples_rclcpp_minimal_publisher', 'TURTLEBOT3_MODEL': 'burger', 'COPILOT_DEBUG_NONCE': '503c6a609ad3c4b1656ae504fee63388', 'XDG_DATA_DIRS': '/usr/local/share:/usr/share:/var/lib/snapd/desktop', 'PYTHONPATH': '/opt/ros/jazzy/lib/python3.12/site-packages', 'COLCON': '1', 'WSL2_GUI_APPS_ENABLED': '1', 'HOSTTYPE': 'x86_64', 'CMAKE_PREFIX_PATH': '/opt/ros/jazzy/opt/gz_sim_vendor:/opt/ros/jazzy/opt/gz_sensors_vendor:/opt/ros/jazzy/opt/gz_physics_vendor:/opt/ros/jazzy/opt/sdformat_vendor:/opt/ros/jazzy/opt/gz_gui_vendor:/opt/ros/jazzy/opt/gz_transport_vendor:/opt/ros/jazzy/opt/gz_rendering_vendor:/opt/ros/jazzy/opt/gz_plugin_vendor:/opt/ros/jazzy/opt/gz_fuel_tools_vendor:/opt/ros/jazzy/opt/gz_msgs_vendor:/opt/ros/jazzy/opt/gz_common_vendor:/opt/ros/jazzy/opt/gz_math_vendor:/opt/ros/jazzy/opt/gz_utils_vendor:/opt/ros/jazzy/opt/gz_tools_vendor:/opt/ros/jazzy/opt/gz_ogre_next_vendor:/opt/ros/jazzy/opt/gz_dartsim_vendor:/opt/ros/jazzy/opt/gz_cmake_vendor:/opt/ros/jazzy', 'WSLENV': 'ELECTRON_RUN_AS_NODE/w:'}), 'shell': False}
[136.973348] (-) TimerEvent: {}
[137.073957] (-) TimerEvent: {}
[137.109329] (examples_rclcpp_minimal_publisher) StdoutLine: {'line': b'[  8%] \x1b[32mBuilding CXX object CMakeFiles/publisher_not_composable.dir/not_composable.cpp.o\x1b[0m\n'}
[137.110367] (examples_rclcpp_minimal_publisher) StdoutLine: {'line': b'[ 16%] \x1b[32mBuilding CXX object CMakeFiles/publisher_lambda.dir/lambda.cpp.o\x1b[0m\n'}
[137.111255] (examples_rclcpp_minimal_publisher) StdoutLine: {'line': b'[ 25%] \x1b[32mBuilding CXX object CMakeFiles/publisher_member_function_with_unique_network_flow_endpoints.dir/member_function_with_unique_network_flow_endpoints.cpp.o\x1b[0m\n'}
[137.112776] (examples_rclcpp_minimal_publisher) StdoutLine: {'line': b'[ 33%] \x1b[32mBuilding CXX object CMakeFiles/publisher_member_function_with_type_adapter.dir/member_function_with_type_adapter.cpp.o\x1b[0m\n'}
[137.113154] (examples_rclcpp_minimal_publisher) StdoutLine: {'line': b'[ 41%] \x1b[32mBuilding CXX object CMakeFiles/publisher_member_function.dir/member_function.cpp.o\x1b[0m\n'}
[137.125526] (examples_rclcpp_minimal_publisher) StdoutLine: {'line': b'[ 50%] \x1b[32mBuilding CXX object CMakeFiles/publisher_wait_for_all_acked.dir/member_function_with_wait_for_all_acked.cpp.o\x1b[0m\n'}
[137.174214] (-) TimerEvent: {}
[137.274889] (-) TimerEvent: {}
[137.375849] (-) TimerEvent: {}
[137.476912] (-) TimerEvent: {}
[137.577500] (-) TimerEvent: {}
[137.678770] (-) TimerEvent: {}
[137.779709] (-) TimerEvent: {}
[137.880914] (-) TimerEvent: {}
[137.982327] (-) TimerEvent: {}
[138.083607] (-) TimerEvent: {}
[138.185247] (-) TimerEvent: {}
[138.286237] (-) TimerEvent: {}
[138.387645] (-) TimerEvent: {}
[138.488731] (-) TimerEvent: {}
[138.589614] (-) TimerEvent: {}
[138.690811] (-) TimerEvent: {}
[138.791934] (-) TimerEvent: {}
[138.892671] (-) TimerEvent: {}
[138.993387] (-) TimerEvent: {}
[139.094057] (-) TimerEvent: {}
[139.194820] (-) TimerEvent: {}
[139.295742] (-) TimerEvent: {}
[139.396616] (-) TimerEvent: {}
[139.497347] (-) TimerEvent: {}
[139.598284] (-) TimerEvent: {}
[139.699485] (-) TimerEvent: {}
[139.800758] (-) TimerEvent: {}
[139.902147] (-) TimerEvent: {}
[140.002781] (-) TimerEvent: {}
[140.104819] (-) TimerEvent: {}
[140.205539] (-) TimerEvent: {}
[140.306208] (-) TimerEvent: {}
[140.407096] (-) TimerEvent: {}
[140.507812] (-) TimerEvent: {}
[140.608550] (-) TimerEvent: {}
[140.710001] (-) TimerEvent: {}
[140.811121] (-) TimerEvent: {}
[140.911959] (-) TimerEvent: {}
[141.012705] (-) TimerEvent: {}
[141.113463] (-) TimerEvent: {}
[141.214677] (-) TimerEvent: {}
[141.315392] (-) TimerEvent: {}
[141.416282] (-) TimerEvent: {}
[141.516965] (-) TimerEvent: {}
[141.617735] (-) TimerEvent: {}
[141.718418] (-) TimerEvent: {}
[141.819239] (-) TimerEvent: {}
[141.920093] (-) TimerEvent: {}
[142.020958] (-) TimerEvent: {}
[142.122135] (-) TimerEvent: {}
[142.222912] (-) TimerEvent: {}
[142.323792] (-) TimerEvent: {}
[142.424519] (-) TimerEvent: {}
[142.525428] (-) TimerEvent: {}
[142.626069] (-) TimerEvent: {}
[142.726803] (-) TimerEvent: {}
[142.827360] (-) TimerEvent: {}
[142.928466] (-) TimerEvent: {}
[143.029336] (-) TimerEvent: {}
[143.129950] (-) TimerEvent: {}
[143.230557] (-) TimerEvent: {}
[143.331308] (-) TimerEvent: {}
[143.432136] (-) TimerEvent: {}
[143.532804] (-) TimerEvent: {}
[143.633560] (-) TimerEvent: {}
[143.734693] (-) TimerEvent: {}
[143.835770] (-) TimerEvent: {}
[143.936902] (-) TimerEvent: {}
[144.037789] (-) TimerEvent: {}
[144.138584] (-) TimerEvent: {}
[144.239903] (-) TimerEvent: {}
[144.341097] (-) TimerEvent: {}
[144.441919] (-) TimerEvent: {}
[144.543290] (-) TimerEvent: {}
[144.644536] (-) TimerEvent: {}
[144.745795] (-) TimerEvent: {}
[144.846564] (-) TimerEvent: {}
[144.947521] (-) TimerEvent: {}
[145.048670] (-) TimerEvent: {}
[145.149701] (-) TimerEvent: {}
[145.250513] (-) TimerEvent: {}
[145.351334] (-) TimerEvent: {}
[145.452587] (-) TimerEvent: {}
[145.553933] (-) TimerEvent: {}
[145.655014] (-) TimerEvent: {}
[145.755916] (-) TimerEvent: {}
[145.857073] (-) TimerEvent: {}
[145.958046] (-) TimerEvent: {}
[146.058677] (-) TimerEvent: {}
[146.159594] (-) TimerEvent: {}
[146.260701] (-) TimerEvent: {}
[146.361470] (-) TimerEvent: {}
[146.462756] (-) TimerEvent: {}
[146.563816] (-) TimerEvent: {}
[146.664657] (-) TimerEvent: {}
[146.765456] (-) TimerEvent: {}
[146.866476] (-) TimerEvent: {}
[146.967427] (-) TimerEvent: {}
[147.068373] (-) TimerEvent: {}
[147.169170] (-) TimerEvent: {}
[147.270046] (-) TimerEvent: {}
[147.370851] (-) TimerEvent: {}
[147.472089] (-) TimerEvent: {}
[147.572981] (-) TimerEvent: {}
[147.673674] (-) TimerEvent: {}
[147.774426] (-) TimerEvent: {}
[147.875456] (-) TimerEvent: {}
[147.976360] (-) TimerEvent: {}
[148.076954] (-) TimerEvent: {}
[148.177622] (-) TimerEvent: {}
[148.278348] (-) TimerEvent: {}
[148.379346] (-) TimerEvent: {}
[148.480616] (-) TimerEvent: {}
[148.582000] (-) TimerEvent: {}
[148.683302] (-) TimerEvent: {}
[148.784349] (-) TimerEvent: {}
[148.885113] (-) TimerEvent: {}
[148.985806] (-) TimerEvent: {}
[149.086496] (-) TimerEvent: {}
[149.187324] (-) TimerEvent: {}
[149.288145] (-) TimerEvent: {}
[149.388919] (-) TimerEvent: {}
[149.489660] (-) TimerEvent: {}
[149.590465] (-) TimerEvent: {}
[149.691254] (-) TimerEvent: {}
[149.792002] (-) TimerEvent: {}
[149.892800] (-) TimerEvent: {}
[149.993580] (-) TimerEvent: {}
[150.094286] (-) TimerEvent: {}
[150.195316] (-) TimerEvent: {}
[150.278939] (examples_rclcpp_minimal_publisher) StdoutLine: {'line': b'[ 58%] \x1b[32m\x1b[1mLinking CXX executable publisher_not_composable\x1b[0m\n'}
[150.295554] (-) TimerEvent: {}
[150.396344] (-) TimerEvent: {}
[150.496887] (-) TimerEvent: {}
[150.597973] (-) TimerEvent: {}
[150.698865] (-) TimerEvent: {}
[150.799856] (-) TimerEvent: {}
[150.867959] (examples_rclcpp_minimal_publisher) StdoutLine: {'line': b'[ 66%] \x1b[32m\x1b[1mLinking CXX executable publisher_lambda\x1b[0m\n'}
[150.900071] (-) TimerEvent: {}
[151.001043] (-) TimerEvent: {}
[151.091099] (examples_rclcpp_minimal_publisher) StdoutLine: {'line': b'[ 75%] \x1b[32m\x1b[1mLinking CXX executable publisher_member_function_with_unique_network_flow_endpoints\x1b[0m\n'}
[151.101351] (-) TimerEvent: {}
[151.115142] (examples_rclcpp_minimal_publisher) StdoutLine: {'line': b'[ 83%] \x1b[32m\x1b[1mLinking CXX executable publisher_wait_for_all_acked\x1b[0m\n'}
[151.141211] (examples_rclcpp_minimal_publisher) StdoutLine: {'line': b'[ 91%] \x1b[32m\x1b[1mLinking CXX executable publisher_member_function\x1b[0m\n'}
[151.152352] (examples_rclcpp_minimal_publisher) StdoutLine: {'line': b'[100%] \x1b[32m\x1b[1mLinking CXX executable publisher_member_function_with_type_adapter\x1b[0m\n'}
[151.175097] (examples_rclcpp_minimal_publisher) StdoutLine: {'line': b'[100%] Built target publisher_not_composable\n'}
[151.201508] (-) TimerEvent: {}
[151.302148] (-) TimerEvent: {}
[151.402763] (-) TimerEvent: {}
[151.503587] (-) TimerEvent: {}
[151.604384] (-) TimerEvent: {}
[151.644950] (examples_rclcpp_minimal_publisher) StdoutLine: {'line': b'[100%] Built target publisher_lambda\n'}
[151.704557] (-) TimerEvent: {}
[151.791654] (examples_rclcpp_minimal_publisher) StdoutLine: {'line': b'[100%] Built target publisher_member_function_with_unique_network_flow_endpoints\n'}
[151.804669] (examples_rclcpp_minimal_publisher) StdoutLine: {'line': b'[100%] Built target publisher_member_function_with_type_adapter\n'}
[151.805202] (-) TimerEvent: {}
[151.822619] (examples_rclcpp_minimal_publisher) StdoutLine: {'line': b'[100%] Built target publisher_wait_for_all_acked\n'}
[151.823083] (examples_rclcpp_minimal_publisher) StdoutLine: {'line': b'[100%] Built target publisher_member_function\n'}
[151.844579] (examples_rclcpp_minimal_publisher) CommandEnded: {'returncode': 0}
[151.847316] (examples_rclcpp_minimal_publisher) JobProgress: {'identifier': 'examples_rclcpp_minimal_publisher', 'progress': 'install'}
[151.848758] (examples_rclcpp_minimal_publisher) Command: {'cmd': ['/usr/bin/cmake', '--install', '/home/zhang/rosprc_ws/build/examples_rclcpp_minimal_publisher'], 'cwd': '/home/zhang/rosprc_ws/build/examples_rclcpp_minimal_publisher', 'env': OrderedDict({'LESSOPEN': '| /usr/bin/lesspipe %s', 'GZ_SIM_RESOURCE_PATH': '/opt/ros/jazzy/share', 'USER': 'zhang', 'GZ_CONFIG_PATH': '/opt/ros/jazzy/opt/gz_sim_vendor/share/gz:/opt/ros/jazzy/opt/sdformat_vendor/share/gz:/opt/ros/jazzy/opt/gz_gui_vendor/share/gz:/opt/ros/jazzy/opt/gz_transport_vendor/share/gz:/opt/ros/jazzy/opt/gz_rendering_vendor/share/gz:/opt/ros/jazzy/opt/gz_plugin_vendor/share/gz:/opt/ros/jazzy/opt/gz_fuel_tools_vendor/share/gz:/opt/ros/jazzy/opt/gz_msgs_vendor/share/gz:/opt/ros/jazzy/opt/gz_common_vendor/share/gz', 'GIT_ASKPASS': '/home/zhang/.vscode-server/bin/e4c7e7b1d6d060162f4aa7f8225271b67ce1df75/extensions/git/dist/askpass.sh', 'SHLVL': '2', 'LIBGL_ALWAYS_SOFTWARE': '0', 'LD_LIBRARY_PATH': '/opt/ros/jazzy/opt/gz_sim_vendor/lib:/opt/ros/jazzy/opt/gz_sensors_vendor/lib:/opt/ros/jazzy/opt/gz_physics_vendor/lib:/opt/ros/jazzy/opt/sdformat_vendor/lib:/opt/ros/jazzy/opt/rviz_ogre_vendor/lib:/opt/ros/jazzy/lib/x86_64-linux-gnu:/opt/ros/jazzy/opt/gz_gui_vendor/lib:/opt/ros/jazzy/opt/gz_transport_vendor/lib:/opt/ros/jazzy/opt/gz_rendering_vendor/lib:/opt/ros/jazzy/opt/gz_plugin_vendor/lib:/opt/ros/jazzy/opt/gz_fuel_tools_vendor/lib:/opt/ros/jazzy/opt/gz_msgs_vendor/lib:/opt/ros/jazzy/opt/gz_common_vendor/lib:/opt/ros/jazzy/opt/gz_math_vendor/lib:/opt/ros/jazzy/opt/gz_utils_vendor/lib:/opt/ros/jazzy/opt/gz_tools_vendor/lib:/opt/ros/jazzy/opt/gz_ogre_next_vendor/lib:/opt/ros/jazzy/opt/gz_dartsim_vendor/lib:/opt/ros/jazzy/opt/gz_cmake_vendor/lib:/opt/ros/jazzy/lib', 'HOME': '/home/zhang', 'TERM_PROGRAM_VERSION': '1.131.0', 'VSCODE_IPC_HOOK_CLI': '/run/user/1001/vscode-ipc-d537498f-331a-41d4-bf91-51cd2386a755.sock', 'ROS_PYTHON_VERSION': '3', 'VSCODE_GIT_ASKPASS_MAIN': '/home/zhang/.vscode-server/bin/e4c7e7b1d6d060162f4aa7f8225271b67ce1df75/extensions/git/dist/askpass-main.js', 'VSCODE_GIT_ASKPASS_NODE': '/home/zhang/.vscode-server/bin/e4c7e7b1d6d060162f4aa7f8225271b67ce1df75/node', 'VSCODE_PYTHON_AUTOACTIVATE_GUARD': '1', 'DBUS_SESSION_BUS_ADDRESS': 'unix:path=/run/user/1001/bus', 'COLORTERM': 'truecolor', 'WSL_DISTRO_NAME': 'Ubuntu', 'WAYLAND_DISPLAY': 'wayland-0', 'ROS_DISTRO': 'jazzy', 'LOGNAME': 'zhang', 'NAME': 'Code', 'WSL_INTEROP': '/run/WSL/6274_interop', 'PULSE_SERVER': 'unix:/mnt/wslg/PulseServer', '_': '/usr/bin/colcon', 'ROS_VERSION': '2', 'CLAUDE_CODE_SSE_PORT': '21165', 'TERM': 'xterm-256color', 'PATH': '/home/zhang/.vscode-server/data/User/globalStorage/github.copilot-chat/debugCommand:/home/zhang/.vscode-server/data/User/globalStorage/github.copilot-chat/copilotCli:/home/zhang/.vscode-server/bin/e4c7e7b1d6d060162f4aa7f8225271b67ce1df75/bin/remote-cli:/opt/ros/jazzy/opt/gz_msgs_vendor/bin:/opt/ros/jazzy/opt/gz_tools_vendor/bin:/opt/ros/jazzy/opt/gz_ogre_next_vendor/bin:/opt/ros/jazzy/bin:/usr/local/sbin:/usr/local/bin:/usr/sbin:/usr/bin:/sbin:/bin:/usr/games:/usr/local/games:/usr/lib/wsl/lib:/mnt/c/Program Files/PowerShell/7:/mnt/c/Users/Zhang/AppData/Roaming/Code/User/globalStorage/github.copilot-chat/debugCommand:/mnt/c/Users/Zhang/AppData/Roaming/Code/User/globalStorage/github.copilot-chat/copilotCli:/mnt/c/WINDOWS/system32:/mnt/c/WINDOWS:/mnt/c/WINDOWS/System32/Wbem:/mnt/c/WINDOWS/System32/WindowsPowerShell/v1.0/:/mnt/c/WINDOWS/System32/OpenSSH/:/mnt/c/Program Files/Git/cmd:/mnt/c/Program Files/MATLAB/R2025b/bin:/mnt/c/Program Files/dotnet/:/mnt/c/Program Files/PowerShell/7/:/mnt/c/Users/Zhang/AppData/Local/Programs/Python/Python314/Scripts/:/mnt/c/Users/Zhang/AppData/Local/Programs/Python/Python314/:/mnt/c/Users/Zhang/.local/bin:/mnt/c/Users/Zhang/AppData/Local/Microsoft/WindowsApps:/mnt/c/Users/Zhang/AppData/Local/Programs/Microsoft VS Code/bin:/mnt/c/Program Files/Processing/:/snap/bin', 'XDG_RUNTIME_DIR': '/run/user/1001', 'DISPLAY': ':0', 'LANG': 'en_US.UTF-8', 'LS_COLORS': 'rs=0:di=01;34:ln=01;36:mh=00:pi=40;33:so=01;35:do=01;35:bd=40;33;01:cd=40;33;01:or=40;31;01:mi=00:su=37;41:sg=30;43:ca=00:tw=30;42:ow=34;42:st=37;44:ex=01;32:*.tar=01;31:*.tgz=01;31:*.arc=01;31:*.arj=01;31:*.taz=01;31:*.lha=01;31:*.lz4=01;31:*.lzh=01;31:*.lzma=01;31:*.tlz=01;31:*.txz=01;31:*.tzo=01;31:*.t7z=01;31:*.zip=01;31:*.z=01;31:*.dz=01;31:*.gz=01;31:*.lrz=01;31:*.lz=01;31:*.lzo=01;31:*.xz=01;31:*.zst=01;31:*.tzst=01;31:*.bz2=01;31:*.bz=01;31:*.tbz=01;31:*.tbz2=01;31:*.tz=01;31:*.deb=01;31:*.rpm=01;31:*.jar=01;31:*.war=01;31:*.ear=01;31:*.sar=01;31:*.rar=01;31:*.alz=01;31:*.ace=01;31:*.zoo=01;31:*.cpio=01;31:*.7z=01;31:*.rz=01;31:*.cab=01;31:*.wim=01;31:*.swm=01;31:*.dwm=01;31:*.esd=01;31:*.avif=01;35:*.jpg=01;35:*.jpeg=01;35:*.mjpg=01;35:*.mjpeg=01;35:*.gif=01;35:*.bmp=01;35:*.pbm=01;35:*.pgm=01;35:*.ppm=01;35:*.tga=01;35:*.xbm=01;35:*.xpm=01;35:*.tif=01;35:*.tiff=01;35:*.png=01;35:*.svg=01;35:*.svgz=01;35:*.mng=01;35:*.pcx=01;35:*.mov=01;35:*.mpg=01;35:*.mpeg=01;35:*.m2v=01;35:*.mkv=01;35:*.webm=01;35:*.webp=01;35:*.ogm=01;35:*.mp4=01;35:*.m4v=01;35:*.mp4v=01;35:*.vob=01;35:*.qt=01;35:*.nuv=01;35:*.wmv=01;35:*.asf=01;35:*.rm=01;35:*.rmvb=01;35:*.flc=01;35:*.avi=01;35:*.fli=01;35:*.flv=01;35:*.gl=01;35:*.dl=01;35:*.xcf=01;35:*.xwd=01;35:*.yuv=01;35:*.cgm=01;35:*.emf=01;35:*.ogv=01;35:*.ogx=01;35:*.aac=00;36:*.au=00;36:*.flac=00;36:*.m4a=00;36:*.mid=00;36:*.midi=00;36:*.mka=00;36:*.mp3=00;36:*.mpc=00;36:*.ogg=00;36:*.ra=00;36:*.wav=00;36:*.oga=00;36:*.opus=00;36:*.spx=00;36:*.xspf=00;36:*~=00;90:*#=00;90:*.bak=00;90:*.crdownload=00;90:*.dpkg-dist=00;90:*.dpkg-new=00;90:*.dpkg-old=00;90:*.dpkg-tmp=00;90:*.old=00;90:*.orig=00;90:*.part=00;90:*.rej=00;90:*.rpmnew=00;90:*.rpmorig=00;90:*.rpmsave=00;90:*.swp=00;90:*.tmp=00;90:*.ucf-dist=00;90:*.ucf-new=00;90:*.ucf-old=00;90:', 'VSCODE_GIT_IPC_HANDLE': '/run/user/1001/vscode-git-82e1d75d12.sock', 'TERM_PROGRAM': 'vscode', 'AMENT_PREFIX_PATH': '/opt/ros/jazzy', 'SHELL': '/bin/bash', 'LESSCLOSE': '/usr/bin/lesspipe %s %s', 'GALLIUM_DRIVER': 'd3d12', 'ROS_AUTOMATIC_DISCOVERY_RANGE': 'SUBNET', 'VSCODE_GIT_ASKPASS_EXTRA_ARGS': '', 'PWD': '/home/zhang/rosprc_ws/build/examples_rclcpp_minimal_publisher', 'TURTLEBOT3_MODEL': 'burger', 'COPILOT_DEBUG_NONCE': '503c6a609ad3c4b1656ae504fee63388', 'XDG_DATA_DIRS': '/usr/local/share:/usr/share:/var/lib/snapd/desktop', 'PYTHONPATH': '/opt/ros/jazzy/lib/python3.12/site-packages', 'COLCON': '1', 'WSL2_GUI_APPS_ENABLED': '1', 'HOSTTYPE': 'x86_64', 'CMAKE_PREFIX_PATH': '/opt/ros/jazzy/opt/gz_sim_vendor:/opt/ros/jazzy/opt/gz_sensors_vendor:/opt/ros/jazzy/opt/gz_physics_vendor:/opt/ros/jazzy/opt/sdformat_vendor:/opt/ros/jazzy/opt/gz_gui_vendor:/opt/ros/jazzy/opt/gz_transport_vendor:/opt/ros/jazzy/opt/gz_rendering_vendor:/opt/ros/jazzy/opt/gz_plugin_vendor:/opt/ros/jazzy/opt/gz_fuel_tools_vendor:/opt/ros/jazzy/opt/gz_msgs_vendor:/opt/ros/jazzy/opt/gz_common_vendor:/opt/ros/jazzy/opt/gz_math_vendor:/opt/ros/jazzy/opt/gz_utils_vendor:/opt/ros/jazzy/opt/gz_tools_vendor:/opt/ros/jazzy/opt/gz_ogre_next_vendor:/opt/ros/jazzy/opt/gz_dartsim_vendor:/opt/ros/jazzy/opt/gz_cmake_vendor:/opt/ros/jazzy', 'WSLENV': 'ELECTRON_RUN_AS_NODE/w:'}), 'shell': False}
[151.862599] (examples_rclcpp_minimal_publisher) StdoutLine: {'line': b'-- Install configuration: ""\n'}
[151.864507] (examples_rclcpp_minimal_publisher) StdoutLine: {'line': b'-- Execute custom install script\n'}
[151.866317] (examples_rclcpp_minimal_publisher) StdoutLine: {'line': b'-- Symlinking: /home/zhang/rosprc_ws/install/examples_rclcpp_minimal_publisher/lib/examples_rclcpp_minimal_publisher/publisher_lambda\n'}
[151.883339] (examples_rclcpp_minimal_publisher) StdoutLine: {'line': b'-- Symlinking: /home/zhang/rosprc_ws/install/examples_rclcpp_minimal_publisher/lib/examples_rclcpp_minimal_publisher/publisher_member_function\n'}
[151.900722] (examples_rclcpp_minimal_publisher) StdoutLine: {'line': b'-- Symlinking: /home/zhang/rosprc_ws/install/examples_rclcpp_minimal_publisher/lib/examples_rclcpp_minimal_publisher/publisher_member_function_with_type_adapter\n'}
[151.905419] (-) TimerEvent: {}
[151.917369] (examples_rclcpp_minimal_publisher) StdoutLine: {'line': b'-- Symlinking: /home/zhang/rosprc_ws/install/examples_rclcpp_minimal_publisher/lib/examples_rclcpp_minimal_publisher/publisher_member_function_with_unique_network_flow_endpoints\n'}
[151.935821] (examples_rclcpp_minimal_publisher) StdoutLine: {'line': b'-- Symlinking: /home/zhang/rosprc_ws/install/examples_rclcpp_minimal_publisher/lib/examples_rclcpp_minimal_publisher/publisher_wait_for_all_acked\n'}
[151.952462] (examples_rclcpp_minimal_publisher) StdoutLine: {'line': b'-- Symlinking: /home/zhang/rosprc_ws/install/examples_rclcpp_minimal_publisher/lib/examples_rclcpp_minimal_publisher/publisher_not_composable\n'}
[151.965474] (examples_rclcpp_minimal_publisher) StdoutLine: {'line': b'-- Symlinking: /home/zhang/rosprc_ws/install/examples_rclcpp_minimal_publisher/share/ament_index/resource_index/package_run_dependencies/examples_rclcpp_minimal_publisher\n'}
[151.977691] (examples_rclcpp_minimal_publisher) StdoutLine: {'line': b'-- Symlinking: /home/zhang/rosprc_ws/install/examples_rclcpp_minimal_publisher/share/ament_index/resource_index/parent_prefix_path/examples_rclcpp_minimal_publisher\n'}
[151.993106] (examples_rclcpp_minimal_publisher) StdoutLine: {'line': b'-- Symlinking: /home/zhang/rosprc_ws/install/examples_rclcpp_minimal_publisher/share/examples_rclcpp_minimal_publisher/environment/ament_prefix_path.sh\n'}
[152.005682] (-) TimerEvent: {}
[152.010880] (examples_rclcpp_minimal_publisher) StdoutLine: {'line': b'-- Symlinking: /home/zhang/rosprc_ws/install/examples_rclcpp_minimal_publisher/share/examples_rclcpp_minimal_publisher/environment/ament_prefix_path.dsv\n'}
[152.024883] (examples_rclcpp_minimal_publisher) StdoutLine: {'line': b'-- Symlinking: /home/zhang/rosprc_ws/install/examples_rclcpp_minimal_publisher/share/examples_rclcpp_minimal_publisher/environment/path.sh\n'}
[152.038558] (examples_rclcpp_minimal_publisher) StdoutLine: {'line': b'-- Symlinking: /home/zhang/rosprc_ws/install/examples_rclcpp_minimal_publisher/share/examples_rclcpp_minimal_publisher/environment/path.dsv\n'}
[152.054235] (examples_rclcpp_minimal_publisher) StdoutLine: {'line': b'-- Symlinking: /home/zhang/rosprc_ws/install/examples_rclcpp_minimal_publisher/share/examples_rclcpp_minimal_publisher/local_setup.bash\n'}
[152.078317] (examples_rclcpp_minimal_publisher) StdoutLine: {'line': b'-- Symlinking: /home/zhang/rosprc_ws/install/examples_rclcpp_minimal_publisher/share/examples_rclcpp_minimal_publisher/local_setup.sh\n'}
[152.096158] (examples_rclcpp_minimal_publisher) StdoutLine: {'line': b'-- Symlinking: /home/zhang/rosprc_ws/install/examples_rclcpp_minimal_publisher/share/examples_rclcpp_minimal_publisher/local_setup.zsh\n'}
[152.106103] (-) TimerEvent: {}
[152.118621] (examples_rclcpp_minimal_publisher) StdoutLine: {'line': b'-- Symlinking: /home/zhang/rosprc_ws/install/examples_rclcpp_minimal_publisher/share/examples_rclcpp_minimal_publisher/local_setup.dsv\n'}
[152.142851] (examples_rclcpp_minimal_publisher) StdoutLine: {'line': b'-- Symlinking: /home/zhang/rosprc_ws/install/examples_rclcpp_minimal_publisher/share/examples_rclcpp_minimal_publisher/package.dsv\n'}
[152.168716] (examples_rclcpp_minimal_publisher) StdoutLine: {'line': b'-- Symlinking: /home/zhang/rosprc_ws/install/examples_rclcpp_minimal_publisher/share/ament_index/resource_index/packages/examples_rclcpp_minimal_publisher\n'}
[152.188422] (examples_rclcpp_minimal_publisher) StdoutLine: {'line': b'-- Symlinking: /home/zhang/rosprc_ws/install/examples_rclcpp_minimal_publisher/share/examples_rclcpp_minimal_publisher/cmake/examples_rclcpp_minimal_publisherConfig.cmake\n'}
[152.206334] (-) TimerEvent: {}
[152.209924] (examples_rclcpp_minimal_publisher) StdoutLine: {'line': b'-- Symlinking: /home/zhang/rosprc_ws/install/examples_rclcpp_minimal_publisher/share/examples_rclcpp_minimal_publisher/cmake/examples_rclcpp_minimal_publisherConfig-version.cmake\n'}
[152.230822] (examples_rclcpp_minimal_publisher) StdoutLine: {'line': b'-- Symlinking: /home/zhang/rosprc_ws/install/examples_rclcpp_minimal_publisher/share/examples_rclcpp_minimal_publisher/package.xml\n'}
[152.260961] (examples_rclcpp_minimal_publisher) CommandEnded: {'returncode': 0}
[152.290493] (examples_rclcpp_minimal_publisher) JobEnded: {'identifier': 'examples_rclcpp_minimal_publisher', 'rc': 0}
[152.295928] (examples_rclcpp_minimal_service) JobStarted: {'identifier': 'examples_rclcpp_minimal_service'}
[152.306639] (-) TimerEvent: {}
[152.310823] (examples_rclcpp_minimal_service) JobProgress: {'identifier': 'examples_rclcpp_minimal_service', 'progress': 'cmake'}
[152.316474] (examples_rclcpp_minimal_service) JobProgress: {'identifier': 'examples_rclcpp_minimal_service', 'progress': 'build'}
[152.319365] (examples_rclcpp_minimal_service) Command: {'cmd': ['/usr/bin/cmake', '--build', '/home/zhang/rosprc_ws/build/examples_rclcpp_minimal_service', '--', '-j20', '-l20'], 'cwd': '/home/zhang/rosprc_ws/build/examples_rclcpp_minimal_service', 'env': OrderedDict({'LESSOPEN': '| /usr/bin/lesspipe %s', 'GZ_SIM_RESOURCE_PATH': '/opt/ros/jazzy/share', 'USER': 'zhang', 'GZ_CONFIG_PATH': '/opt/ros/jazzy/opt/gz_sim_vendor/share/gz:/opt/ros/jazzy/opt/sdformat_vendor/share/gz:/opt/ros/jazzy/opt/gz_gui_vendor/share/gz:/opt/ros/jazzy/opt/gz_transport_vendor/share/gz:/opt/ros/jazzy/opt/gz_rendering_vendor/share/gz:/opt/ros/jazzy/opt/gz_plugin_vendor/share/gz:/opt/ros/jazzy/opt/gz_fuel_tools_vendor/share/gz:/opt/ros/jazzy/opt/gz_msgs_vendor/share/gz:/opt/ros/jazzy/opt/gz_common_vendor/share/gz', 'GIT_ASKPASS': '/home/zhang/.vscode-server/bin/e4c7e7b1d6d060162f4aa7f8225271b67ce1df75/extensions/git/dist/askpass.sh', 'SHLVL': '2', 'LIBGL_ALWAYS_SOFTWARE': '0', 'LD_LIBRARY_PATH': '/opt/ros/jazzy/opt/gz_sim_vendor/lib:/opt/ros/jazzy/opt/gz_sensors_vendor/lib:/opt/ros/jazzy/opt/gz_physics_vendor/lib:/opt/ros/jazzy/opt/sdformat_vendor/lib:/opt/ros/jazzy/opt/rviz_ogre_vendor/lib:/opt/ros/jazzy/lib/x86_64-linux-gnu:/opt/ros/jazzy/opt/gz_gui_vendor/lib:/opt/ros/jazzy/opt/gz_transport_vendor/lib:/opt/ros/jazzy/opt/gz_rendering_vendor/lib:/opt/ros/jazzy/opt/gz_plugin_vendor/lib:/opt/ros/jazzy/opt/gz_fuel_tools_vendor/lib:/opt/ros/jazzy/opt/gz_msgs_vendor/lib:/opt/ros/jazzy/opt/gz_common_vendor/lib:/opt/ros/jazzy/opt/gz_math_vendor/lib:/opt/ros/jazzy/opt/gz_utils_vendor/lib:/opt/ros/jazzy/opt/gz_tools_vendor/lib:/opt/ros/jazzy/opt/gz_ogre_next_vendor/lib:/opt/ros/jazzy/opt/gz_dartsim_vendor/lib:/opt/ros/jazzy/opt/gz_cmake_vendor/lib:/opt/ros/jazzy/lib', 'HOME': '/home/zhang', 'TERM_PROGRAM_VERSION': '1.131.0', 'VSCODE_IPC_HOOK_CLI': '/run/user/1001/vscode-ipc-d537498f-331a-41d4-bf91-51cd2386a755.sock', 'ROS_PYTHON_VERSION': '3', 'VSCODE_GIT_ASKPASS_MAIN': '/home/zhang/.vscode-server/bin/e4c7e7b1d6d060162f4aa7f8225271b67ce1df75/extensions/git/dist/askpass-main.js', 'VSCODE_GIT_ASKPASS_NODE': '/home/zhang/.vscode-server/bin/e4c7e7b1d6d060162f4aa7f8225271b67ce1df75/node', 'VSCODE_PYTHON_AUTOACTIVATE_GUARD': '1', 'DBUS_SESSION_BUS_ADDRESS': 'unix:path=/run/user/1001/bus', 'COLORTERM': 'truecolor', 'WSL_DISTRO_NAME': 'Ubuntu', 'WAYLAND_DISPLAY': 'wayland-0', 'ROS_DISTRO': 'jazzy', 'LOGNAME': 'zhang', 'NAME': 'Code', 'WSL_INTEROP': '/run/WSL/6274_interop', 'PULSE_SERVER': 'unix:/mnt/wslg/PulseServer', '_': '/usr/bin/colcon', 'ROS_VERSION': '2', 'CLAUDE_CODE_SSE_PORT': '21165', 'TERM': 'xterm-256color', 'PATH': '/home/zhang/.vscode-server/data/User/globalStorage/github.copilot-chat/debugCommand:/home/zhang/.vscode-server/data/User/globalStorage/github.copilot-chat/copilotCli:/home/zhang/.vscode-server/bin/e4c7e7b1d6d060162f4aa7f8225271b67ce1df75/bin/remote-cli:/opt/ros/jazzy/opt/gz_msgs_vendor/bin:/opt/ros/jazzy/opt/gz_tools_vendor/bin:/opt/ros/jazzy/opt/gz_ogre_next_vendor/bin:/opt/ros/jazzy/bin:/usr/local/sbin:/usr/local/bin:/usr/sbin:/usr/bin:/sbin:/bin:/usr/games:/usr/local/games:/usr/lib/wsl/lib:/mnt/c/Program Files/PowerShell/7:/mnt/c/Users/Zhang/AppData/Roaming/Code/User/globalStorage/github.copilot-chat/debugCommand:/mnt/c/Users/Zhang/AppData/Roaming/Code/User/globalStorage/github.copilot-chat/copilotCli:/mnt/c/WINDOWS/system32:/mnt/c/WINDOWS:/mnt/c/WINDOWS/System32/Wbem:/mnt/c/WINDOWS/System32/WindowsPowerShell/v1.0/:/mnt/c/WINDOWS/System32/OpenSSH/:/mnt/c/Program Files/Git/cmd:/mnt/c/Program Files/MATLAB/R2025b/bin:/mnt/c/Program Files/dotnet/:/mnt/c/Program Files/PowerShell/7/:/mnt/c/Users/Zhang/AppData/Local/Programs/Python/Python314/Scripts/:/mnt/c/Users/Zhang/AppData/Local/Programs/Python/Python314/:/mnt/c/Users/Zhang/.local/bin:/mnt/c/Users/Zhang/AppData/Local/Microsoft/WindowsApps:/mnt/c/Users/Zhang/AppData/Local/Programs/Microsoft VS Code/bin:/mnt/c/Program Files/Processing/:/snap/bin', 'XDG_RUNTIME_DIR': '/run/user/1001', 'DISPLAY': ':0', 'LANG': 'en_US.UTF-8', 'LS_COLORS': 'rs=0:di=01;34:ln=01;36:mh=00:pi=40;33:so=01;35:do=01;35:bd=40;33;01:cd=40;33;01:or=40;31;01:mi=00:su=37;41:sg=30;43:ca=00:tw=30;42:ow=34;42:st=37;44:ex=01;32:*.tar=01;31:*.tgz=01;31:*.arc=01;31:*.arj=01;31:*.taz=01;31:*.lha=01;31:*.lz4=01;31:*.lzh=01;31:*.lzma=01;31:*.tlz=01;31:*.txz=01;31:*.tzo=01;31:*.t7z=01;31:*.zip=01;31:*.z=01;31:*.dz=01;31:*.gz=01;31:*.lrz=01;31:*.lz=01;31:*.lzo=01;31:*.xz=01;31:*.zst=01;31:*.tzst=01;31:*.bz2=01;31:*.bz=01;31:*.tbz=01;31:*.tbz2=01;31:*.tz=01;31:*.deb=01;31:*.rpm=01;31:*.jar=01;31:*.war=01;31:*.ear=01;31:*.sar=01;31:*.rar=01;31:*.alz=01;31:*.ace=01;31:*.zoo=01;31:*.cpio=01;31:*.7z=01;31:*.rz=01;31:*.cab=01;31:*.wim=01;31:*.swm=01;31:*.dwm=01;31:*.esd=01;31:*.avif=01;35:*.jpg=01;35:*.jpeg=01;35:*.mjpg=01;35:*.mjpeg=01;35:*.gif=01;35:*.bmp=01;35:*.pbm=01;35:*.pgm=01;35:*.ppm=01;35:*.tga=01;35:*.xbm=01;35:*.xpm=01;35:*.tif=01;35:*.tiff=01;35:*.png=01;35:*.svg=01;35:*.svgz=01;35:*.mng=01;35:*.pcx=01;35:*.mov=01;35:*.mpg=01;35:*.mpeg=01;35:*.m2v=01;35:*.mkv=01;35:*.webm=01;35:*.webp=01;35:*.ogm=01;35:*.mp4=01;35:*.m4v=01;35:*.mp4v=01;35:*.vob=01;35:*.qt=01;35:*.nuv=01;35:*.wmv=01;35:*.asf=01;35:*.rm=01;35:*.rmvb=01;35:*.flc=01;35:*.avi=01;35:*.fli=01;35:*.flv=01;35:*.gl=01;35:*.dl=01;35:*.xcf=01;35:*.xwd=01;35:*.yuv=01;35:*.cgm=01;35:*.emf=01;35:*.ogv=01;35:*.ogx=01;35:*.aac=00;36:*.au=00;36:*.flac=00;36:*.m4a=00;36:*.mid=00;36:*.midi=00;36:*.mka=00;36:*.mp3=00;36:*.mpc=00;36:*.ogg=00;36:*.ra=00;36:*.wav=00;36:*.oga=00;36:*.opus=00;36:*.spx=00;36:*.xspf=00;36:*~=00;90:*#=00;90:*.bak=00;90:*.crdownload=00;90:*.dpkg-dist=00;90:*.dpkg-new=00;90:*.dpkg-old=00;90:*.dpkg-tmp=00;90:*.old=00;90:*.orig=00;90:*.part=00;90:*.rej=00;90:*.rpmnew=00;90:*.rpmorig=00;90:*.rpmsave=00;90:*.swp=00;90:*.tmp=00;90:*.ucf-dist=00;90:*.ucf-new=00;90:*.ucf-old=00;90:', 'VSCODE_GIT_IPC_HANDLE': '/run/user/1001/vscode-git-82e1d75d12.sock', 'TERM_PROGRAM': 'vscode', 'AMENT_PREFIX_PATH': '/opt/ros/jazzy', 'SHELL': '/bin/bash', 'LESSCLOSE': '/usr/bin/lesspipe %s %s', 'GALLIUM_DRIVER': 'd3d12', 'ROS_AUTOMATIC_DISCOVERY_RANGE': 'SUBNET', 'VSCODE_GIT_ASKPASS_EXTRA_ARGS': '', 'PWD': '/home/zhang/rosprc_ws/build/examples_rclcpp_minimal_service', 'TURTLEBOT3_MODEL': 'burger', 'COPILOT_DEBUG_NONCE': '503c6a609ad3c4b1656ae504fee63388', 'XDG_DATA_DIRS': '/usr/local/share:/usr/share:/var/lib/snapd/desktop', 'PYTHONPATH': '/opt/ros/jazzy/lib/python3.12/site-packages', 'COLCON': '1', 'WSL2_GUI_APPS_ENABLED': '1', 'HOSTTYPE': 'x86_64', 'CMAKE_PREFIX_PATH': '/opt/ros/jazzy/opt/gz_sim_vendor:/opt/ros/jazzy/opt/gz_sensors_vendor:/opt/ros/jazzy/opt/gz_physics_vendor:/opt/ros/jazzy/opt/sdformat_vendor:/opt/ros/jazzy/opt/gz_gui_vendor:/opt/ros/jazzy/opt/gz_transport_vendor:/opt/ros/jazzy/opt/gz_rendering_vendor:/opt/ros/jazzy/opt/gz_plugin_vendor:/opt/ros/jazzy/opt/gz_fuel_tools_vendor:/opt/ros/jazzy/opt/gz_msgs_vendor:/opt/ros/jazzy/opt/gz_common_vendor:/opt/ros/jazzy/opt/gz_math_vendor:/opt/ros/jazzy/opt/gz_utils_vendor:/opt/ros/jazzy/opt/gz_tools_vendor:/opt/ros/jazzy/opt/gz_ogre_next_vendor:/opt/ros/jazzy/opt/gz_dartsim_vendor:/opt/ros/jazzy/opt/gz_cmake_vendor:/opt/ros/jazzy', 'WSLENV': 'ELECTRON_RUN_AS_NODE/w:'}), 'shell': False}
[152.406933] (-) TimerEvent: {}
[152.421678] (examples_rclcpp_minimal_service) StdoutLine: {'line': b'[ 50%] \x1b[32mBuilding CXX object CMakeFiles/service_main.dir/main.cpp.o\x1b[0m\n'}
[152.507080] (-) TimerEvent: {}
[152.607837] (-) TimerEvent: {}
[152.708612] (-) TimerEvent: {}
[152.809637] (-) TimerEvent: {}
[152.910414] (-) TimerEvent: {}
[153.011496] (-) TimerEvent: {}
[153.112455] (-) TimerEvent: {}
[153.213239] (-) TimerEvent: {}
[153.313998] (-) TimerEvent: {}
[153.414752] (-) TimerEvent: {}
[153.515706] (-) TimerEvent: {}
[153.616286] (-) TimerEvent: {}
[153.717006] (-) TimerEvent: {}
[153.817955] (-) TimerEvent: {}
[153.918819] (-) TimerEvent: {}
[154.019933] (-) TimerEvent: {}
[154.121089] (-) TimerEvent: {}
[154.222592] (-) TimerEvent: {}
[154.323331] (-) TimerEvent: {}
[154.423849] (-) TimerEvent: {}
[154.524569] (-) TimerEvent: {}
[154.625528] (-) TimerEvent: {}
[154.726293] (-) TimerEvent: {}
[154.826694] (-) TimerEvent: {}
[154.927287] (-) TimerEvent: {}
[155.028023] (-) TimerEvent: {}
[155.129083] (-) TimerEvent: {}
[155.229587] (-) TimerEvent: {}
[155.330598] (-) TimerEvent: {}
[155.431624] (-) TimerEvent: {}
[155.532199] (-) TimerEvent: {}
[155.633479] (-) TimerEvent: {}
[155.734248] (-) TimerEvent: {}
[155.834887] (-) TimerEvent: {}
[155.936045] (-) TimerEvent: {}
[156.037092] (-) TimerEvent: {}
[156.137892] (-) TimerEvent: {}
[156.238655] (-) TimerEvent: {}
[156.339362] (-) TimerEvent: {}
[156.440127] (-) TimerEvent: {}
[156.541791] (-) TimerEvent: {}
[156.642818] (-) TimerEvent: {}
[156.743575] (-) TimerEvent: {}
[156.844215] (-) TimerEvent: {}
[156.945036] (-) TimerEvent: {}
[157.046276] (-) TimerEvent: {}
[157.146764] (-) TimerEvent: {}
[157.247432] (-) TimerEvent: {}
[157.348202] (-) TimerEvent: {}
[157.448819] (-) TimerEvent: {}
[157.549377] (-) TimerEvent: {}
[157.649895] (-) TimerEvent: {}
[157.750604] (-) TimerEvent: {}
[157.851874] (-) TimerEvent: {}
[157.952973] (-) TimerEvent: {}
[158.053850] (-) TimerEvent: {}
[158.154480] (-) TimerEvent: {}
[158.255116] (-) TimerEvent: {}
[158.355911] (-) TimerEvent: {}
[158.456699] (-) TimerEvent: {}
[158.557672] (-) TimerEvent: {}
[158.658476] (-) TimerEvent: {}
[158.759649] (-) TimerEvent: {}
[158.860973] (-) TimerEvent: {}
[158.961822] (-) TimerEvent: {}
[159.062897] (-) TimerEvent: {}
[159.164070] (-) TimerEvent: {}
[159.265081] (-) TimerEvent: {}
[159.366057] (-) TimerEvent: {}
[159.466769] (-) TimerEvent: {}
[159.567682] (-) TimerEvent: {}
[159.668251] (-) TimerEvent: {}
[159.769042] (-) TimerEvent: {}
[159.869967] (-) TimerEvent: {}
[159.970529] (-) TimerEvent: {}
[160.071482] (-) TimerEvent: {}
[160.172140] (-) TimerEvent: {}
[160.272796] (-) TimerEvent: {}
[160.373967] (-) TimerEvent: {}
[160.475030] (-) TimerEvent: {}
[160.576010] (-) TimerEvent: {}
[160.676710] (-) TimerEvent: {}
[160.777308] (-) TimerEvent: {}
[160.878179] (-) TimerEvent: {}
[160.979139] (-) TimerEvent: {}
[161.080432] (-) TimerEvent: {}
[161.181414] (-) TimerEvent: {}
[161.282252] (-) TimerEvent: {}
[161.288801] (examples_rclcpp_minimal_service) StdoutLine: {'line': b'[100%] \x1b[32m\x1b[1mLinking CXX executable service_main\x1b[0m\n'}
[161.382577] (-) TimerEvent: {}
[161.483242] (-) TimerEvent: {}
[161.584198] (-) TimerEvent: {}
[161.685365] (-) TimerEvent: {}
[161.786550] (-) TimerEvent: {}
[161.887433] (-) TimerEvent: {}
[161.987949] (-) TimerEvent: {}
[162.088430] (-) TimerEvent: {}
[162.129140] (examples_rclcpp_minimal_service) StdoutLine: {'line': b'[100%] Built target service_main\n'}
[162.161551] (examples_rclcpp_minimal_service) CommandEnded: {'returncode': 0}
[162.166010] (examples_rclcpp_minimal_service) JobProgress: {'identifier': 'examples_rclcpp_minimal_service', 'progress': 'install'}
[162.168807] (examples_rclcpp_minimal_service) Command: {'cmd': ['/usr/bin/cmake', '--install', '/home/zhang/rosprc_ws/build/examples_rclcpp_minimal_service'], 'cwd': '/home/zhang/rosprc_ws/build/examples_rclcpp_minimal_service', 'env': OrderedDict({'LESSOPEN': '| /usr/bin/lesspipe %s', 'GZ_SIM_RESOURCE_PATH': '/opt/ros/jazzy/share', 'USER': 'zhang', 'GZ_CONFIG_PATH': '/opt/ros/jazzy/opt/gz_sim_vendor/share/gz:/opt/ros/jazzy/opt/sdformat_vendor/share/gz:/opt/ros/jazzy/opt/gz_gui_vendor/share/gz:/opt/ros/jazzy/opt/gz_transport_vendor/share/gz:/opt/ros/jazzy/opt/gz_rendering_vendor/share/gz:/opt/ros/jazzy/opt/gz_plugin_vendor/share/gz:/opt/ros/jazzy/opt/gz_fuel_tools_vendor/share/gz:/opt/ros/jazzy/opt/gz_msgs_vendor/share/gz:/opt/ros/jazzy/opt/gz_common_vendor/share/gz', 'GIT_ASKPASS': '/home/zhang/.vscode-server/bin/e4c7e7b1d6d060162f4aa7f8225271b67ce1df75/extensions/git/dist/askpass.sh', 'SHLVL': '2', 'LIBGL_ALWAYS_SOFTWARE': '0', 'LD_LIBRARY_PATH': '/opt/ros/jazzy/opt/gz_sim_vendor/lib:/opt/ros/jazzy/opt/gz_sensors_vendor/lib:/opt/ros/jazzy/opt/gz_physics_vendor/lib:/opt/ros/jazzy/opt/sdformat_vendor/lib:/opt/ros/jazzy/opt/rviz_ogre_vendor/lib:/opt/ros/jazzy/lib/x86_64-linux-gnu:/opt/ros/jazzy/opt/gz_gui_vendor/lib:/opt/ros/jazzy/opt/gz_transport_vendor/lib:/opt/ros/jazzy/opt/gz_rendering_vendor/lib:/opt/ros/jazzy/opt/gz_plugin_vendor/lib:/opt/ros/jazzy/opt/gz_fuel_tools_vendor/lib:/opt/ros/jazzy/opt/gz_msgs_vendor/lib:/opt/ros/jazzy/opt/gz_common_vendor/lib:/opt/ros/jazzy/opt/gz_math_vendor/lib:/opt/ros/jazzy/opt/gz_utils_vendor/lib:/opt/ros/jazzy/opt/gz_tools_vendor/lib:/opt/ros/jazzy/opt/gz_ogre_next_vendor/lib:/opt/ros/jazzy/opt/gz_dartsim_vendor/lib:/opt/ros/jazzy/opt/gz_cmake_vendor/lib:/opt/ros/jazzy/lib', 'HOME': '/home/zhang', 'TERM_PROGRAM_VERSION': '1.131.0', 'VSCODE_IPC_HOOK_CLI': '/run/user/1001/vscode-ipc-d537498f-331a-41d4-bf91-51cd2386a755.sock', 'ROS_PYTHON_VERSION': '3', 'VSCODE_GIT_ASKPASS_MAIN': '/home/zhang/.vscode-server/bin/e4c7e7b1d6d060162f4aa7f8225271b67ce1df75/extensions/git/dist/askpass-main.js', 'VSCODE_GIT_ASKPASS_NODE': '/home/zhang/.vscode-server/bin/e4c7e7b1d6d060162f4aa7f8225271b67ce1df75/node', 'VSCODE_PYTHON_AUTOACTIVATE_GUARD': '1', 'DBUS_SESSION_BUS_ADDRESS': 'unix:path=/run/user/1001/bus', 'COLORTERM': 'truecolor', 'WSL_DISTRO_NAME': 'Ubuntu', 'WAYLAND_DISPLAY': 'wayland-0', 'ROS_DISTRO': 'jazzy', 'LOGNAME': 'zhang', 'NAME': 'Code', 'WSL_INTEROP': '/run/WSL/6274_interop', 'PULSE_SERVER': 'unix:/mnt/wslg/PulseServer', '_': '/usr/bin/colcon', 'ROS_VERSION': '2', 'CLAUDE_CODE_SSE_PORT': '21165', 'TERM': 'xterm-256color', 'PATH': '/home/zhang/.vscode-server/data/User/globalStorage/github.copilot-chat/debugCommand:/home/zhang/.vscode-server/data/User/globalStorage/github.copilot-chat/copilotCli:/home/zhang/.vscode-server/bin/e4c7e7b1d6d060162f4aa7f8225271b67ce1df75/bin/remote-cli:/opt/ros/jazzy/opt/gz_msgs_vendor/bin:/opt/ros/jazzy/opt/gz_tools_vendor/bin:/opt/ros/jazzy/opt/gz_ogre_next_vendor/bin:/opt/ros/jazzy/bin:/usr/local/sbin:/usr/local/bin:/usr/sbin:/usr/bin:/sbin:/bin:/usr/games:/usr/local/games:/usr/lib/wsl/lib:/mnt/c/Program Files/PowerShell/7:/mnt/c/Users/Zhang/AppData/Roaming/Code/User/globalStorage/github.copilot-chat/debugCommand:/mnt/c/Users/Zhang/AppData/Roaming/Code/User/globalStorage/github.copilot-chat/copilotCli:/mnt/c/WINDOWS/system32:/mnt/c/WINDOWS:/mnt/c/WINDOWS/System32/Wbem:/mnt/c/WINDOWS/System32/WindowsPowerShell/v1.0/:/mnt/c/WINDOWS/System32/OpenSSH/:/mnt/c/Program Files/Git/cmd:/mnt/c/Program Files/MATLAB/R2025b/bin:/mnt/c/Program Files/dotnet/:/mnt/c/Program Files/PowerShell/7/:/mnt/c/Users/Zhang/AppData/Local/Programs/Python/Python314/Scripts/:/mnt/c/Users/Zhang/AppData/Local/Programs/Python/Python314/:/mnt/c/Users/Zhang/.local/bin:/mnt/c/Users/Zhang/AppData/Local/Microsoft/WindowsApps:/mnt/c/Users/Zhang/AppData/Local/Programs/Microsoft VS Code/bin:/mnt/c/Program Files/Processing/:/snap/bin', 'XDG_RUNTIME_DIR': '/run/user/1001', 'DISPLAY': ':0', 'LANG': 'en_US.UTF-8', 'LS_COLORS': 'rs=0:di=01;34:ln=01;36:mh=00:pi=40;33:so=01;35:do=01;35:bd=40;33;01:cd=40;33;01:or=40;31;01:mi=00:su=37;41:sg=30;43:ca=00:tw=30;42:ow=34;42:st=37;44:ex=01;32:*.tar=01;31:*.tgz=01;31:*.arc=01;31:*.arj=01;31:*.taz=01;31:*.lha=01;31:*.lz4=01;31:*.lzh=01;31:*.lzma=01;31:*.tlz=01;31:*.txz=01;31:*.tzo=01;31:*.t7z=01;31:*.zip=01;31:*.z=01;31:*.dz=01;31:*.gz=01;31:*.lrz=01;31:*.lz=01;31:*.lzo=01;31:*.xz=01;31:*.zst=01;31:*.tzst=01;31:*.bz2=01;31:*.bz=01;31:*.tbz=01;31:*.tbz2=01;31:*.tz=01;31:*.deb=01;31:*.rpm=01;31:*.jar=01;31:*.war=01;31:*.ear=01;31:*.sar=01;31:*.rar=01;31:*.alz=01;31:*.ace=01;31:*.zoo=01;31:*.cpio=01;31:*.7z=01;31:*.rz=01;31:*.cab=01;31:*.wim=01;31:*.swm=01;31:*.dwm=01;31:*.esd=01;31:*.avif=01;35:*.jpg=01;35:*.jpeg=01;35:*.mjpg=01;35:*.mjpeg=01;35:*.gif=01;35:*.bmp=01;35:*.pbm=01;35:*.pgm=01;35:*.ppm=01;35:*.tga=01;35:*.xbm=01;35:*.xpm=01;35:*.tif=01;35:*.tiff=01;35:*.png=01;35:*.svg=01;35:*.svgz=01;35:*.mng=01;35:*.pcx=01;35:*.mov=01;35:*.mpg=01;35:*.mpeg=01;35:*.m2v=01;35:*.mkv=01;35:*.webm=01;35:*.webp=01;35:*.ogm=01;35:*.mp4=01;35:*.m4v=01;35:*.mp4v=01;35:*.vob=01;35:*.qt=01;35:*.nuv=01;35:*.wmv=01;35:*.asf=01;35:*.rm=01;35:*.rmvb=01;35:*.flc=01;35:*.avi=01;35:*.fli=01;35:*.flv=01;35:*.gl=01;35:*.dl=01;35:*.xcf=01;35:*.xwd=01;35:*.yuv=01;35:*.cgm=01;35:*.emf=01;35:*.ogv=01;35:*.ogx=01;35:*.aac=00;36:*.au=00;36:*.flac=00;36:*.m4a=00;36:*.mid=00;36:*.midi=00;36:*.mka=00;36:*.mp3=00;36:*.mpc=00;36:*.ogg=00;36:*.ra=00;36:*.wav=00;36:*.oga=00;36:*.opus=00;36:*.spx=00;36:*.xspf=00;36:*~=00;90:*#=00;90:*.bak=00;90:*.crdownload=00;90:*.dpkg-dist=00;90:*.dpkg-new=00;90:*.dpkg-old=00;90:*.dpkg-tmp=00;90:*.old=00;90:*.orig=00;90:*.part=00;90:*.rej=00;90:*.rpmnew=00;90:*.rpmorig=00;90:*.rpmsave=00;90:*.swp=00;90:*.tmp=00;90:*.ucf-dist=00;90:*.ucf-new=00;90:*.ucf-old=00;90:', 'VSCODE_GIT_IPC_HANDLE': '/run/user/1001/vscode-git-82e1d75d12.sock', 'TERM_PROGRAM': 'vscode', 'AMENT_PREFIX_PATH': '/opt/ros/jazzy', 'SHELL': '/bin/bash', 'LESSCLOSE': '/usr/bin/lesspipe %s %s', 'GALLIUM_DRIVER': 'd3d12', 'ROS_AUTOMATIC_DISCOVERY_RANGE': 'SUBNET', 'VSCODE_GIT_ASKPASS_EXTRA_ARGS': '', 'PWD': '/home/zhang/rosprc_ws/build/examples_rclcpp_minimal_service', 'TURTLEBOT3_MODEL': 'burger', 'COPILOT_DEBUG_NONCE': '503c6a609ad3c4b1656ae504fee63388', 'XDG_DATA_DIRS': '/usr/local/share:/usr/share:/var/lib/snapd/desktop', 'PYTHONPATH': '/opt/ros/jazzy/lib/python3.12/site-packages', 'COLCON': '1', 'WSL2_GUI_APPS_ENABLED': '1', 'HOSTTYPE': 'x86_64', 'CMAKE_PREFIX_PATH': '/opt/ros/jazzy/opt/gz_sim_vendor:/opt/ros/jazzy/opt/gz_sensors_vendor:/opt/ros/jazzy/opt/gz_physics_vendor:/opt/ros/jazzy/opt/sdformat_vendor:/opt/ros/jazzy/opt/gz_gui_vendor:/opt/ros/jazzy/opt/gz_transport_vendor:/opt/ros/jazzy/opt/gz_rendering_vendor:/opt/ros/jazzy/opt/gz_plugin_vendor:/opt/ros/jazzy/opt/gz_fuel_tools_vendor:/opt/ros/jazzy/opt/gz_msgs_vendor:/opt/ros/jazzy/opt/gz_common_vendor:/opt/ros/jazzy/opt/gz_math_vendor:/opt/ros/jazzy/opt/gz_utils_vendor:/opt/ros/jazzy/opt/gz_tools_vendor:/opt/ros/jazzy/opt/gz_ogre_next_vendor:/opt/ros/jazzy/opt/gz_dartsim_vendor:/opt/ros/jazzy/opt/gz_cmake_vendor:/opt/ros/jazzy', 'WSLENV': 'ELECTRON_RUN_AS_NODE/w:'}), 'shell': False}
[162.187297] (examples_rclcpp_minimal_service) StdoutLine: {'line': b'-- Install configuration: ""\n'}
[162.188595] (-) TimerEvent: {}
[162.189222] (examples_rclcpp_minimal_service) StdoutLine: {'line': b'-- Execute custom install script\n'}
[162.192265] (examples_rclcpp_minimal_service) StdoutLine: {'line': b'-- Symlinking: /home/zhang/rosprc_ws/install/examples_rclcpp_minimal_service/lib/examples_rclcpp_minimal_service/service_main\n'}
[162.212347] (examples_rclcpp_minimal_service) StdoutLine: {'line': b'-- Symlinking: /home/zhang/rosprc_ws/install/examples_rclcpp_minimal_service/share/ament_index/resource_index/package_run_dependencies/examples_rclcpp_minimal_service\n'}
[162.231683] (examples_rclcpp_minimal_service) StdoutLine: {'line': b'-- Symlinking: /home/zhang/rosprc_ws/install/examples_rclcpp_minimal_service/share/ament_index/resource_index/parent_prefix_path/examples_rclcpp_minimal_service\n'}
[162.254326] (examples_rclcpp_minimal_service) StdoutLine: {'line': b'-- Symlinking: /home/zhang/rosprc_ws/install/examples_rclcpp_minimal_service/share/examples_rclcpp_minimal_service/environment/ament_prefix_path.sh\n'}
[162.273275] (examples_rclcpp_minimal_service) StdoutLine: {'line': b'-- Symlinking: /home/zhang/rosprc_ws/install/examples_rclcpp_minimal_service/share/examples_rclcpp_minimal_service/environment/ament_prefix_path.dsv\n'}
[162.288923] (-) TimerEvent: {}
[162.292799] (examples_rclcpp_minimal_service) StdoutLine: {'line': b'-- Symlinking: /home/zhang/rosprc_ws/install/examples_rclcpp_minimal_service/share/examples_rclcpp_minimal_service/environment/path.sh\n'}
[162.327051] (examples_rclcpp_minimal_service) StdoutLine: {'line': b'-- Symlinking: /home/zhang/rosprc_ws/install/examples_rclcpp_minimal_service/share/examples_rclcpp_minimal_service/environment/path.dsv\n'}
[162.352496] (examples_rclcpp_minimal_service) StdoutLine: {'line': b'-- Symlinking: /home/zhang/rosprc_ws/install/examples_rclcpp_minimal_service/share/examples_rclcpp_minimal_service/local_setup.bash\n'}
[162.370187] (examples_rclcpp_minimal_service) StdoutLine: {'line': b'-- Symlinking: /home/zhang/rosprc_ws/install/examples_rclcpp_minimal_service/share/examples_rclcpp_minimal_service/local_setup.sh\n'}
[162.389121] (-) TimerEvent: {}
[162.395230] (examples_rclcpp_minimal_service) StdoutLine: {'line': b'-- Symlinking: /home/zhang/rosprc_ws/install/examples_rclcpp_minimal_service/share/examples_rclcpp_minimal_service/local_setup.zsh\n'}
[162.419090] (examples_rclcpp_minimal_service) StdoutLine: {'line': b'-- Symlinking: /home/zhang/rosprc_ws/install/examples_rclcpp_minimal_service/share/examples_rclcpp_minimal_service/local_setup.dsv\n'}
[162.435352] (examples_rclcpp_minimal_service) StdoutLine: {'line': b'-- Symlinking: /home/zhang/rosprc_ws/install/examples_rclcpp_minimal_service/share/examples_rclcpp_minimal_service/package.dsv\n'}
[162.452064] (examples_rclcpp_minimal_service) StdoutLine: {'line': b'-- Symlinking: /home/zhang/rosprc_ws/install/examples_rclcpp_minimal_service/share/ament_index/resource_index/packages/examples_rclcpp_minimal_service\n'}
[162.469926] (examples_rclcpp_minimal_service) StdoutLine: {'line': b'-- Symlinking: /home/zhang/rosprc_ws/install/examples_rclcpp_minimal_service/share/examples_rclcpp_minimal_service/cmake/examples_rclcpp_minimal_serviceConfig.cmake\n'}
[162.489263] (-) TimerEvent: {}
[162.492588] (examples_rclcpp_minimal_service) StdoutLine: {'line': b'-- Symlinking: /home/zhang/rosprc_ws/install/examples_rclcpp_minimal_service/share/examples_rclcpp_minimal_service/cmake/examples_rclcpp_minimal_serviceConfig-version.cmake\n'}
[162.514687] (examples_rclcpp_minimal_service) StdoutLine: {'line': b'-- Symlinking: /home/zhang/rosprc_ws/install/examples_rclcpp_minimal_service/share/examples_rclcpp_minimal_service/package.xml\n'}
[162.536287] (examples_rclcpp_minimal_service) CommandEnded: {'returncode': 0}
[162.563832] (examples_rclcpp_minimal_service) JobEnded: {'identifier': 'examples_rclcpp_minimal_service', 'rc': 0}
[162.566053] (examples_rclcpp_minimal_subscriber) JobStarted: {'identifier': 'examples_rclcpp_minimal_subscriber'}
[162.581787] (examples_rclcpp_minimal_subscriber) JobProgress: {'identifier': 'examples_rclcpp_minimal_subscriber', 'progress': 'cmake'}
[162.587051] (examples_rclcpp_minimal_subscriber) JobProgress: {'identifier': 'examples_rclcpp_minimal_subscriber', 'progress': 'build'}
[162.590560] (examples_rclcpp_minimal_subscriber) Command: {'cmd': ['/usr/bin/cmake', '--build', '/home/zhang/rosprc_ws/build/examples_rclcpp_minimal_subscriber', '--', '-j20', '-l20'], 'cwd': '/home/zhang/rosprc_ws/build/examples_rclcpp_minimal_subscriber', 'env': OrderedDict({'LESSOPEN': '| /usr/bin/lesspipe %s', 'GZ_SIM_RESOURCE_PATH': '/opt/ros/jazzy/share', 'USER': 'zhang', 'GZ_CONFIG_PATH': '/opt/ros/jazzy/opt/gz_sim_vendor/share/gz:/opt/ros/jazzy/opt/sdformat_vendor/share/gz:/opt/ros/jazzy/opt/gz_gui_vendor/share/gz:/opt/ros/jazzy/opt/gz_transport_vendor/share/gz:/opt/ros/jazzy/opt/gz_rendering_vendor/share/gz:/opt/ros/jazzy/opt/gz_plugin_vendor/share/gz:/opt/ros/jazzy/opt/gz_fuel_tools_vendor/share/gz:/opt/ros/jazzy/opt/gz_msgs_vendor/share/gz:/opt/ros/jazzy/opt/gz_common_vendor/share/gz', 'GIT_ASKPASS': '/home/zhang/.vscode-server/bin/e4c7e7b1d6d060162f4aa7f8225271b67ce1df75/extensions/git/dist/askpass.sh', 'SHLVL': '2', 'LIBGL_ALWAYS_SOFTWARE': '0', 'LD_LIBRARY_PATH': '/opt/ros/jazzy/opt/gz_sim_vendor/lib:/opt/ros/jazzy/opt/gz_sensors_vendor/lib:/opt/ros/jazzy/opt/gz_physics_vendor/lib:/opt/ros/jazzy/opt/sdformat_vendor/lib:/opt/ros/jazzy/opt/rviz_ogre_vendor/lib:/opt/ros/jazzy/lib/x86_64-linux-gnu:/opt/ros/jazzy/opt/gz_gui_vendor/lib:/opt/ros/jazzy/opt/gz_transport_vendor/lib:/opt/ros/jazzy/opt/gz_rendering_vendor/lib:/opt/ros/jazzy/opt/gz_plugin_vendor/lib:/opt/ros/jazzy/opt/gz_fuel_tools_vendor/lib:/opt/ros/jazzy/opt/gz_msgs_vendor/lib:/opt/ros/jazzy/opt/gz_common_vendor/lib:/opt/ros/jazzy/opt/gz_math_vendor/lib:/opt/ros/jazzy/opt/gz_utils_vendor/lib:/opt/ros/jazzy/opt/gz_tools_vendor/lib:/opt/ros/jazzy/opt/gz_ogre_next_vendor/lib:/opt/ros/jazzy/opt/gz_dartsim_vendor/lib:/opt/ros/jazzy/opt/gz_cmake_vendor/lib:/opt/ros/jazzy/lib', 'HOME': '/home/zhang', 'TERM_PROGRAM_VERSION': '1.131.0', 'VSCODE_IPC_HOOK_CLI': '/run/user/1001/vscode-ipc-d537498f-331a-41d4-bf91-51cd2386a755.sock', 'ROS_PYTHON_VERSION': '3', 'VSCODE_GIT_ASKPASS_MAIN': '/home/zhang/.vscode-server/bin/e4c7e7b1d6d060162f4aa7f8225271b67ce1df75/extensions/git/dist/askpass-main.js', 'VSCODE_GIT_ASKPASS_NODE': '/home/zhang/.vscode-server/bin/e4c7e7b1d6d060162f4aa7f8225271b67ce1df75/node', 'VSCODE_PYTHON_AUTOACTIVATE_GUARD': '1', 'DBUS_SESSION_BUS_ADDRESS': 'unix:path=/run/user/1001/bus', 'COLORTERM': 'truecolor', 'WSL_DISTRO_NAME': 'Ubuntu', 'WAYLAND_DISPLAY': 'wayland-0', 'ROS_DISTRO': 'jazzy', 'LOGNAME': 'zhang', 'NAME': 'Code', 'WSL_INTEROP': '/run/WSL/6274_interop', 'PULSE_SERVER': 'unix:/mnt/wslg/PulseServer', '_': '/usr/bin/colcon', 'ROS_VERSION': '2', 'CLAUDE_CODE_SSE_PORT': '21165', 'TERM': 'xterm-256color', 'PATH': '/home/zhang/.vscode-server/data/User/globalStorage/github.copilot-chat/debugCommand:/home/zhang/.vscode-server/data/User/globalStorage/github.copilot-chat/copilotCli:/home/zhang/.vscode-server/bin/e4c7e7b1d6d060162f4aa7f8225271b67ce1df75/bin/remote-cli:/opt/ros/jazzy/opt/gz_msgs_vendor/bin:/opt/ros/jazzy/opt/gz_tools_vendor/bin:/opt/ros/jazzy/opt/gz_ogre_next_vendor/bin:/opt/ros/jazzy/bin:/usr/local/sbin:/usr/local/bin:/usr/sbin:/usr/bin:/sbin:/bin:/usr/games:/usr/local/games:/usr/lib/wsl/lib:/mnt/c/Program Files/PowerShell/7:/mnt/c/Users/Zhang/AppData/Roaming/Code/User/globalStorage/github.copilot-chat/debugCommand:/mnt/c/Users/Zhang/AppData/Roaming/Code/User/globalStorage/github.copilot-chat/copilotCli:/mnt/c/WINDOWS/system32:/mnt/c/WINDOWS:/mnt/c/WINDOWS/System32/Wbem:/mnt/c/WINDOWS/System32/WindowsPowerShell/v1.0/:/mnt/c/WINDOWS/System32/OpenSSH/:/mnt/c/Program Files/Git/cmd:/mnt/c/Program Files/MATLAB/R2025b/bin:/mnt/c/Program Files/dotnet/:/mnt/c/Program Files/PowerShell/7/:/mnt/c/Users/Zhang/AppData/Local/Programs/Python/Python314/Scripts/:/mnt/c/Users/Zhang/AppData/Local/Programs/Python/Python314/:/mnt/c/Users/Zhang/.local/bin:/mnt/c/Users/Zhang/AppData/Local/Microsoft/WindowsApps:/mnt/c/Users/Zhang/AppData/Local/Programs/Microsoft VS Code/bin:/mnt/c/Program Files/Processing/:/snap/bin', 'XDG_RUNTIME_DIR': '/run/user/1001', 'DISPLAY': ':0', 'LANG': 'en_US.UTF-8', 'LS_COLORS': 'rs=0:di=01;34:ln=01;36:mh=00:pi=40;33:so=01;35:do=01;35:bd=40;33;01:cd=40;33;01:or=40;31;01:mi=00:su=37;41:sg=30;43:ca=00:tw=30;42:ow=34;42:st=37;44:ex=01;32:*.tar=01;31:*.tgz=01;31:*.arc=01;31:*.arj=01;31:*.taz=01;31:*.lha=01;31:*.lz4=01;31:*.lzh=01;31:*.lzma=01;31:*.tlz=01;31:*.txz=01;31:*.tzo=01;31:*.t7z=01;31:*.zip=01;31:*.z=01;31:*.dz=01;31:*.gz=01;31:*.lrz=01;31:*.lz=01;31:*.lzo=01;31:*.xz=01;31:*.zst=01;31:*.tzst=01;31:*.bz2=01;31:*.bz=01;31:*.tbz=01;31:*.tbz2=01;31:*.tz=01;31:*.deb=01;31:*.rpm=01;31:*.jar=01;31:*.war=01;31:*.ear=01;31:*.sar=01;31:*.rar=01;31:*.alz=01;31:*.ace=01;31:*.zoo=01;31:*.cpio=01;31:*.7z=01;31:*.rz=01;31:*.cab=01;31:*.wim=01;31:*.swm=01;31:*.dwm=01;31:*.esd=01;31:*.avif=01;35:*.jpg=01;35:*.jpeg=01;35:*.mjpg=01;35:*.mjpeg=01;35:*.gif=01;35:*.bmp=01;35:*.pbm=01;35:*.pgm=01;35:*.ppm=01;35:*.tga=01;35:*.xbm=01;35:*.xpm=01;35:*.tif=01;35:*.tiff=01;35:*.png=01;35:*.svg=01;35:*.svgz=01;35:*.mng=01;35:*.pcx=01;35:*.mov=01;35:*.mpg=01;35:*.mpeg=01;35:*.m2v=01;35:*.mkv=01;35:*.webm=01;35:*.webp=01;35:*.ogm=01;35:*.mp4=01;35:*.m4v=01;35:*.mp4v=01;35:*.vob=01;35:*.qt=01;35:*.nuv=01;35:*.wmv=01;35:*.asf=01;35:*.rm=01;35:*.rmvb=01;35:*.flc=01;35:*.avi=01;35:*.fli=01;35:*.flv=01;35:*.gl=01;35:*.dl=01;35:*.xcf=01;35:*.xwd=01;35:*.yuv=01;35:*.cgm=01;35:*.emf=01;35:*.ogv=01;35:*.ogx=01;35:*.aac=00;36:*.au=00;36:*.flac=00;36:*.m4a=00;36:*.mid=00;36:*.midi=00;36:*.mka=00;36:*.mp3=00;36:*.mpc=00;36:*.ogg=00;36:*.ra=00;36:*.wav=00;36:*.oga=00;36:*.opus=00;36:*.spx=00;36:*.xspf=00;36:*~=00;90:*#=00;90:*.bak=00;90:*.crdownload=00;90:*.dpkg-dist=00;90:*.dpkg-new=00;90:*.dpkg-old=00;90:*.dpkg-tmp=00;90:*.old=00;90:*.orig=00;90:*.part=00;90:*.rej=00;90:*.rpmnew=00;90:*.rpmorig=00;90:*.rpmsave=00;90:*.swp=00;90:*.tmp=00;90:*.ucf-dist=00;90:*.ucf-new=00;90:*.ucf-old=00;90:', 'VSCODE_GIT_IPC_HANDLE': '/run/user/1001/vscode-git-82e1d75d12.sock', 'TERM_PROGRAM': 'vscode', 'AMENT_PREFIX_PATH': '/opt/ros/jazzy', 'SHELL': '/bin/bash', 'LESSCLOSE': '/usr/bin/lesspipe %s %s', 'GALLIUM_DRIVER': 'd3d12', 'ROS_AUTOMATIC_DISCOVERY_RANGE': 'SUBNET', 'VSCODE_GIT_ASKPASS_EXTRA_ARGS': '', 'PWD': '/home/zhang/rosprc_ws/build/examples_rclcpp_minimal_subscriber', 'TURTLEBOT3_MODEL': 'burger', 'COPILOT_DEBUG_NONCE': '503c6a609ad3c4b1656ae504fee63388', 'XDG_DATA_DIRS': '/usr/local/share:/usr/share:/var/lib/snapd/desktop', 'PYTHONPATH': '/opt/ros/jazzy/lib/python3.12/site-packages', 'COLCON': '1', 'WSL2_GUI_APPS_ENABLED': '1', 'HOSTTYPE': 'x86_64', 'CMAKE_PREFIX_PATH': '/opt/ros/jazzy/opt/gz_sim_vendor:/opt/ros/jazzy/opt/gz_sensors_vendor:/opt/ros/jazzy/opt/gz_physics_vendor:/opt/ros/jazzy/opt/sdformat_vendor:/opt/ros/jazzy/opt/gz_gui_vendor:/opt/ros/jazzy/opt/gz_transport_vendor:/opt/ros/jazzy/opt/gz_rendering_vendor:/opt/ros/jazzy/opt/gz_plugin_vendor:/opt/ros/jazzy/opt/gz_fuel_tools_vendor:/opt/ros/jazzy/opt/gz_msgs_vendor:/opt/ros/jazzy/opt/gz_common_vendor:/opt/ros/jazzy/opt/gz_math_vendor:/opt/ros/jazzy/opt/gz_utils_vendor:/opt/ros/jazzy/opt/gz_tools_vendor:/opt/ros/jazzy/opt/gz_ogre_next_vendor:/opt/ros/jazzy/opt/gz_dartsim_vendor:/opt/ros/jazzy/opt/gz_cmake_vendor:/opt/ros/jazzy', 'WSLENV': 'ELECTRON_RUN_AS_NODE/w:'}), 'shell': False}
[162.597376] (-) TimerEvent: {}
[162.698192] (-) TimerEvent: {}
[162.740818] (examples_rclcpp_minimal_subscriber) StdoutLine: {'line': b'[  4%] \x1b[32mBuilding CXX object CMakeFiles/subscriber_member_function.dir/member_function.cpp.o\x1b[0m\n'}
[162.741333] (examples_rclcpp_minimal_subscriber) StdoutLine: {'line': b'[  8%] \x1b[32mBuilding CXX object CMakeFiles/subscriber_member_function_with_type_adapter.dir/member_function_with_type_adapter.cpp.o\x1b[0m\n'}
[162.741555] (examples_rclcpp_minimal_subscriber) StdoutLine: {'line': b'[ 12%] \x1b[32mBuilding CXX object CMakeFiles/subscriber_lambda.dir/lambda.cpp.o\x1b[0m\n'}
[162.742164] (examples_rclcpp_minimal_subscriber) StdoutLine: {'line': b'[ 16%] \x1b[32mBuilding CXX object CMakeFiles/static_wait_set_subscriber.dir/rclcpp_components/node_main_static_wait_set_subscriber.cpp.o\x1b[0m\n'}
[162.742832] (examples_rclcpp_minimal_subscriber) StdoutLine: {'line': b'[ 25%] \x1b[32mBuilding CXX object CMakeFiles/wait_set_subscriber.dir/rclcpp_components/node_main_wait_set_subscriber.cpp.o\x1b[0m\n'}
[162.743150] (examples_rclcpp_minimal_subscriber) StdoutLine: {'line': b'[ 25%] \x1b[32mBuilding CXX object CMakeFiles/wait_set_subscriber_library.dir/wait_set_subscriber.cpp.o\x1b[0m\n'}
[162.743619] (examples_rclcpp_minimal_subscriber) StdoutLine: {'line': b'[ 29%] \x1b[32mBuilding CXX object CMakeFiles/subscriber_member_function_with_unique_network_flow_endpoints.dir/member_function_with_unique_network_flow_endpoints.cpp.o\x1b[0m\n'}
[162.744195] (examples_rclcpp_minimal_subscriber) StdoutLine: {'line': b'[ 33%] \x1b[32mBuilding CXX object CMakeFiles/subscriber_content_filtering.dir/content_filtering.cpp.o\x1b[0m\n'}
[162.750929] (examples_rclcpp_minimal_subscriber) StdoutLine: {'line': b'[ 37%] \x1b[32mBuilding CXX object CMakeFiles/time_triggered_wait_set_subscriber.dir/rclcpp_components/node_main_time_triggered_wait_set_subscriber.cpp.o\x1b[0m\n'}
[162.751399] (examples_rclcpp_minimal_subscriber) StdoutLine: {'line': b'[ 41%] \x1b[32mBuilding CXX object CMakeFiles/wait_set_subscriber_library.dir/time_triggered_wait_set_subscriber.cpp.o\x1b[0m\n'}
[162.753410] (examples_rclcpp_minimal_subscriber) StdoutLine: {'line': b'[ 50%] \x1b[32mBuilding CXX object CMakeFiles/subscriber_not_composable.dir/not_composable.cpp.o\x1b[0m\n'}
[162.753984] (examples_rclcpp_minimal_subscriber) StdoutLine: {'line': b'[ 50%] \x1b[32mBuilding CXX object CMakeFiles/subscriber_member_function_with_topic_statistics.dir/member_function_with_topic_statistics.cpp.o\x1b[0m\n'}
[162.757567] (examples_rclcpp_minimal_subscriber) StdoutLine: {'line': b'[ 54%] \x1b[32mBuilding CXX object CMakeFiles/wait_set_subscriber_library.dir/static_wait_set_subscriber.cpp.o\x1b[0m\n'}
[162.798336] (-) TimerEvent: {}
[162.898971] (-) TimerEvent: {}
[163.002513] (-) TimerEvent: {}
[163.103685] (-) TimerEvent: {}
[163.205169] (-) TimerEvent: {}
[163.306469] (-) TimerEvent: {}
[163.407818] (-) TimerEvent: {}
[163.509486] (-) TimerEvent: {}
[163.611213] (-) TimerEvent: {}
[163.712506] (-) TimerEvent: {}
[163.813922] (-) TimerEvent: {}
[163.915695] (-) TimerEvent: {}
[164.017273] (-) TimerEvent: {}
[164.118582] (-) TimerEvent: {}
[164.220251] (-) TimerEvent: {}
[164.329235] (-) TimerEvent: {}
[164.430804] (-) TimerEvent: {}
[164.532283] (-) TimerEvent: {}
[164.633565] (-) TimerEvent: {}
[164.735324] (-) TimerEvent: {}
[164.836844] (-) TimerEvent: {}
[164.938351] (-) TimerEvent: {}
[165.040465] (-) TimerEvent: {}
[165.142584] (-) TimerEvent: {}
[165.244639] (-) TimerEvent: {}
[165.346762] (-) TimerEvent: {}
[165.448060] (-) TimerEvent: {}
[165.549489] (-) TimerEvent: {}
[165.650970] (-) TimerEvent: {}
[165.752959] (-) TimerEvent: {}
[165.854726] (-) TimerEvent: {}
[165.956109] (-) TimerEvent: {}
[166.057430] (-) TimerEvent: {}
[166.158691] (-) TimerEvent: {}
[166.260098] (-) TimerEvent: {}
[166.365194] (-) TimerEvent: {}
[166.466547] (-) TimerEvent: {}
[166.568197] (-) TimerEvent: {}
[166.669729] (-) TimerEvent: {}
[166.771369] (-) TimerEvent: {}
[166.873054] (-) TimerEvent: {}
[166.974730] (-) TimerEvent: {}
[167.076241] (-) TimerEvent: {}
[167.177763] (-) TimerEvent: {}
[167.279331] (-) TimerEvent: {}
[167.380720] (-) TimerEvent: {}
[167.482192] (-) TimerEvent: {}
[167.583610] (-) TimerEvent: {}
[167.684807] (-) TimerEvent: {}
[167.786137] (-) TimerEvent: {}
[167.887554] (-) TimerEvent: {}
[167.988935] (-) TimerEvent: {}
[168.090487] (-) TimerEvent: {}
[168.191958] (-) TimerEvent: {}
[168.293828] (-) TimerEvent: {}
[168.396084] (-) TimerEvent: {}
[168.497418] (-) TimerEvent: {}
[168.599245] (-) TimerEvent: {}
[168.700922] (-) TimerEvent: {}
[168.802196] (-) TimerEvent: {}
[168.904058] (-) TimerEvent: {}
[169.005551] (-) TimerEvent: {}
[169.106772] (-) TimerEvent: {}
[169.208172] (-) TimerEvent: {}
[169.310213] (-) TimerEvent: {}
[169.412155] (-) TimerEvent: {}
[169.513477] (-) TimerEvent: {}
[169.614706] (-) TimerEvent: {}
[169.716209] (-) TimerEvent: {}
[169.817738] (-) TimerEvent: {}
[169.919247] (-) TimerEvent: {}
[170.020768] (-) TimerEvent: {}
[170.122062] (-) TimerEvent: {}
[170.223288] (-) TimerEvent: {}
[170.324788] (-) TimerEvent: {}
[170.426005] (-) TimerEvent: {}
[170.527172] (-) TimerEvent: {}
[170.666014] (-) TimerEvent: {}
[170.767319] (-) TimerEvent: {}
[170.868834] (-) TimerEvent: {}
[170.970126] (-) TimerEvent: {}
[171.071275] (-) TimerEvent: {}
[171.172762] (-) TimerEvent: {}
[171.274419] (-) TimerEvent: {}
[171.376248] (-) TimerEvent: {}
[171.478469] (-) TimerEvent: {}
[171.579987] (-) TimerEvent: {}
[171.681301] (-) TimerEvent: {}
[171.783309] (-) TimerEvent: {}
[171.885133] (-) TimerEvent: {}
[171.987332] (-) TimerEvent: {}
[172.089099] (-) TimerEvent: {}
[172.324115] (-) TimerEvent: {}
[172.437415] (-) TimerEvent: {}
[172.538770] (-) TimerEvent: {}
[172.640037] (-) TimerEvent: {}
[172.741326] (-) TimerEvent: {}
[172.842832] (-) TimerEvent: {}
[172.944101] (-) TimerEvent: {}
[173.045275] (-) TimerEvent: {}
[173.146423] (-) TimerEvent: {}
[173.247857] (-) TimerEvent: {}
[173.352306] (-) TimerEvent: {}
[173.453506] (-) TimerEvent: {}
[173.554750] (-) TimerEvent: {}
[173.655955] (-) TimerEvent: {}
[173.757395] (-) TimerEvent: {}
[173.859159] (-) TimerEvent: {}
[173.960547] (-) TimerEvent: {}
[174.061942] (-) TimerEvent: {}
[174.163178] (-) TimerEvent: {}
[174.264412] (-) TimerEvent: {}
[174.365718] (-) TimerEvent: {}
[174.466732] (-) TimerEvent: {}
[174.569381] (-) TimerEvent: {}
[174.670679] (-) TimerEvent: {}
[174.772307] (-) TimerEvent: {}
[174.873715] (-) TimerEvent: {}
[174.974947] (-) TimerEvent: {}
[175.076148] (-) TimerEvent: {}
[175.177453] (-) TimerEvent: {}
[175.278652] (-) TimerEvent: {}
[175.379929] (-) TimerEvent: {}
[175.481184] (-) TimerEvent: {}
[175.582507] (-) TimerEvent: {}
[175.683708] (-) TimerEvent: {}
[175.784987] (-) TimerEvent: {}
[175.886278] (-) TimerEvent: {}
[175.987553] (-) TimerEvent: {}
[176.088884] (-) TimerEvent: {}
[176.190164] (-) TimerEvent: {}
[176.291447] (-) TimerEvent: {}
[176.393161] (-) TimerEvent: {}
[176.494359] (-) TimerEvent: {}
[176.595931] (-) TimerEvent: {}
[176.697372] (-) TimerEvent: {}
[176.852182] (-) TimerEvent: {}
[176.953304] (-) TimerEvent: {}
[177.057570] (-) TimerEvent: {}
[177.158996] (-) TimerEvent: {}
[177.260337] (-) TimerEvent: {}
[177.362313] (-) TimerEvent: {}
[177.463489] (-) TimerEvent: {}
[177.564481] (-) TimerEvent: {}
[177.665272] (-) TimerEvent: {}
[177.766129] (-) TimerEvent: {}
[177.866952] (-) TimerEvent: {}
[177.967878] (-) TimerEvent: {}
[178.068857] (-) TimerEvent: {}
[178.169772] (-) TimerEvent: {}
[178.271520] (-) TimerEvent: {}
[178.372504] (-) TimerEvent: {}
[178.473775] (-) TimerEvent: {}
[178.574551] (-) TimerEvent: {}
[178.675384] (-) TimerEvent: {}
[178.779699] (-) TimerEvent: {}
[178.880595] (-) TimerEvent: {}
[178.981574] (-) TimerEvent: {}
[179.082412] (-) TimerEvent: {}
[179.183462] (-) TimerEvent: {}
[179.284503] (-) TimerEvent: {}
[179.388928] (-) TimerEvent: {}
[179.493439] (-) TimerEvent: {}
[179.595487] (-) TimerEvent: {}
[179.696880] (-) TimerEvent: {}
[179.797672] (-) TimerEvent: {}
[179.898372] (-) TimerEvent: {}
[179.999224] (-) TimerEvent: {}
[180.099990] (-) TimerEvent: {}
[180.205118] (-) TimerEvent: {}
[180.306161] (-) TimerEvent: {}
[180.406981] (-) TimerEvent: {}
[180.508096] (-) TimerEvent: {}
[180.613618] (-) TimerEvent: {}
[180.714510] (-) TimerEvent: {}
[180.815425] (-) TimerEvent: {}
[180.916444] (-) TimerEvent: {}
[181.023889] (-) TimerEvent: {}
[181.124507] (-) TimerEvent: {}
[181.225216] (-) TimerEvent: {}
[181.326706] (-) TimerEvent: {}
[181.434738] (-) TimerEvent: {}
[181.535989] (-) TimerEvent: {}
[181.636948] (-) TimerEvent: {}
[181.738094] (-) TimerEvent: {}
[181.839008] (-) TimerEvent: {}
[181.939945] (-) TimerEvent: {}
[182.045513] (-) TimerEvent: {}
[182.146452] (-) TimerEvent: {}
[182.247948] (-) TimerEvent: {}
[182.352451] (-) TimerEvent: {}
[182.460379] (-) TimerEvent: {}
[182.561397] (-) TimerEvent: {}
[182.666370] (-) TimerEvent: {}
[182.767252] (-) TimerEvent: {}
[182.868194] (-) TimerEvent: {}
[182.969173] (-) TimerEvent: {}
[183.070218] (-) TimerEvent: {}
[183.171322] (-) TimerEvent: {}
[183.272058] (-) TimerEvent: {}
[183.374124] (-) TimerEvent: {}
[183.475058] (-) TimerEvent: {}
[183.576070] (-) TimerEvent: {}
[183.676814] (-) TimerEvent: {}
[183.777862] (-) TimerEvent: {}
[183.878906] (-) TimerEvent: {}
[183.979819] (-) TimerEvent: {}
[184.080579] (-) TimerEvent: {}
[184.181552] (-) TimerEvent: {}
[184.282721] (-) TimerEvent: {}
[184.383415] (-) TimerEvent: {}
[184.484587] (-) TimerEvent: {}
[184.585542] (-) TimerEvent: {}
[184.686945] (-) TimerEvent: {}
[184.787944] (-) TimerEvent: {}
[184.888852] (-) TimerEvent: {}
[184.989607] (-) TimerEvent: {}
[185.108091] (-) TimerEvent: {}
[185.212008] (-) TimerEvent: {}
[185.313848] (-) TimerEvent: {}
[185.414577] (-) TimerEvent: {}
[185.515387] (-) TimerEvent: {}
[185.616375] (-) TimerEvent: {}
[185.717075] (-) TimerEvent: {}
[185.817888] (-) TimerEvent: {}
[185.918640] (-) TimerEvent: {}
[186.019443] (-) TimerEvent: {}
[186.120274] (-) TimerEvent: {}
[186.221094] (-) TimerEvent: {}
[186.326055] (-) TimerEvent: {}
[186.434620] (-) TimerEvent: {}
[186.536018] (-) TimerEvent: {}
[186.637325] (-) TimerEvent: {}
[186.738054] (-) TimerEvent: {}
[186.841412] (-) TimerEvent: {}
[186.942649] (-) TimerEvent: {}
[187.043416] (-) TimerEvent: {}
[187.144646] (-) TimerEvent: {}
[187.245730] (-) TimerEvent: {}
[187.346955] (-) TimerEvent: {}
[187.447600] (-) TimerEvent: {}
[187.548265] (-) TimerEvent: {}
[187.648896] (-) TimerEvent: {}
[187.749991] (-) TimerEvent: {}
[187.851529] (-) TimerEvent: {}
[187.952782] (-) TimerEvent: {}
[188.054263] (-) TimerEvent: {}
[188.155282] (-) TimerEvent: {}
[188.256731] (-) TimerEvent: {}
[188.357903] (-) TimerEvent: {}
[188.458723] (-) TimerEvent: {}
[188.559366] (-) TimerEvent: {}
[188.660091] (-) TimerEvent: {}
[188.674752] (examples_rclcpp_minimal_subscriber) StdoutLine: {'line': b'[ 58%] \x1b[32m\x1b[1mLinking CXX executable wait_set_subscriber\x1b[0m\n'}
[188.760246] (-) TimerEvent: {}
[188.860950] (-) TimerEvent: {}
[188.961646] (-) TimerEvent: {}
[189.062303] (-) TimerEvent: {}
[189.163061] (-) TimerEvent: {}
[189.263755] (-) TimerEvent: {}
[189.364377] (-) TimerEvent: {}
[189.464994] (-) TimerEvent: {}
[189.565739] (-) TimerEvent: {}
[189.666370] (-) TimerEvent: {}
[189.767097] (-) TimerEvent: {}
[189.867869] (-) TimerEvent: {}
[189.968601] (-) TimerEvent: {}
[190.069343] (-) TimerEvent: {}
[190.170119] (-) TimerEvent: {}
[190.271010] (-) TimerEvent: {}
[190.371888] (-) TimerEvent: {}
[190.472786] (-) TimerEvent: {}
[190.573592] (-) TimerEvent: {}
[190.674548] (-) TimerEvent: {}
[190.775359] (-) TimerEvent: {}
[190.876150] (-) TimerEvent: {}
[190.977015] (-) TimerEvent: {}
[191.069504] (examples_rclcpp_minimal_subscriber) StdoutLine: {'line': b'[ 58%] Built target wait_set_subscriber\n'}
[191.077331] (-) TimerEvent: {}
[191.178271] (-) TimerEvent: {}
[191.279304] (-) TimerEvent: {}
[191.380168] (-) TimerEvent: {}
[191.480850] (-) TimerEvent: {}
[191.581596] (-) TimerEvent: {}
[191.682325] (-) TimerEvent: {}
[191.783129] (-) TimerEvent: {}
[191.883913] (-) TimerEvent: {}
[191.984721] (-) TimerEvent: {}
[192.085434] (-) TimerEvent: {}
[192.186197] (-) TimerEvent: {}
[192.286985] (-) TimerEvent: {}
[192.387847] (-) TimerEvent: {}
[192.488564] (-) TimerEvent: {}
[192.589376] (-) TimerEvent: {}
[192.690226] (-) TimerEvent: {}
[192.791446] (-) TimerEvent: {}
[192.893129] (-) TimerEvent: {}
[192.994436] (-) TimerEvent: {}
[193.095937] (-) TimerEvent: {}
[193.196884] (-) TimerEvent: {}
[193.297977] (-) TimerEvent: {}
[193.399314] (-) TimerEvent: {}
[193.500509] (-) TimerEvent: {}
[193.601761] (-) TimerEvent: {}
[193.703062] (-) TimerEvent: {}
[193.804374] (-) TimerEvent: {}
[193.905391] (-) TimerEvent: {}
[194.006451] (-) TimerEvent: {}
[194.107543] (-) TimerEvent: {}
[194.208812] (-) TimerEvent: {}
[194.309610] (-) TimerEvent: {}
[194.410926] (-) TimerEvent: {}
[194.512154] (-) TimerEvent: {}
[194.613386] (-) TimerEvent: {}
[194.714574] (-) TimerEvent: {}
[194.815403] (-) TimerEvent: {}
[194.916292] (-) TimerEvent: {}
[195.017005] (-) TimerEvent: {}
[195.117781] (-) TimerEvent: {}
[195.218594] (-) TimerEvent: {}
[195.319396] (-) TimerEvent: {}
[195.420253] (-) TimerEvent: {}
[195.524260] (-) TimerEvent: {}
[195.627351] (-) TimerEvent: {}
[195.700468] (examples_rclcpp_minimal_subscriber) StdoutLine: {'line': b'[ 62%] \x1b[32m\x1b[1mLinking CXX executable static_wait_set_subscriber\x1b[0m\n'}
[195.727965] (-) TimerEvent: {}
[195.829672] (-) TimerEvent: {}
[195.930950] (-) TimerEvent: {}
[196.032229] (-) TimerEvent: {}
[196.133126] (-) TimerEvent: {}
[196.235598] (-) TimerEvent: {}
[196.337814] (-) TimerEvent: {}
[196.439508] (-) TimerEvent: {}
[196.541567] (-) TimerEvent: {}
[196.642746] (-) TimerEvent: {}
[196.743677] (-) TimerEvent: {}
[196.844824] (-) TimerEvent: {}
[196.946133] (-) TimerEvent: {}
[197.047456] (-) TimerEvent: {}
[197.150002] (-) TimerEvent: {}
[197.251137] (-) TimerEvent: {}
[197.352247] (-) TimerEvent: {}
[197.457753] (-) TimerEvent: {}
[197.559270] (-) TimerEvent: {}
[197.611610] (examples_rclcpp_minimal_subscriber) StdoutLine: {'line': b'[ 62%] Built target static_wait_set_subscriber\n'}
[197.660163] (-) TimerEvent: {}
[197.762665] (-) TimerEvent: {}
[197.864926] (-) TimerEvent: {}
[197.967145] (-) TimerEvent: {}
[198.069168] (-) TimerEvent: {}
[198.171032] (-) TimerEvent: {}
[198.273189] (-) TimerEvent: {}
[198.374523] (-) TimerEvent: {}
[198.476690] (-) TimerEvent: {}
[198.578510] (-) TimerEvent: {}
[198.680098] (-) TimerEvent: {}
[198.781693] (-) TimerEvent: {}
[198.883479] (-) TimerEvent: {}
[198.985587] (-) TimerEvent: {}
[199.087399] (-) TimerEvent: {}
[199.189329] (-) TimerEvent: {}
[199.291169] (-) TimerEvent: {}
[199.392310] (-) TimerEvent: {}
[199.493795] (-) TimerEvent: {}
[199.595693] (-) TimerEvent: {}
[199.697480] (-) TimerEvent: {}
[199.798994] (-) TimerEvent: {}
[199.901044] (-) TimerEvent: {}
[200.002853] (-) TimerEvent: {}
[200.104536] (-) TimerEvent: {}
[200.206342] (-) TimerEvent: {}
[200.308013] (-) TimerEvent: {}
[200.409940] (-) TimerEvent: {}
[200.511252] (-) TimerEvent: {}
[200.612242] (-) TimerEvent: {}
[200.713155] (-) TimerEvent: {}
[200.814458] (-) TimerEvent: {}
[200.915993] (-) TimerEvent: {}
[201.017286] (-) TimerEvent: {}
[201.118470] (-) TimerEvent: {}
[201.220328] (-) TimerEvent: {}
[201.321567] (-) TimerEvent: {}
[201.424380] (-) TimerEvent: {}
[201.525949] (-) TimerEvent: {}
[201.627448] (-) TimerEvent: {}
[201.729097] (-) TimerEvent: {}
[201.830239] (-) TimerEvent: {}
[201.931377] (-) TimerEvent: {}
[202.034068] (-) TimerEvent: {}
[202.135236] (-) TimerEvent: {}
[202.236455] (-) TimerEvent: {}
[202.337725] (-) TimerEvent: {}
[202.438757] (-) TimerEvent: {}
[202.540307] (-) TimerEvent: {}
[202.641657] (-) TimerEvent: {}
[202.743056] (-) TimerEvent: {}
[202.844743] (-) TimerEvent: {}
[202.946549] (-) TimerEvent: {}
[203.047823] (-) TimerEvent: {}
[203.149088] (-) TimerEvent: {}
[203.250370] (-) TimerEvent: {}
[203.273258] (examples_rclcpp_minimal_subscriber) StdoutLine: {'line': b'[ 66%] \x1b[32m\x1b[1mLinking CXX executable time_triggered_wait_set_subscriber\x1b[0m\n'}
[203.350776] (-) TimerEvent: {}
[203.452443] (-) TimerEvent: {}
[203.554178] (-) TimerEvent: {}
[203.655001] (-) TimerEvent: {}
[203.755878] (-) TimerEvent: {}
[203.856994] (-) TimerEvent: {}
[203.958360] (-) TimerEvent: {}
[204.059965] (-) TimerEvent: {}
[204.161518] (-) TimerEvent: {}
[204.263047] (-) TimerEvent: {}
[204.364613] (-) TimerEvent: {}
[204.465717] (-) TimerEvent: {}
[204.567168] (-) TimerEvent: {}
[204.668527] (-) TimerEvent: {}
[204.769899] (-) TimerEvent: {}
[204.871076] (-) TimerEvent: {}
[204.924865] (examples_rclcpp_minimal_subscriber) StdoutLine: {'line': b'[ 66%] Built target time_triggered_wait_set_subscriber\n'}
[204.971416] (-) TimerEvent: {}
[205.072846] (-) TimerEvent: {}
[205.174071] (-) TimerEvent: {}
[205.275318] (-) TimerEvent: {}
[205.376722] (-) TimerEvent: {}
[205.477788] (-) TimerEvent: {}
[205.578622] (-) TimerEvent: {}
[205.679661] (-) TimerEvent: {}
[205.780460] (-) TimerEvent: {}
[205.881296] (-) TimerEvent: {}
[205.982239] (-) TimerEvent: {}
[206.083492] (-) TimerEvent: {}
[206.184704] (-) TimerEvent: {}
[206.285519] (-) TimerEvent: {}
[206.386425] (-) TimerEvent: {}
[206.487324] (-) TimerEvent: {}
[206.588301] (-) TimerEvent: {}
[206.689094] (-) TimerEvent: {}
[206.789973] (-) TimerEvent: {}
[206.890762] (-) TimerEvent: {}
[206.991564] (-) TimerEvent: {}
[207.092470] (-) TimerEvent: {}
[207.193402] (-) TimerEvent: {}
[207.294450] (-) TimerEvent: {}
[207.395377] (-) TimerEvent: {}
[207.496720] (-) TimerEvent: {}
[207.597709] (-) TimerEvent: {}
[207.699037] (-) TimerEvent: {}
[207.800042] (-) TimerEvent: {}
[207.900923] (-) TimerEvent: {}
[208.002145] (-) TimerEvent: {}
[208.103027] (-) TimerEvent: {}
[208.203931] (-) TimerEvent: {}
[208.305070] (-) TimerEvent: {}
[208.406225] (-) TimerEvent: {}
[208.507545] (-) TimerEvent: {}
[208.608593] (-) TimerEvent: {}
[208.710025] (-) TimerEvent: {}
[208.811303] (-) TimerEvent: {}
[208.912470] (-) TimerEvent: {}
[209.013557] (-) TimerEvent: {}
[209.114506] (-) TimerEvent: {}
[209.215169] (-) TimerEvent: {}
[209.316388] (-) TimerEvent: {}
[209.417695] (-) TimerEvent: {}
[209.518443] (-) TimerEvent: {}
[209.636356] (-) TimerEvent: {}
[209.749748] (-) TimerEvent: {}
[209.850537] (-) TimerEvent: {}
[209.951290] (-) TimerEvent: {}
[210.052250] (-) TimerEvent: {}
[210.153215] (-) TimerEvent: {}
[210.253957] (-) TimerEvent: {}
[210.356276] (-) TimerEvent: {}
[210.457403] (-) TimerEvent: {}
[210.571682] (-) TimerEvent: {}
[210.672699] (-) TimerEvent: {}
[210.773521] (-) TimerEvent: {}
[210.874391] (-) TimerEvent: {}
[210.976710] (-) TimerEvent: {}
[211.077568] (-) TimerEvent: {}
[211.178619] (-) TimerEvent: {}
[211.279709] (-) TimerEvent: {}
[211.380533] (-) TimerEvent: {}
[211.481394] (-) TimerEvent: {}
[211.582281] (-) TimerEvent: {}
[211.683296] (-) TimerEvent: {}
[211.784141] (-) TimerEvent: {}
[211.884922] (-) TimerEvent: {}
[211.985686] (-) TimerEvent: {}
[212.086586] (-) TimerEvent: {}
[212.187687] (-) TimerEvent: {}
[212.288547] (-) TimerEvent: {}
[212.389358] (-) TimerEvent: {}
[212.490177] (-) TimerEvent: {}
[212.591088] (-) TimerEvent: {}
[212.693383] (-) TimerEvent: {}
[212.794771] (-) TimerEvent: {}
[212.895659] (-) TimerEvent: {}
[212.996527] (-) TimerEvent: {}
[213.097484] (-) TimerEvent: {}
[213.198585] (-) TimerEvent: {}
[213.299496] (-) TimerEvent: {}
[213.400431] (-) TimerEvent: {}
[213.501325] (-) TimerEvent: {}
[213.602148] (-) TimerEvent: {}
[213.703052] (-) TimerEvent: {}
[213.803941] (-) TimerEvent: {}
[213.904743] (-) TimerEvent: {}
[214.005581] (-) TimerEvent: {}
[214.106319] (-) TimerEvent: {}
[214.207151] (-) TimerEvent: {}
[214.308016] (-) TimerEvent: {}
[214.408825] (-) TimerEvent: {}
[214.509714] (-) TimerEvent: {}
[214.610592] (-) TimerEvent: {}
[214.711353] (-) TimerEvent: {}
[214.814378] (-) TimerEvent: {}
[214.915234] (-) TimerEvent: {}
[215.016059] (-) TimerEvent: {}
[215.119462] (examples_rclcpp_minimal_subscriber) StdoutLine: {'line': b'[ 70%] \x1b[32m\x1b[1mLinking CXX executable subscriber_member_function\x1b[0m\n'}
[215.120535] (-) TimerEvent: {}
[215.221416] (-) TimerEvent: {}
[215.322577] (-) TimerEvent: {}
[215.423439] (-) TimerEvent: {}
[215.524467] (-) TimerEvent: {}
[215.625849] (-) TimerEvent: {}
[215.726557] (-) TimerEvent: {}
[215.827447] (-) TimerEvent: {}
[215.928414] (-) TimerEvent: {}
[216.029164] (-) TimerEvent: {}
[216.129948] (-) TimerEvent: {}
[216.230889] (-) TimerEvent: {}
[216.331703] (-) TimerEvent: {}
[216.432650] (-) TimerEvent: {}
[216.533445] (-) TimerEvent: {}
[216.634500] (-) TimerEvent: {}
[216.735498] (-) TimerEvent: {}
[216.836555] (-) TimerEvent: {}
[216.937336] (-) TimerEvent: {}
[217.038176] (-) TimerEvent: {}
[217.139024] (-) TimerEvent: {}
[217.239813] (-) TimerEvent: {}
[217.340505] (-) TimerEvent: {}
[217.441371] (-) TimerEvent: {}
[217.443566] (examples_rclcpp_minimal_subscriber) StdoutLine: {'line': b'[ 70%] Built target subscriber_member_function\n'}
[217.541647] (-) TimerEvent: {}
[217.642618] (-) TimerEvent: {}
[217.649744] (examples_rclcpp_minimal_subscriber) StdoutLine: {'line': b'[ 75%] \x1b[32m\x1b[1mLinking CXX executable subscriber_content_filtering\x1b[0m\n'}
[217.742904] (-) TimerEvent: {}
[217.843645] (-) TimerEvent: {}
[217.944560] (-) TimerEvent: {}
[218.036227] (examples_rclcpp_minimal_subscriber) StdoutLine: {'line': b'[ 79%] \x1b[32m\x1b[1mLinking CXX executable subscriber_lambda\x1b[0m\n'}
[218.044895] (-) TimerEvent: {}
[218.146182] (-) TimerEvent: {}
[218.247007] (-) TimerEvent: {}
[218.347872] (-) TimerEvent: {}
[218.448693] (-) TimerEvent: {}
[218.549495] (-) TimerEvent: {}
[218.650343] (-) TimerEvent: {}
[218.751203] (-) TimerEvent: {}
[218.852167] (-) TimerEvent: {}
[218.953367] (-) TimerEvent: {}
[219.054404] (-) TimerEvent: {}
[219.155463] (-) TimerEvent: {}
[219.256473] (-) TimerEvent: {}
[219.292276] (examples_rclcpp_minimal_subscriber) StdoutLine: {'line': b'[ 79%] Built target subscriber_content_filtering\n'}
[219.356746] (-) TimerEvent: {}
[219.457552] (-) TimerEvent: {}
[219.558348] (-) TimerEvent: {}
[219.659257] (-) TimerEvent: {}
[219.760018] (-) TimerEvent: {}
[219.860776] (-) TimerEvent: {}
[219.920899] (examples_rclcpp_minimal_subscriber) StdoutLine: {'line': b'[ 79%] Built target subscriber_lambda\n'}
[219.961041] (-) TimerEvent: {}
[220.061955] (-) TimerEvent: {}
[220.162703] (-) TimerEvent: {}
[220.263592] (-) TimerEvent: {}
[220.364473] (-) TimerEvent: {}
[220.465302] (-) TimerEvent: {}
[220.567027] (-) TimerEvent: {}
[220.668473] (-) TimerEvent: {}
[220.769228] (-) TimerEvent: {}
[220.869995] (-) TimerEvent: {}
[220.971276] (-) TimerEvent: {}
[221.072136] (-) TimerEvent: {}
[221.173428] (-) TimerEvent: {}
[221.274672] (-) TimerEvent: {}
[221.375634] (-) TimerEvent: {}
[221.477805] (-) TimerEvent: {}
[221.579000] (-) TimerEvent: {}
[221.680326] (-) TimerEvent: {}
[221.781600] (-) TimerEvent: {}
[221.882335] (-) TimerEvent: {}
[221.983102] (-) TimerEvent: {}
[222.083888] (-) TimerEvent: {}
[222.184772] (-) TimerEvent: {}
[222.285784] (-) TimerEvent: {}
[222.387076] (-) TimerEvent: {}
[222.488353] (-) TimerEvent: {}
[222.589081] (-) TimerEvent: {}
[222.690154] (-) TimerEvent: {}
[222.790818] (-) TimerEvent: {}
[222.891943] (-) TimerEvent: {}
[222.970364] (examples_rclcpp_minimal_subscriber) StdoutLine: {'line': b'[ 83%] \x1b[32m\x1b[1mLinking CXX executable subscriber_member_function_with_type_adapter\x1b[0m\n'}
[222.992142] (-) TimerEvent: {}
[223.092949] (-) TimerEvent: {}
[223.193467] (-) TimerEvent: {}
[223.294235] (-) TimerEvent: {}
[223.394983] (-) TimerEvent: {}
[223.495605] (-) TimerEvent: {}
[223.596325] (-) TimerEvent: {}
[223.633827] (examples_rclcpp_minimal_subscriber) StdoutLine: {'line': b'[ 87%] \x1b[32m\x1b[1mLinking CXX executable subscriber_not_composable\x1b[0m\n'}
[223.696560] (-) TimerEvent: {}
[223.797266] (-) TimerEvent: {}
[223.829304] (examples_rclcpp_minimal_subscriber) StdoutLine: {'line': b'[ 91%] \x1b[32m\x1b[1mLinking CXX executable subscriber_member_function_with_unique_network_flow_endpoints\x1b[0m\n'}
[223.897457] (-) TimerEvent: {}
[223.971889] (examples_rclcpp_minimal_subscriber) StdoutLine: {'line': b'[ 91%] Built target subscriber_member_function_with_type_adapter\n'}
[223.997791] (-) TimerEvent: {}
[224.098375] (-) TimerEvent: {}
[224.199065] (-) TimerEvent: {}
[224.299928] (-) TimerEvent: {}
[224.400562] (-) TimerEvent: {}
[224.501310] (-) TimerEvent: {}
[224.520824] (examples_rclcpp_minimal_subscriber) StdoutLine: {'line': b'[ 91%] Built target subscriber_not_composable\n'}
[224.601631] (-) TimerEvent: {}
[224.702180] (-) TimerEvent: {}
[224.759629] (examples_rclcpp_minimal_subscriber) StdoutLine: {'line': b'[ 91%] Built target subscriber_member_function_with_unique_network_flow_endpoints\n'}
[224.802456] (-) TimerEvent: {}
[224.903017] (-) TimerEvent: {}
[225.003776] (-) TimerEvent: {}
[225.104355] (-) TimerEvent: {}
[225.124353] (examples_rclcpp_minimal_subscriber) StdoutLine: {'line': b'[ 95%] \x1b[32m\x1b[1mLinking CXX executable subscriber_member_function_with_topic_statistics\x1b[0m\n'}
[225.204606] (-) TimerEvent: {}
[225.305144] (-) TimerEvent: {}
[225.405648] (-) TimerEvent: {}
[225.506120] (-) TimerEvent: {}
[225.607057] (-) TimerEvent: {}
[225.708434] (-) TimerEvent: {}
[225.809344] (-) TimerEvent: {}
[225.910183] (-) TimerEvent: {}
[225.926549] (examples_rclcpp_minimal_subscriber) StdoutLine: {'line': b'[ 95%] Built target subscriber_member_function_with_topic_statistics\n'}
[226.010304] (-) TimerEvent: {}
[226.110838] (-) TimerEvent: {}
[226.211245] (-) TimerEvent: {}
[226.311787] (-) TimerEvent: {}
[226.412418] (-) TimerEvent: {}
[226.513092] (-) TimerEvent: {}
[226.614268] (-) TimerEvent: {}
[226.715298] (-) TimerEvent: {}
[226.816194] (-) TimerEvent: {}
[226.916670] (-) TimerEvent: {}
[227.017405] (-) TimerEvent: {}
[227.058760] (examples_rclcpp_minimal_subscriber) StdoutLine: {'line': b'[100%] \x1b[32m\x1b[1mLinking CXX shared library libwait_set_subscriber_library.so\x1b[0m\n'}
[227.117648] (-) TimerEvent: {}
[227.218188] (-) TimerEvent: {}
[227.318763] (-) TimerEvent: {}
[227.419250] (-) TimerEvent: {}
[227.520159] (-) TimerEvent: {}
[227.621347] (-) TimerEvent: {}
[227.723155] (-) TimerEvent: {}
[227.824899] (-) TimerEvent: {}
[227.926770] (-) TimerEvent: {}
[228.028310] (-) TimerEvent: {}
[228.130103] (-) TimerEvent: {}
[228.232152] (-) TimerEvent: {}
[228.334587] (-) TimerEvent: {}
[228.435986] (-) TimerEvent: {}
[228.538224] (-) TimerEvent: {}
[228.584604] (examples_rclcpp_minimal_subscriber) StdoutLine: {'line': b'[100%] Built target wait_set_subscriber_library\n'}
[228.638472] (-) TimerEvent: {}
[228.688308] (examples_rclcpp_minimal_subscriber) CommandEnded: {'returncode': 0}
[228.718999] (examples_rclcpp_minimal_subscriber) JobProgress: {'identifier': 'examples_rclcpp_minimal_subscriber', 'progress': 'install'}
[228.723032] (examples_rclcpp_minimal_subscriber) Command: {'cmd': ['/usr/bin/cmake', '--install', '/home/zhang/rosprc_ws/build/examples_rclcpp_minimal_subscriber'], 'cwd': '/home/zhang/rosprc_ws/build/examples_rclcpp_minimal_subscriber', 'env': OrderedDict({'LESSOPEN': '| /usr/bin/lesspipe %s', 'GZ_SIM_RESOURCE_PATH': '/opt/ros/jazzy/share', 'USER': 'zhang', 'GZ_CONFIG_PATH': '/opt/ros/jazzy/opt/gz_sim_vendor/share/gz:/opt/ros/jazzy/opt/sdformat_vendor/share/gz:/opt/ros/jazzy/opt/gz_gui_vendor/share/gz:/opt/ros/jazzy/opt/gz_transport_vendor/share/gz:/opt/ros/jazzy/opt/gz_rendering_vendor/share/gz:/opt/ros/jazzy/opt/gz_plugin_vendor/share/gz:/opt/ros/jazzy/opt/gz_fuel_tools_vendor/share/gz:/opt/ros/jazzy/opt/gz_msgs_vendor/share/gz:/opt/ros/jazzy/opt/gz_common_vendor/share/gz', 'GIT_ASKPASS': '/home/zhang/.vscode-server/bin/e4c7e7b1d6d060162f4aa7f8225271b67ce1df75/extensions/git/dist/askpass.sh', 'SHLVL': '2', 'LIBGL_ALWAYS_SOFTWARE': '0', 'LD_LIBRARY_PATH': '/opt/ros/jazzy/opt/gz_sim_vendor/lib:/opt/ros/jazzy/opt/gz_sensors_vendor/lib:/opt/ros/jazzy/opt/gz_physics_vendor/lib:/opt/ros/jazzy/opt/sdformat_vendor/lib:/opt/ros/jazzy/opt/rviz_ogre_vendor/lib:/opt/ros/jazzy/lib/x86_64-linux-gnu:/opt/ros/jazzy/opt/gz_gui_vendor/lib:/opt/ros/jazzy/opt/gz_transport_vendor/lib:/opt/ros/jazzy/opt/gz_rendering_vendor/lib:/opt/ros/jazzy/opt/gz_plugin_vendor/lib:/opt/ros/jazzy/opt/gz_fuel_tools_vendor/lib:/opt/ros/jazzy/opt/gz_msgs_vendor/lib:/opt/ros/jazzy/opt/gz_common_vendor/lib:/opt/ros/jazzy/opt/gz_math_vendor/lib:/opt/ros/jazzy/opt/gz_utils_vendor/lib:/opt/ros/jazzy/opt/gz_tools_vendor/lib:/opt/ros/jazzy/opt/gz_ogre_next_vendor/lib:/opt/ros/jazzy/opt/gz_dartsim_vendor/lib:/opt/ros/jazzy/opt/gz_cmake_vendor/lib:/opt/ros/jazzy/lib', 'HOME': '/home/zhang', 'TERM_PROGRAM_VERSION': '1.131.0', 'VSCODE_IPC_HOOK_CLI': '/run/user/1001/vscode-ipc-d537498f-331a-41d4-bf91-51cd2386a755.sock', 'ROS_PYTHON_VERSION': '3', 'VSCODE_GIT_ASKPASS_MAIN': '/home/zhang/.vscode-server/bin/e4c7e7b1d6d060162f4aa7f8225271b67ce1df75/extensions/git/dist/askpass-main.js', 'VSCODE_GIT_ASKPASS_NODE': '/home/zhang/.vscode-server/bin/e4c7e7b1d6d060162f4aa7f8225271b67ce1df75/node', 'VSCODE_PYTHON_AUTOACTIVATE_GUARD': '1', 'DBUS_SESSION_BUS_ADDRESS': 'unix:path=/run/user/1001/bus', 'COLORTERM': 'truecolor', 'WSL_DISTRO_NAME': 'Ubuntu', 'WAYLAND_DISPLAY': 'wayland-0', 'ROS_DISTRO': 'jazzy', 'LOGNAME': 'zhang', 'NAME': 'Code', 'WSL_INTEROP': '/run/WSL/6274_interop', 'PULSE_SERVER': 'unix:/mnt/wslg/PulseServer', '_': '/usr/bin/colcon', 'ROS_VERSION': '2', 'CLAUDE_CODE_SSE_PORT': '21165', 'TERM': 'xterm-256color', 'PATH': '/home/zhang/.vscode-server/data/User/globalStorage/github.copilot-chat/debugCommand:/home/zhang/.vscode-server/data/User/globalStorage/github.copilot-chat/copilotCli:/home/zhang/.vscode-server/bin/e4c7e7b1d6d060162f4aa7f8225271b67ce1df75/bin/remote-cli:/opt/ros/jazzy/opt/gz_msgs_vendor/bin:/opt/ros/jazzy/opt/gz_tools_vendor/bin:/opt/ros/jazzy/opt/gz_ogre_next_vendor/bin:/opt/ros/jazzy/bin:/usr/local/sbin:/usr/local/bin:/usr/sbin:/usr/bin:/sbin:/bin:/usr/games:/usr/local/games:/usr/lib/wsl/lib:/mnt/c/Program Files/PowerShell/7:/mnt/c/Users/Zhang/AppData/Roaming/Code/User/globalStorage/github.copilot-chat/debugCommand:/mnt/c/Users/Zhang/AppData/Roaming/Code/User/globalStorage/github.copilot-chat/copilotCli:/mnt/c/WINDOWS/system32:/mnt/c/WINDOWS:/mnt/c/WINDOWS/System32/Wbem:/mnt/c/WINDOWS/System32/WindowsPowerShell/v1.0/:/mnt/c/WINDOWS/System32/OpenSSH/:/mnt/c/Program Files/Git/cmd:/mnt/c/Program Files/MATLAB/R2025b/bin:/mnt/c/Program Files/dotnet/:/mnt/c/Program Files/PowerShell/7/:/mnt/c/Users/Zhang/AppData/Local/Programs/Python/Python314/Scripts/:/mnt/c/Users/Zhang/AppData/Local/Programs/Python/Python314/:/mnt/c/Users/Zhang/.local/bin:/mnt/c/Users/Zhang/AppData/Local/Microsoft/WindowsApps:/mnt/c/Users/Zhang/AppData/Local/Programs/Microsoft VS Code/bin:/mnt/c/Program Files/Processing/:/snap/bin', 'XDG_RUNTIME_DIR': '/run/user/1001', 'DISPLAY': ':0', 'LANG': 'en_US.UTF-8', 'LS_COLORS': 'rs=0:di=01;34:ln=01;36:mh=00:pi=40;33:so=01;35:do=01;35:bd=40;33;01:cd=40;33;01:or=40;31;01:mi=00:su=37;41:sg=30;43:ca=00:tw=30;42:ow=34;42:st=37;44:ex=01;32:*.tar=01;31:*.tgz=01;31:*.arc=01;31:*.arj=01;31:*.taz=01;31:*.lha=01;31:*.lz4=01;31:*.lzh=01;31:*.lzma=01;31:*.tlz=01;31:*.txz=01;31:*.tzo=01;31:*.t7z=01;31:*.zip=01;31:*.z=01;31:*.dz=01;31:*.gz=01;31:*.lrz=01;31:*.lz=01;31:*.lzo=01;31:*.xz=01;31:*.zst=01;31:*.tzst=01;31:*.bz2=01;31:*.bz=01;31:*.tbz=01;31:*.tbz2=01;31:*.tz=01;31:*.deb=01;31:*.rpm=01;31:*.jar=01;31:*.war=01;31:*.ear=01;31:*.sar=01;31:*.rar=01;31:*.alz=01;31:*.ace=01;31:*.zoo=01;31:*.cpio=01;31:*.7z=01;31:*.rz=01;31:*.cab=01;31:*.wim=01;31:*.swm=01;31:*.dwm=01;31:*.esd=01;31:*.avif=01;35:*.jpg=01;35:*.jpeg=01;35:*.mjpg=01;35:*.mjpeg=01;35:*.gif=01;35:*.bmp=01;35:*.pbm=01;35:*.pgm=01;35:*.ppm=01;35:*.tga=01;35:*.xbm=01;35:*.xpm=01;35:*.tif=01;35:*.tiff=01;35:*.png=01;35:*.svg=01;35:*.svgz=01;35:*.mng=01;35:*.pcx=01;35:*.mov=01;35:*.mpg=01;35:*.mpeg=01;35:*.m2v=01;35:*.mkv=01;35:*.webm=01;35:*.webp=01;35:*.ogm=01;35:*.mp4=01;35:*.m4v=01;35:*.mp4v=01;35:*.vob=01;35:*.qt=01;35:*.nuv=01;35:*.wmv=01;35:*.asf=01;35:*.rm=01;35:*.rmvb=01;35:*.flc=01;35:*.avi=01;35:*.fli=01;35:*.flv=01;35:*.gl=01;35:*.dl=01;35:*.xcf=01;35:*.xwd=01;35:*.yuv=01;35:*.cgm=01;35:*.emf=01;35:*.ogv=01;35:*.ogx=01;35:*.aac=00;36:*.au=00;36:*.flac=00;36:*.m4a=00;36:*.mid=00;36:*.midi=00;36:*.mka=00;36:*.mp3=00;36:*.mpc=00;36:*.ogg=00;36:*.ra=00;36:*.wav=00;36:*.oga=00;36:*.opus=00;36:*.spx=00;36:*.xspf=00;36:*~=00;90:*#=00;90:*.bak=00;90:*.crdownload=00;90:*.dpkg-dist=00;90:*.dpkg-new=00;90:*.dpkg-old=00;90:*.dpkg-tmp=00;90:*.old=00;90:*.orig=00;90:*.part=00;90:*.rej=00;90:*.rpmnew=00;90:*.rpmorig=00;90:*.rpmsave=00;90:*.swp=00;90:*.tmp=00;90:*.ucf-dist=00;90:*.ucf-new=00;90:*.ucf-old=00;90:', 'VSCODE_GIT_IPC_HANDLE': '/run/user/1001/vscode-git-82e1d75d12.sock', 'TERM_PROGRAM': 'vscode', 'AMENT_PREFIX_PATH': '/opt/ros/jazzy', 'SHELL': '/bin/bash', 'LESSCLOSE': '/usr/bin/lesspipe %s %s', 'GALLIUM_DRIVER': 'd3d12', 'ROS_AUTOMATIC_DISCOVERY_RANGE': 'SUBNET', 'VSCODE_GIT_ASKPASS_EXTRA_ARGS': '', 'PWD': '/home/zhang/rosprc_ws/build/examples_rclcpp_minimal_subscriber', 'TURTLEBOT3_MODEL': 'burger', 'COPILOT_DEBUG_NONCE': '503c6a609ad3c4b1656ae504fee63388', 'XDG_DATA_DIRS': '/usr/local/share:/usr/share:/var/lib/snapd/desktop', 'PYTHONPATH': '/opt/ros/jazzy/lib/python3.12/site-packages', 'COLCON': '1', 'WSL2_GUI_APPS_ENABLED': '1', 'HOSTTYPE': 'x86_64', 'CMAKE_PREFIX_PATH': '/opt/ros/jazzy/opt/gz_sim_vendor:/opt/ros/jazzy/opt/gz_sensors_vendor:/opt/ros/jazzy/opt/gz_physics_vendor:/opt/ros/jazzy/opt/sdformat_vendor:/opt/ros/jazzy/opt/gz_gui_vendor:/opt/ros/jazzy/opt/gz_transport_vendor:/opt/ros/jazzy/opt/gz_rendering_vendor:/opt/ros/jazzy/opt/gz_plugin_vendor:/opt/ros/jazzy/opt/gz_fuel_tools_vendor:/opt/ros/jazzy/opt/gz_msgs_vendor:/opt/ros/jazzy/opt/gz_common_vendor:/opt/ros/jazzy/opt/gz_math_vendor:/opt/ros/jazzy/opt/gz_utils_vendor:/opt/ros/jazzy/opt/gz_tools_vendor:/opt/ros/jazzy/opt/gz_ogre_next_vendor:/opt/ros/jazzy/opt/gz_dartsim_vendor:/opt/ros/jazzy/opt/gz_cmake_vendor:/opt/ros/jazzy', 'WSLENV': 'ELECTRON_RUN_AS_NODE/w:'}), 'shell': False}
[228.745080] (-) TimerEvent: {}
[228.768191] (examples_rclcpp_minimal_subscriber) StdoutLine: {'line': b'-- Install configuration: ""\n'}
[228.772580] (examples_rclcpp_minimal_subscriber) StdoutLine: {'line': b'-- Execute custom install script\n'}
[228.776919] (examples_rclcpp_minimal_subscriber) StdoutLine: {'line': b'-- Symlinking: /home/zhang/rosprc_ws/install/examples_rclcpp_minimal_subscriber/lib/examples_rclcpp_minimal_subscriber/wait_set_subscriber\n'}
[228.799627] (examples_rclcpp_minimal_subscriber) StdoutLine: {'line': b'-- Symlinking: /home/zhang/rosprc_ws/install/examples_rclcpp_minimal_subscriber/lib/examples_rclcpp_minimal_subscriber/static_wait_set_subscriber\n'}
[228.819079] (examples_rclcpp_minimal_subscriber) StdoutLine: {'line': b'-- Symlinking: /home/zhang/rosprc_ws/install/examples_rclcpp_minimal_subscriber/lib/examples_rclcpp_minimal_subscriber/time_triggered_wait_set_subscriber\n'}
[228.838469] (examples_rclcpp_minimal_subscriber) StdoutLine: {'line': b'-- Symlinking: /home/zhang/rosprc_ws/install/examples_rclcpp_minimal_subscriber/lib/libwait_set_subscriber_library.so\n'}
[228.845398] (-) TimerEvent: {}
[228.856978] (examples_rclcpp_minimal_subscriber) StdoutLine: {'line': b'-- Symlinking: /home/zhang/rosprc_ws/install/examples_rclcpp_minimal_subscriber/lib/examples_rclcpp_minimal_subscriber/subscriber_lambda\n'}
[228.873700] (examples_rclcpp_minimal_subscriber) StdoutLine: {'line': b'-- Symlinking: /home/zhang/rosprc_ws/install/examples_rclcpp_minimal_subscriber/lib/examples_rclcpp_minimal_subscriber/subscriber_member_function\n'}
[228.895412] (examples_rclcpp_minimal_subscriber) StdoutLine: {'line': b'-- Symlinking: /home/zhang/rosprc_ws/install/examples_rclcpp_minimal_subscriber/lib/examples_rclcpp_minimal_subscriber/subscriber_member_function_with_topic_statistics\n'}
[228.913240] (examples_rclcpp_minimal_subscriber) StdoutLine: {'line': b'-- Symlinking: /home/zhang/rosprc_ws/install/examples_rclcpp_minimal_subscriber/lib/examples_rclcpp_minimal_subscriber/subscriber_member_function_with_type_adapter\n'}
[228.934535] (examples_rclcpp_minimal_subscriber) StdoutLine: {'line': b'-- Symlinking: /home/zhang/rosprc_ws/install/examples_rclcpp_minimal_subscriber/lib/examples_rclcpp_minimal_subscriber/subscriber_member_function_with_unique_network_flow_endpoints\n'}
[228.945796] (-) TimerEvent: {}
[228.954726] (examples_rclcpp_minimal_subscriber) StdoutLine: {'line': b'-- Symlinking: /home/zhang/rosprc_ws/install/examples_rclcpp_minimal_subscriber/lib/examples_rclcpp_minimal_subscriber/subscriber_not_composable\n'}
[228.971379] (examples_rclcpp_minimal_subscriber) StdoutLine: {'line': b'-- Symlinking: /home/zhang/rosprc_ws/install/examples_rclcpp_minimal_subscriber/lib/examples_rclcpp_minimal_subscriber/subscriber_content_filtering\n'}
[228.985513] (examples_rclcpp_minimal_subscriber) StdoutLine: {'line': b'-- Symlinking: /home/zhang/rosprc_ws/install/examples_rclcpp_minimal_subscriber/share/ament_index/resource_index/package_run_dependencies/examples_rclcpp_minimal_subscriber\n'}
[228.998430] (examples_rclcpp_minimal_subscriber) StdoutLine: {'line': b'-- Symlinking: /home/zhang/rosprc_ws/install/examples_rclcpp_minimal_subscriber/share/ament_index/resource_index/parent_prefix_path/examples_rclcpp_minimal_subscriber\n'}
[229.014396] (examples_rclcpp_minimal_subscriber) StdoutLine: {'line': b'-- Symlinking: /home/zhang/rosprc_ws/install/examples_rclcpp_minimal_subscriber/share/examples_rclcpp_minimal_subscriber/environment/ament_prefix_path.sh\n'}
[229.030977] (examples_rclcpp_minimal_subscriber) StdoutLine: {'line': b'-- Symlinking: /home/zhang/rosprc_ws/install/examples_rclcpp_minimal_subscriber/share/examples_rclcpp_minimal_subscriber/environment/ament_prefix_path.dsv\n'}
[229.046252] (-) TimerEvent: {}
[229.046619] (examples_rclcpp_minimal_subscriber) StdoutLine: {'line': b'-- Symlinking: /home/zhang/rosprc_ws/install/examples_rclcpp_minimal_subscriber/share/examples_rclcpp_minimal_subscriber/environment/path.sh\n'}
[229.059821] (examples_rclcpp_minimal_subscriber) StdoutLine: {'line': b'-- Symlinking: /home/zhang/rosprc_ws/install/examples_rclcpp_minimal_subscriber/share/examples_rclcpp_minimal_subscriber/environment/path.dsv\n'}
[229.077496] (examples_rclcpp_minimal_subscriber) StdoutLine: {'line': b'-- Symlinking: /home/zhang/rosprc_ws/install/examples_rclcpp_minimal_subscriber/share/examples_rclcpp_minimal_subscriber/local_setup.bash\n'}
[229.093242] (examples_rclcpp_minimal_subscriber) StdoutLine: {'line': b'-- Symlinking: /home/zhang/rosprc_ws/install/examples_rclcpp_minimal_subscriber/share/examples_rclcpp_minimal_subscriber/local_setup.sh\n'}
[229.115817] (examples_rclcpp_minimal_subscriber) StdoutLine: {'line': b'-- Symlinking: /home/zhang/rosprc_ws/install/examples_rclcpp_minimal_subscriber/share/examples_rclcpp_minimal_subscriber/local_setup.zsh\n'}
[229.138189] (examples_rclcpp_minimal_subscriber) StdoutLine: {'line': b'-- Symlinking: /home/zhang/rosprc_ws/install/examples_rclcpp_minimal_subscriber/share/examples_rclcpp_minimal_subscriber/local_setup.dsv\n'}
[229.146655] (-) TimerEvent: {}
[229.160179] (examples_rclcpp_minimal_subscriber) StdoutLine: {'line': b'-- Symlinking: /home/zhang/rosprc_ws/install/examples_rclcpp_minimal_subscriber/share/examples_rclcpp_minimal_subscriber/package.dsv\n'}
[229.180218] (examples_rclcpp_minimal_subscriber) StdoutLine: {'line': b'-- Symlinking: /home/zhang/rosprc_ws/install/examples_rclcpp_minimal_subscriber/share/ament_index/resource_index/packages/examples_rclcpp_minimal_subscriber\n'}
[229.199539] (examples_rclcpp_minimal_subscriber) StdoutLine: {'line': b'-- Symlinking: /home/zhang/rosprc_ws/install/examples_rclcpp_minimal_subscriber/share/ament_index/resource_index/rclcpp_components/examples_rclcpp_minimal_subscriber\n'}
[229.219123] (examples_rclcpp_minimal_subscriber) StdoutLine: {'line': b'-- Symlinking: /home/zhang/rosprc_ws/install/examples_rclcpp_minimal_subscriber/share/examples_rclcpp_minimal_subscriber/cmake/examples_rclcpp_minimal_subscriberConfig.cmake\n'}
[229.247348] (-) TimerEvent: {}
[229.250863] (examples_rclcpp_minimal_subscriber) StdoutLine: {'line': b'-- Symlinking: /home/zhang/rosprc_ws/install/examples_rclcpp_minimal_subscriber/share/examples_rclcpp_minimal_subscriber/cmake/examples_rclcpp_minimal_subscriberConfig-version.cmake\n'}
[229.274177] (examples_rclcpp_minimal_subscriber) StdoutLine: {'line': b'-- Symlinking: /home/zhang/rosprc_ws/install/examples_rclcpp_minimal_subscriber/share/examples_rclcpp_minimal_subscriber/package.xml\n'}
[229.305215] (examples_rclcpp_minimal_subscriber) CommandEnded: {'returncode': 0}
[229.348049] (-) TimerEvent: {}
[229.413045] (examples_rclcpp_minimal_subscriber) JobEnded: {'identifier': 'examples_rclcpp_minimal_subscriber', 'rc': 0}
[229.423003] (examples_rclcpp_minimal_timer) JobStarted: {'identifier': 'examples_rclcpp_minimal_timer'}
[229.447656] (examples_rclcpp_minimal_timer) JobProgress: {'identifier': 'examples_rclcpp_minimal_timer', 'progress': 'cmake'}
[229.448719] (-) TimerEvent: {}
[229.455060] (examples_rclcpp_minimal_timer) JobProgress: {'identifier': 'examples_rclcpp_minimal_timer', 'progress': 'build'}
[229.456946] (examples_rclcpp_minimal_timer) Command: {'cmd': ['/usr/bin/cmake', '--build', '/home/zhang/rosprc_ws/build/examples_rclcpp_minimal_timer', '--', '-j20', '-l20'], 'cwd': '/home/zhang/rosprc_ws/build/examples_rclcpp_minimal_timer', 'env': OrderedDict({'LESSOPEN': '| /usr/bin/lesspipe %s', 'GZ_SIM_RESOURCE_PATH': '/opt/ros/jazzy/share', 'USER': 'zhang', 'GZ_CONFIG_PATH': '/opt/ros/jazzy/opt/gz_sim_vendor/share/gz:/opt/ros/jazzy/opt/sdformat_vendor/share/gz:/opt/ros/jazzy/opt/gz_gui_vendor/share/gz:/opt/ros/jazzy/opt/gz_transport_vendor/share/gz:/opt/ros/jazzy/opt/gz_rendering_vendor/share/gz:/opt/ros/jazzy/opt/gz_plugin_vendor/share/gz:/opt/ros/jazzy/opt/gz_fuel_tools_vendor/share/gz:/opt/ros/jazzy/opt/gz_msgs_vendor/share/gz:/opt/ros/jazzy/opt/gz_common_vendor/share/gz', 'GIT_ASKPASS': '/home/zhang/.vscode-server/bin/e4c7e7b1d6d060162f4aa7f8225271b67ce1df75/extensions/git/dist/askpass.sh', 'SHLVL': '2', 'LIBGL_ALWAYS_SOFTWARE': '0', 'LD_LIBRARY_PATH': '/opt/ros/jazzy/opt/gz_sim_vendor/lib:/opt/ros/jazzy/opt/gz_sensors_vendor/lib:/opt/ros/jazzy/opt/gz_physics_vendor/lib:/opt/ros/jazzy/opt/sdformat_vendor/lib:/opt/ros/jazzy/opt/rviz_ogre_vendor/lib:/opt/ros/jazzy/lib/x86_64-linux-gnu:/opt/ros/jazzy/opt/gz_gui_vendor/lib:/opt/ros/jazzy/opt/gz_transport_vendor/lib:/opt/ros/jazzy/opt/gz_rendering_vendor/lib:/opt/ros/jazzy/opt/gz_plugin_vendor/lib:/opt/ros/jazzy/opt/gz_fuel_tools_vendor/lib:/opt/ros/jazzy/opt/gz_msgs_vendor/lib:/opt/ros/jazzy/opt/gz_common_vendor/lib:/opt/ros/jazzy/opt/gz_math_vendor/lib:/opt/ros/jazzy/opt/gz_utils_vendor/lib:/opt/ros/jazzy/opt/gz_tools_vendor/lib:/opt/ros/jazzy/opt/gz_ogre_next_vendor/lib:/opt/ros/jazzy/opt/gz_dartsim_vendor/lib:/opt/ros/jazzy/opt/gz_cmake_vendor/lib:/opt/ros/jazzy/lib', 'HOME': '/home/zhang', 'TERM_PROGRAM_VERSION': '1.131.0', 'VSCODE_IPC_HOOK_CLI': '/run/user/1001/vscode-ipc-d537498f-331a-41d4-bf91-51cd2386a755.sock', 'ROS_PYTHON_VERSION': '3', 'VSCODE_GIT_ASKPASS_MAIN': '/home/zhang/.vscode-server/bin/e4c7e7b1d6d060162f4aa7f8225271b67ce1df75/extensions/git/dist/askpass-main.js', 'VSCODE_GIT_ASKPASS_NODE': '/home/zhang/.vscode-server/bin/e4c7e7b1d6d060162f4aa7f8225271b67ce1df75/node', 'VSCODE_PYTHON_AUTOACTIVATE_GUARD': '1', 'DBUS_SESSION_BUS_ADDRESS': 'unix:path=/run/user/1001/bus', 'COLORTERM': 'truecolor', 'WSL_DISTRO_NAME': 'Ubuntu', 'WAYLAND_DISPLAY': 'wayland-0', 'ROS_DISTRO': 'jazzy', 'LOGNAME': 'zhang', 'NAME': 'Code', 'WSL_INTEROP': '/run/WSL/6274_interop', 'PULSE_SERVER': 'unix:/mnt/wslg/PulseServer', '_': '/usr/bin/colcon', 'ROS_VERSION': '2', 'CLAUDE_CODE_SSE_PORT': '21165', 'TERM': 'xterm-256color', 'PATH': '/home/zhang/.vscode-server/data/User/globalStorage/github.copilot-chat/debugCommand:/home/zhang/.vscode-server/data/User/globalStorage/github.copilot-chat/copilotCli:/home/zhang/.vscode-server/bin/e4c7e7b1d6d060162f4aa7f8225271b67ce1df75/bin/remote-cli:/opt/ros/jazzy/opt/gz_msgs_vendor/bin:/opt/ros/jazzy/opt/gz_tools_vendor/bin:/opt/ros/jazzy/opt/gz_ogre_next_vendor/bin:/opt/ros/jazzy/bin:/usr/local/sbin:/usr/local/bin:/usr/sbin:/usr/bin:/sbin:/bin:/usr/games:/usr/local/games:/usr/lib/wsl/lib:/mnt/c/Program Files/PowerShell/7:/mnt/c/Users/Zhang/AppData/Roaming/Code/User/globalStorage/github.copilot-chat/debugCommand:/mnt/c/Users/Zhang/AppData/Roaming/Code/User/globalStorage/github.copilot-chat/copilotCli:/mnt/c/WINDOWS/system32:/mnt/c/WINDOWS:/mnt/c/WINDOWS/System32/Wbem:/mnt/c/WINDOWS/System32/WindowsPowerShell/v1.0/:/mnt/c/WINDOWS/System32/OpenSSH/:/mnt/c/Program Files/Git/cmd:/mnt/c/Program Files/MATLAB/R2025b/bin:/mnt/c/Program Files/dotnet/:/mnt/c/Program Files/PowerShell/7/:/mnt/c/Users/Zhang/AppData/Local/Programs/Python/Python314/Scripts/:/mnt/c/Users/Zhang/AppData/Local/Programs/Python/Python314/:/mnt/c/Users/Zhang/.local/bin:/mnt/c/Users/Zhang/AppData/Local/Microsoft/WindowsApps:/mnt/c/Users/Zhang/AppData/Local/Programs/Microsoft VS Code/bin:/mnt/c/Program Files/Processing/:/snap/bin', 'XDG_RUNTIME_DIR': '/run/user/1001', 'DISPLAY': ':0', 'LANG': 'en_US.UTF-8', 'LS_COLORS': 'rs=0:di=01;34:ln=01;36:mh=00:pi=40;33:so=01;35:do=01;35:bd=40;33;01:cd=40;33;01:or=40;31;01:mi=00:su=37;41:sg=30;43:ca=00:tw=30;42:ow=34;42:st=37;44:ex=01;32:*.tar=01;31:*.tgz=01;31:*.arc=01;31:*.arj=01;31:*.taz=01;31:*.lha=01;31:*.lz4=01;31:*.lzh=01;31:*.lzma=01;31:*.tlz=01;31:*.txz=01;31:*.tzo=01;31:*.t7z=01;31:*.zip=01;31:*.z=01;31:*.dz=01;31:*.gz=01;31:*.lrz=01;31:*.lz=01;31:*.lzo=01;31:*.xz=01;31:*.zst=01;31:*.tzst=01;31:*.bz2=01;31:*.bz=01;31:*.tbz=01;31:*.tbz2=01;31:*.tz=01;31:*.deb=01;31:*.rpm=01;31:*.jar=01;31:*.war=01;31:*.ear=01;31:*.sar=01;31:*.rar=01;31:*.alz=01;31:*.ace=01;31:*.zoo=01;31:*.cpio=01;31:*.7z=01;31:*.rz=01;31:*.cab=01;31:*.wim=01;31:*.swm=01;31:*.dwm=01;31:*.esd=01;31:*.avif=01;35:*.jpg=01;35:*.jpeg=01;35:*.mjpg=01;35:*.mjpeg=01;35:*.gif=01;35:*.bmp=01;35:*.pbm=01;35:*.pgm=01;35:*.ppm=01;35:*.tga=01;35:*.xbm=01;35:*.xpm=01;35:*.tif=01;35:*.tiff=01;35:*.png=01;35:*.svg=01;35:*.svgz=01;35:*.mng=01;35:*.pcx=01;35:*.mov=01;35:*.mpg=01;35:*.mpeg=01;35:*.m2v=01;35:*.mkv=01;35:*.webm=01;35:*.webp=01;35:*.ogm=01;35:*.mp4=01;35:*.m4v=01;35:*.mp4v=01;35:*.vob=01;35:*.qt=01;35:*.nuv=01;35:*.wmv=01;35:*.asf=01;35:*.rm=01;35:*.rmvb=01;35:*.flc=01;35:*.avi=01;35:*.fli=01;35:*.flv=01;35:*.gl=01;35:*.dl=01;35:*.xcf=01;35:*.xwd=01;35:*.yuv=01;35:*.cgm=01;35:*.emf=01;35:*.ogv=01;35:*.ogx=01;35:*.aac=00;36:*.au=00;36:*.flac=00;36:*.m4a=00;36:*.mid=00;36:*.midi=00;36:*.mka=00;36:*.mp3=00;36:*.mpc=00;36:*.ogg=00;36:*.ra=00;36:*.wav=00;36:*.oga=00;36:*.opus=00;36:*.spx=00;36:*.xspf=00;36:*~=00;90:*#=00;90:*.bak=00;90:*.crdownload=00;90:*.dpkg-dist=00;90:*.dpkg-new=00;90:*.dpkg-old=00;90:*.dpkg-tmp=00;90:*.old=00;90:*.orig=00;90:*.part=00;90:*.rej=00;90:*.rpmnew=00;90:*.rpmorig=00;90:*.rpmsave=00;90:*.swp=00;90:*.tmp=00;90:*.ucf-dist=00;90:*.ucf-new=00;90:*.ucf-old=00;90:', 'VSCODE_GIT_IPC_HANDLE': '/run/user/1001/vscode-git-82e1d75d12.sock', 'TERM_PROGRAM': 'vscode', 'AMENT_PREFIX_PATH': '/opt/ros/jazzy', 'SHELL': '/bin/bash', 'LESSCLOSE': '/usr/bin/lesspipe %s %s', 'GALLIUM_DRIVER': 'd3d12', 'ROS_AUTOMATIC_DISCOVERY_RANGE': 'SUBNET', 'VSCODE_GIT_ASKPASS_EXTRA_ARGS': '', 'PWD': '/home/zhang/rosprc_ws/build/examples_rclcpp_minimal_timer', 'TURTLEBOT3_MODEL': 'burger', 'COPILOT_DEBUG_NONCE': '503c6a609ad3c4b1656ae504fee63388', 'XDG_DATA_DIRS': '/usr/local/share:/usr/share:/var/lib/snapd/desktop', 'PYTHONPATH': '/opt/ros/jazzy/lib/python3.12/site-packages', 'COLCON': '1', 'WSL2_GUI_APPS_ENABLED': '1', 'HOSTTYPE': 'x86_64', 'CMAKE_PREFIX_PATH': '/opt/ros/jazzy/opt/gz_sim_vendor:/opt/ros/jazzy/opt/gz_sensors_vendor:/opt/ros/jazzy/opt/gz_physics_vendor:/opt/ros/jazzy/opt/sdformat_vendor:/opt/ros/jazzy/opt/gz_gui_vendor:/opt/ros/jazzy/opt/gz_transport_vendor:/opt/ros/jazzy/opt/gz_rendering_vendor:/opt/ros/jazzy/opt/gz_plugin_vendor:/opt/ros/jazzy/opt/gz_fuel_tools_vendor:/opt/ros/jazzy/opt/gz_msgs_vendor:/opt/ros/jazzy/opt/gz_common_vendor:/opt/ros/jazzy/opt/gz_math_vendor:/opt/ros/jazzy/opt/gz_utils_vendor:/opt/ros/jazzy/opt/gz_tools_vendor:/opt/ros/jazzy/opt/gz_ogre_next_vendor:/opt/ros/jazzy/opt/gz_dartsim_vendor:/opt/ros/jazzy/opt/gz_cmake_vendor:/opt/ros/jazzy', 'WSLENV': 'ELECTRON_RUN_AS_NODE/w:'}), 'shell': False}
[229.549489] (-) TimerEvent: {}
[229.618126] (examples_rclcpp_minimal_timer) StdoutLine: {'line': b'[ 25%] \x1b[32mBuilding CXX object CMakeFiles/timer_lambda.dir/lambda.cpp.o\x1b[0m\n'}
[229.618583] (examples_rclcpp_minimal_timer) StdoutLine: {'line': b'[ 50%] \x1b[32mBuilding CXX object CMakeFiles/timer_member_function.dir/member_function.cpp.o\x1b[0m\n'}
[229.650050] (-) TimerEvent: {}
[229.751343] (-) TimerEvent: {}
[229.852785] (-) TimerEvent: {}
[229.954033] (-) TimerEvent: {}
[230.055386] (-) TimerEvent: {}
[230.156824] (-) TimerEvent: {}
[230.258269] (-) TimerEvent: {}
[230.359651] (-) TimerEvent: {}
[230.461027] (-) TimerEvent: {}
[230.562298] (-) TimerEvent: {}
[230.663799] (-) TimerEvent: {}
[230.765156] (-) TimerEvent: {}
[230.866427] (-) TimerEvent: {}
[230.967531] (-) TimerEvent: {}
[231.068544] (-) TimerEvent: {}
[231.169542] (-) TimerEvent: {}
[231.270580] (-) TimerEvent: {}
[231.371408] (-) TimerEvent: {}
[231.472317] (-) TimerEvent: {}
[231.573321] (-) TimerEvent: {}
[231.674087] (-) TimerEvent: {}
[231.774922] (-) TimerEvent: {}
[231.875689] (-) TimerEvent: {}
[231.976936] (-) TimerEvent: {}
[232.077791] (-) TimerEvent: {}
[232.178719] (-) TimerEvent: {}
[232.279609] (-) TimerEvent: {}
[232.380609] (-) TimerEvent: {}
[232.481500] (-) TimerEvent: {}
[232.582450] (-) TimerEvent: {}
[232.683573] (-) TimerEvent: {}
[232.784659] (-) TimerEvent: {}
[232.885675] (-) TimerEvent: {}
[232.986432] (-) TimerEvent: {}
[233.087113] (-) TimerEvent: {}
[233.188016] (-) TimerEvent: {}
[233.289410] (-) TimerEvent: {}
[233.390701] (-) TimerEvent: {}
[233.492019] (-) TimerEvent: {}
[233.593205] (-) TimerEvent: {}
[233.694280] (-) TimerEvent: {}
[233.795525] (-) TimerEvent: {}
[233.896510] (-) TimerEvent: {}
[233.997954] (-) TimerEvent: {}
[234.098713] (-) TimerEvent: {}
[234.199679] (-) TimerEvent: {}
[234.301281] (-) TimerEvent: {}
[234.402534] (-) TimerEvent: {}
[234.503880] (-) TimerEvent: {}
[234.605036] (-) TimerEvent: {}
[234.706620] (-) TimerEvent: {}
[234.807795] (-) TimerEvent: {}
[234.908910] (-) TimerEvent: {}
[235.009937] (-) TimerEvent: {}
[235.110663] (-) TimerEvent: {}
[235.211172] (-) TimerEvent: {}
[235.312004] (-) TimerEvent: {}
[235.412480] (-) TimerEvent: {}
[235.512988] (-) TimerEvent: {}
[235.613692] (-) TimerEvent: {}
[235.714979] (-) TimerEvent: {}
[235.815982] (-) TimerEvent: {}
[235.916748] (-) TimerEvent: {}
[236.017974] (-) TimerEvent: {}
[236.124275] (-) TimerEvent: {}
[236.224986] (-) TimerEvent: {}
[236.325813] (-) TimerEvent: {}
[236.426877] (-) TimerEvent: {}
[236.528045] (-) TimerEvent: {}
[236.629294] (-) TimerEvent: {}
[236.730184] (-) TimerEvent: {}
[236.830956] (-) TimerEvent: {}
[236.932027] (-) TimerEvent: {}
[237.033113] (-) TimerEvent: {}
[237.134263] (-) TimerEvent: {}
[237.235431] (-) TimerEvent: {}
[237.336172] (-) TimerEvent: {}
[237.437283] (-) TimerEvent: {}
[237.538364] (-) TimerEvent: {}
[237.639046] (-) TimerEvent: {}
[237.739834] (-) TimerEvent: {}
[237.840699] (-) TimerEvent: {}
[237.941941] (-) TimerEvent: {}
[238.042582] (-) TimerEvent: {}
[238.143105] (-) TimerEvent: {}
[238.242232] (examples_rclcpp_minimal_timer) StdoutLine: {'line': b'[ 75%] \x1b[32m\x1b[1mLinking CXX executable timer_lambda\x1b[0m\n'}
[238.243275] (-) TimerEvent: {}
[238.343764] (-) TimerEvent: {}
[238.390203] (examples_rclcpp_minimal_timer) StdoutLine: {'line': b'[100%] \x1b[32m\x1b[1mLinking CXX executable timer_member_function\x1b[0m\n'}
[238.443884] (-) TimerEvent: {}
[238.544894] (-) TimerEvent: {}
[238.646691] (-) TimerEvent: {}
[238.748407] (-) TimerEvent: {}
[238.849780] (-) TimerEvent: {}
[238.950578] (-) TimerEvent: {}
[239.051228] (-) TimerEvent: {}
[239.071551] (examples_rclcpp_minimal_timer) StdoutLine: {'line': b'[100%] Built target timer_lambda\n'}
[239.151948] (-) TimerEvent: {}
[239.253089] (-) TimerEvent: {}
[239.315702] (examples_rclcpp_minimal_timer) StdoutLine: {'line': b'[100%] Built target timer_member_function\n'}
[239.353783] (-) TimerEvent: {}
[239.357784] (examples_rclcpp_minimal_timer) CommandEnded: {'returncode': 0}
[239.365517] (examples_rclcpp_minimal_timer) JobProgress: {'identifier': 'examples_rclcpp_minimal_timer', 'progress': 'install'}
[239.369063] (examples_rclcpp_minimal_timer) Command: {'cmd': ['/usr/bin/cmake', '--install', '/home/zhang/rosprc_ws/build/examples_rclcpp_minimal_timer'], 'cwd': '/home/zhang/rosprc_ws/build/examples_rclcpp_minimal_timer', 'env': OrderedDict({'LESSOPEN': '| /usr/bin/lesspipe %s', 'GZ_SIM_RESOURCE_PATH': '/opt/ros/jazzy/share', 'USER': 'zhang', 'GZ_CONFIG_PATH': '/opt/ros/jazzy/opt/gz_sim_vendor/share/gz:/opt/ros/jazzy/opt/sdformat_vendor/share/gz:/opt/ros/jazzy/opt/gz_gui_vendor/share/gz:/opt/ros/jazzy/opt/gz_transport_vendor/share/gz:/opt/ros/jazzy/opt/gz_rendering_vendor/share/gz:/opt/ros/jazzy/opt/gz_plugin_vendor/share/gz:/opt/ros/jazzy/opt/gz_fuel_tools_vendor/share/gz:/opt/ros/jazzy/opt/gz_msgs_vendor/share/gz:/opt/ros/jazzy/opt/gz_common_vendor/share/gz', 'GIT_ASKPASS': '/home/zhang/.vscode-server/bin/e4c7e7b1d6d060162f4aa7f8225271b67ce1df75/extensions/git/dist/askpass.sh', 'SHLVL': '2', 'LIBGL_ALWAYS_SOFTWARE': '0', 'LD_LIBRARY_PATH': '/opt/ros/jazzy/opt/gz_sim_vendor/lib:/opt/ros/jazzy/opt/gz_sensors_vendor/lib:/opt/ros/jazzy/opt/gz_physics_vendor/lib:/opt/ros/jazzy/opt/sdformat_vendor/lib:/opt/ros/jazzy/opt/rviz_ogre_vendor/lib:/opt/ros/jazzy/lib/x86_64-linux-gnu:/opt/ros/jazzy/opt/gz_gui_vendor/lib:/opt/ros/jazzy/opt/gz_transport_vendor/lib:/opt/ros/jazzy/opt/gz_rendering_vendor/lib:/opt/ros/jazzy/opt/gz_plugin_vendor/lib:/opt/ros/jazzy/opt/gz_fuel_tools_vendor/lib:/opt/ros/jazzy/opt/gz_msgs_vendor/lib:/opt/ros/jazzy/opt/gz_common_vendor/lib:/opt/ros/jazzy/opt/gz_math_vendor/lib:/opt/ros/jazzy/opt/gz_utils_vendor/lib:/opt/ros/jazzy/opt/gz_tools_vendor/lib:/opt/ros/jazzy/opt/gz_ogre_next_vendor/lib:/opt/ros/jazzy/opt/gz_dartsim_vendor/lib:/opt/ros/jazzy/opt/gz_cmake_vendor/lib:/opt/ros/jazzy/lib', 'HOME': '/home/zhang', 'TERM_PROGRAM_VERSION': '1.131.0', 'VSCODE_IPC_HOOK_CLI': '/run/user/1001/vscode-ipc-d537498f-331a-41d4-bf91-51cd2386a755.sock', 'ROS_PYTHON_VERSION': '3', 'VSCODE_GIT_ASKPASS_MAIN': '/home/zhang/.vscode-server/bin/e4c7e7b1d6d060162f4aa7f8225271b67ce1df75/extensions/git/dist/askpass-main.js', 'VSCODE_GIT_ASKPASS_NODE': '/home/zhang/.vscode-server/bin/e4c7e7b1d6d060162f4aa7f8225271b67ce1df75/node', 'VSCODE_PYTHON_AUTOACTIVATE_GUARD': '1', 'DBUS_SESSION_BUS_ADDRESS': 'unix:path=/run/user/1001/bus', 'COLORTERM': 'truecolor', 'WSL_DISTRO_NAME': 'Ubuntu', 'WAYLAND_DISPLAY': 'wayland-0', 'ROS_DISTRO': 'jazzy', 'LOGNAME': 'zhang', 'NAME': 'Code', 'WSL_INTEROP': '/run/WSL/6274_interop', 'PULSE_SERVER': 'unix:/mnt/wslg/PulseServer', '_': '/usr/bin/colcon', 'ROS_VERSION': '2', 'CLAUDE_CODE_SSE_PORT': '21165', 'TERM': 'xterm-256color', 'PATH': '/home/zhang/.vscode-server/data/User/globalStorage/github.copilot-chat/debugCommand:/home/zhang/.vscode-server/data/User/globalStorage/github.copilot-chat/copilotCli:/home/zhang/.vscode-server/bin/e4c7e7b1d6d060162f4aa7f8225271b67ce1df75/bin/remote-cli:/opt/ros/jazzy/opt/gz_msgs_vendor/bin:/opt/ros/jazzy/opt/gz_tools_vendor/bin:/opt/ros/jazzy/opt/gz_ogre_next_vendor/bin:/opt/ros/jazzy/bin:/usr/local/sbin:/usr/local/bin:/usr/sbin:/usr/bin:/sbin:/bin:/usr/games:/usr/local/games:/usr/lib/wsl/lib:/mnt/c/Program Files/PowerShell/7:/mnt/c/Users/Zhang/AppData/Roaming/Code/User/globalStorage/github.copilot-chat/debugCommand:/mnt/c/Users/Zhang/AppData/Roaming/Code/User/globalStorage/github.copilot-chat/copilotCli:/mnt/c/WINDOWS/system32:/mnt/c/WINDOWS:/mnt/c/WINDOWS/System32/Wbem:/mnt/c/WINDOWS/System32/WindowsPowerShell/v1.0/:/mnt/c/WINDOWS/System32/OpenSSH/:/mnt/c/Program Files/Git/cmd:/mnt/c/Program Files/MATLAB/R2025b/bin:/mnt/c/Program Files/dotnet/:/mnt/c/Program Files/PowerShell/7/:/mnt/c/Users/Zhang/AppData/Local/Programs/Python/Python314/Scripts/:/mnt/c/Users/Zhang/AppData/Local/Programs/Python/Python314/:/mnt/c/Users/Zhang/.local/bin:/mnt/c/Users/Zhang/AppData/Local/Microsoft/WindowsApps:/mnt/c/Users/Zhang/AppData/Local/Programs/Microsoft VS Code/bin:/mnt/c/Program Files/Processing/:/snap/bin', 'XDG_RUNTIME_DIR': '/run/user/1001', 'DISPLAY': ':0', 'LANG': 'en_US.UTF-8', 'LS_COLORS': 'rs=0:di=01;34:ln=01;36:mh=00:pi=40;33:so=01;35:do=01;35:bd=40;33;01:cd=40;33;01:or=40;31;01:mi=00:su=37;41:sg=30;43:ca=00:tw=30;42:ow=34;42:st=37;44:ex=01;32:*.tar=01;31:*.tgz=01;31:*.arc=01;31:*.arj=01;31:*.taz=01;31:*.lha=01;31:*.lz4=01;31:*.lzh=01;31:*.lzma=01;31:*.tlz=01;31:*.txz=01;31:*.tzo=01;31:*.t7z=01;31:*.zip=01;31:*.z=01;31:*.dz=01;31:*.gz=01;31:*.lrz=01;31:*.lz=01;31:*.lzo=01;31:*.xz=01;31:*.zst=01;31:*.tzst=01;31:*.bz2=01;31:*.bz=01;31:*.tbz=01;31:*.tbz2=01;31:*.tz=01;31:*.deb=01;31:*.rpm=01;31:*.jar=01;31:*.war=01;31:*.ear=01;31:*.sar=01;31:*.rar=01;31:*.alz=01;31:*.ace=01;31:*.zoo=01;31:*.cpio=01;31:*.7z=01;31:*.rz=01;31:*.cab=01;31:*.wim=01;31:*.swm=01;31:*.dwm=01;31:*.esd=01;31:*.avif=01;35:*.jpg=01;35:*.jpeg=01;35:*.mjpg=01;35:*.mjpeg=01;35:*.gif=01;35:*.bmp=01;35:*.pbm=01;35:*.pgm=01;35:*.ppm=01;35:*.tga=01;35:*.xbm=01;35:*.xpm=01;35:*.tif=01;35:*.tiff=01;35:*.png=01;35:*.svg=01;35:*.svgz=01;35:*.mng=01;35:*.pcx=01;35:*.mov=01;35:*.mpg=01;35:*.mpeg=01;35:*.m2v=01;35:*.mkv=01;35:*.webm=01;35:*.webp=01;35:*.ogm=01;35:*.mp4=01;35:*.m4v=01;35:*.mp4v=01;35:*.vob=01;35:*.qt=01;35:*.nuv=01;35:*.wmv=01;35:*.asf=01;35:*.rm=01;35:*.rmvb=01;35:*.flc=01;35:*.avi=01;35:*.fli=01;35:*.flv=01;35:*.gl=01;35:*.dl=01;35:*.xcf=01;35:*.xwd=01;35:*.yuv=01;35:*.cgm=01;35:*.emf=01;35:*.ogv=01;35:*.ogx=01;35:*.aac=00;36:*.au=00;36:*.flac=00;36:*.m4a=00;36:*.mid=00;36:*.midi=00;36:*.mka=00;36:*.mp3=00;36:*.mpc=00;36:*.ogg=00;36:*.ra=00;36:*.wav=00;36:*.oga=00;36:*.opus=00;36:*.spx=00;36:*.xspf=00;36:*~=00;90:*#=00;90:*.bak=00;90:*.crdownload=00;90:*.dpkg-dist=00;90:*.dpkg-new=00;90:*.dpkg-old=00;90:*.dpkg-tmp=00;90:*.old=00;90:*.orig=00;90:*.part=00;90:*.rej=00;90:*.rpmnew=00;90:*.rpmorig=00;90:*.rpmsave=00;90:*.swp=00;90:*.tmp=00;90:*.ucf-dist=00;90:*.ucf-new=00;90:*.ucf-old=00;90:', 'VSCODE_GIT_IPC_HANDLE': '/run/user/1001/vscode-git-82e1d75d12.sock', 'TERM_PROGRAM': 'vscode', 'AMENT_PREFIX_PATH': '/opt/ros/jazzy', 'SHELL': '/bin/bash', 'LESSCLOSE': '/usr/bin/lesspipe %s %s', 'GALLIUM_DRIVER': 'd3d12', 'ROS_AUTOMATIC_DISCOVERY_RANGE': 'SUBNET', 'VSCODE_GIT_ASKPASS_EXTRA_ARGS': '', 'PWD': '/home/zhang/rosprc_ws/build/examples_rclcpp_minimal_timer', 'TURTLEBOT3_MODEL': 'burger', 'COPILOT_DEBUG_NONCE': '503c6a609ad3c4b1656ae504fee63388', 'XDG_DATA_DIRS': '/usr/local/share:/usr/share:/var/lib/snapd/desktop', 'PYTHONPATH': '/opt/ros/jazzy/lib/python3.12/site-packages', 'COLCON': '1', 'WSL2_GUI_APPS_ENABLED': '1', 'HOSTTYPE': 'x86_64', 'CMAKE_PREFIX_PATH': '/opt/ros/jazzy/opt/gz_sim_vendor:/opt/ros/jazzy/opt/gz_sensors_vendor:/opt/ros/jazzy/opt/gz_physics_vendor:/opt/ros/jazzy/opt/sdformat_vendor:/opt/ros/jazzy/opt/gz_gui_vendor:/opt/ros/jazzy/opt/gz_transport_vendor:/opt/ros/jazzy/opt/gz_rendering_vendor:/opt/ros/jazzy/opt/gz_plugin_vendor:/opt/ros/jazzy/opt/gz_fuel_tools_vendor:/opt/ros/jazzy/opt/gz_msgs_vendor:/opt/ros/jazzy/opt/gz_common_vendor:/opt/ros/jazzy/opt/gz_math_vendor:/opt/ros/jazzy/opt/gz_utils_vendor:/opt/ros/jazzy/opt/gz_tools_vendor:/opt/ros/jazzy/opt/gz_ogre_next_vendor:/opt/ros/jazzy/opt/gz_dartsim_vendor:/opt/ros/jazzy/opt/gz_cmake_vendor:/opt/ros/jazzy', 'WSLENV': 'ELECTRON_RUN_AS_NODE/w:'}), 'shell': False}
[239.398543] (examples_rclcpp_minimal_timer) StdoutLine: {'line': b'-- Install configuration: ""\n'}
[239.404545] (examples_rclcpp_minimal_timer) StdoutLine: {'line': b'-- Execute custom install script\n'}
[239.408278] (examples_rclcpp_minimal_timer) StdoutLine: {'line': b'-- Symlinking: /home/zhang/rosprc_ws/install/examples_rclcpp_minimal_timer/lib/examples_rclcpp_minimal_timer/timer_lambda\n'}
[239.434682] (examples_rclcpp_minimal_timer) StdoutLine: {'line': b'-- Symlinking: /home/zhang/rosprc_ws/install/examples_rclcpp_minimal_timer/lib/examples_rclcpp_minimal_timer/timer_member_function\n'}
[239.454319] (-) TimerEvent: {}
[239.474963] (examples_rclcpp_minimal_timer) StdoutLine: {'line': b'-- Symlinking: /home/zhang/rosprc_ws/install/examples_rclcpp_minimal_timer/share/ament_index/resource_index/package_run_dependencies/examples_rclcpp_minimal_timer\n'}
[239.508420] (examples_rclcpp_minimal_timer) StdoutLine: {'line': b'-- Symlinking: /home/zhang/rosprc_ws/install/examples_rclcpp_minimal_timer/share/ament_index/resource_index/parent_prefix_path/examples_rclcpp_minimal_timer\n'}
[239.542742] (examples_rclcpp_minimal_timer) StdoutLine: {'line': b'-- Symlinking: /home/zhang/rosprc_ws/install/examples_rclcpp_minimal_timer/share/examples_rclcpp_minimal_timer/environment/ament_prefix_path.sh\n'}
[239.554763] (-) TimerEvent: {}
[239.576511] (examples_rclcpp_minimal_timer) StdoutLine: {'line': b'-- Symlinking: /home/zhang/rosprc_ws/install/examples_rclcpp_minimal_timer/share/examples_rclcpp_minimal_timer/environment/ament_prefix_path.dsv\n'}
[239.601980] (examples_rclcpp_minimal_timer) StdoutLine: {'line': b'-- Symlinking: /home/zhang/rosprc_ws/install/examples_rclcpp_minimal_timer/share/examples_rclcpp_minimal_timer/environment/path.sh\n'}
[239.634670] (examples_rclcpp_minimal_timer) StdoutLine: {'line': b'-- Symlinking: /home/zhang/rosprc_ws/install/examples_rclcpp_minimal_timer/share/examples_rclcpp_minimal_timer/environment/path.dsv\n'}
[239.654917] (-) TimerEvent: {}
[239.656781] (examples_rclcpp_minimal_timer) StdoutLine: {'line': b'-- Symlinking: /home/zhang/rosprc_ws/install/examples_rclcpp_minimal_timer/share/examples_rclcpp_minimal_timer/local_setup.bash\n'}
[239.675462] (examples_rclcpp_minimal_timer) StdoutLine: {'line': b'-- Symlinking: /home/zhang/rosprc_ws/install/examples_rclcpp_minimal_timer/share/examples_rclcpp_minimal_timer/local_setup.sh\n'}
[239.702905] (examples_rclcpp_minimal_timer) StdoutLine: {'line': b'-- Symlinking: /home/zhang/rosprc_ws/install/examples_rclcpp_minimal_timer/share/examples_rclcpp_minimal_timer/local_setup.zsh\n'}
[239.728911] (examples_rclcpp_minimal_timer) StdoutLine: {'line': b'-- Symlinking: /home/zhang/rosprc_ws/install/examples_rclcpp_minimal_timer/share/examples_rclcpp_minimal_timer/local_setup.dsv\n'}
[239.755494] (-) TimerEvent: {}
[239.759668] (examples_rclcpp_minimal_timer) StdoutLine: {'line': b'-- Symlinking: /home/zhang/rosprc_ws/install/examples_rclcpp_minimal_timer/share/examples_rclcpp_minimal_timer/package.dsv\n'}
[239.799622] (examples_rclcpp_minimal_timer) StdoutLine: {'line': b'-- Symlinking: /home/zhang/rosprc_ws/install/examples_rclcpp_minimal_timer/share/ament_index/resource_index/packages/examples_rclcpp_minimal_timer\n'}
[239.839809] (examples_rclcpp_minimal_timer) StdoutLine: {'line': b'-- Symlinking: /home/zhang/rosprc_ws/install/examples_rclcpp_minimal_timer/share/examples_rclcpp_minimal_timer/cmake/examples_rclcpp_minimal_timerConfig.cmake\n'}
[239.855777] (-) TimerEvent: {}
[239.860565] (examples_rclcpp_minimal_timer) StdoutLine: {'line': b'-- Symlinking: /home/zhang/rosprc_ws/install/examples_rclcpp_minimal_timer/share/examples_rclcpp_minimal_timer/cmake/examples_rclcpp_minimal_timerConfig-version.cmake\n'}
[239.883698] (examples_rclcpp_minimal_timer) StdoutLine: {'line': b'-- Symlinking: /home/zhang/rosprc_ws/install/examples_rclcpp_minimal_timer/share/examples_rclcpp_minimal_timer/package.xml\n'}
[239.911090] (examples_rclcpp_minimal_timer) CommandEnded: {'returncode': 0}
[239.956924] (-) TimerEvent: {}
[239.980174] (examples_rclcpp_minimal_timer) JobEnded: {'identifier': 'examples_rclcpp_minimal_timer', 'rc': 0}
[239.991474] (examples_rclcpp_multithreaded_executor) JobStarted: {'identifier': 'examples_rclcpp_multithreaded_executor'}
[240.027706] (examples_rclcpp_multithreaded_executor) JobProgress: {'identifier': 'examples_rclcpp_multithreaded_executor', 'progress': 'cmake'}
[240.040312] (examples_rclcpp_multithreaded_executor) JobProgress: {'identifier': 'examples_rclcpp_multithreaded_executor', 'progress': 'build'}
[240.040625] (examples_rclcpp_multithreaded_executor) Command: {'cmd': ['/usr/bin/cmake', '--build', '/home/zhang/rosprc_ws/build/examples_rclcpp_multithreaded_executor', '--', '-j20', '-l20'], 'cwd': '/home/zhang/rosprc_ws/build/examples_rclcpp_multithreaded_executor', 'env': OrderedDict({'LESSOPEN': '| /usr/bin/lesspipe %s', 'GZ_SIM_RESOURCE_PATH': '/opt/ros/jazzy/share', 'USER': 'zhang', 'GZ_CONFIG_PATH': '/opt/ros/jazzy/opt/gz_sim_vendor/share/gz:/opt/ros/jazzy/opt/sdformat_vendor/share/gz:/opt/ros/jazzy/opt/gz_gui_vendor/share/gz:/opt/ros/jazzy/opt/gz_transport_vendor/share/gz:/opt/ros/jazzy/opt/gz_rendering_vendor/share/gz:/opt/ros/jazzy/opt/gz_plugin_vendor/share/gz:/opt/ros/jazzy/opt/gz_fuel_tools_vendor/share/gz:/opt/ros/jazzy/opt/gz_msgs_vendor/share/gz:/opt/ros/jazzy/opt/gz_common_vendor/share/gz', 'GIT_ASKPASS': '/home/zhang/.vscode-server/bin/e4c7e7b1d6d060162f4aa7f8225271b67ce1df75/extensions/git/dist/askpass.sh', 'SHLVL': '2', 'LIBGL_ALWAYS_SOFTWARE': '0', 'LD_LIBRARY_PATH': '/opt/ros/jazzy/opt/gz_sim_vendor/lib:/opt/ros/jazzy/opt/gz_sensors_vendor/lib:/opt/ros/jazzy/opt/gz_physics_vendor/lib:/opt/ros/jazzy/opt/sdformat_vendor/lib:/opt/ros/jazzy/opt/rviz_ogre_vendor/lib:/opt/ros/jazzy/lib/x86_64-linux-gnu:/opt/ros/jazzy/opt/gz_gui_vendor/lib:/opt/ros/jazzy/opt/gz_transport_vendor/lib:/opt/ros/jazzy/opt/gz_rendering_vendor/lib:/opt/ros/jazzy/opt/gz_plugin_vendor/lib:/opt/ros/jazzy/opt/gz_fuel_tools_vendor/lib:/opt/ros/jazzy/opt/gz_msgs_vendor/lib:/opt/ros/jazzy/opt/gz_common_vendor/lib:/opt/ros/jazzy/opt/gz_math_vendor/lib:/opt/ros/jazzy/opt/gz_utils_vendor/lib:/opt/ros/jazzy/opt/gz_tools_vendor/lib:/opt/ros/jazzy/opt/gz_ogre_next_vendor/lib:/opt/ros/jazzy/opt/gz_dartsim_vendor/lib:/opt/ros/jazzy/opt/gz_cmake_vendor/lib:/opt/ros/jazzy/lib', 'HOME': '/home/zhang', 'TERM_PROGRAM_VERSION': '1.131.0', 'VSCODE_IPC_HOOK_CLI': '/run/user/1001/vscode-ipc-d537498f-331a-41d4-bf91-51cd2386a755.sock', 'ROS_PYTHON_VERSION': '3', 'VSCODE_GIT_ASKPASS_MAIN': '/home/zhang/.vscode-server/bin/e4c7e7b1d6d060162f4aa7f8225271b67ce1df75/extensions/git/dist/askpass-main.js', 'VSCODE_GIT_ASKPASS_NODE': '/home/zhang/.vscode-server/bin/e4c7e7b1d6d060162f4aa7f8225271b67ce1df75/node', 'VSCODE_PYTHON_AUTOACTIVATE_GUARD': '1', 'DBUS_SESSION_BUS_ADDRESS': 'unix:path=/run/user/1001/bus', 'COLORTERM': 'truecolor', 'WSL_DISTRO_NAME': 'Ubuntu', 'WAYLAND_DISPLAY': 'wayland-0', 'ROS_DISTRO': 'jazzy', 'LOGNAME': 'zhang', 'NAME': 'Code', 'WSL_INTEROP': '/run/WSL/6274_interop', 'PULSE_SERVER': 'unix:/mnt/wslg/PulseServer', '_': '/usr/bin/colcon', 'ROS_VERSION': '2', 'CLAUDE_CODE_SSE_PORT': '21165', 'TERM': 'xterm-256color', 'PATH': '/home/zhang/.vscode-server/data/User/globalStorage/github.copilot-chat/debugCommand:/home/zhang/.vscode-server/data/User/globalStorage/github.copilot-chat/copilotCli:/home/zhang/.vscode-server/bin/e4c7e7b1d6d060162f4aa7f8225271b67ce1df75/bin/remote-cli:/opt/ros/jazzy/opt/gz_msgs_vendor/bin:/opt/ros/jazzy/opt/gz_tools_vendor/bin:/opt/ros/jazzy/opt/gz_ogre_next_vendor/bin:/opt/ros/jazzy/bin:/usr/local/sbin:/usr/local/bin:/usr/sbin:/usr/bin:/sbin:/bin:/usr/games:/usr/local/games:/usr/lib/wsl/lib:/mnt/c/Program Files/PowerShell/7:/mnt/c/Users/Zhang/AppData/Roaming/Code/User/globalStorage/github.copilot-chat/debugCommand:/mnt/c/Users/Zhang/AppData/Roaming/Code/User/globalStorage/github.copilot-chat/copilotCli:/mnt/c/WINDOWS/system32:/mnt/c/WINDOWS:/mnt/c/WINDOWS/System32/Wbem:/mnt/c/WINDOWS/System32/WindowsPowerShell/v1.0/:/mnt/c/WINDOWS/System32/OpenSSH/:/mnt/c/Program Files/Git/cmd:/mnt/c/Program Files/MATLAB/R2025b/bin:/mnt/c/Program Files/dotnet/:/mnt/c/Program Files/PowerShell/7/:/mnt/c/Users/Zhang/AppData/Local/Programs/Python/Python314/Scripts/:/mnt/c/Users/Zhang/AppData/Local/Programs/Python/Python314/:/mnt/c/Users/Zhang/.local/bin:/mnt/c/Users/Zhang/AppData/Local/Microsoft/WindowsApps:/mnt/c/Users/Zhang/AppData/Local/Programs/Microsoft VS Code/bin:/mnt/c/Program Files/Processing/:/snap/bin', 'XDG_RUNTIME_DIR': '/run/user/1001', 'DISPLAY': ':0', 'LANG': 'en_US.UTF-8', 'LS_COLORS': 'rs=0:di=01;34:ln=01;36:mh=00:pi=40;33:so=01;35:do=01;35:bd=40;33;01:cd=40;33;01:or=40;31;01:mi=00:su=37;41:sg=30;43:ca=00:tw=30;42:ow=34;42:st=37;44:ex=01;32:*.tar=01;31:*.tgz=01;31:*.arc=01;31:*.arj=01;31:*.taz=01;31:*.lha=01;31:*.lz4=01;31:*.lzh=01;31:*.lzma=01;31:*.tlz=01;31:*.txz=01;31:*.tzo=01;31:*.t7z=01;31:*.zip=01;31:*.z=01;31:*.dz=01;31:*.gz=01;31:*.lrz=01;31:*.lz=01;31:*.lzo=01;31:*.xz=01;31:*.zst=01;31:*.tzst=01;31:*.bz2=01;31:*.bz=01;31:*.tbz=01;31:*.tbz2=01;31:*.tz=01;31:*.deb=01;31:*.rpm=01;31:*.jar=01;31:*.war=01;31:*.ear=01;31:*.sar=01;31:*.rar=01;31:*.alz=01;31:*.ace=01;31:*.zoo=01;31:*.cpio=01;31:*.7z=01;31:*.rz=01;31:*.cab=01;31:*.wim=01;31:*.swm=01;31:*.dwm=01;31:*.esd=01;31:*.avif=01;35:*.jpg=01;35:*.jpeg=01;35:*.mjpg=01;35:*.mjpeg=01;35:*.gif=01;35:*.bmp=01;35:*.pbm=01;35:*.pgm=01;35:*.ppm=01;35:*.tga=01;35:*.xbm=01;35:*.xpm=01;35:*.tif=01;35:*.tiff=01;35:*.png=01;35:*.svg=01;35:*.svgz=01;35:*.mng=01;35:*.pcx=01;35:*.mov=01;35:*.mpg=01;35:*.mpeg=01;35:*.m2v=01;35:*.mkv=01;35:*.webm=01;35:*.webp=01;35:*.ogm=01;35:*.mp4=01;35:*.m4v=01;35:*.mp4v=01;35:*.vob=01;35:*.qt=01;35:*.nuv=01;35:*.wmv=01;35:*.asf=01;35:*.rm=01;35:*.rmvb=01;35:*.flc=01;35:*.avi=01;35:*.fli=01;35:*.flv=01;35:*.gl=01;35:*.dl=01;35:*.xcf=01;35:*.xwd=01;35:*.yuv=01;35:*.cgm=01;35:*.emf=01;35:*.ogv=01;35:*.ogx=01;35:*.aac=00;36:*.au=00;36:*.flac=00;36:*.m4a=00;36:*.mid=00;36:*.midi=00;36:*.mka=00;36:*.mp3=00;36:*.mpc=00;36:*.ogg=00;36:*.ra=00;36:*.wav=00;36:*.oga=00;36:*.opus=00;36:*.spx=00;36:*.xspf=00;36:*~=00;90:*#=00;90:*.bak=00;90:*.crdownload=00;90:*.dpkg-dist=00;90:*.dpkg-new=00;90:*.dpkg-old=00;90:*.dpkg-tmp=00;90:*.old=00;90:*.orig=00;90:*.part=00;90:*.rej=00;90:*.rpmnew=00;90:*.rpmorig=00;90:*.rpmsave=00;90:*.swp=00;90:*.tmp=00;90:*.ucf-dist=00;90:*.ucf-new=00;90:*.ucf-old=00;90:', 'VSCODE_GIT_IPC_HANDLE': '/run/user/1001/vscode-git-82e1d75d12.sock', 'TERM_PROGRAM': 'vscode', 'AMENT_PREFIX_PATH': '/opt/ros/jazzy', 'SHELL': '/bin/bash', 'LESSCLOSE': '/usr/bin/lesspipe %s %s', 'GALLIUM_DRIVER': 'd3d12', 'ROS_AUTOMATIC_DISCOVERY_RANGE': 'SUBNET', 'VSCODE_GIT_ASKPASS_EXTRA_ARGS': '', 'PWD': '/home/zhang/rosprc_ws/build/examples_rclcpp_multithreaded_executor', 'TURTLEBOT3_MODEL': 'burger', 'COPILOT_DEBUG_NONCE': '503c6a609ad3c4b1656ae504fee63388', 'XDG_DATA_DIRS': '/usr/local/share:/usr/share:/var/lib/snapd/desktop', 'PYTHONPATH': '/opt/ros/jazzy/lib/python3.12/site-packages', 'COLCON': '1', 'WSL2_GUI_APPS_ENABLED': '1', 'HOSTTYPE': 'x86_64', 'CMAKE_PREFIX_PATH': '/opt/ros/jazzy/opt/gz_sim_vendor:/opt/ros/jazzy/opt/gz_sensors_vendor:/opt/ros/jazzy/opt/gz_physics_vendor:/opt/ros/jazzy/opt/sdformat_vendor:/opt/ros/jazzy/opt/gz_gui_vendor:/opt/ros/jazzy/opt/gz_transport_vendor:/opt/ros/jazzy/opt/gz_rendering_vendor:/opt/ros/jazzy/opt/gz_plugin_vendor:/opt/ros/jazzy/opt/gz_fuel_tools_vendor:/opt/ros/jazzy/opt/gz_msgs_vendor:/opt/ros/jazzy/opt/gz_common_vendor:/opt/ros/jazzy/opt/gz_math_vendor:/opt/ros/jazzy/opt/gz_utils_vendor:/opt/ros/jazzy/opt/gz_tools_vendor:/opt/ros/jazzy/opt/gz_ogre_next_vendor:/opt/ros/jazzy/opt/gz_dartsim_vendor:/opt/ros/jazzy/opt/gz_cmake_vendor:/opt/ros/jazzy', 'WSLENV': 'ELECTRON_RUN_AS_NODE/w:'}), 'shell': False}
[240.057407] (-) TimerEvent: {}
[240.158567] (-) TimerEvent: {}
[240.259984] (-) TimerEvent: {}
[240.308046] (examples_rclcpp_multithreaded_executor) StdoutLine: {'line': b'[ 50%] \x1b[32mBuilding CXX object CMakeFiles/multithreaded_executor.dir/multithreaded_executor.cpp.o\x1b[0m\n'}
[240.360479] (-) TimerEvent: {}
[240.462365] (-) TimerEvent: {}
[240.563080] (-) TimerEvent: {}
[240.663642] (-) TimerEvent: {}
[240.764426] (-) TimerEvent: {}
[240.865153] (-) TimerEvent: {}
[240.966403] (-) TimerEvent: {}
[241.067272] (-) TimerEvent: {}
[241.167942] (-) TimerEvent: {}
[241.269782] (-) TimerEvent: {}
[241.370941] (-) TimerEvent: {}
[241.472379] (-) TimerEvent: {}
[241.573112] (-) TimerEvent: {}
[241.674015] (-) TimerEvent: {}
[241.774781] (-) TimerEvent: {}
[241.875788] (-) TimerEvent: {}
[241.976378] (-) TimerEvent: {}
[242.076832] (-) TimerEvent: {}
[242.177216] (-) TimerEvent: {}
[242.277733] (-) TimerEvent: {}
[242.378183] (-) TimerEvent: {}
[242.478721] (-) TimerEvent: {}
[242.579457] (-) TimerEvent: {}
[242.680347] (-) TimerEvent: {}
[242.780766] (-) TimerEvent: {}
[242.881210] (-) TimerEvent: {}
[242.981812] (-) TimerEvent: {}
[243.082346] (-) TimerEvent: {}
[243.182950] (-) TimerEvent: {}
[243.283631] (-) TimerEvent: {}
[243.384245] (-) TimerEvent: {}
[243.484768] (-) TimerEvent: {}
[243.585624] (-) TimerEvent: {}
[243.686324] (-) TimerEvent: {}
[243.787118] (-) TimerEvent: {}
[243.887773] (-) TimerEvent: {}
[243.988217] (-) TimerEvent: {}
[244.088790] (-) TimerEvent: {}
[244.189484] (-) TimerEvent: {}
[244.290151] (-) TimerEvent: {}
[244.390739] (-) TimerEvent: {}
[244.491684] (-) TimerEvent: {}
[244.592790] (-) TimerEvent: {}
[244.693213] (-) TimerEvent: {}
[244.793887] (-) TimerEvent: {}
[244.894328] (-) TimerEvent: {}
[244.994714] (-) TimerEvent: {}
[245.095241] (-) TimerEvent: {}
[245.195788] (-) TimerEvent: {}
[245.296440] (-) TimerEvent: {}
[245.397044] (-) TimerEvent: {}
[245.497872] (-) TimerEvent: {}
[245.598658] (-) TimerEvent: {}
[245.699074] (-) TimerEvent: {}
[245.800130] (-) TimerEvent: {}
[245.901274] (-) TimerEvent: {}
[246.002521] (-) TimerEvent: {}
[246.103524] (-) TimerEvent: {}
[246.204628] (-) TimerEvent: {}
[246.305480] (-) TimerEvent: {}
[246.405927] (-) TimerEvent: {}
[246.506913] (-) TimerEvent: {}
[246.607409] (-) TimerEvent: {}
[246.707952] (-) TimerEvent: {}
[246.808556] (-) TimerEvent: {}
[246.909228] (-) TimerEvent: {}
[247.009818] (-) TimerEvent: {}
[247.110428] (-) TimerEvent: {}
[247.211002] (-) TimerEvent: {}
[247.311615] (-) TimerEvent: {}
[247.412410] (-) TimerEvent: {}
[247.512978] (-) TimerEvent: {}
[247.613618] (-) TimerEvent: {}
[247.714108] (-) TimerEvent: {}
[247.814801] (-) TimerEvent: {}
[247.915314] (-) TimerEvent: {}
[248.015838] (-) TimerEvent: {}
[248.116381] (-) TimerEvent: {}
[248.216878] (-) TimerEvent: {}
[248.317467] (-) TimerEvent: {}
[248.418122] (-) TimerEvent: {}
[248.518612] (-) TimerEvent: {}
[248.619115] (-) TimerEvent: {}
[248.719522] (-) TimerEvent: {}
[248.820143] (-) TimerEvent: {}
[248.920652] (-) TimerEvent: {}
[249.021169] (-) TimerEvent: {}
[249.121593] (-) TimerEvent: {}
[249.222148] (-) TimerEvent: {}
[249.322626] (-) TimerEvent: {}
[249.423276] (-) TimerEvent: {}
[249.523783] (-) TimerEvent: {}
[249.624357] (-) TimerEvent: {}
[249.724834] (-) TimerEvent: {}
[249.825370] (-) TimerEvent: {}
[249.925825] (-) TimerEvent: {}
[250.026372] (-) TimerEvent: {}
[250.126926] (-) TimerEvent: {}
[250.227480] (-) TimerEvent: {}
[250.328600] (-) TimerEvent: {}
[250.429204] (-) TimerEvent: {}
[250.529819] (-) TimerEvent: {}
[250.630267] (-) TimerEvent: {}
[250.730831] (-) TimerEvent: {}
[250.831432] (-) TimerEvent: {}
[250.931910] (-) TimerEvent: {}
[251.032315] (-) TimerEvent: {}
[251.132814] (-) TimerEvent: {}
[251.233260] (-) TimerEvent: {}
[251.333745] (-) TimerEvent: {}
[251.434263] (-) TimerEvent: {}
[251.534935] (-) TimerEvent: {}
[251.635360] (-) TimerEvent: {}
[251.735862] (-) TimerEvent: {}
[251.836372] (-) TimerEvent: {}
[251.936911] (-) TimerEvent: {}
[252.037430] (-) TimerEvent: {}
[252.137942] (-) TimerEvent: {}
[252.238646] (-) TimerEvent: {}
[252.339027] (-) TimerEvent: {}
[252.439558] (-) TimerEvent: {}
[252.540206] (-) TimerEvent: {}
[252.640729] (-) TimerEvent: {}
[252.741238] (-) TimerEvent: {}
[252.841891] (-) TimerEvent: {}
[252.942428] (-) TimerEvent: {}
[253.042990] (-) TimerEvent: {}
[253.085700] (examples_rclcpp_multithreaded_executor) StdoutLine: {'line': b'[100%] \x1b[32m\x1b[1mLinking CXX executable multithreaded_executor\x1b[0m\n'}
[253.143281] (-) TimerEvent: {}
[253.244226] (-) TimerEvent: {}
[253.344948] (-) TimerEvent: {}
[253.446094] (-) TimerEvent: {}
[253.546949] (-) TimerEvent: {}
[253.647871] (-) TimerEvent: {}
[253.748909] (-) TimerEvent: {}
[253.849758] (-) TimerEvent: {}
[253.950428] (-) TimerEvent: {}
[254.051235] (-) TimerEvent: {}
[254.152269] (-) TimerEvent: {}
[254.252892] (-) TimerEvent: {}
[254.258745] (examples_rclcpp_multithreaded_executor) StdoutLine: {'line': b'[100%] Built target multithreaded_executor\n'}
[254.291825] (examples_rclcpp_multithreaded_executor) CommandEnded: {'returncode': 0}
[254.296393] (examples_rclcpp_multithreaded_executor) JobProgress: {'identifier': 'examples_rclcpp_multithreaded_executor', 'progress': 'install'}
[254.298478] (examples_rclcpp_multithreaded_executor) Command: {'cmd': ['/usr/bin/cmake', '--install', '/home/zhang/rosprc_ws/build/examples_rclcpp_multithreaded_executor'], 'cwd': '/home/zhang/rosprc_ws/build/examples_rclcpp_multithreaded_executor', 'env': OrderedDict({'LESSOPEN': '| /usr/bin/lesspipe %s', 'GZ_SIM_RESOURCE_PATH': '/opt/ros/jazzy/share', 'USER': 'zhang', 'GZ_CONFIG_PATH': '/opt/ros/jazzy/opt/gz_sim_vendor/share/gz:/opt/ros/jazzy/opt/sdformat_vendor/share/gz:/opt/ros/jazzy/opt/gz_gui_vendor/share/gz:/opt/ros/jazzy/opt/gz_transport_vendor/share/gz:/opt/ros/jazzy/opt/gz_rendering_vendor/share/gz:/opt/ros/jazzy/opt/gz_plugin_vendor/share/gz:/opt/ros/jazzy/opt/gz_fuel_tools_vendor/share/gz:/opt/ros/jazzy/opt/gz_msgs_vendor/share/gz:/opt/ros/jazzy/opt/gz_common_vendor/share/gz', 'GIT_ASKPASS': '/home/zhang/.vscode-server/bin/e4c7e7b1d6d060162f4aa7f8225271b67ce1df75/extensions/git/dist/askpass.sh', 'SHLVL': '2', 'LIBGL_ALWAYS_SOFTWARE': '0', 'LD_LIBRARY_PATH': '/opt/ros/jazzy/opt/gz_sim_vendor/lib:/opt/ros/jazzy/opt/gz_sensors_vendor/lib:/opt/ros/jazzy/opt/gz_physics_vendor/lib:/opt/ros/jazzy/opt/sdformat_vendor/lib:/opt/ros/jazzy/opt/rviz_ogre_vendor/lib:/opt/ros/jazzy/lib/x86_64-linux-gnu:/opt/ros/jazzy/opt/gz_gui_vendor/lib:/opt/ros/jazzy/opt/gz_transport_vendor/lib:/opt/ros/jazzy/opt/gz_rendering_vendor/lib:/opt/ros/jazzy/opt/gz_plugin_vendor/lib:/opt/ros/jazzy/opt/gz_fuel_tools_vendor/lib:/opt/ros/jazzy/opt/gz_msgs_vendor/lib:/opt/ros/jazzy/opt/gz_common_vendor/lib:/opt/ros/jazzy/opt/gz_math_vendor/lib:/opt/ros/jazzy/opt/gz_utils_vendor/lib:/opt/ros/jazzy/opt/gz_tools_vendor/lib:/opt/ros/jazzy/opt/gz_ogre_next_vendor/lib:/opt/ros/jazzy/opt/gz_dartsim_vendor/lib:/opt/ros/jazzy/opt/gz_cmake_vendor/lib:/opt/ros/jazzy/lib', 'HOME': '/home/zhang', 'TERM_PROGRAM_VERSION': '1.131.0', 'VSCODE_IPC_HOOK_CLI': '/run/user/1001/vscode-ipc-d537498f-331a-41d4-bf91-51cd2386a755.sock', 'ROS_PYTHON_VERSION': '3', 'VSCODE_GIT_ASKPASS_MAIN': '/home/zhang/.vscode-server/bin/e4c7e7b1d6d060162f4aa7f8225271b67ce1df75/extensions/git/dist/askpass-main.js', 'VSCODE_GIT_ASKPASS_NODE': '/home/zhang/.vscode-server/bin/e4c7e7b1d6d060162f4aa7f8225271b67ce1df75/node', 'VSCODE_PYTHON_AUTOACTIVATE_GUARD': '1', 'DBUS_SESSION_BUS_ADDRESS': 'unix:path=/run/user/1001/bus', 'COLORTERM': 'truecolor', 'WSL_DISTRO_NAME': 'Ubuntu', 'WAYLAND_DISPLAY': 'wayland-0', 'ROS_DISTRO': 'jazzy', 'LOGNAME': 'zhang', 'NAME': 'Code', 'WSL_INTEROP': '/run/WSL/6274_interop', 'PULSE_SERVER': 'unix:/mnt/wslg/PulseServer', '_': '/usr/bin/colcon', 'ROS_VERSION': '2', 'CLAUDE_CODE_SSE_PORT': '21165', 'TERM': 'xterm-256color', 'PATH': '/home/zhang/.vscode-server/data/User/globalStorage/github.copilot-chat/debugCommand:/home/zhang/.vscode-server/data/User/globalStorage/github.copilot-chat/copilotCli:/home/zhang/.vscode-server/bin/e4c7e7b1d6d060162f4aa7f8225271b67ce1df75/bin/remote-cli:/opt/ros/jazzy/opt/gz_msgs_vendor/bin:/opt/ros/jazzy/opt/gz_tools_vendor/bin:/opt/ros/jazzy/opt/gz_ogre_next_vendor/bin:/opt/ros/jazzy/bin:/usr/local/sbin:/usr/local/bin:/usr/sbin:/usr/bin:/sbin:/bin:/usr/games:/usr/local/games:/usr/lib/wsl/lib:/mnt/c/Program Files/PowerShell/7:/mnt/c/Users/Zhang/AppData/Roaming/Code/User/globalStorage/github.copilot-chat/debugCommand:/mnt/c/Users/Zhang/AppData/Roaming/Code/User/globalStorage/github.copilot-chat/copilotCli:/mnt/c/WINDOWS/system32:/mnt/c/WINDOWS:/mnt/c/WINDOWS/System32/Wbem:/mnt/c/WINDOWS/System32/WindowsPowerShell/v1.0/:/mnt/c/WINDOWS/System32/OpenSSH/:/mnt/c/Program Files/Git/cmd:/mnt/c/Program Files/MATLAB/R2025b/bin:/mnt/c/Program Files/dotnet/:/mnt/c/Program Files/PowerShell/7/:/mnt/c/Users/Zhang/AppData/Local/Programs/Python/Python314/Scripts/:/mnt/c/Users/Zhang/AppData/Local/Programs/Python/Python314/:/mnt/c/Users/Zhang/.local/bin:/mnt/c/Users/Zhang/AppData/Local/Microsoft/WindowsApps:/mnt/c/Users/Zhang/AppData/Local/Programs/Microsoft VS Code/bin:/mnt/c/Program Files/Processing/:/snap/bin', 'XDG_RUNTIME_DIR': '/run/user/1001', 'DISPLAY': ':0', 'LANG': 'en_US.UTF-8', 'LS_COLORS': 'rs=0:di=01;34:ln=01;36:mh=00:pi=40;33:so=01;35:do=01;35:bd=40;33;01:cd=40;33;01:or=40;31;01:mi=00:su=37;41:sg=30;43:ca=00:tw=30;42:ow=34;42:st=37;44:ex=01;32:*.tar=01;31:*.tgz=01;31:*.arc=01;31:*.arj=01;31:*.taz=01;31:*.lha=01;31:*.lz4=01;31:*.lzh=01;31:*.lzma=01;31:*.tlz=01;31:*.txz=01;31:*.tzo=01;31:*.t7z=01;31:*.zip=01;31:*.z=01;31:*.dz=01;31:*.gz=01;31:*.lrz=01;31:*.lz=01;31:*.lzo=01;31:*.xz=01;31:*.zst=01;31:*.tzst=01;31:*.bz2=01;31:*.bz=01;31:*.tbz=01;31:*.tbz2=01;31:*.tz=01;31:*.deb=01;31:*.rpm=01;31:*.jar=01;31:*.war=01;31:*.ear=01;31:*.sar=01;31:*.rar=01;31:*.alz=01;31:*.ace=01;31:*.zoo=01;31:*.cpio=01;31:*.7z=01;31:*.rz=01;31:*.cab=01;31:*.wim=01;31:*.swm=01;31:*.dwm=01;31:*.esd=01;31:*.avif=01;35:*.jpg=01;35:*.jpeg=01;35:*.mjpg=01;35:*.mjpeg=01;35:*.gif=01;35:*.bmp=01;35:*.pbm=01;35:*.pgm=01;35:*.ppm=01;35:*.tga=01;35:*.xbm=01;35:*.xpm=01;35:*.tif=01;35:*.tiff=01;35:*.png=01;35:*.svg=01;35:*.svgz=01;35:*.mng=01;35:*.pcx=01;35:*.mov=01;35:*.mpg=01;35:*.mpeg=01;35:*.m2v=01;35:*.mkv=01;35:*.webm=01;35:*.webp=01;35:*.ogm=01;35:*.mp4=01;35:*.m4v=01;35:*.mp4v=01;35:*.vob=01;35:*.qt=01;35:*.nuv=01;35:*.wmv=01;35:*.asf=01;35:*.rm=01;35:*.rmvb=01;35:*.flc=01;35:*.avi=01;35:*.fli=01;35:*.flv=01;35:*.gl=01;35:*.dl=01;35:*.xcf=01;35:*.xwd=01;35:*.yuv=01;35:*.cgm=01;35:*.emf=01;35:*.ogv=01;35:*.ogx=01;35:*.aac=00;36:*.au=00;36:*.flac=00;36:*.m4a=00;36:*.mid=00;36:*.midi=00;36:*.mka=00;36:*.mp3=00;36:*.mpc=00;36:*.ogg=00;36:*.ra=00;36:*.wav=00;36:*.oga=00;36:*.opus=00;36:*.spx=00;36:*.xspf=00;36:*~=00;90:*#=00;90:*.bak=00;90:*.crdownload=00;90:*.dpkg-dist=00;90:*.dpkg-new=00;90:*.dpkg-old=00;90:*.dpkg-tmp=00;90:*.old=00;90:*.orig=00;90:*.part=00;90:*.rej=00;90:*.rpmnew=00;90:*.rpmorig=00;90:*.rpmsave=00;90:*.swp=00;90:*.tmp=00;90:*.ucf-dist=00;90:*.ucf-new=00;90:*.ucf-old=00;90:', 'VSCODE_GIT_IPC_HANDLE': '/run/user/1001/vscode-git-82e1d75d12.sock', 'TERM_PROGRAM': 'vscode', 'AMENT_PREFIX_PATH': '/opt/ros/jazzy', 'SHELL': '/bin/bash', 'LESSCLOSE': '/usr/bin/lesspipe %s %s', 'GALLIUM_DRIVER': 'd3d12', 'ROS_AUTOMATIC_DISCOVERY_RANGE': 'SUBNET', 'VSCODE_GIT_ASKPASS_EXTRA_ARGS': '', 'PWD': '/home/zhang/rosprc_ws/build/examples_rclcpp_multithreaded_executor', 'TURTLEBOT3_MODEL': 'burger', 'COPILOT_DEBUG_NONCE': '503c6a609ad3c4b1656ae504fee63388', 'XDG_DATA_DIRS': '/usr/local/share:/usr/share:/var/lib/snapd/desktop', 'PYTHONPATH': '/opt/ros/jazzy/lib/python3.12/site-packages', 'COLCON': '1', 'WSL2_GUI_APPS_ENABLED': '1', 'HOSTTYPE': 'x86_64', 'CMAKE_PREFIX_PATH': '/opt/ros/jazzy/opt/gz_sim_vendor:/opt/ros/jazzy/opt/gz_sensors_vendor:/opt/ros/jazzy/opt/gz_physics_vendor:/opt/ros/jazzy/opt/sdformat_vendor:/opt/ros/jazzy/opt/gz_gui_vendor:/opt/ros/jazzy/opt/gz_transport_vendor:/opt/ros/jazzy/opt/gz_rendering_vendor:/opt/ros/jazzy/opt/gz_plugin_vendor:/opt/ros/jazzy/opt/gz_fuel_tools_vendor:/opt/ros/jazzy/opt/gz_msgs_vendor:/opt/ros/jazzy/opt/gz_common_vendor:/opt/ros/jazzy/opt/gz_math_vendor:/opt/ros/jazzy/opt/gz_utils_vendor:/opt/ros/jazzy/opt/gz_tools_vendor:/opt/ros/jazzy/opt/gz_ogre_next_vendor:/opt/ros/jazzy/opt/gz_dartsim_vendor:/opt/ros/jazzy/opt/gz_cmake_vendor:/opt/ros/jazzy', 'WSLENV': 'ELECTRON_RUN_AS_NODE/w:'}), 'shell': False}
[254.314998] (examples_rclcpp_multithreaded_executor) StdoutLine: {'line': b'-- Install configuration: ""\n'}
[254.317072] (examples_rclcpp_multithreaded_executor) StdoutLine: {'line': b'-- Execute custom install script\n'}
[254.320595] (examples_rclcpp_multithreaded_executor) StdoutLine: {'line': b'-- Symlinking: /home/zhang/rosprc_ws/install/examples_rclcpp_multithreaded_executor/lib/examples_rclcpp_multithreaded_executor/multithreaded_executor\n'}
[254.345299] (examples_rclcpp_multithreaded_executor) StdoutLine: {'line': b'-- Symlinking: /home/zhang/rosprc_ws/install/examples_rclcpp_multithreaded_executor/share/ament_index/resource_index/package_run_dependencies/examples_rclcpp_multithreaded_executor\n'}
[254.353252] (-) TimerEvent: {}
[254.364543] (examples_rclcpp_multithreaded_executor) StdoutLine: {'line': b'-- Symlinking: /home/zhang/rosprc_ws/install/examples_rclcpp_multithreaded_executor/share/ament_index/resource_index/parent_prefix_path/examples_rclcpp_multithreaded_executor\n'}
[254.393456] (examples_rclcpp_multithreaded_executor) StdoutLine: {'line': b'-- Symlinking: /home/zhang/rosprc_ws/install/examples_rclcpp_multithreaded_executor/share/examples_rclcpp_multithreaded_executor/environment/ament_prefix_path.sh\n'}
[254.416554] (examples_rclcpp_multithreaded_executor) StdoutLine: {'line': b'-- Symlinking: /home/zhang/rosprc_ws/install/examples_rclcpp_multithreaded_executor/share/examples_rclcpp_multithreaded_executor/environment/ament_prefix_path.dsv\n'}
[254.434813] (examples_rclcpp_multithreaded_executor) StdoutLine: {'line': b'-- Symlinking: /home/zhang/rosprc_ws/install/examples_rclcpp_multithreaded_executor/share/examples_rclcpp_multithreaded_executor/environment/path.sh\n'}
[254.453417] (-) TimerEvent: {}
[254.453999] (examples_rclcpp_multithreaded_executor) StdoutLine: {'line': b'-- Symlinking: /home/zhang/rosprc_ws/install/examples_rclcpp_multithreaded_executor/share/examples_rclcpp_multithreaded_executor/environment/path.dsv\n'}
[254.477453] (examples_rclcpp_multithreaded_executor) StdoutLine: {'line': b'-- Symlinking: /home/zhang/rosprc_ws/install/examples_rclcpp_multithreaded_executor/share/examples_rclcpp_multithreaded_executor/local_setup.bash\n'}
[254.501383] (examples_rclcpp_multithreaded_executor) StdoutLine: {'line': b'-- Symlinking: /home/zhang/rosprc_ws/install/examples_rclcpp_multithreaded_executor/share/examples_rclcpp_multithreaded_executor/local_setup.sh\n'}
[254.522294] (examples_rclcpp_multithreaded_executor) StdoutLine: {'line': b'-- Symlinking: /home/zhang/rosprc_ws/install/examples_rclcpp_multithreaded_executor/share/examples_rclcpp_multithreaded_executor/local_setup.zsh\n'}
[254.544197] (examples_rclcpp_multithreaded_executor) StdoutLine: {'line': b'-- Symlinking: /home/zhang/rosprc_ws/install/examples_rclcpp_multithreaded_executor/share/examples_rclcpp_multithreaded_executor/local_setup.dsv\n'}
[254.553652] (-) TimerEvent: {}
[254.564279] (examples_rclcpp_multithreaded_executor) StdoutLine: {'line': b'-- Symlinking: /home/zhang/rosprc_ws/install/examples_rclcpp_multithreaded_executor/share/examples_rclcpp_multithreaded_executor/package.dsv\n'}
[254.591052] (examples_rclcpp_multithreaded_executor) StdoutLine: {'line': b'-- Symlinking: /home/zhang/rosprc_ws/install/examples_rclcpp_multithreaded_executor/share/ament_index/resource_index/packages/examples_rclcpp_multithreaded_executor\n'}
[254.621787] (examples_rclcpp_multithreaded_executor) StdoutLine: {'line': b'-- Symlinking: /home/zhang/rosprc_ws/install/examples_rclcpp_multithreaded_executor/share/examples_rclcpp_multithreaded_executor/cmake/examples_rclcpp_multithreaded_executorConfig.cmake\n'}
[254.651200] (examples_rclcpp_multithreaded_executor) StdoutLine: {'line': b'-- Symlinking: /home/zhang/rosprc_ws/install/examples_rclcpp_multithreaded_executor/share/examples_rclcpp_multithreaded_executor/cmake/examples_rclcpp_multithreaded_executorConfig-version.cmake\n'}
[254.654067] (-) TimerEvent: {}
[254.676050] (examples_rclcpp_multithreaded_executor) StdoutLine: {'line': b'-- Symlinking: /home/zhang/rosprc_ws/install/examples_rclcpp_multithreaded_executor/share/examples_rclcpp_multithreaded_executor/package.xml\n'}
[254.705644] (examples_rclcpp_multithreaded_executor) CommandEnded: {'returncode': 0}
[254.756503] (-) TimerEvent: {}
[254.762490] (examples_rclcpp_multithreaded_executor) JobEnded: {'identifier': 'examples_rclcpp_multithreaded_executor', 'rc': 0}
[254.765647] (examples_rclcpp_wait_set) JobStarted: {'identifier': 'examples_rclcpp_wait_set'}
[254.781053] (examples_rclcpp_wait_set) JobProgress: {'identifier': 'examples_rclcpp_wait_set', 'progress': 'cmake'}
[254.787518] (examples_rclcpp_wait_set) JobProgress: {'identifier': 'examples_rclcpp_wait_set', 'progress': 'build'}
[254.789013] (examples_rclcpp_wait_set) Command: {'cmd': ['/usr/bin/cmake', '--build', '/home/zhang/rosprc_ws/build/examples_rclcpp_wait_set', '--', '-j20', '-l20'], 'cwd': '/home/zhang/rosprc_ws/build/examples_rclcpp_wait_set', 'env': OrderedDict({'LESSOPEN': '| /usr/bin/lesspipe %s', 'GZ_SIM_RESOURCE_PATH': '/opt/ros/jazzy/share', 'USER': 'zhang', 'GZ_CONFIG_PATH': '/opt/ros/jazzy/opt/gz_sim_vendor/share/gz:/opt/ros/jazzy/opt/sdformat_vendor/share/gz:/opt/ros/jazzy/opt/gz_gui_vendor/share/gz:/opt/ros/jazzy/opt/gz_transport_vendor/share/gz:/opt/ros/jazzy/opt/gz_rendering_vendor/share/gz:/opt/ros/jazzy/opt/gz_plugin_vendor/share/gz:/opt/ros/jazzy/opt/gz_fuel_tools_vendor/share/gz:/opt/ros/jazzy/opt/gz_msgs_vendor/share/gz:/opt/ros/jazzy/opt/gz_common_vendor/share/gz', 'GIT_ASKPASS': '/home/zhang/.vscode-server/bin/e4c7e7b1d6d060162f4aa7f8225271b67ce1df75/extensions/git/dist/askpass.sh', 'SHLVL': '2', 'LIBGL_ALWAYS_SOFTWARE': '0', 'LD_LIBRARY_PATH': '/opt/ros/jazzy/opt/gz_sim_vendor/lib:/opt/ros/jazzy/opt/gz_sensors_vendor/lib:/opt/ros/jazzy/opt/gz_physics_vendor/lib:/opt/ros/jazzy/opt/sdformat_vendor/lib:/opt/ros/jazzy/opt/rviz_ogre_vendor/lib:/opt/ros/jazzy/lib/x86_64-linux-gnu:/opt/ros/jazzy/opt/gz_gui_vendor/lib:/opt/ros/jazzy/opt/gz_transport_vendor/lib:/opt/ros/jazzy/opt/gz_rendering_vendor/lib:/opt/ros/jazzy/opt/gz_plugin_vendor/lib:/opt/ros/jazzy/opt/gz_fuel_tools_vendor/lib:/opt/ros/jazzy/opt/gz_msgs_vendor/lib:/opt/ros/jazzy/opt/gz_common_vendor/lib:/opt/ros/jazzy/opt/gz_math_vendor/lib:/opt/ros/jazzy/opt/gz_utils_vendor/lib:/opt/ros/jazzy/opt/gz_tools_vendor/lib:/opt/ros/jazzy/opt/gz_ogre_next_vendor/lib:/opt/ros/jazzy/opt/gz_dartsim_vendor/lib:/opt/ros/jazzy/opt/gz_cmake_vendor/lib:/opt/ros/jazzy/lib', 'HOME': '/home/zhang', 'TERM_PROGRAM_VERSION': '1.131.0', 'VSCODE_IPC_HOOK_CLI': '/run/user/1001/vscode-ipc-d537498f-331a-41d4-bf91-51cd2386a755.sock', 'ROS_PYTHON_VERSION': '3', 'VSCODE_GIT_ASKPASS_MAIN': '/home/zhang/.vscode-server/bin/e4c7e7b1d6d060162f4aa7f8225271b67ce1df75/extensions/git/dist/askpass-main.js', 'VSCODE_GIT_ASKPASS_NODE': '/home/zhang/.vscode-server/bin/e4c7e7b1d6d060162f4aa7f8225271b67ce1df75/node', 'VSCODE_PYTHON_AUTOACTIVATE_GUARD': '1', 'DBUS_SESSION_BUS_ADDRESS': 'unix:path=/run/user/1001/bus', 'COLORTERM': 'truecolor', 'WSL_DISTRO_NAME': 'Ubuntu', 'WAYLAND_DISPLAY': 'wayland-0', 'ROS_DISTRO': 'jazzy', 'LOGNAME': 'zhang', 'NAME': 'Code', 'WSL_INTEROP': '/run/WSL/6274_interop', 'PULSE_SERVER': 'unix:/mnt/wslg/PulseServer', '_': '/usr/bin/colcon', 'ROS_VERSION': '2', 'CLAUDE_CODE_SSE_PORT': '21165', 'TERM': 'xterm-256color', 'PATH': '/home/zhang/.vscode-server/data/User/globalStorage/github.copilot-chat/debugCommand:/home/zhang/.vscode-server/data/User/globalStorage/github.copilot-chat/copilotCli:/home/zhang/.vscode-server/bin/e4c7e7b1d6d060162f4aa7f8225271b67ce1df75/bin/remote-cli:/opt/ros/jazzy/opt/gz_msgs_vendor/bin:/opt/ros/jazzy/opt/gz_tools_vendor/bin:/opt/ros/jazzy/opt/gz_ogre_next_vendor/bin:/opt/ros/jazzy/bin:/usr/local/sbin:/usr/local/bin:/usr/sbin:/usr/bin:/sbin:/bin:/usr/games:/usr/local/games:/usr/lib/wsl/lib:/mnt/c/Program Files/PowerShell/7:/mnt/c/Users/Zhang/AppData/Roaming/Code/User/globalStorage/github.copilot-chat/debugCommand:/mnt/c/Users/Zhang/AppData/Roaming/Code/User/globalStorage/github.copilot-chat/copilotCli:/mnt/c/WINDOWS/system32:/mnt/c/WINDOWS:/mnt/c/WINDOWS/System32/Wbem:/mnt/c/WINDOWS/System32/WindowsPowerShell/v1.0/:/mnt/c/WINDOWS/System32/OpenSSH/:/mnt/c/Program Files/Git/cmd:/mnt/c/Program Files/MATLAB/R2025b/bin:/mnt/c/Program Files/dotnet/:/mnt/c/Program Files/PowerShell/7/:/mnt/c/Users/Zhang/AppData/Local/Programs/Python/Python314/Scripts/:/mnt/c/Users/Zhang/AppData/Local/Programs/Python/Python314/:/mnt/c/Users/Zhang/.local/bin:/mnt/c/Users/Zhang/AppData/Local/Microsoft/WindowsApps:/mnt/c/Users/Zhang/AppData/Local/Programs/Microsoft VS Code/bin:/mnt/c/Program Files/Processing/:/snap/bin', 'XDG_RUNTIME_DIR': '/run/user/1001', 'DISPLAY': ':0', 'LANG': 'en_US.UTF-8', 'LS_COLORS': 'rs=0:di=01;34:ln=01;36:mh=00:pi=40;33:so=01;35:do=01;35:bd=40;33;01:cd=40;33;01:or=40;31;01:mi=00:su=37;41:sg=30;43:ca=00:tw=30;42:ow=34;42:st=37;44:ex=01;32:*.tar=01;31:*.tgz=01;31:*.arc=01;31:*.arj=01;31:*.taz=01;31:*.lha=01;31:*.lz4=01;31:*.lzh=01;31:*.lzma=01;31:*.tlz=01;31:*.txz=01;31:*.tzo=01;31:*.t7z=01;31:*.zip=01;31:*.z=01;31:*.dz=01;31:*.gz=01;31:*.lrz=01;31:*.lz=01;31:*.lzo=01;31:*.xz=01;31:*.zst=01;31:*.tzst=01;31:*.bz2=01;31:*.bz=01;31:*.tbz=01;31:*.tbz2=01;31:*.tz=01;31:*.deb=01;31:*.rpm=01;31:*.jar=01;31:*.war=01;31:*.ear=01;31:*.sar=01;31:*.rar=01;31:*.alz=01;31:*.ace=01;31:*.zoo=01;31:*.cpio=01;31:*.7z=01;31:*.rz=01;31:*.cab=01;31:*.wim=01;31:*.swm=01;31:*.dwm=01;31:*.esd=01;31:*.avif=01;35:*.jpg=01;35:*.jpeg=01;35:*.mjpg=01;35:*.mjpeg=01;35:*.gif=01;35:*.bmp=01;35:*.pbm=01;35:*.pgm=01;35:*.ppm=01;35:*.tga=01;35:*.xbm=01;35:*.xpm=01;35:*.tif=01;35:*.tiff=01;35:*.png=01;35:*.svg=01;35:*.svgz=01;35:*.mng=01;35:*.pcx=01;35:*.mov=01;35:*.mpg=01;35:*.mpeg=01;35:*.m2v=01;35:*.mkv=01;35:*.webm=01;35:*.webp=01;35:*.ogm=01;35:*.mp4=01;35:*.m4v=01;35:*.mp4v=01;35:*.vob=01;35:*.qt=01;35:*.nuv=01;35:*.wmv=01;35:*.asf=01;35:*.rm=01;35:*.rmvb=01;35:*.flc=01;35:*.avi=01;35:*.fli=01;35:*.flv=01;35:*.gl=01;35:*.dl=01;35:*.xcf=01;35:*.xwd=01;35:*.yuv=01;35:*.cgm=01;35:*.emf=01;35:*.ogv=01;35:*.ogx=01;35:*.aac=00;36:*.au=00;36:*.flac=00;36:*.m4a=00;36:*.mid=00;36:*.midi=00;36:*.mka=00;36:*.mp3=00;36:*.mpc=00;36:*.ogg=00;36:*.ra=00;36:*.wav=00;36:*.oga=00;36:*.opus=00;36:*.spx=00;36:*.xspf=00;36:*~=00;90:*#=00;90:*.bak=00;90:*.crdownload=00;90:*.dpkg-dist=00;90:*.dpkg-new=00;90:*.dpkg-old=00;90:*.dpkg-tmp=00;90:*.old=00;90:*.orig=00;90:*.part=00;90:*.rej=00;90:*.rpmnew=00;90:*.rpmorig=00;90:*.rpmsave=00;90:*.swp=00;90:*.tmp=00;90:*.ucf-dist=00;90:*.ucf-new=00;90:*.ucf-old=00;90:', 'VSCODE_GIT_IPC_HANDLE': '/run/user/1001/vscode-git-82e1d75d12.sock', 'TERM_PROGRAM': 'vscode', 'AMENT_PREFIX_PATH': '/opt/ros/jazzy', 'SHELL': '/bin/bash', 'LESSCLOSE': '/usr/bin/lesspipe %s %s', 'GALLIUM_DRIVER': 'd3d12', 'ROS_AUTOMATIC_DISCOVERY_RANGE': 'SUBNET', 'VSCODE_GIT_ASKPASS_EXTRA_ARGS': '', 'PWD': '/home/zhang/rosprc_ws/build/examples_rclcpp_wait_set', 'TURTLEBOT3_MODEL': 'burger', 'COPILOT_DEBUG_NONCE': '503c6a609ad3c4b1656ae504fee63388', 'XDG_DATA_DIRS': '/usr/local/share:/usr/share:/var/lib/snapd/desktop', 'PYTHONPATH': '/opt/ros/jazzy/lib/python3.12/site-packages', 'COLCON': '1', 'WSL2_GUI_APPS_ENABLED': '1', 'HOSTTYPE': 'x86_64', 'CMAKE_PREFIX_PATH': '/opt/ros/jazzy/opt/gz_sim_vendor:/opt/ros/jazzy/opt/gz_sensors_vendor:/opt/ros/jazzy/opt/gz_physics_vendor:/opt/ros/jazzy/opt/sdformat_vendor:/opt/ros/jazzy/opt/gz_gui_vendor:/opt/ros/jazzy/opt/gz_transport_vendor:/opt/ros/jazzy/opt/gz_rendering_vendor:/opt/ros/jazzy/opt/gz_plugin_vendor:/opt/ros/jazzy/opt/gz_fuel_tools_vendor:/opt/ros/jazzy/opt/gz_msgs_vendor:/opt/ros/jazzy/opt/gz_common_vendor:/opt/ros/jazzy/opt/gz_math_vendor:/opt/ros/jazzy/opt/gz_utils_vendor:/opt/ros/jazzy/opt/gz_tools_vendor:/opt/ros/jazzy/opt/gz_ogre_next_vendor:/opt/ros/jazzy/opt/gz_dartsim_vendor:/opt/ros/jazzy/opt/gz_cmake_vendor:/opt/ros/jazzy', 'WSLENV': 'ELECTRON_RUN_AS_NODE/w:'}), 'shell': False}
[254.856784] (-) TimerEvent: {}
[254.945817] (examples_rclcpp_wait_set) StdoutLine: {'line': b'[  4%] \x1b[32mBuilding CXX object CMakeFiles/wait_set_random_order.dir/src/wait_set_random_order.cpp.o\x1b[0m\n'}
[254.946822] (examples_rclcpp_wait_set) StdoutLine: {'line': b'[  8%] \x1b[32mBuilding CXX object CMakeFiles/wait_set_talker.dir/rclcpp_components/node_main_wait_set_talker.cpp.o\x1b[0m\n'}
[254.947641] (examples_rclcpp_wait_set) StdoutLine: {'line': b'[ 16%] \x1b[32mBuilding CXX object CMakeFiles/talker.dir/src/talker.cpp.o\x1b[0m\n'}
[254.948477] (examples_rclcpp_wait_set) StdoutLine: {'line': b'[ 16%] \x1b[32mBuilding CXX object CMakeFiles/wait_set_topics_and_timer.dir/src/wait_set_topics_and_timer.cpp.o\x1b[0m\n'}
[254.949445] (examples_rclcpp_wait_set) StdoutLine: {'line': b'[ 20%] \x1b[32mBuilding CXX object CMakeFiles/thread_safe_wait_set.dir/src/thread_safe_wait_set.cpp.o\x1b[0m\n'}
[254.949716] (examples_rclcpp_wait_set) StdoutLine: {'line': b'[ 25%] \x1b[32mBuilding CXX object CMakeFiles/wait_set.dir/src/wait_set.cpp.o\x1b[0m\n'}
[254.949842] (examples_rclcpp_wait_set) StdoutLine: {'line': b'[ 29%] \x1b[32mBuilding CXX object CMakeFiles/wait_set_listener.dir/rclcpp_components/node_main_wait_set_listener.cpp.o\x1b[0m\n'}
[254.950163] (examples_rclcpp_wait_set) StdoutLine: {'line': b'[ 33%] \x1b[32mBuilding CXX object CMakeFiles/static_wait_set.dir/src/static_wait_set.cpp.o\x1b[0m\n'}
[254.950520] (examples_rclcpp_wait_set) StdoutLine: {'line': b'[ 37%] \x1b[32mBuilding CXX object CMakeFiles/wait_set_topics_with_different_rates.dir/src/wait_set_topics_with_different_rates.cpp.o\x1b[0m\n'}
[254.951028] (examples_rclcpp_wait_set) StdoutLine: {'line': b'[ 41%] \x1b[32mBuilding CXX object CMakeFiles/listener.dir/src/listener.cpp.o\x1b[0m\n'}
[254.953477] (examples_rclcpp_wait_set) StdoutLine: {'line': b'[ 45%] \x1b[32mBuilding CXX object CMakeFiles/executor_random_order.dir/src/executor_random_order.cpp.o\x1b[0m\n'}
[254.956956] (-) TimerEvent: {}
[255.057577] (-) TimerEvent: {}
[255.158140] (-) TimerEvent: {}
[255.258860] (-) TimerEvent: {}
[255.360024] (-) TimerEvent: {}
[255.461209] (-) TimerEvent: {}
[255.562024] (-) TimerEvent: {}
[255.662955] (-) TimerEvent: {}
[255.764058] (-) TimerEvent: {}
[255.864987] (-) TimerEvent: {}
[255.965802] (-) TimerEvent: {}
[256.066677] (-) TimerEvent: {}
[256.168030] (-) TimerEvent: {}
[256.268873] (-) TimerEvent: {}
[256.369704] (-) TimerEvent: {}
[256.470561] (-) TimerEvent: {}
[256.571437] (-) TimerEvent: {}
[256.672334] (-) TimerEvent: {}
[256.773317] (-) TimerEvent: {}
[256.874636] (-) TimerEvent: {}
[256.976016] (-) TimerEvent: {}
[257.077090] (-) TimerEvent: {}
[257.178401] (-) TimerEvent: {}
[257.279656] (-) TimerEvent: {}
[257.381040] (-) TimerEvent: {}
[257.482307] (-) TimerEvent: {}
[257.583521] (-) TimerEvent: {}
[257.684536] (-) TimerEvent: {}
[257.785766] (-) TimerEvent: {}
[257.887182] (-) TimerEvent: {}
[257.988404] (-) TimerEvent: {}
[258.089587] (-) TimerEvent: {}
[258.190841] (-) TimerEvent: {}
[258.292184] (-) TimerEvent: {}
[258.393366] (-) TimerEvent: {}
[258.494572] (-) TimerEvent: {}
[258.595971] (-) TimerEvent: {}
[258.697031] (-) TimerEvent: {}
[258.797790] (-) TimerEvent: {}
[258.899111] (-) TimerEvent: {}
[259.000265] (-) TimerEvent: {}
[259.101383] (-) TimerEvent: {}
[259.202619] (-) TimerEvent: {}
[259.303638] (-) TimerEvent: {}
[259.404832] (-) TimerEvent: {}
[259.507241] (-) TimerEvent: {}
[259.610450] (-) TimerEvent: {}
[259.714099] (-) TimerEvent: {}
[259.816246] (-) TimerEvent: {}
[259.919944] (-) TimerEvent: {}
[260.023150] (-) TimerEvent: {}
[260.124562] (-) TimerEvent: {}
[260.227539] (-) TimerEvent: {}
[260.329981] (-) TimerEvent: {}
[260.431452] (-) TimerEvent: {}
[260.533130] (-) TimerEvent: {}
[260.635203] (-) TimerEvent: {}
[260.736656] (-) TimerEvent: {}
[260.838393] (-) TimerEvent: {}
[260.940680] (-) TimerEvent: {}
[261.043030] (-) TimerEvent: {}
[261.145367] (-) TimerEvent: {}
[261.246659] (-) TimerEvent: {}
[261.349055] (-) TimerEvent: {}
[261.451877] (-) TimerEvent: {}
[261.554183] (-) TimerEvent: {}
[261.656934] (-) TimerEvent: {}
[261.759913] (-) TimerEvent: {}
[261.861004] (-) TimerEvent: {}
[261.962382] (-) TimerEvent: {}
[262.063911] (-) TimerEvent: {}
[262.165801] (-) TimerEvent: {}
[262.267355] (-) TimerEvent: {}
[262.369072] (-) TimerEvent: {}
[262.471681] (-) TimerEvent: {}
[262.573824] (-) TimerEvent: {}
[262.676118] (-) TimerEvent: {}
[262.778105] (-) TimerEvent: {}
[262.879887] (-) TimerEvent: {}
[262.982046] (-) TimerEvent: {}
[263.084224] (-) TimerEvent: {}
[263.186306] (-) TimerEvent: {}
[263.287232] (-) TimerEvent: {}
[263.389052] (-) TimerEvent: {}
[263.490515] (-) TimerEvent: {}
[263.591477] (-) TimerEvent: {}
[263.693222] (-) TimerEvent: {}
[263.795111] (-) TimerEvent: {}
[263.896590] (-) TimerEvent: {}
[263.998434] (-) TimerEvent: {}
[264.099609] (-) TimerEvent: {}
[264.201843] (-) TimerEvent: {}
[264.303109] (-) TimerEvent: {}
[264.404912] (-) TimerEvent: {}
[264.506840] (-) TimerEvent: {}
[264.608174] (-) TimerEvent: {}
[264.709887] (-) TimerEvent: {}
[264.811619] (-) TimerEvent: {}
[264.913121] (-) TimerEvent: {}
[265.014596] (-) TimerEvent: {}
[265.115974] (-) TimerEvent: {}
[265.217702] (-) TimerEvent: {}
[265.319043] (-) TimerEvent: {}
[265.421000] (-) TimerEvent: {}
[265.522596] (-) TimerEvent: {}
[265.623673] (-) TimerEvent: {}
[265.724881] (-) TimerEvent: {}
[265.825994] (-) TimerEvent: {}
[265.926905] (-) TimerEvent: {}
[266.027984] (-) TimerEvent: {}
[266.129204] (-) TimerEvent: {}
[266.230441] (-) TimerEvent: {}
[266.332023] (-) TimerEvent: {}
[266.433095] (-) TimerEvent: {}
[266.547214] (-) TimerEvent: {}
[266.652930] (-) TimerEvent: {}
[266.759183] (-) TimerEvent: {}
[266.860728] (-) TimerEvent: {}
[266.962634] (-) TimerEvent: {}
[267.063837] (-) TimerEvent: {}
[267.165236] (-) TimerEvent: {}
[267.266535] (-) TimerEvent: {}
[267.367697] (-) TimerEvent: {}
[267.469106] (-) TimerEvent: {}
[267.570379] (-) TimerEvent: {}
[267.671771] (-) TimerEvent: {}
[267.773076] (-) TimerEvent: {}
[267.874546] (-) TimerEvent: {}
[267.975962] (-) TimerEvent: {}
[268.077154] (-) TimerEvent: {}
[268.178054] (-) TimerEvent: {}
[268.282541] (-) TimerEvent: {}
[268.387437] (-) TimerEvent: {}
[268.488954] (-) TimerEvent: {}
[268.590694] (-) TimerEvent: {}
[268.692371] (-) TimerEvent: {}
[268.795853] (-) TimerEvent: {}
[268.897657] (-) TimerEvent: {}
[269.003262] (-) TimerEvent: {}
[269.104611] (-) TimerEvent: {}
[269.206568] (-) TimerEvent: {}
[269.307889] (-) TimerEvent: {}
[269.409880] (-) TimerEvent: {}
[269.511619] (-) TimerEvent: {}
[269.614971] (-) TimerEvent: {}
[269.716388] (-) TimerEvent: {}
[269.817500] (-) TimerEvent: {}
[269.918330] (-) TimerEvent: {}
[270.021791] (-) TimerEvent: {}
[270.124043] (-) TimerEvent: {}
[270.225257] (-) TimerEvent: {}
[270.326427] (-) TimerEvent: {}
[270.427906] (-) TimerEvent: {}
[270.529297] (-) TimerEvent: {}
[270.630761] (-) TimerEvent: {}
[270.732173] (-) TimerEvent: {}
[270.835555] (-) TimerEvent: {}
[270.937568] (-) TimerEvent: {}
[271.038754] (-) TimerEvent: {}
[271.139599] (-) TimerEvent: {}
[271.242047] (-) TimerEvent: {}
[271.343285] (-) TimerEvent: {}
[271.444674] (-) TimerEvent: {}
[271.547166] (-) TimerEvent: {}
[271.648377] (-) TimerEvent: {}
[271.749139] (-) TimerEvent: {}
[271.850356] (-) TimerEvent: {}
[271.951104] (-) TimerEvent: {}
[272.051871] (-) TimerEvent: {}
[272.152616] (-) TimerEvent: {}
[272.253317] (-) TimerEvent: {}
[272.354123] (-) TimerEvent: {}
[272.454810] (-) TimerEvent: {}
[272.555528] (-) TimerEvent: {}
[272.656325] (-) TimerEvent: {}
[272.757391] (-) TimerEvent: {}
[272.858382] (-) TimerEvent: {}
[272.959183] (-) TimerEvent: {}
[273.059928] (-) TimerEvent: {}
[273.160596] (-) TimerEvent: {}
[273.261369] (-) TimerEvent: {}
[273.362231] (-) TimerEvent: {}
[273.462917] (-) TimerEvent: {}
[273.563834] (-) TimerEvent: {}
[273.664622] (-) TimerEvent: {}
[273.765370] (-) TimerEvent: {}
[273.866119] (-) TimerEvent: {}
[273.966886] (-) TimerEvent: {}
[274.067801] (-) TimerEvent: {}
[274.168625] (-) TimerEvent: {}
[274.269396] (-) TimerEvent: {}
[274.370237] (-) TimerEvent: {}
[274.471000] (-) TimerEvent: {}
[274.571870] (-) TimerEvent: {}
[274.672729] (-) TimerEvent: {}
[274.773556] (-) TimerEvent: {}
[274.874327] (-) TimerEvent: {}
[274.975201] (-) TimerEvent: {}
[275.075905] (-) TimerEvent: {}
[275.176664] (-) TimerEvent: {}
[275.277413] (-) TimerEvent: {}
[275.378147] (-) TimerEvent: {}
[275.479261] (-) TimerEvent: {}
[275.579968] (-) TimerEvent: {}
[275.658987] (examples_rclcpp_wait_set) StdoutLine: {'line': b'[ 54%] \x1b[32m\x1b[1mLinking CXX executable wait_set_listener\x1b[0m\n'}
[275.707753] (-) TimerEvent: {}
[275.709248] (examples_rclcpp_wait_set) StdoutLine: {'line': b'[ 54%] \x1b[32m\x1b[1mLinking CXX executable wait_set_talker\x1b[0m\n'}
[275.807937] (-) TimerEvent: {}
[275.908772] (-) TimerEvent: {}
[276.009446] (-) TimerEvent: {}
[276.110146] (-) TimerEvent: {}
[276.210899] (-) TimerEvent: {}
[276.311586] (-) TimerEvent: {}
[276.412388] (-) TimerEvent: {}
[276.513183] (-) TimerEvent: {}
[276.613926] (-) TimerEvent: {}
[276.714686] (-) TimerEvent: {}
[276.815502] (-) TimerEvent: {}
[276.916275] (-) TimerEvent: {}
[277.016978] (-) TimerEvent: {}
[277.117665] (-) TimerEvent: {}
[277.218343] (-) TimerEvent: {}
[277.318982] (-) TimerEvent: {}
[277.419789] (-) TimerEvent: {}
[277.520561] (-) TimerEvent: {}
[277.621262] (-) TimerEvent: {}
[277.722525] (-) TimerEvent: {}
[277.823270] (-) TimerEvent: {}
[277.924059] (-) TimerEvent: {}
[278.024721] (-) TimerEvent: {}
[278.027879] (examples_rclcpp_wait_set) StdoutLine: {'line': b'[ 54%] Built target wait_set_talker\n'}
[278.124906] (-) TimerEvent: {}
[278.126579] (examples_rclcpp_wait_set) StdoutLine: {'line': b'[ 54%] Built target wait_set_listener\n'}
[278.225116] (-) TimerEvent: {}
[278.325779] (-) TimerEvent: {}
[278.426481] (-) TimerEvent: {}
[278.527237] (-) TimerEvent: {}
[278.627882] (-) TimerEvent: {}
[278.728580] (-) TimerEvent: {}
[278.829253] (-) TimerEvent: {}
[278.929968] (-) TimerEvent: {}
[279.030930] (-) TimerEvent: {}
[279.131832] (-) TimerEvent: {}
[279.232681] (-) TimerEvent: {}
[279.333689] (-) TimerEvent: {}
[279.434441] (-) TimerEvent: {}
[279.535144] (-) TimerEvent: {}
[279.635887] (-) TimerEvent: {}
[279.736646] (-) TimerEvent: {}
[279.837403] (-) TimerEvent: {}
[279.938205] (-) TimerEvent: {}
[280.039012] (-) TimerEvent: {}
[280.139922] (-) TimerEvent: {}
[280.240699] (-) TimerEvent: {}
[280.341404] (-) TimerEvent: {}
[280.442136] (-) TimerEvent: {}
[280.542886] (-) TimerEvent: {}
[280.643652] (-) TimerEvent: {}
[280.744402] (-) TimerEvent: {}
[280.845040] (-) TimerEvent: {}
[280.945822] (-) TimerEvent: {}
[281.046602] (-) TimerEvent: {}
[281.147368] (-) TimerEvent: {}
[281.248174] (-) TimerEvent: {}
[281.348922] (-) TimerEvent: {}
[281.449745] (-) TimerEvent: {}
[281.550543] (-) TimerEvent: {}
[281.651467] (-) TimerEvent: {}
[281.753044] (-) TimerEvent: {}
[281.853870] (-) TimerEvent: {}
[281.954642] (-) TimerEvent: {}
[282.055328] (-) TimerEvent: {}
[282.156153] (-) TimerEvent: {}
[282.245185] (examples_rclcpp_wait_set) StdoutLine: {'line': b'[ 58%] \x1b[32m\x1b[1mLinking CXX shared library libtalker.so\x1b[0m\n'}
[282.256630] (-) TimerEvent: {}
[282.357898] (-) TimerEvent: {}
[282.458739] (-) TimerEvent: {}
[282.559478] (-) TimerEvent: {}
[282.660240] (-) TimerEvent: {}
[282.760974] (-) TimerEvent: {}
[282.861937] (-) TimerEvent: {}
[282.962961] (-) TimerEvent: {}
[283.064187] (-) TimerEvent: {}
[283.165130] (-) TimerEvent: {}
[283.266150] (-) TimerEvent: {}
[283.288758] (examples_rclcpp_wait_set) StdoutLine: {'line': b'[ 58%] Built target talker\n'}
[283.366381] (-) TimerEvent: {}
[283.467141] (-) TimerEvent: {}
[283.568539] (-) TimerEvent: {}
[283.669355] (-) TimerEvent: {}
[283.770218] (-) TimerEvent: {}
[283.871346] (-) TimerEvent: {}
[283.972632] (-) TimerEvent: {}
[284.073524] (-) TimerEvent: {}
[284.174592] (-) TimerEvent: {}
[284.275543] (-) TimerEvent: {}
[284.376509] (-) TimerEvent: {}
[284.477505] (-) TimerEvent: {}
[284.578627] (-) TimerEvent: {}
[284.679608] (-) TimerEvent: {}
[284.780482] (-) TimerEvent: {}
[284.881495] (-) TimerEvent: {}
[284.982519] (-) TimerEvent: {}
[285.083502] (-) TimerEvent: {}
[285.184378] (-) TimerEvent: {}
[285.285053] (-) TimerEvent: {}
[285.385850] (-) TimerEvent: {}
[285.486946] (-) TimerEvent: {}
[285.587869] (-) TimerEvent: {}
[285.688680] (-) TimerEvent: {}
[285.789575] (-) TimerEvent: {}
[285.890530] (-) TimerEvent: {}
[285.991456] (-) TimerEvent: {}
[286.092618] (-) TimerEvent: {}
[286.193680] (-) TimerEvent: {}
[286.294718] (-) TimerEvent: {}
[286.395766] (-) TimerEvent: {}
[286.496959] (-) TimerEvent: {}
[286.597645] (-) TimerEvent: {}
[286.698342] (-) TimerEvent: {}
[286.799407] (-) TimerEvent: {}
[286.900384] (-) TimerEvent: {}
[287.001063] (-) TimerEvent: {}
[287.101761] (-) TimerEvent: {}
[287.202468] (-) TimerEvent: {}
[287.303114] (-) TimerEvent: {}
[287.403904] (-) TimerEvent: {}
[287.504627] (-) TimerEvent: {}
[287.605333] (-) TimerEvent: {}
[287.706120] (-) TimerEvent: {}
[287.806975] (-) TimerEvent: {}
[287.908095] (-) TimerEvent: {}
[288.008968] (-) TimerEvent: {}
[288.110017] (-) TimerEvent: {}
[288.210986] (-) TimerEvent: {}
[288.312208] (-) TimerEvent: {}
[288.413065] (-) TimerEvent: {}
[288.514037] (-) TimerEvent: {}
[288.615032] (-) TimerEvent: {}
[288.716421] (-) TimerEvent: {}
[288.817753] (-) TimerEvent: {}
[288.918631] (-) TimerEvent: {}
[289.019584] (-) TimerEvent: {}
[289.120330] (-) TimerEvent: {}
[289.221082] (-) TimerEvent: {}
[289.321849] (-) TimerEvent: {}
[289.422612] (-) TimerEvent: {}
[289.523438] (-) TimerEvent: {}
[289.625689] (-) TimerEvent: {}
[289.726788] (-) TimerEvent: {}
[289.827437] (-) TimerEvent: {}
[289.928100] (-) TimerEvent: {}
[290.029191] (-) TimerEvent: {}
[290.130192] (-) TimerEvent: {}
[290.231459] (-) TimerEvent: {}
[290.333115] (-) TimerEvent: {}
[290.434298] (-) TimerEvent: {}
[290.535551] (-) TimerEvent: {}
[290.636722] (-) TimerEvent: {}
[290.737706] (-) TimerEvent: {}
[290.838744] (-) TimerEvent: {}
[290.939500] (-) TimerEvent: {}
[291.040514] (-) TimerEvent: {}
[291.141377] (-) TimerEvent: {}
[291.242411] (-) TimerEvent: {}
[291.343185] (-) TimerEvent: {}
[291.443904] (-) TimerEvent: {}
[291.544746] (-) TimerEvent: {}
[291.645962] (-) TimerEvent: {}
[291.746954] (-) TimerEvent: {}
[291.847931] (-) TimerEvent: {}
[291.949135] (-) TimerEvent: {}
[292.049971] (-) TimerEvent: {}
[292.150860] (-) TimerEvent: {}
[292.251571] (-) TimerEvent: {}
[292.352386] (-) TimerEvent: {}
[292.453890] (-) TimerEvent: {}
[292.556624] (-) TimerEvent: {}
[292.658008] (-) TimerEvent: {}
[292.760782] (-) TimerEvent: {}
[292.864085] (-) TimerEvent: {}
[292.965775] (-) TimerEvent: {}
[293.068980] (-) TimerEvent: {}
[293.172105] (-) TimerEvent: {}
[293.275191] (-) TimerEvent: {}
[293.380028] (-) TimerEvent: {}
[293.480907] (-) TimerEvent: {}
[293.581760] (-) TimerEvent: {}
[293.684602] (-) TimerEvent: {}
[293.788504] (-) TimerEvent: {}
[293.891595] (-) TimerEvent: {}
[293.996313] (-) TimerEvent: {}
[294.099384] (-) TimerEvent: {}
[294.202392] (-) TimerEvent: {}
[294.305414] (-) TimerEvent: {}
[294.408523] (-) TimerEvent: {}
[294.511089] (-) TimerEvent: {}
[294.612493] (-) TimerEvent: {}
[294.714706] (-) TimerEvent: {}
[294.817063] (-) TimerEvent: {}
[294.919307] (-) TimerEvent: {}
[295.021914] (-) TimerEvent: {}
[295.124651] (-) TimerEvent: {}
[295.226870] (-) TimerEvent: {}
[295.329167] (-) TimerEvent: {}
[295.430307] (-) TimerEvent: {}
[295.531873] (-) TimerEvent: {}
[295.633922] (-) TimerEvent: {}
[295.734687] (-) TimerEvent: {}
[295.836951] (-) TimerEvent: {}
[295.938286] (-) TimerEvent: {}
[296.039454] (-) TimerEvent: {}
[296.140096] (-) TimerEvent: {}
[296.201362] (examples_rclcpp_wait_set) StdoutLine: {'line': b'[ 62%] \x1b[32m\x1b[1mLinking CXX executable static_wait_set\x1b[0m\n'}
[296.240448] (-) TimerEvent: {}
[296.341648] (-) TimerEvent: {}
[296.442416] (-) TimerEvent: {}
[296.543355] (-) TimerEvent: {}
[296.644443] (-) TimerEvent: {}
[296.745201] (-) TimerEvent: {}
[296.846214] (-) TimerEvent: {}
[296.947341] (-) TimerEvent: {}
[297.007190] (examples_rclcpp_wait_set) StdoutLine: {'line': b'[ 66%] \x1b[32m\x1b[1mLinking CXX executable executor_random_order\x1b[0m\n'}
[297.048227] (-) TimerEvent: {}
[297.149635] (-) TimerEvent: {}
[297.250854] (-) TimerEvent: {}
[297.351966] (-) TimerEvent: {}
[297.453580] (-) TimerEvent: {}
[297.554819] (-) TimerEvent: {}
[297.590260] (examples_rclcpp_wait_set) StdoutLine: {'line': b'[ 66%] Built target static_wait_set\n'}
[297.655589] (-) TimerEvent: {}
[297.756436] (-) TimerEvent: {}
[297.857858] (-) TimerEvent: {}
[297.959354] (-) TimerEvent: {}
[298.060698] (-) TimerEvent: {}
[298.161977] (-) TimerEvent: {}
[298.233483] (examples_rclcpp_wait_set) StdoutLine: {'line': b'[ 66%] Built target executor_random_order\n'}
[298.262586] (-) TimerEvent: {}
[298.363764] (-) TimerEvent: {}
[298.464480] (-) TimerEvent: {}
[298.565527] (-) TimerEvent: {}
[298.666781] (-) TimerEvent: {}
[298.767961] (-) TimerEvent: {}
[298.869280] (-) TimerEvent: {}
[298.969997] (-) TimerEvent: {}
[299.071413] (-) TimerEvent: {}
[299.172308] (-) TimerEvent: {}
[299.267942] (examples_rclcpp_wait_set) StdoutLine: {'line': b'[ 70%] \x1b[32m\x1b[1mLinking CXX executable wait_set_topics_and_timer\x1b[0m\n'}
[299.272614] (-) TimerEvent: {}
[299.373649] (-) TimerEvent: {}
[299.474240] (-) TimerEvent: {}
[299.506826] (examples_rclcpp_wait_set) StdoutLine: {'line': b'[ 75%] \x1b[32m\x1b[1mLinking CXX executable wait_set_topics_with_different_rates\x1b[0m\n'}
[299.574465] (-) TimerEvent: {}
[299.665226] (examples_rclcpp_wait_set) StdoutLine: {'line': b'[ 79%] \x1b[32m\x1b[1mLinking CXX executable wait_set_random_order\x1b[0m\n'}
[299.674716] (-) TimerEvent: {}
[299.775902] (-) TimerEvent: {}
[299.864839] (examples_rclcpp_wait_set) StdoutLine: {'line': b'[ 83%] \x1b[32m\x1b[1mLinking CXX shared library liblistener.so\x1b[0m\n'}
[299.876264] (-) TimerEvent: {}
[299.977579] (-) TimerEvent: {}
[300.078567] (-) TimerEvent: {}
[300.179784] (-) TimerEvent: {}
[300.280889] (-) TimerEvent: {}
[300.382121] (-) TimerEvent: {}
[300.483414] (-) TimerEvent: {}
[300.496411] (examples_rclcpp_wait_set) StdoutLine: {'line': b'[ 83%] Built target wait_set_topics_and_timer\n'}
[300.583869] (-) TimerEvent: {}
[300.636776] (examples_rclcpp_wait_set) StdoutLine: {'line': b'[ 87%] \x1b[32m\x1b[1mLinking CXX executable thread_safe_wait_set\x1b[0m\n'}
[300.677865] (examples_rclcpp_wait_set) StdoutLine: {'line': b'[ 87%] Built target wait_set_topics_with_different_rates\n'}
[300.684077] (-) TimerEvent: {}
[300.784996] (-) TimerEvent: {}
[300.838001] (examples_rclcpp_wait_set) StdoutLine: {'line': b'[ 87%] Built target wait_set_random_order\n'}
[300.885429] (-) TimerEvent: {}
[300.986425] (-) TimerEvent: {}
[301.031257] (examples_rclcpp_wait_set) StdoutLine: {'line': b'[ 87%] Built target listener\n'}
[301.086919] (-) TimerEvent: {}
[301.164045] (examples_rclcpp_wait_set) StdoutLine: {'line': b'[ 91%] \x1b[32mBuilding CXX object CMakeFiles/wait_set_composed.dir/src/wait_set_composed.cpp.o\x1b[0m\n'}
[301.187132] (-) TimerEvent: {}
[301.288001] (-) TimerEvent: {}
[301.388751] (-) TimerEvent: {}
[301.489704] (-) TimerEvent: {}
[301.590491] (-) TimerEvent: {}
[301.691355] (-) TimerEvent: {}
[301.792360] (-) TimerEvent: {}
[301.855270] (examples_rclcpp_wait_set) StdoutLine: {'line': b'[ 91%] Built target thread_safe_wait_set\n'}
[301.892662] (-) TimerEvent: {}
[301.993704] (-) TimerEvent: {}
[302.094678] (-) TimerEvent: {}
[302.196075] (-) TimerEvent: {}
[302.221513] (examples_rclcpp_wait_set) StdoutLine: {'line': b'[ 95%] \x1b[32m\x1b[1mLinking CXX executable wait_set\x1b[0m\n'}
[302.296568] (-) TimerEvent: {}
[302.397772] (-) TimerEvent: {}
[302.499258] (-) TimerEvent: {}
[302.600334] (-) TimerEvent: {}
[302.701918] (-) TimerEvent: {}
[302.803300] (-) TimerEvent: {}
[302.904093] (-) TimerEvent: {}
[303.005189] (-) TimerEvent: {}
[303.105959] (-) TimerEvent: {}
[303.206630] (-) TimerEvent: {}
[303.307333] (-) TimerEvent: {}
[303.325101] (examples_rclcpp_wait_set) StdoutLine: {'line': b'[ 95%] Built target wait_set\n'}
[303.407672] (-) TimerEvent: {}
[303.508279] (-) TimerEvent: {}
[303.609274] (-) TimerEvent: {}
[303.710625] (-) TimerEvent: {}
[303.811406] (-) TimerEvent: {}
[303.912835] (-) TimerEvent: {}
[304.014020] (-) TimerEvent: {}
[304.115150] (-) TimerEvent: {}
[304.216240] (-) TimerEvent: {}
[304.316967] (-) TimerEvent: {}
[304.418173] (-) TimerEvent: {}
[304.520024] (-) TimerEvent: {}
[304.621024] (-) TimerEvent: {}
[304.722029] (-) TimerEvent: {}
[304.822879] (-) TimerEvent: {}
[304.923481] (-) TimerEvent: {}
[305.024027] (-) TimerEvent: {}
[305.124888] (-) TimerEvent: {}
[305.226393] (-) TimerEvent: {}
[305.327627] (-) TimerEvent: {}
[305.429187] (-) TimerEvent: {}
[305.530423] (-) TimerEvent: {}
[305.631477] (-) TimerEvent: {}
[305.732529] (-) TimerEvent: {}
[305.833126] (-) TimerEvent: {}
[305.934361] (-) TimerEvent: {}
[306.034863] (-) TimerEvent: {}
[306.135598] (-) TimerEvent: {}
[306.236864] (-) TimerEvent: {}
[306.337559] (-) TimerEvent: {}
[306.438604] (-) TimerEvent: {}
[306.539904] (-) TimerEvent: {}
[306.641443] (-) TimerEvent: {}
[306.742556] (-) TimerEvent: {}
[306.843149] (-) TimerEvent: {}
[306.944311] (-) TimerEvent: {}
[307.045142] (-) TimerEvent: {}
[307.146283] (-) TimerEvent: {}
[307.247113] (-) TimerEvent: {}
[307.347688] (-) TimerEvent: {}
[307.448486] (-) TimerEvent: {}
[307.549529] (-) TimerEvent: {}
[307.650563] (-) TimerEvent: {}
[307.751581] (-) TimerEvent: {}
[307.853016] (-) TimerEvent: {}
[307.953984] (-) TimerEvent: {}
[308.054430] (-) TimerEvent: {}
[308.155147] (-) TimerEvent: {}
[308.256651] (-) TimerEvent: {}
[308.358321] (-) TimerEvent: {}
[308.459033] (-) TimerEvent: {}
[308.559693] (-) TimerEvent: {}
[308.660912] (-) TimerEvent: {}
[308.762214] (-) TimerEvent: {}
[308.863187] (-) TimerEvent: {}
[308.963600] (-) TimerEvent: {}
[309.064236] (-) TimerEvent: {}
[309.164664] (-) TimerEvent: {}
[309.265251] (-) TimerEvent: {}
[309.365787] (-) TimerEvent: {}
[309.466495] (-) TimerEvent: {}
[309.567467] (-) TimerEvent: {}
[309.667996] (-) TimerEvent: {}
[309.768511] (-) TimerEvent: {}
[309.868994] (-) TimerEvent: {}
[309.969508] (-) TimerEvent: {}
[310.069914] (-) TimerEvent: {}
[310.136239] (examples_rclcpp_wait_set) StdoutLine: {'line': b'[100%] \x1b[32m\x1b[1mLinking CXX executable wait_set_composed\x1b[0m\n'}
[310.170431] (-) TimerEvent: {}
[310.271428] (-) TimerEvent: {}
[310.372515] (-) TimerEvent: {}
[310.473564] (-) TimerEvent: {}
[310.574527] (-) TimerEvent: {}
[310.675333] (-) TimerEvent: {}
[310.776450] (-) TimerEvent: {}
[310.877945] (-) TimerEvent: {}
[310.979108] (-) TimerEvent: {}
[311.079821] (-) TimerEvent: {}
[311.180482] (-) TimerEvent: {}
[311.249170] (examples_rclcpp_wait_set) StdoutLine: {'line': b'[100%] Built target wait_set_composed\n'}
[311.281149] (-) TimerEvent: {}
[311.352313] (examples_rclcpp_wait_set) CommandEnded: {'returncode': 0}
[311.374008] (examples_rclcpp_wait_set) JobProgress: {'identifier': 'examples_rclcpp_wait_set', 'progress': 'install'}
[311.383126] (examples_rclcpp_wait_set) Command: {'cmd': ['/usr/bin/cmake', '--install', '/home/zhang/rosprc_ws/build/examples_rclcpp_wait_set'], 'cwd': '/home/zhang/rosprc_ws/build/examples_rclcpp_wait_set', 'env': OrderedDict({'LESSOPEN': '| /usr/bin/lesspipe %s', 'GZ_SIM_RESOURCE_PATH': '/opt/ros/jazzy/share', 'USER': 'zhang', 'GZ_CONFIG_PATH': '/opt/ros/jazzy/opt/gz_sim_vendor/share/gz:/opt/ros/jazzy/opt/sdformat_vendor/share/gz:/opt/ros/jazzy/opt/gz_gui_vendor/share/gz:/opt/ros/jazzy/opt/gz_transport_vendor/share/gz:/opt/ros/jazzy/opt/gz_rendering_vendor/share/gz:/opt/ros/jazzy/opt/gz_plugin_vendor/share/gz:/opt/ros/jazzy/opt/gz_fuel_tools_vendor/share/gz:/opt/ros/jazzy/opt/gz_msgs_vendor/share/gz:/opt/ros/jazzy/opt/gz_common_vendor/share/gz', 'GIT_ASKPASS': '/home/zhang/.vscode-server/bin/e4c7e7b1d6d060162f4aa7f8225271b67ce1df75/extensions/git/dist/askpass.sh', 'SHLVL': '2', 'LIBGL_ALWAYS_SOFTWARE': '0', 'LD_LIBRARY_PATH': '/opt/ros/jazzy/opt/gz_sim_vendor/lib:/opt/ros/jazzy/opt/gz_sensors_vendor/lib:/opt/ros/jazzy/opt/gz_physics_vendor/lib:/opt/ros/jazzy/opt/sdformat_vendor/lib:/opt/ros/jazzy/opt/rviz_ogre_vendor/lib:/opt/ros/jazzy/lib/x86_64-linux-gnu:/opt/ros/jazzy/opt/gz_gui_vendor/lib:/opt/ros/jazzy/opt/gz_transport_vendor/lib:/opt/ros/jazzy/opt/gz_rendering_vendor/lib:/opt/ros/jazzy/opt/gz_plugin_vendor/lib:/opt/ros/jazzy/opt/gz_fuel_tools_vendor/lib:/opt/ros/jazzy/opt/gz_msgs_vendor/lib:/opt/ros/jazzy/opt/gz_common_vendor/lib:/opt/ros/jazzy/opt/gz_math_vendor/lib:/opt/ros/jazzy/opt/gz_utils_vendor/lib:/opt/ros/jazzy/opt/gz_tools_vendor/lib:/opt/ros/jazzy/opt/gz_ogre_next_vendor/lib:/opt/ros/jazzy/opt/gz_dartsim_vendor/lib:/opt/ros/jazzy/opt/gz_cmake_vendor/lib:/opt/ros/jazzy/lib', 'HOME': '/home/zhang', 'TERM_PROGRAM_VERSION': '1.131.0', 'VSCODE_IPC_HOOK_CLI': '/run/user/1001/vscode-ipc-d537498f-331a-41d4-bf91-51cd2386a755.sock', 'ROS_PYTHON_VERSION': '3', 'VSCODE_GIT_ASKPASS_MAIN': '/home/zhang/.vscode-server/bin/e4c7e7b1d6d060162f4aa7f8225271b67ce1df75/extensions/git/dist/askpass-main.js', 'VSCODE_GIT_ASKPASS_NODE': '/home/zhang/.vscode-server/bin/e4c7e7b1d6d060162f4aa7f8225271b67ce1df75/node', 'VSCODE_PYTHON_AUTOACTIVATE_GUARD': '1', 'DBUS_SESSION_BUS_ADDRESS': 'unix:path=/run/user/1001/bus', 'COLORTERM': 'truecolor', 'WSL_DISTRO_NAME': 'Ubuntu', 'WAYLAND_DISPLAY': 'wayland-0', 'ROS_DISTRO': 'jazzy', 'LOGNAME': 'zhang', 'NAME': 'Code', 'WSL_INTEROP': '/run/WSL/6274_interop', 'PULSE_SERVER': 'unix:/mnt/wslg/PulseServer', '_': '/usr/bin/colcon', 'ROS_VERSION': '2', 'CLAUDE_CODE_SSE_PORT': '21165', 'TERM': 'xterm-256color', 'PATH': '/home/zhang/.vscode-server/data/User/globalStorage/github.copilot-chat/debugCommand:/home/zhang/.vscode-server/data/User/globalStorage/github.copilot-chat/copilotCli:/home/zhang/.vscode-server/bin/e4c7e7b1d6d060162f4aa7f8225271b67ce1df75/bin/remote-cli:/opt/ros/jazzy/opt/gz_msgs_vendor/bin:/opt/ros/jazzy/opt/gz_tools_vendor/bin:/opt/ros/jazzy/opt/gz_ogre_next_vendor/bin:/opt/ros/jazzy/bin:/usr/local/sbin:/usr/local/bin:/usr/sbin:/usr/bin:/sbin:/bin:/usr/games:/usr/local/games:/usr/lib/wsl/lib:/mnt/c/Program Files/PowerShell/7:/mnt/c/Users/Zhang/AppData/Roaming/Code/User/globalStorage/github.copilot-chat/debugCommand:/mnt/c/Users/Zhang/AppData/Roaming/Code/User/globalStorage/github.copilot-chat/copilotCli:/mnt/c/WINDOWS/system32:/mnt/c/WINDOWS:/mnt/c/WINDOWS/System32/Wbem:/mnt/c/WINDOWS/System32/WindowsPowerShell/v1.0/:/mnt/c/WINDOWS/System32/OpenSSH/:/mnt/c/Program Files/Git/cmd:/mnt/c/Program Files/MATLAB/R2025b/bin:/mnt/c/Program Files/dotnet/:/mnt/c/Program Files/PowerShell/7/:/mnt/c/Users/Zhang/AppData/Local/Programs/Python/Python314/Scripts/:/mnt/c/Users/Zhang/AppData/Local/Programs/Python/Python314/:/mnt/c/Users/Zhang/.local/bin:/mnt/c/Users/Zhang/AppData/Local/Microsoft/WindowsApps:/mnt/c/Users/Zhang/AppData/Local/Programs/Microsoft VS Code/bin:/mnt/c/Program Files/Processing/:/snap/bin', 'XDG_RUNTIME_DIR': '/run/user/1001', 'DISPLAY': ':0', 'LANG': 'en_US.UTF-8', 'LS_COLORS': 'rs=0:di=01;34:ln=01;36:mh=00:pi=40;33:so=01;35:do=01;35:bd=40;33;01:cd=40;33;01:or=40;31;01:mi=00:su=37;41:sg=30;43:ca=00:tw=30;42:ow=34;42:st=37;44:ex=01;32:*.tar=01;31:*.tgz=01;31:*.arc=01;31:*.arj=01;31:*.taz=01;31:*.lha=01;31:*.lz4=01;31:*.lzh=01;31:*.lzma=01;31:*.tlz=01;31:*.txz=01;31:*.tzo=01;31:*.t7z=01;31:*.zip=01;31:*.z=01;31:*.dz=01;31:*.gz=01;31:*.lrz=01;31:*.lz=01;31:*.lzo=01;31:*.xz=01;31:*.zst=01;31:*.tzst=01;31:*.bz2=01;31:*.bz=01;31:*.tbz=01;31:*.tbz2=01;31:*.tz=01;31:*.deb=01;31:*.rpm=01;31:*.jar=01;31:*.war=01;31:*.ear=01;31:*.sar=01;31:*.rar=01;31:*.alz=01;31:*.ace=01;31:*.zoo=01;31:*.cpio=01;31:*.7z=01;31:*.rz=01;31:*.cab=01;31:*.wim=01;31:*.swm=01;31:*.dwm=01;31:*.esd=01;31:*.avif=01;35:*.jpg=01;35:*.jpeg=01;35:*.mjpg=01;35:*.mjpeg=01;35:*.gif=01;35:*.bmp=01;35:*.pbm=01;35:*.pgm=01;35:*.ppm=01;35:*.tga=01;35:*.xbm=01;35:*.xpm=01;35:*.tif=01;35:*.tiff=01;35:*.png=01;35:*.svg=01;35:*.svgz=01;35:*.mng=01;35:*.pcx=01;35:*.mov=01;35:*.mpg=01;35:*.mpeg=01;35:*.m2v=01;35:*.mkv=01;35:*.webm=01;35:*.webp=01;35:*.ogm=01;35:*.mp4=01;35:*.m4v=01;35:*.mp4v=01;35:*.vob=01;35:*.qt=01;35:*.nuv=01;35:*.wmv=01;35:*.asf=01;35:*.rm=01;35:*.rmvb=01;35:*.flc=01;35:*.avi=01;35:*.fli=01;35:*.flv=01;35:*.gl=01;35:*.dl=01;35:*.xcf=01;35:*.xwd=01;35:*.yuv=01;35:*.cgm=01;35:*.emf=01;35:*.ogv=01;35:*.ogx=01;35:*.aac=00;36:*.au=00;36:*.flac=00;36:*.m4a=00;36:*.mid=00;36:*.midi=00;36:*.mka=00;36:*.mp3=00;36:*.mpc=00;36:*.ogg=00;36:*.ra=00;36:*.wav=00;36:*.oga=00;36:*.opus=00;36:*.spx=00;36:*.xspf=00;36:*~=00;90:*#=00;90:*.bak=00;90:*.crdownload=00;90:*.dpkg-dist=00;90:*.dpkg-new=00;90:*.dpkg-old=00;90:*.dpkg-tmp=00;90:*.old=00;90:*.orig=00;90:*.part=00;90:*.rej=00;90:*.rpmnew=00;90:*.rpmorig=00;90:*.rpmsave=00;90:*.swp=00;90:*.tmp=00;90:*.ucf-dist=00;90:*.ucf-new=00;90:*.ucf-old=00;90:', 'VSCODE_GIT_IPC_HANDLE': '/run/user/1001/vscode-git-82e1d75d12.sock', 'TERM_PROGRAM': 'vscode', 'AMENT_PREFIX_PATH': '/opt/ros/jazzy', 'SHELL': '/bin/bash', 'LESSCLOSE': '/usr/bin/lesspipe %s %s', 'GALLIUM_DRIVER': 'd3d12', 'ROS_AUTOMATIC_DISCOVERY_RANGE': 'SUBNET', 'VSCODE_GIT_ASKPASS_EXTRA_ARGS': '', 'PWD': '/home/zhang/rosprc_ws/build/examples_rclcpp_wait_set', 'TURTLEBOT3_MODEL': 'burger', 'COPILOT_DEBUG_NONCE': '503c6a609ad3c4b1656ae504fee63388', 'XDG_DATA_DIRS': '/usr/local/share:/usr/share:/var/lib/snapd/desktop', 'PYTHONPATH': '/opt/ros/jazzy/lib/python3.12/site-packages', 'COLCON': '1', 'WSL2_GUI_APPS_ENABLED': '1', 'HOSTTYPE': 'x86_64', 'CMAKE_PREFIX_PATH': '/opt/ros/jazzy/opt/gz_sim_vendor:/opt/ros/jazzy/opt/gz_sensors_vendor:/opt/ros/jazzy/opt/gz_physics_vendor:/opt/ros/jazzy/opt/sdformat_vendor:/opt/ros/jazzy/opt/gz_gui_vendor:/opt/ros/jazzy/opt/gz_transport_vendor:/opt/ros/jazzy/opt/gz_rendering_vendor:/opt/ros/jazzy/opt/gz_plugin_vendor:/opt/ros/jazzy/opt/gz_fuel_tools_vendor:/opt/ros/jazzy/opt/gz_msgs_vendor:/opt/ros/jazzy/opt/gz_common_vendor:/opt/ros/jazzy/opt/gz_math_vendor:/opt/ros/jazzy/opt/gz_utils_vendor:/opt/ros/jazzy/opt/gz_tools_vendor:/opt/ros/jazzy/opt/gz_ogre_next_vendor:/opt/ros/jazzy/opt/gz_dartsim_vendor:/opt/ros/jazzy/opt/gz_cmake_vendor:/opt/ros/jazzy', 'WSLENV': 'ELECTRON_RUN_AS_NODE/w:'}), 'shell': False}
[311.388262] (-) TimerEvent: {}
[311.435419] (examples_rclcpp_wait_set) StdoutLine: {'line': b'-- Install configuration: ""\n'}
[311.444764] (examples_rclcpp_wait_set) StdoutLine: {'line': b'-- Execute custom install script\n'}
[311.456710] (examples_rclcpp_wait_set) StdoutLine: {'line': b'-- Symlinking: /home/zhang/rosprc_ws/install/examples_rclcpp_wait_set/lib/examples_rclcpp_wait_set/wait_set_talker\n'}
[311.488506] (-) TimerEvent: {}
[311.496340] (examples_rclcpp_wait_set) StdoutLine: {'line': b'-- Symlinking: /home/zhang/rosprc_ws/install/examples_rclcpp_wait_set/lib/examples_rclcpp_wait_set/wait_set_listener\n'}
[311.537999] (examples_rclcpp_wait_set) StdoutLine: {'line': b'-- Symlinking: /home/zhang/rosprc_ws/install/examples_rclcpp_wait_set/lib/libtalker.so\n'}
[311.551971] (examples_rclcpp_wait_set) StdoutLine: {'line': b'-- Symlinking: /home/zhang/rosprc_ws/install/examples_rclcpp_wait_set/lib/liblistener.so\n'}
[311.588768] (-) TimerEvent: {}
[311.591065] (examples_rclcpp_wait_set) StdoutLine: {'line': b'-- Symlinking: /home/zhang/rosprc_ws/install/examples_rclcpp_wait_set/lib/examples_rclcpp_wait_set/wait_set\n'}
[311.624259] (examples_rclcpp_wait_set) StdoutLine: {'line': b'-- Symlinking: /home/zhang/rosprc_ws/install/examples_rclcpp_wait_set/lib/examples_rclcpp_wait_set/static_wait_set\n'}
[311.656516] (examples_rclcpp_wait_set) StdoutLine: {'line': b'-- Symlinking: /home/zhang/rosprc_ws/install/examples_rclcpp_wait_set/lib/examples_rclcpp_wait_set/thread_safe_wait_set\n'}
[311.689110] (-) TimerEvent: {}
[311.696711] (examples_rclcpp_wait_set) StdoutLine: {'line': b'-- Symlinking: /home/zhang/rosprc_ws/install/examples_rclcpp_wait_set/lib/examples_rclcpp_wait_set/wait_set_topics_and_timer\n'}
[311.735649] (examples_rclcpp_wait_set) StdoutLine: {'line': b'-- Symlinking: /home/zhang/rosprc_ws/install/examples_rclcpp_wait_set/lib/examples_rclcpp_wait_set/wait_set_random_order\n'}
[311.762892] (examples_rclcpp_wait_set) StdoutLine: {'line': b'-- Symlinking: /home/zhang/rosprc_ws/install/examples_rclcpp_wait_set/lib/examples_rclcpp_wait_set/executor_random_order\n'}
[311.789284] (-) TimerEvent: {}
[311.796945] (examples_rclcpp_wait_set) StdoutLine: {'line': b'-- Symlinking: /home/zhang/rosprc_ws/install/examples_rclcpp_wait_set/lib/examples_rclcpp_wait_set/wait_set_topics_with_different_rates\n'}
[311.829918] (examples_rclcpp_wait_set) StdoutLine: {'line': b'-- Symlinking: /home/zhang/rosprc_ws/install/examples_rclcpp_wait_set/lib/examples_rclcpp_wait_set/wait_set_composed\n'}
[311.846041] (examples_rclcpp_wait_set) StdoutLine: {'line': b'-- Symlinking: /home/zhang/rosprc_ws/install/examples_rclcpp_wait_set/share/ament_index/resource_index/package_run_dependencies/examples_rclcpp_wait_set\n'}
[311.858625] (examples_rclcpp_wait_set) StdoutLine: {'line': b'-- Symlinking: /home/zhang/rosprc_ws/install/examples_rclcpp_wait_set/share/ament_index/resource_index/parent_prefix_path/examples_rclcpp_wait_set\n'}
[311.876434] (examples_rclcpp_wait_set) StdoutLine: {'line': b'-- Symlinking: /home/zhang/rosprc_ws/install/examples_rclcpp_wait_set/share/examples_rclcpp_wait_set/environment/ament_prefix_path.sh\n'}
[311.889578] (-) TimerEvent: {}
[311.900727] (examples_rclcpp_wait_set) StdoutLine: {'line': b'-- Symlinking: /home/zhang/rosprc_ws/install/examples_rclcpp_wait_set/share/examples_rclcpp_wait_set/environment/ament_prefix_path.dsv\n'}
[311.930707] (examples_rclcpp_wait_set) StdoutLine: {'line': b'-- Symlinking: /home/zhang/rosprc_ws/install/examples_rclcpp_wait_set/share/examples_rclcpp_wait_set/environment/path.sh\n'}
[311.954579] (examples_rclcpp_wait_set) StdoutLine: {'line': b'-- Symlinking: /home/zhang/rosprc_ws/install/examples_rclcpp_wait_set/share/examples_rclcpp_wait_set/environment/path.dsv\n'}
[311.970686] (examples_rclcpp_wait_set) StdoutLine: {'line': b'-- Symlinking: /home/zhang/rosprc_ws/install/examples_rclcpp_wait_set/share/examples_rclcpp_wait_set/local_setup.bash\n'}
[311.989748] (-) TimerEvent: {}
[311.992173] (examples_rclcpp_wait_set) StdoutLine: {'line': b'-- Symlinking: /home/zhang/rosprc_ws/install/examples_rclcpp_wait_set/share/examples_rclcpp_wait_set/local_setup.sh\n'}
[312.023123] (examples_rclcpp_wait_set) StdoutLine: {'line': b'-- Symlinking: /home/zhang/rosprc_ws/install/examples_rclcpp_wait_set/share/examples_rclcpp_wait_set/local_setup.zsh\n'}
[312.042760] (examples_rclcpp_wait_set) StdoutLine: {'line': b'-- Symlinking: /home/zhang/rosprc_ws/install/examples_rclcpp_wait_set/share/examples_rclcpp_wait_set/local_setup.dsv\n'}
[312.070427] (examples_rclcpp_wait_set) StdoutLine: {'line': b'-- Symlinking: /home/zhang/rosprc_ws/install/examples_rclcpp_wait_set/share/examples_rclcpp_wait_set/package.dsv\n'}
[312.089951] (-) TimerEvent: {}
[312.090361] (examples_rclcpp_wait_set) StdoutLine: {'line': b'-- Symlinking: /home/zhang/rosprc_ws/install/examples_rclcpp_wait_set/share/ament_index/resource_index/packages/examples_rclcpp_wait_set\n'}
[312.109985] (examples_rclcpp_wait_set) StdoutLine: {'line': b'-- Symlinking: /home/zhang/rosprc_ws/install/examples_rclcpp_wait_set/share/ament_index/resource_index/rclcpp_components/examples_rclcpp_wait_set\n'}
[312.139982] (examples_rclcpp_wait_set) StdoutLine: {'line': b'-- Symlinking: /home/zhang/rosprc_ws/install/examples_rclcpp_wait_set/share/examples_rclcpp_wait_set/cmake/examples_rclcpp_wait_setConfig.cmake\n'}
[312.167571] (examples_rclcpp_wait_set) StdoutLine: {'line': b'-- Symlinking: /home/zhang/rosprc_ws/install/examples_rclcpp_wait_set/share/examples_rclcpp_wait_set/cmake/examples_rclcpp_wait_setConfig-version.cmake\n'}
[312.190212] (-) TimerEvent: {}
[312.192981] (examples_rclcpp_wait_set) StdoutLine: {'line': b'-- Symlinking: /home/zhang/rosprc_ws/install/examples_rclcpp_wait_set/share/examples_rclcpp_wait_set/package.xml\n'}
[312.236430] (examples_rclcpp_wait_set) CommandEnded: {'returncode': 0}
[312.290543] (-) TimerEvent: {}
[312.391793] (-) TimerEvent: {}
[312.406051] (examples_rclcpp_wait_set) JobEnded: {'identifier': 'examples_rclcpp_wait_set', 'rc': 0}
[312.422692] (examples_rclpy_executors) JobStarted: {'identifier': 'examples_rclpy_executors'}
[312.498065] (-) TimerEvent: {}
[312.601602] (-) TimerEvent: {}
[312.702683] (-) TimerEvent: {}
[312.803337] (-) TimerEvent: {}
[312.904034] (-) TimerEvent: {}
[313.005074] (-) TimerEvent: {}
[313.106268] (-) TimerEvent: {}
[313.207245] (-) TimerEvent: {}
[313.308082] (-) TimerEvent: {}
[313.409346] (-) TimerEvent: {}
[313.510427] (-) TimerEvent: {}
[313.611711] (-) TimerEvent: {}
[313.712990] (-) TimerEvent: {}
[313.814215] (-) TimerEvent: {}
[313.915550] (-) TimerEvent: {}
[314.016839] (-) TimerEvent: {}
[314.117865] (-) TimerEvent: {}
[314.218745] (-) TimerEvent: {}
[314.321194] (-) TimerEvent: {}
[314.423385] (-) TimerEvent: {}
[314.524230] (-) TimerEvent: {}
[314.624928] (-) TimerEvent: {}
[314.725717] (-) TimerEvent: {}
[314.826278] (-) TimerEvent: {}
[314.926922] (-) TimerEvent: {}
[315.028142] (-) TimerEvent: {}
[315.129337] (-) TimerEvent: {}
[315.230801] (-) TimerEvent: {}
[315.331994] (-) TimerEvent: {}
[315.432963] (-) TimerEvent: {}
[315.534059] (-) TimerEvent: {}
[315.634958] (-) TimerEvent: {}
[315.736305] (-) TimerEvent: {}
[315.837128] (-) TimerEvent: {}
[315.937893] (-) TimerEvent: {}
[316.038791] (-) TimerEvent: {}
[316.139608] (-) TimerEvent: {}
[316.240521] (-) TimerEvent: {}
[316.341258] (-) TimerEvent: {}
[316.442216] (-) TimerEvent: {}
[316.542749] (-) TimerEvent: {}
[316.643132] (-) TimerEvent: {}
[316.743711] (-) TimerEvent: {}
[316.844308] (-) TimerEvent: {}
[316.944859] (-) TimerEvent: {}
[317.045359] (-) TimerEvent: {}
[317.145952] (-) TimerEvent: {}
[317.246621] (-) TimerEvent: {}
[317.348595] (-) TimerEvent: {}
[317.450451] (-) TimerEvent: {}
[317.551254] (-) TimerEvent: {}
[317.651971] (-) TimerEvent: {}
[317.752816] (-) TimerEvent: {}
[317.853417] (-) TimerEvent: {}
[317.953966] (-) TimerEvent: {}
[318.054579] (-) TimerEvent: {}
[318.143480] (examples_rclpy_executors) Command: {'cmd': ['/usr/bin/python3', '-W', 'ignore:setup.py install is deprecated', '-W', 'ignore:easy_install command is deprecated', 'setup.py', 'develop', '--editable', '--build-directory', '/home/zhang/rosprc_ws/build/examples_rclpy_executors/build', '--no-deps', 'symlink_data'], 'cwd': '/home/zhang/rosprc_ws/build/examples_rclpy_executors', 'env': {'LESSOPEN': '| /usr/bin/lesspipe %s', 'GZ_SIM_RESOURCE_PATH': '/opt/ros/jazzy/share', 'USER': 'zhang', 'GZ_CONFIG_PATH': '/opt/ros/jazzy/opt/gz_sim_vendor/share/gz:/opt/ros/jazzy/opt/sdformat_vendor/share/gz:/opt/ros/jazzy/opt/gz_gui_vendor/share/gz:/opt/ros/jazzy/opt/gz_transport_vendor/share/gz:/opt/ros/jazzy/opt/gz_rendering_vendor/share/gz:/opt/ros/jazzy/opt/gz_plugin_vendor/share/gz:/opt/ros/jazzy/opt/gz_fuel_tools_vendor/share/gz:/opt/ros/jazzy/opt/gz_msgs_vendor/share/gz:/opt/ros/jazzy/opt/gz_common_vendor/share/gz', 'GIT_ASKPASS': '/home/zhang/.vscode-server/bin/e4c7e7b1d6d060162f4aa7f8225271b67ce1df75/extensions/git/dist/askpass.sh', 'SHLVL': '2', 'LIBGL_ALWAYS_SOFTWARE': '0', 'LD_LIBRARY_PATH': '/opt/ros/jazzy/opt/gz_sim_vendor/lib:/opt/ros/jazzy/opt/gz_sensors_vendor/lib:/opt/ros/jazzy/opt/gz_physics_vendor/lib:/opt/ros/jazzy/opt/sdformat_vendor/lib:/opt/ros/jazzy/opt/rviz_ogre_vendor/lib:/opt/ros/jazzy/lib/x86_64-linux-gnu:/opt/ros/jazzy/opt/gz_gui_vendor/lib:/opt/ros/jazzy/opt/gz_transport_vendor/lib:/opt/ros/jazzy/opt/gz_rendering_vendor/lib:/opt/ros/jazzy/opt/gz_plugin_vendor/lib:/opt/ros/jazzy/opt/gz_fuel_tools_vendor/lib:/opt/ros/jazzy/opt/gz_msgs_vendor/lib:/opt/ros/jazzy/opt/gz_common_vendor/lib:/opt/ros/jazzy/opt/gz_math_vendor/lib:/opt/ros/jazzy/opt/gz_utils_vendor/lib:/opt/ros/jazzy/opt/gz_tools_vendor/lib:/opt/ros/jazzy/opt/gz_ogre_next_vendor/lib:/opt/ros/jazzy/opt/gz_dartsim_vendor/lib:/opt/ros/jazzy/opt/gz_cmake_vendor/lib:/opt/ros/jazzy/lib', 'HOME': '/home/zhang', 'TERM_PROGRAM_VERSION': '1.131.0', 'VSCODE_IPC_HOOK_CLI': '/run/user/1001/vscode-ipc-d537498f-331a-41d4-bf91-51cd2386a755.sock', 'ROS_PYTHON_VERSION': '3', 'VSCODE_GIT_ASKPASS_MAIN': '/home/zhang/.vscode-server/bin/e4c7e7b1d6d060162f4aa7f8225271b67ce1df75/extensions/git/dist/askpass-main.js', 'VSCODE_GIT_ASKPASS_NODE': '/home/zhang/.vscode-server/bin/e4c7e7b1d6d060162f4aa7f8225271b67ce1df75/node', 'VSCODE_PYTHON_AUTOACTIVATE_GUARD': '1', 'DBUS_SESSION_BUS_ADDRESS': 'unix:path=/run/user/1001/bus', 'COLORTERM': 'truecolor', 'WSL_DISTRO_NAME': 'Ubuntu', 'WAYLAND_DISPLAY': 'wayland-0', 'ROS_DISTRO': 'jazzy', 'LOGNAME': 'zhang', 'NAME': 'Code', 'WSL_INTEROP': '/run/WSL/6274_interop', 'PULSE_SERVER': 'unix:/mnt/wslg/PulseServer', '_': '/usr/bin/colcon', 'ROS_VERSION': '2', 'CLAUDE_CODE_SSE_PORT': '21165', 'TERM': 'xterm-256color', 'PATH': '/home/zhang/.vscode-server/data/User/globalStorage/github.copilot-chat/debugCommand:/home/zhang/.vscode-server/data/User/globalStorage/github.copilot-chat/copilotCli:/home/zhang/.vscode-server/bin/e4c7e7b1d6d060162f4aa7f8225271b67ce1df75/bin/remote-cli:/opt/ros/jazzy/opt/gz_msgs_vendor/bin:/opt/ros/jazzy/opt/gz_tools_vendor/bin:/opt/ros/jazzy/opt/gz_ogre_next_vendor/bin:/opt/ros/jazzy/bin:/usr/local/sbin:/usr/local/bin:/usr/sbin:/usr/bin:/sbin:/bin:/usr/games:/usr/local/games:/usr/lib/wsl/lib:/mnt/c/Program Files/PowerShell/7:/mnt/c/Users/Zhang/AppData/Roaming/Code/User/globalStorage/github.copilot-chat/debugCommand:/mnt/c/Users/Zhang/AppData/Roaming/Code/User/globalStorage/github.copilot-chat/copilotCli:/mnt/c/WINDOWS/system32:/mnt/c/WINDOWS:/mnt/c/WINDOWS/System32/Wbem:/mnt/c/WINDOWS/System32/WindowsPowerShell/v1.0/:/mnt/c/WINDOWS/System32/OpenSSH/:/mnt/c/Program Files/Git/cmd:/mnt/c/Program Files/MATLAB/R2025b/bin:/mnt/c/Program Files/dotnet/:/mnt/c/Program Files/PowerShell/7/:/mnt/c/Users/Zhang/AppData/Local/Programs/Python/Python314/Scripts/:/mnt/c/Users/Zhang/AppData/Local/Programs/Python/Python314/:/mnt/c/Users/Zhang/.local/bin:/mnt/c/Users/Zhang/AppData/Local/Microsoft/WindowsApps:/mnt/c/Users/Zhang/AppData/Local/Programs/Microsoft VS Code/bin:/mnt/c/Program Files/Processing/:/snap/bin', 'XDG_RUNTIME_DIR': '/run/user/1001', 'DISPLAY': ':0', 'LANG': 'en_US.UTF-8', 'LS_COLORS': 'rs=0:di=01;34:ln=01;36:mh=00:pi=40;33:so=01;35:do=01;35:bd=40;33;01:cd=40;33;01:or=40;31;01:mi=00:su=37;41:sg=30;43:ca=00:tw=30;42:ow=34;42:st=37;44:ex=01;32:*.tar=01;31:*.tgz=01;31:*.arc=01;31:*.arj=01;31:*.taz=01;31:*.lha=01;31:*.lz4=01;31:*.lzh=01;31:*.lzma=01;31:*.tlz=01;31:*.txz=01;31:*.tzo=01;31:*.t7z=01;31:*.zip=01;31:*.z=01;31:*.dz=01;31:*.gz=01;31:*.lrz=01;31:*.lz=01;31:*.lzo=01;31:*.xz=01;31:*.zst=01;31:*.tzst=01;31:*.bz2=01;31:*.bz=01;31:*.tbz=01;31:*.tbz2=01;31:*.tz=01;31:*.deb=01;31:*.rpm=01;31:*.jar=01;31:*.war=01;31:*.ear=01;31:*.sar=01;31:*.rar=01;31:*.alz=01;31:*.ace=01;31:*.zoo=01;31:*.cpio=01;31:*.7z=01;31:*.rz=01;31:*.cab=01;31:*.wim=01;31:*.swm=01;31:*.dwm=01;31:*.esd=01;31:*.avif=01;35:*.jpg=01;35:*.jpeg=01;35:*.mjpg=01;35:*.mjpeg=01;35:*.gif=01;35:*.bmp=01;35:*.pbm=01;35:*.pgm=01;35:*.ppm=01;35:*.tga=01;35:*.xbm=01;35:*.xpm=01;35:*.tif=01;35:*.tiff=01;35:*.png=01;35:*.svg=01;35:*.svgz=01;35:*.mng=01;35:*.pcx=01;35:*.mov=01;35:*.mpg=01;35:*.mpeg=01;35:*.m2v=01;35:*.mkv=01;35:*.webm=01;35:*.webp=01;35:*.ogm=01;35:*.mp4=01;35:*.m4v=01;35:*.mp4v=01;35:*.vob=01;35:*.qt=01;35:*.nuv=01;35:*.wmv=01;35:*.asf=01;35:*.rm=01;35:*.rmvb=01;35:*.flc=01;35:*.avi=01;35:*.fli=01;35:*.flv=01;35:*.gl=01;35:*.dl=01;35:*.xcf=01;35:*.xwd=01;35:*.yuv=01;35:*.cgm=01;35:*.emf=01;35:*.ogv=01;35:*.ogx=01;35:*.aac=00;36:*.au=00;36:*.flac=00;36:*.m4a=00;36:*.mid=00;36:*.midi=00;36:*.mka=00;36:*.mp3=00;36:*.mpc=00;36:*.ogg=00;36:*.ra=00;36:*.wav=00;36:*.oga=00;36:*.opus=00;36:*.spx=00;36:*.xspf=00;36:*~=00;90:*#=00;90:*.bak=00;90:*.crdownload=00;90:*.dpkg-dist=00;90:*.dpkg-new=00;90:*.dpkg-old=00;90:*.dpkg-tmp=00;90:*.old=00;90:*.orig=00;90:*.part=00;90:*.rej=00;90:*.rpmnew=00;90:*.rpmorig=00;90:*.rpmsave=00;90:*.swp=00;90:*.tmp=00;90:*.ucf-dist=00;90:*.ucf-new=00;90:*.ucf-old=00;90:', 'VSCODE_GIT_IPC_HANDLE': '/run/user/1001/vscode-git-82e1d75d12.sock', 'TERM_PROGRAM': 'vscode', 'AMENT_PREFIX_PATH': '/opt/ros/jazzy', 'SHELL': '/bin/bash', 'LESSCLOSE': '/usr/bin/lesspipe %s %s', 'GALLIUM_DRIVER': 'd3d12', 'ROS_AUTOMATIC_DISCOVERY_RANGE': 'SUBNET', 'VSCODE_GIT_ASKPASS_EXTRA_ARGS': '', 'PWD': '/home/zhang/rosprc_ws/build/examples_rclpy_executors', 'TURTLEBOT3_MODEL': 'burger', 'COPILOT_DEBUG_NONCE': '503c6a609ad3c4b1656ae504fee63388', 'XDG_DATA_DIRS': '/usr/local/share:/usr/share:/var/lib/snapd/desktop', 'PYTHONPATH': '/home/zhang/rosprc_ws/build/examples_rclpy_executors/prefix_override:/usr/lib/python3/dist-packages/colcon_core/task/python/colcon_distutils_commands:/home/zhang/rosprc_ws/install/examples_rclpy_executors/lib/python3.12/site-packages:/opt/ros/jazzy/lib/python3.12/site-packages', 'COLCON': '1', 'WSL2_GUI_APPS_ENABLED': '1', 'HOSTTYPE': 'x86_64', 'CMAKE_PREFIX_PATH': '/opt/ros/jazzy/opt/gz_sim_vendor:/opt/ros/jazzy/opt/gz_sensors_vendor:/opt/ros/jazzy/opt/gz_physics_vendor:/opt/ros/jazzy/opt/sdformat_vendor:/opt/ros/jazzy/opt/gz_gui_vendor:/opt/ros/jazzy/opt/gz_transport_vendor:/opt/ros/jazzy/opt/gz_rendering_vendor:/opt/ros/jazzy/opt/gz_plugin_vendor:/opt/ros/jazzy/opt/gz_fuel_tools_vendor:/opt/ros/jazzy/opt/gz_msgs_vendor:/opt/ros/jazzy/opt/gz_common_vendor:/opt/ros/jazzy/opt/gz_math_vendor:/opt/ros/jazzy/opt/gz_utils_vendor:/opt/ros/jazzy/opt/gz_tools_vendor:/opt/ros/jazzy/opt/gz_ogre_next_vendor:/opt/ros/jazzy/opt/gz_dartsim_vendor:/opt/ros/jazzy/opt/gz_cmake_vendor', 'WSLENV': 'ELECTRON_RUN_AS_NODE/w:'}, 'shell': False}
[318.154765] (-) TimerEvent: {}
[318.255671] (-) TimerEvent: {}
[318.356629] (-) TimerEvent: {}
[318.457168] (-) TimerEvent: {}
[318.557525] (-) TimerEvent: {}
[318.658023] (-) TimerEvent: {}
[318.661456] (examples_rclpy_executors) StdoutLine: {'line': b'running develop\n'}
[318.758402] (-) TimerEvent: {}
[318.858959] (-) TimerEvent: {}
[318.918914] (examples_rclpy_executors) StdoutLine: {'line': b'running egg_info\n'}
[318.938274] (examples_rclpy_executors) StdoutLine: {'line': b'writing examples_rclpy_executors.egg-info/PKG-INFO\n'}
[318.939358] (examples_rclpy_executors) StdoutLine: {'line': b'writing dependency_links to examples_rclpy_executors.egg-info/dependency_links.txt\n'}
[318.939896] (examples_rclpy_executors) StdoutLine: {'line': b'writing entry points to examples_rclpy_executors.egg-info/entry_points.txt\n'}
[318.940356] (examples_rclpy_executors) StdoutLine: {'line': b'writing requirements to examples_rclpy_executors.egg-info/requires.txt\n'}
[318.940706] (examples_rclpy_executors) StdoutLine: {'line': b'writing top-level names to examples_rclpy_executors.egg-info/top_level.txt\n'}
[318.959041] (-) TimerEvent: {}
[318.997634] (examples_rclpy_executors) StdoutLine: {'line': b"reading manifest file 'examples_rclpy_executors.egg-info/SOURCES.txt'\n"}
[318.999554] (examples_rclpy_executors) StdoutLine: {'line': b"writing manifest file 'examples_rclpy_executors.egg-info/SOURCES.txt'\n"}
[319.027143] (examples_rclpy_executors) StdoutLine: {'line': b'running build_ext\n'}
[319.029532] (examples_rclpy_executors) StdoutLine: {'line': b'Creating /home/zhang/rosprc_ws/install/examples_rclpy_executors/lib/python3.12/site-packages/examples-rclpy-executors.egg-link (link to .)\n'}
[319.030975] (examples_rclpy_executors) StdoutLine: {'line': b'Installing callback_group script to /home/zhang/rosprc_ws/install/examples_rclpy_executors/lib/examples_rclpy_executors\n'}
[319.031639] (examples_rclpy_executors) StdoutLine: {'line': b'Installing composed script to /home/zhang/rosprc_ws/install/examples_rclpy_executors/lib/examples_rclpy_executors\n'}
[319.032342] (examples_rclpy_executors) StdoutLine: {'line': b'Installing custom_callback_group script to /home/zhang/rosprc_ws/install/examples_rclpy_executors/lib/examples_rclpy_executors\n'}
[319.032793] (examples_rclpy_executors) StdoutLine: {'line': b'Installing custom_executor script to /home/zhang/rosprc_ws/install/examples_rclpy_executors/lib/examples_rclpy_executors\n'}
[319.033258] (examples_rclpy_executors) StdoutLine: {'line': b'Installing listener script to /home/zhang/rosprc_ws/install/examples_rclpy_executors/lib/examples_rclpy_executors\n'}
[319.033740] (examples_rclpy_executors) StdoutLine: {'line': b'Installing talker script to /home/zhang/rosprc_ws/install/examples_rclpy_executors/lib/examples_rclpy_executors\n'}
[319.034227] (examples_rclpy_executors) StdoutLine: {'line': b'\n'}
[319.034455] (examples_rclpy_executors) StdoutLine: {'line': b'Installed /home/zhang/rosprc_ws/build/examples_rclpy_executors\n'}
[319.034575] (examples_rclpy_executors) StdoutLine: {'line': b'running symlink_data\n'}
[319.059178] (-) TimerEvent: {}
[319.090984] (examples_rclpy_executors) CommandEnded: {'returncode': 0}
[319.117165] (examples_rclpy_executors) JobEnded: {'identifier': 'examples_rclpy_executors', 'rc': 0}
[319.121338] (examples_rclpy_guard_conditions) JobStarted: {'identifier': 'examples_rclpy_guard_conditions'}
[319.159450] (-) TimerEvent: {}
[319.260566] (-) TimerEvent: {}
[319.361389] (-) TimerEvent: {}
[319.461904] (-) TimerEvent: {}
[319.562323] (-) TimerEvent: {}
[319.662810] (-) TimerEvent: {}
[319.763383] (-) TimerEvent: {}
[319.864303] (-) TimerEvent: {}
[319.965531] (-) TimerEvent: {}
[320.066080] (-) TimerEvent: {}
[320.166607] (-) TimerEvent: {}
[320.267222] (-) TimerEvent: {}
[320.368196] (-) TimerEvent: {}
[320.468658] (-) TimerEvent: {}
[320.569181] (-) TimerEvent: {}
[320.669765] (-) TimerEvent: {}
[320.770511] (-) TimerEvent: {}
[320.871144] (-) TimerEvent: {}
[320.971968] (-) TimerEvent: {}
[321.072461] (-) TimerEvent: {}
[321.173041] (-) TimerEvent: {}
[321.198668] (examples_rclpy_guard_conditions) Command: {'cmd': ['/usr/bin/python3', '-W', 'ignore:setup.py install is deprecated', '-W', 'ignore:easy_install command is deprecated', 'setup.py', 'develop', '--editable', '--build-directory', '/home/zhang/rosprc_ws/build/examples_rclpy_guard_conditions/build', '--no-deps', 'symlink_data'], 'cwd': '/home/zhang/rosprc_ws/build/examples_rclpy_guard_conditions', 'env': {'LESSOPEN': '| /usr/bin/lesspipe %s', 'GZ_SIM_RESOURCE_PATH': '/opt/ros/jazzy/share', 'USER': 'zhang', 'GZ_CONFIG_PATH': '/opt/ros/jazzy/opt/gz_sim_vendor/share/gz:/opt/ros/jazzy/opt/sdformat_vendor/share/gz:/opt/ros/jazzy/opt/gz_gui_vendor/share/gz:/opt/ros/jazzy/opt/gz_transport_vendor/share/gz:/opt/ros/jazzy/opt/gz_rendering_vendor/share/gz:/opt/ros/jazzy/opt/gz_plugin_vendor/share/gz:/opt/ros/jazzy/opt/gz_fuel_tools_vendor/share/gz:/opt/ros/jazzy/opt/gz_msgs_vendor/share/gz:/opt/ros/jazzy/opt/gz_common_vendor/share/gz', 'GIT_ASKPASS': '/home/zhang/.vscode-server/bin/e4c7e7b1d6d060162f4aa7f8225271b67ce1df75/extensions/git/dist/askpass.sh', 'SHLVL': '2', 'LIBGL_ALWAYS_SOFTWARE': '0', 'LD_LIBRARY_PATH': '/opt/ros/jazzy/opt/gz_sim_vendor/lib:/opt/ros/jazzy/opt/gz_sensors_vendor/lib:/opt/ros/jazzy/opt/gz_physics_vendor/lib:/opt/ros/jazzy/opt/sdformat_vendor/lib:/opt/ros/jazzy/opt/rviz_ogre_vendor/lib:/opt/ros/jazzy/lib/x86_64-linux-gnu:/opt/ros/jazzy/opt/gz_gui_vendor/lib:/opt/ros/jazzy/opt/gz_transport_vendor/lib:/opt/ros/jazzy/opt/gz_rendering_vendor/lib:/opt/ros/jazzy/opt/gz_plugin_vendor/lib:/opt/ros/jazzy/opt/gz_fuel_tools_vendor/lib:/opt/ros/jazzy/opt/gz_msgs_vendor/lib:/opt/ros/jazzy/opt/gz_common_vendor/lib:/opt/ros/jazzy/opt/gz_math_vendor/lib:/opt/ros/jazzy/opt/gz_utils_vendor/lib:/opt/ros/jazzy/opt/gz_tools_vendor/lib:/opt/ros/jazzy/opt/gz_ogre_next_vendor/lib:/opt/ros/jazzy/opt/gz_dartsim_vendor/lib:/opt/ros/jazzy/opt/gz_cmake_vendor/lib:/opt/ros/jazzy/lib', 'HOME': '/home/zhang', 'TERM_PROGRAM_VERSION': '1.131.0', 'VSCODE_IPC_HOOK_CLI': '/run/user/1001/vscode-ipc-d537498f-331a-41d4-bf91-51cd2386a755.sock', 'ROS_PYTHON_VERSION': '3', 'VSCODE_GIT_ASKPASS_MAIN': '/home/zhang/.vscode-server/bin/e4c7e7b1d6d060162f4aa7f8225271b67ce1df75/extensions/git/dist/askpass-main.js', 'VSCODE_GIT_ASKPASS_NODE': '/home/zhang/.vscode-server/bin/e4c7e7b1d6d060162f4aa7f8225271b67ce1df75/node', 'VSCODE_PYTHON_AUTOACTIVATE_GUARD': '1', 'DBUS_SESSION_BUS_ADDRESS': 'unix:path=/run/user/1001/bus', 'COLORTERM': 'truecolor', 'WSL_DISTRO_NAME': 'Ubuntu', 'WAYLAND_DISPLAY': 'wayland-0', 'ROS_DISTRO': 'jazzy', 'LOGNAME': 'zhang', 'NAME': 'Code', 'WSL_INTEROP': '/run/WSL/6274_interop', 'PULSE_SERVER': 'unix:/mnt/wslg/PulseServer', '_': '/usr/bin/colcon', 'ROS_VERSION': '2', 'CLAUDE_CODE_SSE_PORT': '21165', 'TERM': 'xterm-256color', 'PATH': '/home/zhang/.vscode-server/data/User/globalStorage/github.copilot-chat/debugCommand:/home/zhang/.vscode-server/data/User/globalStorage/github.copilot-chat/copilotCli:/home/zhang/.vscode-server/bin/e4c7e7b1d6d060162f4aa7f8225271b67ce1df75/bin/remote-cli:/opt/ros/jazzy/opt/gz_msgs_vendor/bin:/opt/ros/jazzy/opt/gz_tools_vendor/bin:/opt/ros/jazzy/opt/gz_ogre_next_vendor/bin:/opt/ros/jazzy/bin:/usr/local/sbin:/usr/local/bin:/usr/sbin:/usr/bin:/sbin:/bin:/usr/games:/usr/local/games:/usr/lib/wsl/lib:/mnt/c/Program Files/PowerShell/7:/mnt/c/Users/Zhang/AppData/Roaming/Code/User/globalStorage/github.copilot-chat/debugCommand:/mnt/c/Users/Zhang/AppData/Roaming/Code/User/globalStorage/github.copilot-chat/copilotCli:/mnt/c/WINDOWS/system32:/mnt/c/WINDOWS:/mnt/c/WINDOWS/System32/Wbem:/mnt/c/WINDOWS/System32/WindowsPowerShell/v1.0/:/mnt/c/WINDOWS/System32/OpenSSH/:/mnt/c/Program Files/Git/cmd:/mnt/c/Program Files/MATLAB/R2025b/bin:/mnt/c/Program Files/dotnet/:/mnt/c/Program Files/PowerShell/7/:/mnt/c/Users/Zhang/AppData/Local/Programs/Python/Python314/Scripts/:/mnt/c/Users/Zhang/AppData/Local/Programs/Python/Python314/:/mnt/c/Users/Zhang/.local/bin:/mnt/c/Users/Zhang/AppData/Local/Microsoft/WindowsApps:/mnt/c/Users/Zhang/AppData/Local/Programs/Microsoft VS Code/bin:/mnt/c/Program Files/Processing/:/snap/bin', 'XDG_RUNTIME_DIR': '/run/user/1001', 'DISPLAY': ':0', 'LANG': 'en_US.UTF-8', 'LS_COLORS': 'rs=0:di=01;34:ln=01;36:mh=00:pi=40;33:so=01;35:do=01;35:bd=40;33;01:cd=40;33;01:or=40;31;01:mi=00:su=37;41:sg=30;43:ca=00:tw=30;42:ow=34;42:st=37;44:ex=01;32:*.tar=01;31:*.tgz=01;31:*.arc=01;31:*.arj=01;31:*.taz=01;31:*.lha=01;31:*.lz4=01;31:*.lzh=01;31:*.lzma=01;31:*.tlz=01;31:*.txz=01;31:*.tzo=01;31:*.t7z=01;31:*.zip=01;31:*.z=01;31:*.dz=01;31:*.gz=01;31:*.lrz=01;31:*.lz=01;31:*.lzo=01;31:*.xz=01;31:*.zst=01;31:*.tzst=01;31:*.bz2=01;31:*.bz=01;31:*.tbz=01;31:*.tbz2=01;31:*.tz=01;31:*.deb=01;31:*.rpm=01;31:*.jar=01;31:*.war=01;31:*.ear=01;31:*.sar=01;31:*.rar=01;31:*.alz=01;31:*.ace=01;31:*.zoo=01;31:*.cpio=01;31:*.7z=01;31:*.rz=01;31:*.cab=01;31:*.wim=01;31:*.swm=01;31:*.dwm=01;31:*.esd=01;31:*.avif=01;35:*.jpg=01;35:*.jpeg=01;35:*.mjpg=01;35:*.mjpeg=01;35:*.gif=01;35:*.bmp=01;35:*.pbm=01;35:*.pgm=01;35:*.ppm=01;35:*.tga=01;35:*.xbm=01;35:*.xpm=01;35:*.tif=01;35:*.tiff=01;35:*.png=01;35:*.svg=01;35:*.svgz=01;35:*.mng=01;35:*.pcx=01;35:*.mov=01;35:*.mpg=01;35:*.mpeg=01;35:*.m2v=01;35:*.mkv=01;35:*.webm=01;35:*.webp=01;35:*.ogm=01;35:*.mp4=01;35:*.m4v=01;35:*.mp4v=01;35:*.vob=01;35:*.qt=01;35:*.nuv=01;35:*.wmv=01;35:*.asf=01;35:*.rm=01;35:*.rmvb=01;35:*.flc=01;35:*.avi=01;35:*.fli=01;35:*.flv=01;35:*.gl=01;35:*.dl=01;35:*.xcf=01;35:*.xwd=01;35:*.yuv=01;35:*.cgm=01;35:*.emf=01;35:*.ogv=01;35:*.ogx=01;35:*.aac=00;36:*.au=00;36:*.flac=00;36:*.m4a=00;36:*.mid=00;36:*.midi=00;36:*.mka=00;36:*.mp3=00;36:*.mpc=00;36:*.ogg=00;36:*.ra=00;36:*.wav=00;36:*.oga=00;36:*.opus=00;36:*.spx=00;36:*.xspf=00;36:*~=00;90:*#=00;90:*.bak=00;90:*.crdownload=00;90:*.dpkg-dist=00;90:*.dpkg-new=00;90:*.dpkg-old=00;90:*.dpkg-tmp=00;90:*.old=00;90:*.orig=00;90:*.part=00;90:*.rej=00;90:*.rpmnew=00;90:*.rpmorig=00;90:*.rpmsave=00;90:*.swp=00;90:*.tmp=00;90:*.ucf-dist=00;90:*.ucf-new=00;90:*.ucf-old=00;90:', 'VSCODE_GIT_IPC_HANDLE': '/run/user/1001/vscode-git-82e1d75d12.sock', 'TERM_PROGRAM': 'vscode', 'AMENT_PREFIX_PATH': '/opt/ros/jazzy', 'SHELL': '/bin/bash', 'LESSCLOSE': '/usr/bin/lesspipe %s %s', 'GALLIUM_DRIVER': 'd3d12', 'ROS_AUTOMATIC_DISCOVERY_RANGE': 'SUBNET', 'VSCODE_GIT_ASKPASS_EXTRA_ARGS': '', 'PWD': '/home/zhang/rosprc_ws/build/examples_rclpy_guard_conditions', 'TURTLEBOT3_MODEL': 'burger', 'COPILOT_DEBUG_NONCE': '503c6a609ad3c4b1656ae504fee63388', 'XDG_DATA_DIRS': '/usr/local/share:/usr/share:/var/lib/snapd/desktop', 'PYTHONPATH': '/home/zhang/rosprc_ws/build/examples_rclpy_guard_conditions/prefix_override:/usr/lib/python3/dist-packages/colcon_core/task/python/colcon_distutils_commands:/home/zhang/rosprc_ws/install/examples_rclpy_guard_conditions/lib/python3.12/site-packages:/opt/ros/jazzy/lib/python3.12/site-packages', 'COLCON': '1', 'WSL2_GUI_APPS_ENABLED': '1', 'HOSTTYPE': 'x86_64', 'CMAKE_PREFIX_PATH': '/opt/ros/jazzy/opt/gz_sim_vendor:/opt/ros/jazzy/opt/gz_sensors_vendor:/opt/ros/jazzy/opt/gz_physics_vendor:/opt/ros/jazzy/opt/sdformat_vendor:/opt/ros/jazzy/opt/gz_gui_vendor:/opt/ros/jazzy/opt/gz_transport_vendor:/opt/ros/jazzy/opt/gz_rendering_vendor:/opt/ros/jazzy/opt/gz_plugin_vendor:/opt/ros/jazzy/opt/gz_fuel_tools_vendor:/opt/ros/jazzy/opt/gz_msgs_vendor:/opt/ros/jazzy/opt/gz_common_vendor:/opt/ros/jazzy/opt/gz_math_vendor:/opt/ros/jazzy/opt/gz_utils_vendor:/opt/ros/jazzy/opt/gz_tools_vendor:/opt/ros/jazzy/opt/gz_ogre_next_vendor:/opt/ros/jazzy/opt/gz_dartsim_vendor:/opt/ros/jazzy/opt/gz_cmake_vendor', 'WSLENV': 'ELECTRON_RUN_AS_NODE/w:'}, 'shell': False}
[321.273399] (-) TimerEvent: {}
[321.374330] (-) TimerEvent: {}
[321.475439] (-) TimerEvent: {}
[321.576843] (-) TimerEvent: {}
[321.677968] (-) TimerEvent: {}
[321.778920] (-) TimerEvent: {}
[321.879582] (-) TimerEvent: {}
[321.980535] (-) TimerEvent: {}
[322.081691] (-) TimerEvent: {}
[322.145930] (examples_rclpy_guard_conditions) StdoutLine: {'line': b'running develop\n'}
[322.181809] (-) TimerEvent: {}
[322.282433] (-) TimerEvent: {}
[322.383135] (-) TimerEvent: {}
[322.484662] (-) TimerEvent: {}
[322.586112] (-) TimerEvent: {}
[322.667281] (examples_rclpy_guard_conditions) StdoutLine: {'line': b'running egg_info\n'}
[322.686308] (-) TimerEvent: {}
[322.692145] (examples_rclpy_guard_conditions) StdoutLine: {'line': b'writing examples_rclpy_guard_conditions.egg-info/PKG-INFO\n'}
[322.693575] (examples_rclpy_guard_conditions) StdoutLine: {'line': b'writing dependency_links to examples_rclpy_guard_conditions.egg-info/dependency_links.txt\n'}
[322.694159] (examples_rclpy_guard_conditions) StdoutLine: {'line': b'writing entry points to examples_rclpy_guard_conditions.egg-info/entry_points.txt\n'}
[322.694669] (examples_rclpy_guard_conditions) StdoutLine: {'line': b'writing requirements to examples_rclpy_guard_conditions.egg-info/requires.txt\n'}
[322.695114] (examples_rclpy_guard_conditions) StdoutLine: {'line': b'writing top-level names to examples_rclpy_guard_conditions.egg-info/top_level.txt\n'}
[322.786631] (-) TimerEvent: {}
[322.836378] (examples_rclpy_guard_conditions) StdoutLine: {'line': b"reading manifest file 'examples_rclpy_guard_conditions.egg-info/SOURCES.txt'\n"}
[322.843693] (examples_rclpy_guard_conditions) StdoutLine: {'line': b"writing manifest file 'examples_rclpy_guard_conditions.egg-info/SOURCES.txt'\n"}
[322.887077] (-) TimerEvent: {}
[322.909572] (examples_rclpy_guard_conditions) StdoutLine: {'line': b'running build_ext\n'}
[322.909969] (examples_rclpy_guard_conditions) StdoutLine: {'line': b'Creating /home/zhang/rosprc_ws/install/examples_rclpy_guard_conditions/lib/python3.12/site-packages/examples-rclpy-guard-conditions.egg-link (link to .)\n'}
[322.911244] (examples_rclpy_guard_conditions) StdoutLine: {'line': b'Installing trigger_guard_condition script to /home/zhang/rosprc_ws/install/examples_rclpy_guard_conditions/lib/examples_rclpy_guard_conditions\n'}
[322.912023] (examples_rclpy_guard_conditions) StdoutLine: {'line': b'\n'}
[322.912524] (examples_rclpy_guard_conditions) StdoutLine: {'line': b'Installed /home/zhang/rosprc_ws/build/examples_rclpy_guard_conditions\n'}
[322.913033] (examples_rclpy_guard_conditions) StdoutLine: {'line': b'running symlink_data\n'}
[322.978396] (examples_rclpy_guard_conditions) CommandEnded: {'returncode': 0}
[322.987186] (-) TimerEvent: {}
[323.032334] (examples_rclpy_guard_conditions) JobEnded: {'identifier': 'examples_rclpy_guard_conditions', 'rc': 0}
[323.040902] (examples_rclpy_minimal_action_client) JobStarted: {'identifier': 'examples_rclpy_minimal_action_client'}
[323.087899] (-) TimerEvent: {}
[323.189218] (-) TimerEvent: {}
[323.289799] (-) TimerEvent: {}
[323.390727] (-) TimerEvent: {}
[323.491642] (-) TimerEvent: {}
[323.593328] (-) TimerEvent: {}
[323.694483] (-) TimerEvent: {}
[323.795601] (-) TimerEvent: {}
[323.896755] (-) TimerEvent: {}
[323.998939] (-) TimerEvent: {}
[324.100668] (-) TimerEvent: {}
[324.201845] (-) TimerEvent: {}
[324.303081] (-) TimerEvent: {}
[324.404177] (-) TimerEvent: {}
[324.505804] (-) TimerEvent: {}
[324.608696] (-) TimerEvent: {}
[324.711204] (-) TimerEvent: {}
[324.814406] (-) TimerEvent: {}
[324.917198] (-) TimerEvent: {}
[325.019975] (-) TimerEvent: {}
[325.122935] (-) TimerEvent: {}
[325.225735] (-) TimerEvent: {}
[325.326255] (-) TimerEvent: {}
[325.426880] (-) TimerEvent: {}
[325.527441] (-) TimerEvent: {}
[325.628770] (-) TimerEvent: {}
[325.731876] (-) TimerEvent: {}
[325.834702] (-) TimerEvent: {}
[325.937177] (-) TimerEvent: {}
[326.039374] (-) TimerEvent: {}
[326.121890] (examples_rclpy_minimal_action_client) Command: {'cmd': ['/usr/bin/python3', '-W', 'ignore:setup.py install is deprecated', '-W', 'ignore:easy_install command is deprecated', 'setup.py', 'develop', '--editable', '--build-directory', '/home/zhang/rosprc_ws/build/examples_rclpy_minimal_action_client/build', '--no-deps', 'symlink_data'], 'cwd': '/home/zhang/rosprc_ws/build/examples_rclpy_minimal_action_client', 'env': {'LESSOPEN': '| /usr/bin/lesspipe %s', 'GZ_SIM_RESOURCE_PATH': '/opt/ros/jazzy/share', 'USER': 'zhang', 'GZ_CONFIG_PATH': '/opt/ros/jazzy/opt/gz_sim_vendor/share/gz:/opt/ros/jazzy/opt/sdformat_vendor/share/gz:/opt/ros/jazzy/opt/gz_gui_vendor/share/gz:/opt/ros/jazzy/opt/gz_transport_vendor/share/gz:/opt/ros/jazzy/opt/gz_rendering_vendor/share/gz:/opt/ros/jazzy/opt/gz_plugin_vendor/share/gz:/opt/ros/jazzy/opt/gz_fuel_tools_vendor/share/gz:/opt/ros/jazzy/opt/gz_msgs_vendor/share/gz:/opt/ros/jazzy/opt/gz_common_vendor/share/gz', 'GIT_ASKPASS': '/home/zhang/.vscode-server/bin/e4c7e7b1d6d060162f4aa7f8225271b67ce1df75/extensions/git/dist/askpass.sh', 'SHLVL': '2', 'LIBGL_ALWAYS_SOFTWARE': '0', 'LD_LIBRARY_PATH': '/opt/ros/jazzy/opt/gz_sim_vendor/lib:/opt/ros/jazzy/opt/gz_sensors_vendor/lib:/opt/ros/jazzy/opt/gz_physics_vendor/lib:/opt/ros/jazzy/opt/sdformat_vendor/lib:/opt/ros/jazzy/opt/rviz_ogre_vendor/lib:/opt/ros/jazzy/lib/x86_64-linux-gnu:/opt/ros/jazzy/opt/gz_gui_vendor/lib:/opt/ros/jazzy/opt/gz_transport_vendor/lib:/opt/ros/jazzy/opt/gz_rendering_vendor/lib:/opt/ros/jazzy/opt/gz_plugin_vendor/lib:/opt/ros/jazzy/opt/gz_fuel_tools_vendor/lib:/opt/ros/jazzy/opt/gz_msgs_vendor/lib:/opt/ros/jazzy/opt/gz_common_vendor/lib:/opt/ros/jazzy/opt/gz_math_vendor/lib:/opt/ros/jazzy/opt/gz_utils_vendor/lib:/opt/ros/jazzy/opt/gz_tools_vendor/lib:/opt/ros/jazzy/opt/gz_ogre_next_vendor/lib:/opt/ros/jazzy/opt/gz_dartsim_vendor/lib:/opt/ros/jazzy/opt/gz_cmake_vendor/lib:/opt/ros/jazzy/lib', 'HOME': '/home/zhang', 'TERM_PROGRAM_VERSION': '1.131.0', 'VSCODE_IPC_HOOK_CLI': '/run/user/1001/vscode-ipc-d537498f-331a-41d4-bf91-51cd2386a755.sock', 'ROS_PYTHON_VERSION': '3', 'VSCODE_GIT_ASKPASS_MAIN': '/home/zhang/.vscode-server/bin/e4c7e7b1d6d060162f4aa7f8225271b67ce1df75/extensions/git/dist/askpass-main.js', 'VSCODE_GIT_ASKPASS_NODE': '/home/zhang/.vscode-server/bin/e4c7e7b1d6d060162f4aa7f8225271b67ce1df75/node', 'VSCODE_PYTHON_AUTOACTIVATE_GUARD': '1', 'DBUS_SESSION_BUS_ADDRESS': 'unix:path=/run/user/1001/bus', 'COLORTERM': 'truecolor', 'WSL_DISTRO_NAME': 'Ubuntu', 'WAYLAND_DISPLAY': 'wayland-0', 'ROS_DISTRO': 'jazzy', 'LOGNAME': 'zhang', 'NAME': 'Code', 'WSL_INTEROP': '/run/WSL/6274_interop', 'PULSE_SERVER': 'unix:/mnt/wslg/PulseServer', '_': '/usr/bin/colcon', 'ROS_VERSION': '2', 'CLAUDE_CODE_SSE_PORT': '21165', 'TERM': 'xterm-256color', 'PATH': '/home/zhang/.vscode-server/data/User/globalStorage/github.copilot-chat/debugCommand:/home/zhang/.vscode-server/data/User/globalStorage/github.copilot-chat/copilotCli:/home/zhang/.vscode-server/bin/e4c7e7b1d6d060162f4aa7f8225271b67ce1df75/bin/remote-cli:/opt/ros/jazzy/opt/gz_msgs_vendor/bin:/opt/ros/jazzy/opt/gz_tools_vendor/bin:/opt/ros/jazzy/opt/gz_ogre_next_vendor/bin:/opt/ros/jazzy/bin:/usr/local/sbin:/usr/local/bin:/usr/sbin:/usr/bin:/sbin:/bin:/usr/games:/usr/local/games:/usr/lib/wsl/lib:/mnt/c/Program Files/PowerShell/7:/mnt/c/Users/Zhang/AppData/Roaming/Code/User/globalStorage/github.copilot-chat/debugCommand:/mnt/c/Users/Zhang/AppData/Roaming/Code/User/globalStorage/github.copilot-chat/copilotCli:/mnt/c/WINDOWS/system32:/mnt/c/WINDOWS:/mnt/c/WINDOWS/System32/Wbem:/mnt/c/WINDOWS/System32/WindowsPowerShell/v1.0/:/mnt/c/WINDOWS/System32/OpenSSH/:/mnt/c/Program Files/Git/cmd:/mnt/c/Program Files/MATLAB/R2025b/bin:/mnt/c/Program Files/dotnet/:/mnt/c/Program Files/PowerShell/7/:/mnt/c/Users/Zhang/AppData/Local/Programs/Python/Python314/Scripts/:/mnt/c/Users/Zhang/AppData/Local/Programs/Python/Python314/:/mnt/c/Users/Zhang/.local/bin:/mnt/c/Users/Zhang/AppData/Local/Microsoft/WindowsApps:/mnt/c/Users/Zhang/AppData/Local/Programs/Microsoft VS Code/bin:/mnt/c/Program Files/Processing/:/snap/bin', 'XDG_RUNTIME_DIR': '/run/user/1001', 'DISPLAY': ':0', 'LANG': 'en_US.UTF-8', 'LS_COLORS': 'rs=0:di=01;34:ln=01;36:mh=00:pi=40;33:so=01;35:do=01;35:bd=40;33;01:cd=40;33;01:or=40;31;01:mi=00:su=37;41:sg=30;43:ca=00:tw=30;42:ow=34;42:st=37;44:ex=01;32:*.tar=01;31:*.tgz=01;31:*.arc=01;31:*.arj=01;31:*.taz=01;31:*.lha=01;31:*.lz4=01;31:*.lzh=01;31:*.lzma=01;31:*.tlz=01;31:*.txz=01;31:*.tzo=01;31:*.t7z=01;31:*.zip=01;31:*.z=01;31:*.dz=01;31:*.gz=01;31:*.lrz=01;31:*.lz=01;31:*.lzo=01;31:*.xz=01;31:*.zst=01;31:*.tzst=01;31:*.bz2=01;31:*.bz=01;31:*.tbz=01;31:*.tbz2=01;31:*.tz=01;31:*.deb=01;31:*.rpm=01;31:*.jar=01;31:*.war=01;31:*.ear=01;31:*.sar=01;31:*.rar=01;31:*.alz=01;31:*.ace=01;31:*.zoo=01;31:*.cpio=01;31:*.7z=01;31:*.rz=01;31:*.cab=01;31:*.wim=01;31:*.swm=01;31:*.dwm=01;31:*.esd=01;31:*.avif=01;35:*.jpg=01;35:*.jpeg=01;35:*.mjpg=01;35:*.mjpeg=01;35:*.gif=01;35:*.bmp=01;35:*.pbm=01;35:*.pgm=01;35:*.ppm=01;35:*.tga=01;35:*.xbm=01;35:*.xpm=01;35:*.tif=01;35:*.tiff=01;35:*.png=01;35:*.svg=01;35:*.svgz=01;35:*.mng=01;35:*.pcx=01;35:*.mov=01;35:*.mpg=01;35:*.mpeg=01;35:*.m2v=01;35:*.mkv=01;35:*.webm=01;35:*.webp=01;35:*.ogm=01;35:*.mp4=01;35:*.m4v=01;35:*.mp4v=01;35:*.vob=01;35:*.qt=01;35:*.nuv=01;35:*.wmv=01;35:*.asf=01;35:*.rm=01;35:*.rmvb=01;35:*.flc=01;35:*.avi=01;35:*.fli=01;35:*.flv=01;35:*.gl=01;35:*.dl=01;35:*.xcf=01;35:*.xwd=01;35:*.yuv=01;35:*.cgm=01;35:*.emf=01;35:*.ogv=01;35:*.ogx=01;35:*.aac=00;36:*.au=00;36:*.flac=00;36:*.m4a=00;36:*.mid=00;36:*.midi=00;36:*.mka=00;36:*.mp3=00;36:*.mpc=00;36:*.ogg=00;36:*.ra=00;36:*.wav=00;36:*.oga=00;36:*.opus=00;36:*.spx=00;36:*.xspf=00;36:*~=00;90:*#=00;90:*.bak=00;90:*.crdownload=00;90:*.dpkg-dist=00;90:*.dpkg-new=00;90:*.dpkg-old=00;90:*.dpkg-tmp=00;90:*.old=00;90:*.orig=00;90:*.part=00;90:*.rej=00;90:*.rpmnew=00;90:*.rpmorig=00;90:*.rpmsave=00;90:*.swp=00;90:*.tmp=00;90:*.ucf-dist=00;90:*.ucf-new=00;90:*.ucf-old=00;90:', 'VSCODE_GIT_IPC_HANDLE': '/run/user/1001/vscode-git-82e1d75d12.sock', 'TERM_PROGRAM': 'vscode', 'AMENT_PREFIX_PATH': '/opt/ros/jazzy', 'SHELL': '/bin/bash', 'LESSCLOSE': '/usr/bin/lesspipe %s %s', 'GALLIUM_DRIVER': 'd3d12', 'ROS_AUTOMATIC_DISCOVERY_RANGE': 'SUBNET', 'VSCODE_GIT_ASKPASS_EXTRA_ARGS': '', 'PWD': '/home/zhang/rosprc_ws/build/examples_rclpy_minimal_action_client', 'TURTLEBOT3_MODEL': 'burger', 'COPILOT_DEBUG_NONCE': '503c6a609ad3c4b1656ae504fee63388', 'XDG_DATA_DIRS': '/usr/local/share:/usr/share:/var/lib/snapd/desktop', 'PYTHONPATH': '/home/zhang/rosprc_ws/build/examples_rclpy_minimal_action_client/prefix_override:/usr/lib/python3/dist-packages/colcon_core/task/python/colcon_distutils_commands:/home/zhang/rosprc_ws/install/examples_rclpy_minimal_action_client/lib/python3.12/site-packages:/opt/ros/jazzy/lib/python3.12/site-packages', 'COLCON': '1', 'WSL2_GUI_APPS_ENABLED': '1', 'HOSTTYPE': 'x86_64', 'CMAKE_PREFIX_PATH': '/opt/ros/jazzy/opt/gz_sim_vendor:/opt/ros/jazzy/opt/gz_sensors_vendor:/opt/ros/jazzy/opt/gz_physics_vendor:/opt/ros/jazzy/opt/sdformat_vendor:/opt/ros/jazzy/opt/gz_gui_vendor:/opt/ros/jazzy/opt/gz_transport_vendor:/opt/ros/jazzy/opt/gz_rendering_vendor:/opt/ros/jazzy/opt/gz_plugin_vendor:/opt/ros/jazzy/opt/gz_fuel_tools_vendor:/opt/ros/jazzy/opt/gz_msgs_vendor:/opt/ros/jazzy/opt/gz_common_vendor:/opt/ros/jazzy/opt/gz_math_vendor:/opt/ros/jazzy/opt/gz_utils_vendor:/opt/ros/jazzy/opt/gz_tools_vendor:/opt/ros/jazzy/opt/gz_ogre_next_vendor:/opt/ros/jazzy/opt/gz_dartsim_vendor:/opt/ros/jazzy/opt/gz_cmake_vendor', 'WSLENV': 'ELECTRON_RUN_AS_NODE/w:'}, 'shell': False}
[326.140132] (-) TimerEvent: {}
[326.242717] (-) TimerEvent: {}
[326.344806] (-) TimerEvent: {}
[326.447394] (-) TimerEvent: {}
[326.548102] (-) TimerEvent: {}
[326.649248] (-) TimerEvent: {}
[326.751524] (-) TimerEvent: {}
[326.786213] (examples_rclpy_minimal_action_client) StdoutLine: {'line': b'running develop\n'}
[326.852714] (-) TimerEvent: {}
[326.954648] (-) TimerEvent: {}
[327.028037] (examples_rclpy_minimal_action_client) StdoutLine: {'line': b'running egg_info\n'}
[327.051389] (examples_rclpy_minimal_action_client) StdoutLine: {'line': b'writing examples_rclpy_minimal_action_client.egg-info/PKG-INFO\n'}
[327.052101] (examples_rclpy_minimal_action_client) StdoutLine: {'line': b'writing dependency_links to examples_rclpy_minimal_action_client.egg-info/dependency_links.txt\n'}
[327.052597] (examples_rclpy_minimal_action_client) StdoutLine: {'line': b'writing entry points to examples_rclpy_minimal_action_client.egg-info/entry_points.txt\n'}
[327.052993] (examples_rclpy_minimal_action_client) StdoutLine: {'line': b'writing requirements to examples_rclpy_minimal_action_client.egg-info/requires.txt\n'}
[327.053579] (examples_rclpy_minimal_action_client) StdoutLine: {'line': b'writing top-level names to examples_rclpy_minimal_action_client.egg-info/top_level.txt\n'}
[327.054968] (-) TimerEvent: {}
[327.099847] (examples_rclpy_minimal_action_client) StdoutLine: {'line': b"reading manifest file 'examples_rclpy_minimal_action_client.egg-info/SOURCES.txt'\n"}
[327.103559] (examples_rclpy_minimal_action_client) StdoutLine: {'line': b"writing manifest file 'examples_rclpy_minimal_action_client.egg-info/SOURCES.txt'\n"}
[327.135399] (examples_rclpy_minimal_action_client) StdoutLine: {'line': b'running build_ext\n'}
[327.135674] (examples_rclpy_minimal_action_client) StdoutLine: {'line': b'Creating /home/zhang/rosprc_ws/install/examples_rclpy_minimal_action_client/lib/python3.12/site-packages/examples-rclpy-minimal-action-client.egg-link (link to .)\n'}
[327.136736] (examples_rclpy_minimal_action_client) StdoutLine: {'line': b'Installing client script to /home/zhang/rosprc_ws/install/examples_rclpy_minimal_action_client/lib/examples_rclpy_minimal_action_client\n'}
[327.137075] (examples_rclpy_minimal_action_client) StdoutLine: {'line': b'Installing client_asyncio script to /home/zhang/rosprc_ws/install/examples_rclpy_minimal_action_client/lib/examples_rclpy_minimal_action_client\n'}
[327.137526] (examples_rclpy_minimal_action_client) StdoutLine: {'line': b'Installing client_cancel script to /home/zhang/rosprc_ws/install/examples_rclpy_minimal_action_client/lib/examples_rclpy_minimal_action_client\n'}
[327.138055] (examples_rclpy_minimal_action_client) StdoutLine: {'line': b'Installing client_not_composable script to /home/zhang/rosprc_ws/install/examples_rclpy_minimal_action_client/lib/examples_rclpy_minimal_action_client\n'}
[327.138675] (examples_rclpy_minimal_action_client) StdoutLine: {'line': b'\n'}
[327.138877] (examples_rclpy_minimal_action_client) StdoutLine: {'line': b'Installed /home/zhang/rosprc_ws/build/examples_rclpy_minimal_action_client\n'}
[327.138951] (examples_rclpy_minimal_action_client) StdoutLine: {'line': b'running symlink_data\n'}
[327.155655] (-) TimerEvent: {}
[327.224925] (examples_rclpy_minimal_action_client) CommandEnded: {'returncode': 0}
[327.258127] (-) TimerEvent: {}
[327.265065] (examples_rclpy_minimal_action_client) JobEnded: {'identifier': 'examples_rclpy_minimal_action_client', 'rc': 0}
[327.269476] (examples_rclpy_minimal_action_server) JobStarted: {'identifier': 'examples_rclpy_minimal_action_server'}
[327.360046] (-) TimerEvent: {}
[327.462361] (-) TimerEvent: {}
[327.564306] (-) TimerEvent: {}
[327.666271] (-) TimerEvent: {}
[327.768245] (-) TimerEvent: {}
[327.870070] (-) TimerEvent: {}
[327.970988] (-) TimerEvent: {}
[328.072676] (-) TimerEvent: {}
[328.174293] (-) TimerEvent: {}
[328.276143] (-) TimerEvent: {}
[328.377044] (-) TimerEvent: {}
[328.478839] (-) TimerEvent: {}
[328.579798] (-) TimerEvent: {}
[328.681049] (-) TimerEvent: {}
[328.782438] (-) TimerEvent: {}
[328.884091] (-) TimerEvent: {}
[328.985739] (-) TimerEvent: {}
[329.087266] (-) TimerEvent: {}
[329.188829] (-) TimerEvent: {}
[329.192160] (examples_rclpy_minimal_action_server) Command: {'cmd': ['/usr/bin/python3', '-W', 'ignore:setup.py install is deprecated', '-W', 'ignore:easy_install command is deprecated', 'setup.py', 'develop', '--editable', '--build-directory', '/home/zhang/rosprc_ws/build/examples_rclpy_minimal_action_server/build', '--no-deps', 'symlink_data'], 'cwd': '/home/zhang/rosprc_ws/build/examples_rclpy_minimal_action_server', 'env': {'LESSOPEN': '| /usr/bin/lesspipe %s', 'GZ_SIM_RESOURCE_PATH': '/opt/ros/jazzy/share', 'USER': 'zhang', 'GZ_CONFIG_PATH': '/opt/ros/jazzy/opt/gz_sim_vendor/share/gz:/opt/ros/jazzy/opt/sdformat_vendor/share/gz:/opt/ros/jazzy/opt/gz_gui_vendor/share/gz:/opt/ros/jazzy/opt/gz_transport_vendor/share/gz:/opt/ros/jazzy/opt/gz_rendering_vendor/share/gz:/opt/ros/jazzy/opt/gz_plugin_vendor/share/gz:/opt/ros/jazzy/opt/gz_fuel_tools_vendor/share/gz:/opt/ros/jazzy/opt/gz_msgs_vendor/share/gz:/opt/ros/jazzy/opt/gz_common_vendor/share/gz', 'GIT_ASKPASS': '/home/zhang/.vscode-server/bin/e4c7e7b1d6d060162f4aa7f8225271b67ce1df75/extensions/git/dist/askpass.sh', 'SHLVL': '2', 'LIBGL_ALWAYS_SOFTWARE': '0', 'LD_LIBRARY_PATH': '/opt/ros/jazzy/opt/gz_sim_vendor/lib:/opt/ros/jazzy/opt/gz_sensors_vendor/lib:/opt/ros/jazzy/opt/gz_physics_vendor/lib:/opt/ros/jazzy/opt/sdformat_vendor/lib:/opt/ros/jazzy/opt/rviz_ogre_vendor/lib:/opt/ros/jazzy/lib/x86_64-linux-gnu:/opt/ros/jazzy/opt/gz_gui_vendor/lib:/opt/ros/jazzy/opt/gz_transport_vendor/lib:/opt/ros/jazzy/opt/gz_rendering_vendor/lib:/opt/ros/jazzy/opt/gz_plugin_vendor/lib:/opt/ros/jazzy/opt/gz_fuel_tools_vendor/lib:/opt/ros/jazzy/opt/gz_msgs_vendor/lib:/opt/ros/jazzy/opt/gz_common_vendor/lib:/opt/ros/jazzy/opt/gz_math_vendor/lib:/opt/ros/jazzy/opt/gz_utils_vendor/lib:/opt/ros/jazzy/opt/gz_tools_vendor/lib:/opt/ros/jazzy/opt/gz_ogre_next_vendor/lib:/opt/ros/jazzy/opt/gz_dartsim_vendor/lib:/opt/ros/jazzy/opt/gz_cmake_vendor/lib:/opt/ros/jazzy/lib', 'HOME': '/home/zhang', 'TERM_PROGRAM_VERSION': '1.131.0', 'VSCODE_IPC_HOOK_CLI': '/run/user/1001/vscode-ipc-d537498f-331a-41d4-bf91-51cd2386a755.sock', 'ROS_PYTHON_VERSION': '3', 'VSCODE_GIT_ASKPASS_MAIN': '/home/zhang/.vscode-server/bin/e4c7e7b1d6d060162f4aa7f8225271b67ce1df75/extensions/git/dist/askpass-main.js', 'VSCODE_GIT_ASKPASS_NODE': '/home/zhang/.vscode-server/bin/e4c7e7b1d6d060162f4aa7f8225271b67ce1df75/node', 'VSCODE_PYTHON_AUTOACTIVATE_GUARD': '1', 'DBUS_SESSION_BUS_ADDRESS': 'unix:path=/run/user/1001/bus', 'COLORTERM': 'truecolor', 'WSL_DISTRO_NAME': 'Ubuntu', 'WAYLAND_DISPLAY': 'wayland-0', 'ROS_DISTRO': 'jazzy', 'LOGNAME': 'zhang', 'NAME': 'Code', 'WSL_INTEROP': '/run/WSL/6274_interop', 'PULSE_SERVER': 'unix:/mnt/wslg/PulseServer', '_': '/usr/bin/colcon', 'ROS_VERSION': '2', 'CLAUDE_CODE_SSE_PORT': '21165', 'TERM': 'xterm-256color', 'PATH': '/home/zhang/.vscode-server/data/User/globalStorage/github.copilot-chat/debugCommand:/home/zhang/.vscode-server/data/User/globalStorage/github.copilot-chat/copilotCli:/home/zhang/.vscode-server/bin/e4c7e7b1d6d060162f4aa7f8225271b67ce1df75/bin/remote-cli:/opt/ros/jazzy/opt/gz_msgs_vendor/bin:/opt/ros/jazzy/opt/gz_tools_vendor/bin:/opt/ros/jazzy/opt/gz_ogre_next_vendor/bin:/opt/ros/jazzy/bin:/usr/local/sbin:/usr/local/bin:/usr/sbin:/usr/bin:/sbin:/bin:/usr/games:/usr/local/games:/usr/lib/wsl/lib:/mnt/c/Program Files/PowerShell/7:/mnt/c/Users/Zhang/AppData/Roaming/Code/User/globalStorage/github.copilot-chat/debugCommand:/mnt/c/Users/Zhang/AppData/Roaming/Code/User/globalStorage/github.copilot-chat/copilotCli:/mnt/c/WINDOWS/system32:/mnt/c/WINDOWS:/mnt/c/WINDOWS/System32/Wbem:/mnt/c/WINDOWS/System32/WindowsPowerShell/v1.0/:/mnt/c/WINDOWS/System32/OpenSSH/:/mnt/c/Program Files/Git/cmd:/mnt/c/Program Files/MATLAB/R2025b/bin:/mnt/c/Program Files/dotnet/:/mnt/c/Program Files/PowerShell/7/:/mnt/c/Users/Zhang/AppData/Local/Programs/Python/Python314/Scripts/:/mnt/c/Users/Zhang/AppData/Local/Programs/Python/Python314/:/mnt/c/Users/Zhang/.local/bin:/mnt/c/Users/Zhang/AppData/Local/Microsoft/WindowsApps:/mnt/c/Users/Zhang/AppData/Local/Programs/Microsoft VS Code/bin:/mnt/c/Program Files/Processing/:/snap/bin', 'XDG_RUNTIME_DIR': '/run/user/1001', 'DISPLAY': ':0', 'LANG': 'en_US.UTF-8', 'LS_COLORS': 'rs=0:di=01;34:ln=01;36:mh=00:pi=40;33:so=01;35:do=01;35:bd=40;33;01:cd=40;33;01:or=40;31;01:mi=00:su=37;41:sg=30;43:ca=00:tw=30;42:ow=34;42:st=37;44:ex=01;32:*.tar=01;31:*.tgz=01;31:*.arc=01;31:*.arj=01;31:*.taz=01;31:*.lha=01;31:*.lz4=01;31:*.lzh=01;31:*.lzma=01;31:*.tlz=01;31:*.txz=01;31:*.tzo=01;31:*.t7z=01;31:*.zip=01;31:*.z=01;31:*.dz=01;31:*.gz=01;31:*.lrz=01;31:*.lz=01;31:*.lzo=01;31:*.xz=01;31:*.zst=01;31:*.tzst=01;31:*.bz2=01;31:*.bz=01;31:*.tbz=01;31:*.tbz2=01;31:*.tz=01;31:*.deb=01;31:*.rpm=01;31:*.jar=01;31:*.war=01;31:*.ear=01;31:*.sar=01;31:*.rar=01;31:*.alz=01;31:*.ace=01;31:*.zoo=01;31:*.cpio=01;31:*.7z=01;31:*.rz=01;31:*.cab=01;31:*.wim=01;31:*.swm=01;31:*.dwm=01;31:*.esd=01;31:*.avif=01;35:*.jpg=01;35:*.jpeg=01;35:*.mjpg=01;35:*.mjpeg=01;35:*.gif=01;35:*.bmp=01;35:*.pbm=01;35:*.pgm=01;35:*.ppm=01;35:*.tga=01;35:*.xbm=01;35:*.xpm=01;35:*.tif=01;35:*.tiff=01;35:*.png=01;35:*.svg=01;35:*.svgz=01;35:*.mng=01;35:*.pcx=01;35:*.mov=01;35:*.mpg=01;35:*.mpeg=01;35:*.m2v=01;35:*.mkv=01;35:*.webm=01;35:*.webp=01;35:*.ogm=01;35:*.mp4=01;35:*.m4v=01;35:*.mp4v=01;35:*.vob=01;35:*.qt=01;35:*.nuv=01;35:*.wmv=01;35:*.asf=01;35:*.rm=01;35:*.rmvb=01;35:*.flc=01;35:*.avi=01;35:*.fli=01;35:*.flv=01;35:*.gl=01;35:*.dl=01;35:*.xcf=01;35:*.xwd=01;35:*.yuv=01;35:*.cgm=01;35:*.emf=01;35:*.ogv=01;35:*.ogx=01;35:*.aac=00;36:*.au=00;36:*.flac=00;36:*.m4a=00;36:*.mid=00;36:*.midi=00;36:*.mka=00;36:*.mp3=00;36:*.mpc=00;36:*.ogg=00;36:*.ra=00;36:*.wav=00;36:*.oga=00;36:*.opus=00;36:*.spx=00;36:*.xspf=00;36:*~=00;90:*#=00;90:*.bak=00;90:*.crdownload=00;90:*.dpkg-dist=00;90:*.dpkg-new=00;90:*.dpkg-old=00;90:*.dpkg-tmp=00;90:*.old=00;90:*.orig=00;90:*.part=00;90:*.rej=00;90:*.rpmnew=00;90:*.rpmorig=00;90:*.rpmsave=00;90:*.swp=00;90:*.tmp=00;90:*.ucf-dist=00;90:*.ucf-new=00;90:*.ucf-old=00;90:', 'VSCODE_GIT_IPC_HANDLE': '/run/user/1001/vscode-git-82e1d75d12.sock', 'TERM_PROGRAM': 'vscode', 'AMENT_PREFIX_PATH': '/opt/ros/jazzy', 'SHELL': '/bin/bash', 'LESSCLOSE': '/usr/bin/lesspipe %s %s', 'GALLIUM_DRIVER': 'd3d12', 'ROS_AUTOMATIC_DISCOVERY_RANGE': 'SUBNET', 'VSCODE_GIT_ASKPASS_EXTRA_ARGS': '', 'PWD': '/home/zhang/rosprc_ws/build/examples_rclpy_minimal_action_server', 'TURTLEBOT3_MODEL': 'burger', 'COPILOT_DEBUG_NONCE': '503c6a609ad3c4b1656ae504fee63388', 'XDG_DATA_DIRS': '/usr/local/share:/usr/share:/var/lib/snapd/desktop', 'PYTHONPATH': '/home/zhang/rosprc_ws/build/examples_rclpy_minimal_action_server/prefix_override:/usr/lib/python3/dist-packages/colcon_core/task/python/colcon_distutils_commands:/home/zhang/rosprc_ws/install/examples_rclpy_minimal_action_server/lib/python3.12/site-packages:/opt/ros/jazzy/lib/python3.12/site-packages', 'COLCON': '1', 'WSL2_GUI_APPS_ENABLED': '1', 'HOSTTYPE': 'x86_64', 'CMAKE_PREFIX_PATH': '/opt/ros/jazzy/opt/gz_sim_vendor:/opt/ros/jazzy/opt/gz_sensors_vendor:/opt/ros/jazzy/opt/gz_physics_vendor:/opt/ros/jazzy/opt/sdformat_vendor:/opt/ros/jazzy/opt/gz_gui_vendor:/opt/ros/jazzy/opt/gz_transport_vendor:/opt/ros/jazzy/opt/gz_rendering_vendor:/opt/ros/jazzy/opt/gz_plugin_vendor:/opt/ros/jazzy/opt/gz_fuel_tools_vendor:/opt/ros/jazzy/opt/gz_msgs_vendor:/opt/ros/jazzy/opt/gz_common_vendor:/opt/ros/jazzy/opt/gz_math_vendor:/opt/ros/jazzy/opt/gz_utils_vendor:/opt/ros/jazzy/opt/gz_tools_vendor:/opt/ros/jazzy/opt/gz_ogre_next_vendor:/opt/ros/jazzy/opt/gz_dartsim_vendor:/opt/ros/jazzy/opt/gz_cmake_vendor', 'WSLENV': 'ELECTRON_RUN_AS_NODE/w:'}, 'shell': False}
[329.289966] (-) TimerEvent: {}
[329.390922] (-) TimerEvent: {}
[329.491982] (-) TimerEvent: {}
[329.593735] (-) TimerEvent: {}
[329.695537] (-) TimerEvent: {}
[329.796758] (-) TimerEvent: {}
[329.798500] (examples_rclpy_minimal_action_server) StdoutLine: {'line': b'running develop\n'}
[329.897692] (-) TimerEvent: {}
[329.999005] (-) TimerEvent: {}
[330.017122] (examples_rclpy_minimal_action_server) StdoutLine: {'line': b'running egg_info\n'}
[330.037610] (examples_rclpy_minimal_action_server) StdoutLine: {'line': b'writing examples_rclpy_minimal_action_server.egg-info/PKG-INFO\n'}
[330.038076] (examples_rclpy_minimal_action_server) StdoutLine: {'line': b'writing dependency_links to examples_rclpy_minimal_action_server.egg-info/dependency_links.txt\n'}
[330.038786] (examples_rclpy_minimal_action_server) StdoutLine: {'line': b'writing entry points to examples_rclpy_minimal_action_server.egg-info/entry_points.txt\n'}
[330.039272] (examples_rclpy_minimal_action_server) StdoutLine: {'line': b'writing requirements to examples_rclpy_minimal_action_server.egg-info/requires.txt\n'}
[330.039672] (examples_rclpy_minimal_action_server) StdoutLine: {'line': b'writing top-level names to examples_rclpy_minimal_action_server.egg-info/top_level.txt\n'}
[330.080043] (examples_rclpy_minimal_action_server) StdoutLine: {'line': b"reading manifest file 'examples_rclpy_minimal_action_server.egg-info/SOURCES.txt'\n"}
[330.081497] (examples_rclpy_minimal_action_server) StdoutLine: {'line': b"writing manifest file 'examples_rclpy_minimal_action_server.egg-info/SOURCES.txt'\n"}
[330.099381] (-) TimerEvent: {}
[330.105589] (examples_rclpy_minimal_action_server) StdoutLine: {'line': b'running build_ext\n'}
[330.105849] (examples_rclpy_minimal_action_server) StdoutLine: {'line': b'Creating /home/zhang/rosprc_ws/install/examples_rclpy_minimal_action_server/lib/python3.12/site-packages/examples-rclpy-minimal-action-server.egg-link (link to .)\n'}
[330.106757] (examples_rclpy_minimal_action_server) StdoutLine: {'line': b'Installing server script to /home/zhang/rosprc_ws/install/examples_rclpy_minimal_action_server/lib/examples_rclpy_minimal_action_server\n'}
[330.107307] (examples_rclpy_minimal_action_server) StdoutLine: {'line': b'Installing server_defer script to /home/zhang/rosprc_ws/install/examples_rclpy_minimal_action_server/lib/examples_rclpy_minimal_action_server\n'}
[330.107487] (examples_rclpy_minimal_action_server) StdoutLine: {'line': b'Installing server_not_composable script to /home/zhang/rosprc_ws/install/examples_rclpy_minimal_action_server/lib/examples_rclpy_minimal_action_server\n'}
[330.108126] (examples_rclpy_minimal_action_server) StdoutLine: {'line': b'Installing server_queue_goals script to /home/zhang/rosprc_ws/install/examples_rclpy_minimal_action_server/lib/examples_rclpy_minimal_action_server\n'}
[330.108344] (examples_rclpy_minimal_action_server) StdoutLine: {'line': b'Installing server_single_goal script to /home/zhang/rosprc_ws/install/examples_rclpy_minimal_action_server/lib/examples_rclpy_minimal_action_server\n'}
[330.108913] (examples_rclpy_minimal_action_server) StdoutLine: {'line': b'\n'}
[330.109145] (examples_rclpy_minimal_action_server) StdoutLine: {'line': b'Installed /home/zhang/rosprc_ws/build/examples_rclpy_minimal_action_server\n'}
[330.109233] (examples_rclpy_minimal_action_server) StdoutLine: {'line': b'running symlink_data\n'}
[330.164584] (examples_rclpy_minimal_action_server) CommandEnded: {'returncode': 0}
[330.179865] (examples_rclpy_minimal_action_server) JobEnded: {'identifier': 'examples_rclpy_minimal_action_server', 'rc': 0}
[330.182292] (examples_rclpy_minimal_client) JobStarted: {'identifier': 'examples_rclpy_minimal_client'}
[330.199691] (-) TimerEvent: {}
[330.300583] (-) TimerEvent: {}
[330.401548] (-) TimerEvent: {}
[330.502758] (-) TimerEvent: {}
[330.603922] (-) TimerEvent: {}
[330.705679] (-) TimerEvent: {}
[330.806912] (-) TimerEvent: {}
[330.908478] (-) TimerEvent: {}
[331.009667] (-) TimerEvent: {}
[331.110773] (-) TimerEvent: {}
[331.211859] (-) TimerEvent: {}
[331.313208] (-) TimerEvent: {}
[331.414448] (-) TimerEvent: {}
[331.515021] (-) TimerEvent: {}
[331.615879] (-) TimerEvent: {}
[331.716620] (-) TimerEvent: {}
[331.817411] (-) TimerEvent: {}
[331.918050] (-) TimerEvent: {}
[332.018953] (-) TimerEvent: {}
[332.113806] (examples_rclpy_minimal_client) Command: {'cmd': ['/usr/bin/python3', '-W', 'ignore:setup.py install is deprecated', '-W', 'ignore:easy_install command is deprecated', 'setup.py', 'develop', '--editable', '--build-directory', '/home/zhang/rosprc_ws/build/examples_rclpy_minimal_client/build', '--no-deps', 'symlink_data'], 'cwd': '/home/zhang/rosprc_ws/build/examples_rclpy_minimal_client', 'env': {'LESSOPEN': '| /usr/bin/lesspipe %s', 'GZ_SIM_RESOURCE_PATH': '/opt/ros/jazzy/share', 'USER': 'zhang', 'GZ_CONFIG_PATH': '/opt/ros/jazzy/opt/gz_sim_vendor/share/gz:/opt/ros/jazzy/opt/sdformat_vendor/share/gz:/opt/ros/jazzy/opt/gz_gui_vendor/share/gz:/opt/ros/jazzy/opt/gz_transport_vendor/share/gz:/opt/ros/jazzy/opt/gz_rendering_vendor/share/gz:/opt/ros/jazzy/opt/gz_plugin_vendor/share/gz:/opt/ros/jazzy/opt/gz_fuel_tools_vendor/share/gz:/opt/ros/jazzy/opt/gz_msgs_vendor/share/gz:/opt/ros/jazzy/opt/gz_common_vendor/share/gz', 'GIT_ASKPASS': '/home/zhang/.vscode-server/bin/e4c7e7b1d6d060162f4aa7f8225271b67ce1df75/extensions/git/dist/askpass.sh', 'SHLVL': '2', 'LIBGL_ALWAYS_SOFTWARE': '0', 'LD_LIBRARY_PATH': '/opt/ros/jazzy/opt/gz_sim_vendor/lib:/opt/ros/jazzy/opt/gz_sensors_vendor/lib:/opt/ros/jazzy/opt/gz_physics_vendor/lib:/opt/ros/jazzy/opt/sdformat_vendor/lib:/opt/ros/jazzy/opt/rviz_ogre_vendor/lib:/opt/ros/jazzy/lib/x86_64-linux-gnu:/opt/ros/jazzy/opt/gz_gui_vendor/lib:/opt/ros/jazzy/opt/gz_transport_vendor/lib:/opt/ros/jazzy/opt/gz_rendering_vendor/lib:/opt/ros/jazzy/opt/gz_plugin_vendor/lib:/opt/ros/jazzy/opt/gz_fuel_tools_vendor/lib:/opt/ros/jazzy/opt/gz_msgs_vendor/lib:/opt/ros/jazzy/opt/gz_common_vendor/lib:/opt/ros/jazzy/opt/gz_math_vendor/lib:/opt/ros/jazzy/opt/gz_utils_vendor/lib:/opt/ros/jazzy/opt/gz_tools_vendor/lib:/opt/ros/jazzy/opt/gz_ogre_next_vendor/lib:/opt/ros/jazzy/opt/gz_dartsim_vendor/lib:/opt/ros/jazzy/opt/gz_cmake_vendor/lib:/opt/ros/jazzy/lib', 'HOME': '/home/zhang', 'TERM_PROGRAM_VERSION': '1.131.0', 'VSCODE_IPC_HOOK_CLI': '/run/user/1001/vscode-ipc-d537498f-331a-41d4-bf91-51cd2386a755.sock', 'ROS_PYTHON_VERSION': '3', 'VSCODE_GIT_ASKPASS_MAIN': '/home/zhang/.vscode-server/bin/e4c7e7b1d6d060162f4aa7f8225271b67ce1df75/extensions/git/dist/askpass-main.js', 'VSCODE_GIT_ASKPASS_NODE': '/home/zhang/.vscode-server/bin/e4c7e7b1d6d060162f4aa7f8225271b67ce1df75/node', 'VSCODE_PYTHON_AUTOACTIVATE_GUARD': '1', 'DBUS_SESSION_BUS_ADDRESS': 'unix:path=/run/user/1001/bus', 'COLORTERM': 'truecolor', 'WSL_DISTRO_NAME': 'Ubuntu', 'WAYLAND_DISPLAY': 'wayland-0', 'ROS_DISTRO': 'jazzy', 'LOGNAME': 'zhang', 'NAME': 'Code', 'WSL_INTEROP': '/run/WSL/6274_interop', 'PULSE_SERVER': 'unix:/mnt/wslg/PulseServer', '_': '/usr/bin/colcon', 'ROS_VERSION': '2', 'CLAUDE_CODE_SSE_PORT': '21165', 'TERM': 'xterm-256color', 'PATH': '/home/zhang/.vscode-server/data/User/globalStorage/github.copilot-chat/debugCommand:/home/zhang/.vscode-server/data/User/globalStorage/github.copilot-chat/copilotCli:/home/zhang/.vscode-server/bin/e4c7e7b1d6d060162f4aa7f8225271b67ce1df75/bin/remote-cli:/opt/ros/jazzy/opt/gz_msgs_vendor/bin:/opt/ros/jazzy/opt/gz_tools_vendor/bin:/opt/ros/jazzy/opt/gz_ogre_next_vendor/bin:/opt/ros/jazzy/bin:/usr/local/sbin:/usr/local/bin:/usr/sbin:/usr/bin:/sbin:/bin:/usr/games:/usr/local/games:/usr/lib/wsl/lib:/mnt/c/Program Files/PowerShell/7:/mnt/c/Users/Zhang/AppData/Roaming/Code/User/globalStorage/github.copilot-chat/debugCommand:/mnt/c/Users/Zhang/AppData/Roaming/Code/User/globalStorage/github.copilot-chat/copilotCli:/mnt/c/WINDOWS/system32:/mnt/c/WINDOWS:/mnt/c/WINDOWS/System32/Wbem:/mnt/c/WINDOWS/System32/WindowsPowerShell/v1.0/:/mnt/c/WINDOWS/System32/OpenSSH/:/mnt/c/Program Files/Git/cmd:/mnt/c/Program Files/MATLAB/R2025b/bin:/mnt/c/Program Files/dotnet/:/mnt/c/Program Files/PowerShell/7/:/mnt/c/Users/Zhang/AppData/Local/Programs/Python/Python314/Scripts/:/mnt/c/Users/Zhang/AppData/Local/Programs/Python/Python314/:/mnt/c/Users/Zhang/.local/bin:/mnt/c/Users/Zhang/AppData/Local/Microsoft/WindowsApps:/mnt/c/Users/Zhang/AppData/Local/Programs/Microsoft VS Code/bin:/mnt/c/Program Files/Processing/:/snap/bin', 'XDG_RUNTIME_DIR': '/run/user/1001', 'DISPLAY': ':0', 'LANG': 'en_US.UTF-8', 'LS_COLORS': 'rs=0:di=01;34:ln=01;36:mh=00:pi=40;33:so=01;35:do=01;35:bd=40;33;01:cd=40;33;01:or=40;31;01:mi=00:su=37;41:sg=30;43:ca=00:tw=30;42:ow=34;42:st=37;44:ex=01;32:*.tar=01;31:*.tgz=01;31:*.arc=01;31:*.arj=01;31:*.taz=01;31:*.lha=01;31:*.lz4=01;31:*.lzh=01;31:*.lzma=01;31:*.tlz=01;31:*.txz=01;31:*.tzo=01;31:*.t7z=01;31:*.zip=01;31:*.z=01;31:*.dz=01;31:*.gz=01;31:*.lrz=01;31:*.lz=01;31:*.lzo=01;31:*.xz=01;31:*.zst=01;31:*.tzst=01;31:*.bz2=01;31:*.bz=01;31:*.tbz=01;31:*.tbz2=01;31:*.tz=01;31:*.deb=01;31:*.rpm=01;31:*.jar=01;31:*.war=01;31:*.ear=01;31:*.sar=01;31:*.rar=01;31:*.alz=01;31:*.ace=01;31:*.zoo=01;31:*.cpio=01;31:*.7z=01;31:*.rz=01;31:*.cab=01;31:*.wim=01;31:*.swm=01;31:*.dwm=01;31:*.esd=01;31:*.avif=01;35:*.jpg=01;35:*.jpeg=01;35:*.mjpg=01;35:*.mjpeg=01;35:*.gif=01;35:*.bmp=01;35:*.pbm=01;35:*.pgm=01;35:*.ppm=01;35:*.tga=01;35:*.xbm=01;35:*.xpm=01;35:*.tif=01;35:*.tiff=01;35:*.png=01;35:*.svg=01;35:*.svgz=01;35:*.mng=01;35:*.pcx=01;35:*.mov=01;35:*.mpg=01;35:*.mpeg=01;35:*.m2v=01;35:*.mkv=01;35:*.webm=01;35:*.webp=01;35:*.ogm=01;35:*.mp4=01;35:*.m4v=01;35:*.mp4v=01;35:*.vob=01;35:*.qt=01;35:*.nuv=01;35:*.wmv=01;35:*.asf=01;35:*.rm=01;35:*.rmvb=01;35:*.flc=01;35:*.avi=01;35:*.fli=01;35:*.flv=01;35:*.gl=01;35:*.dl=01;35:*.xcf=01;35:*.xwd=01;35:*.yuv=01;35:*.cgm=01;35:*.emf=01;35:*.ogv=01;35:*.ogx=01;35:*.aac=00;36:*.au=00;36:*.flac=00;36:*.m4a=00;36:*.mid=00;36:*.midi=00;36:*.mka=00;36:*.mp3=00;36:*.mpc=00;36:*.ogg=00;36:*.ra=00;36:*.wav=00;36:*.oga=00;36:*.opus=00;36:*.spx=00;36:*.xspf=00;36:*~=00;90:*#=00;90:*.bak=00;90:*.crdownload=00;90:*.dpkg-dist=00;90:*.dpkg-new=00;90:*.dpkg-old=00;90:*.dpkg-tmp=00;90:*.old=00;90:*.orig=00;90:*.part=00;90:*.rej=00;90:*.rpmnew=00;90:*.rpmorig=00;90:*.rpmsave=00;90:*.swp=00;90:*.tmp=00;90:*.ucf-dist=00;90:*.ucf-new=00;90:*.ucf-old=00;90:', 'VSCODE_GIT_IPC_HANDLE': '/run/user/1001/vscode-git-82e1d75d12.sock', 'TERM_PROGRAM': 'vscode', 'AMENT_PREFIX_PATH': '/opt/ros/jazzy', 'SHELL': '/bin/bash', 'LESSCLOSE': '/usr/bin/lesspipe %s %s', 'GALLIUM_DRIVER': 'd3d12', 'ROS_AUTOMATIC_DISCOVERY_RANGE': 'SUBNET', 'VSCODE_GIT_ASKPASS_EXTRA_ARGS': '', 'PWD': '/home/zhang/rosprc_ws/build/examples_rclpy_minimal_client', 'TURTLEBOT3_MODEL': 'burger', 'COPILOT_DEBUG_NONCE': '503c6a609ad3c4b1656ae504fee63388', 'XDG_DATA_DIRS': '/usr/local/share:/usr/share:/var/lib/snapd/desktop', 'PYTHONPATH': '/home/zhang/rosprc_ws/build/examples_rclpy_minimal_client/prefix_override:/usr/lib/python3/dist-packages/colcon_core/task/python/colcon_distutils_commands:/home/zhang/rosprc_ws/install/examples_rclpy_minimal_client/lib/python3.12/site-packages:/opt/ros/jazzy/lib/python3.12/site-packages', 'COLCON': '1', 'WSL2_GUI_APPS_ENABLED': '1', 'HOSTTYPE': 'x86_64', 'CMAKE_PREFIX_PATH': '/opt/ros/jazzy/opt/gz_sim_vendor:/opt/ros/jazzy/opt/gz_sensors_vendor:/opt/ros/jazzy/opt/gz_physics_vendor:/opt/ros/jazzy/opt/sdformat_vendor:/opt/ros/jazzy/opt/gz_gui_vendor:/opt/ros/jazzy/opt/gz_transport_vendor:/opt/ros/jazzy/opt/gz_rendering_vendor:/opt/ros/jazzy/opt/gz_plugin_vendor:/opt/ros/jazzy/opt/gz_fuel_tools_vendor:/opt/ros/jazzy/opt/gz_msgs_vendor:/opt/ros/jazzy/opt/gz_common_vendor:/opt/ros/jazzy/opt/gz_math_vendor:/opt/ros/jazzy/opt/gz_utils_vendor:/opt/ros/jazzy/opt/gz_tools_vendor:/opt/ros/jazzy/opt/gz_ogre_next_vendor:/opt/ros/jazzy/opt/gz_dartsim_vendor:/opt/ros/jazzy/opt/gz_cmake_vendor', 'WSLENV': 'ELECTRON_RUN_AS_NODE/w:'}, 'shell': False}
[332.119204] (-) TimerEvent: {}
[332.220123] (-) TimerEvent: {}
[332.321255] (-) TimerEvent: {}
[332.422197] (-) TimerEvent: {}
[332.523276] (-) TimerEvent: {}
[332.623708] (-) TimerEvent: {}
[332.636084] (examples_rclpy_minimal_client) StdoutLine: {'line': b'running develop\n'}
[332.724123] (-) TimerEvent: {}
[332.824742] (-) TimerEvent: {}
[332.880675] (examples_rclpy_minimal_client) StdoutLine: {'line': b'running egg_info\n'}
[332.903369] (examples_rclpy_minimal_client) StdoutLine: {'line': b'writing examples_rclpy_minimal_client.egg-info/PKG-INFO\n'}
[332.904499] (examples_rclpy_minimal_client) StdoutLine: {'line': b'writing dependency_links to examples_rclpy_minimal_client.egg-info/dependency_links.txt\n'}
[332.904979] (examples_rclpy_minimal_client) StdoutLine: {'line': b'writing entry points to examples_rclpy_minimal_client.egg-info/entry_points.txt\n'}
[332.905416] (examples_rclpy_minimal_client) StdoutLine: {'line': b'writing requirements to examples_rclpy_minimal_client.egg-info/requires.txt\n'}
[332.905834] (examples_rclpy_minimal_client) StdoutLine: {'line': b'writing top-level names to examples_rclpy_minimal_client.egg-info/top_level.txt\n'}
[332.925059] (-) TimerEvent: {}
[332.956572] (examples_rclpy_minimal_client) StdoutLine: {'line': b"reading manifest file 'examples_rclpy_minimal_client.egg-info/SOURCES.txt'\n"}
[332.958788] (examples_rclpy_minimal_client) StdoutLine: {'line': b"writing manifest file 'examples_rclpy_minimal_client.egg-info/SOURCES.txt'\n"}
[332.982676] (examples_rclpy_minimal_client) StdoutLine: {'line': b'running build_ext\n'}
[332.983032] (examples_rclpy_minimal_client) StdoutLine: {'line': b'Creating /home/zhang/rosprc_ws/install/examples_rclpy_minimal_client/lib/python3.12/site-packages/examples-rclpy-minimal-client.egg-link (link to .)\n'}
[332.983788] (examples_rclpy_minimal_client) StdoutLine: {'line': b'Installing client script to /home/zhang/rosprc_ws/install/examples_rclpy_minimal_client/lib/examples_rclpy_minimal_client\n'}
[332.984301] (examples_rclpy_minimal_client) StdoutLine: {'line': b'Installing client_async script to /home/zhang/rosprc_ws/install/examples_rclpy_minimal_client/lib/examples_rclpy_minimal_client\n'}
[332.984739] (examples_rclpy_minimal_client) StdoutLine: {'line': b'Installing client_async_callback script to /home/zhang/rosprc_ws/install/examples_rclpy_minimal_client/lib/examples_rclpy_minimal_client\n'}
[332.985285] (examples_rclpy_minimal_client) StdoutLine: {'line': b'Installing client_async_member_function script to /home/zhang/rosprc_ws/install/examples_rclpy_minimal_client/lib/examples_rclpy_minimal_client\n'}
[332.985764] (examples_rclpy_minimal_client) StdoutLine: {'line': b'\n'}
[332.986073] (examples_rclpy_minimal_client) StdoutLine: {'line': b'Installed /home/zhang/rosprc_ws/build/examples_rclpy_minimal_client\n'}
[332.986408] (examples_rclpy_minimal_client) StdoutLine: {'line': b'running symlink_data\n'}
[333.025529] (-) TimerEvent: {}
[333.040143] (examples_rclpy_minimal_client) CommandEnded: {'returncode': 0}
[333.067766] (examples_rclpy_minimal_client) JobEnded: {'identifier': 'examples_rclpy_minimal_client', 'rc': 0}
[333.070946] (examples_rclpy_minimal_publisher) JobStarted: {'identifier': 'examples_rclpy_minimal_publisher'}
[333.125988] (-) TimerEvent: {}
[333.227237] (-) TimerEvent: {}
[333.328375] (-) TimerEvent: {}
[333.429159] (-) TimerEvent: {}
[333.529920] (-) TimerEvent: {}
[333.630616] (-) TimerEvent: {}
[333.731613] (-) TimerEvent: {}
[333.832339] (-) TimerEvent: {}
[333.933312] (-) TimerEvent: {}
[334.033803] (-) TimerEvent: {}
[334.134374] (-) TimerEvent: {}
[334.235063] (-) TimerEvent: {}
[334.335988] (-) TimerEvent: {}
[334.436756] (-) TimerEvent: {}
[334.538302] (-) TimerEvent: {}
[334.638869] (-) TimerEvent: {}
[334.739698] (-) TimerEvent: {}
[334.840373] (-) TimerEvent: {}
[334.912014] (examples_rclpy_minimal_publisher) Command: {'cmd': ['/usr/bin/python3', '-W', 'ignore:setup.py install is deprecated', '-W', 'ignore:easy_install command is deprecated', 'setup.py', 'develop', '--editable', '--build-directory', '/home/zhang/rosprc_ws/build/examples_rclpy_minimal_publisher/build', '--no-deps', 'symlink_data'], 'cwd': '/home/zhang/rosprc_ws/build/examples_rclpy_minimal_publisher', 'env': {'LESSOPEN': '| /usr/bin/lesspipe %s', 'GZ_SIM_RESOURCE_PATH': '/opt/ros/jazzy/share', 'USER': 'zhang', 'GZ_CONFIG_PATH': '/opt/ros/jazzy/opt/gz_sim_vendor/share/gz:/opt/ros/jazzy/opt/sdformat_vendor/share/gz:/opt/ros/jazzy/opt/gz_gui_vendor/share/gz:/opt/ros/jazzy/opt/gz_transport_vendor/share/gz:/opt/ros/jazzy/opt/gz_rendering_vendor/share/gz:/opt/ros/jazzy/opt/gz_plugin_vendor/share/gz:/opt/ros/jazzy/opt/gz_fuel_tools_vendor/share/gz:/opt/ros/jazzy/opt/gz_msgs_vendor/share/gz:/opt/ros/jazzy/opt/gz_common_vendor/share/gz', 'GIT_ASKPASS': '/home/zhang/.vscode-server/bin/e4c7e7b1d6d060162f4aa7f8225271b67ce1df75/extensions/git/dist/askpass.sh', 'SHLVL': '2', 'LIBGL_ALWAYS_SOFTWARE': '0', 'LD_LIBRARY_PATH': '/opt/ros/jazzy/opt/gz_sim_vendor/lib:/opt/ros/jazzy/opt/gz_sensors_vendor/lib:/opt/ros/jazzy/opt/gz_physics_vendor/lib:/opt/ros/jazzy/opt/sdformat_vendor/lib:/opt/ros/jazzy/opt/rviz_ogre_vendor/lib:/opt/ros/jazzy/lib/x86_64-linux-gnu:/opt/ros/jazzy/opt/gz_gui_vendor/lib:/opt/ros/jazzy/opt/gz_transport_vendor/lib:/opt/ros/jazzy/opt/gz_rendering_vendor/lib:/opt/ros/jazzy/opt/gz_plugin_vendor/lib:/opt/ros/jazzy/opt/gz_fuel_tools_vendor/lib:/opt/ros/jazzy/opt/gz_msgs_vendor/lib:/opt/ros/jazzy/opt/gz_common_vendor/lib:/opt/ros/jazzy/opt/gz_math_vendor/lib:/opt/ros/jazzy/opt/gz_utils_vendor/lib:/opt/ros/jazzy/opt/gz_tools_vendor/lib:/opt/ros/jazzy/opt/gz_ogre_next_vendor/lib:/opt/ros/jazzy/opt/gz_dartsim_vendor/lib:/opt/ros/jazzy/opt/gz_cmake_vendor/lib:/opt/ros/jazzy/lib', 'HOME': '/home/zhang', 'TERM_PROGRAM_VERSION': '1.131.0', 'VSCODE_IPC_HOOK_CLI': '/run/user/1001/vscode-ipc-d537498f-331a-41d4-bf91-51cd2386a755.sock', 'ROS_PYTHON_VERSION': '3', 'VSCODE_GIT_ASKPASS_MAIN': '/home/zhang/.vscode-server/bin/e4c7e7b1d6d060162f4aa7f8225271b67ce1df75/extensions/git/dist/askpass-main.js', 'VSCODE_GIT_ASKPASS_NODE': '/home/zhang/.vscode-server/bin/e4c7e7b1d6d060162f4aa7f8225271b67ce1df75/node', 'VSCODE_PYTHON_AUTOACTIVATE_GUARD': '1', 'DBUS_SESSION_BUS_ADDRESS': 'unix:path=/run/user/1001/bus', 'COLORTERM': 'truecolor', 'WSL_DISTRO_NAME': 'Ubuntu', 'WAYLAND_DISPLAY': 'wayland-0', 'ROS_DISTRO': 'jazzy', 'LOGNAME': 'zhang', 'NAME': 'Code', 'WSL_INTEROP': '/run/WSL/6274_interop', 'PULSE_SERVER': 'unix:/mnt/wslg/PulseServer', '_': '/usr/bin/colcon', 'ROS_VERSION': '2', 'CLAUDE_CODE_SSE_PORT': '21165', 'TERM': 'xterm-256color', 'PATH': '/home/zhang/.vscode-server/data/User/globalStorage/github.copilot-chat/debugCommand:/home/zhang/.vscode-server/data/User/globalStorage/github.copilot-chat/copilotCli:/home/zhang/.vscode-server/bin/e4c7e7b1d6d060162f4aa7f8225271b67ce1df75/bin/remote-cli:/opt/ros/jazzy/opt/gz_msgs_vendor/bin:/opt/ros/jazzy/opt/gz_tools_vendor/bin:/opt/ros/jazzy/opt/gz_ogre_next_vendor/bin:/opt/ros/jazzy/bin:/usr/local/sbin:/usr/local/bin:/usr/sbin:/usr/bin:/sbin:/bin:/usr/games:/usr/local/games:/usr/lib/wsl/lib:/mnt/c/Program Files/PowerShell/7:/mnt/c/Users/Zhang/AppData/Roaming/Code/User/globalStorage/github.copilot-chat/debugCommand:/mnt/c/Users/Zhang/AppData/Roaming/Code/User/globalStorage/github.copilot-chat/copilotCli:/mnt/c/WINDOWS/system32:/mnt/c/WINDOWS:/mnt/c/WINDOWS/System32/Wbem:/mnt/c/WINDOWS/System32/WindowsPowerShell/v1.0/:/mnt/c/WINDOWS/System32/OpenSSH/:/mnt/c/Program Files/Git/cmd:/mnt/c/Program Files/MATLAB/R2025b/bin:/mnt/c/Program Files/dotnet/:/mnt/c/Program Files/PowerShell/7/:/mnt/c/Users/Zhang/AppData/Local/Programs/Python/Python314/Scripts/:/mnt/c/Users/Zhang/AppData/Local/Programs/Python/Python314/:/mnt/c/Users/Zhang/.local/bin:/mnt/c/Users/Zhang/AppData/Local/Microsoft/WindowsApps:/mnt/c/Users/Zhang/AppData/Local/Programs/Microsoft VS Code/bin:/mnt/c/Program Files/Processing/:/snap/bin', 'XDG_RUNTIME_DIR': '/run/user/1001', 'DISPLAY': ':0', 'LANG': 'en_US.UTF-8', 'LS_COLORS': 'rs=0:di=01;34:ln=01;36:mh=00:pi=40;33:so=01;35:do=01;35:bd=40;33;01:cd=40;33;01:or=40;31;01:mi=00:su=37;41:sg=30;43:ca=00:tw=30;42:ow=34;42:st=37;44:ex=01;32:*.tar=01;31:*.tgz=01;31:*.arc=01;31:*.arj=01;31:*.taz=01;31:*.lha=01;31:*.lz4=01;31:*.lzh=01;31:*.lzma=01;31:*.tlz=01;31:*.txz=01;31:*.tzo=01;31:*.t7z=01;31:*.zip=01;31:*.z=01;31:*.dz=01;31:*.gz=01;31:*.lrz=01;31:*.lz=01;31:*.lzo=01;31:*.xz=01;31:*.zst=01;31:*.tzst=01;31:*.bz2=01;31:*.bz=01;31:*.tbz=01;31:*.tbz2=01;31:*.tz=01;31:*.deb=01;31:*.rpm=01;31:*.jar=01;31:*.war=01;31:*.ear=01;31:*.sar=01;31:*.rar=01;31:*.alz=01;31:*.ace=01;31:*.zoo=01;31:*.cpio=01;31:*.7z=01;31:*.rz=01;31:*.cab=01;31:*.wim=01;31:*.swm=01;31:*.dwm=01;31:*.esd=01;31:*.avif=01;35:*.jpg=01;35:*.jpeg=01;35:*.mjpg=01;35:*.mjpeg=01;35:*.gif=01;35:*.bmp=01;35:*.pbm=01;35:*.pgm=01;35:*.ppm=01;35:*.tga=01;35:*.xbm=01;35:*.xpm=01;35:*.tif=01;35:*.tiff=01;35:*.png=01;35:*.svg=01;35:*.svgz=01;35:*.mng=01;35:*.pcx=01;35:*.mov=01;35:*.mpg=01;35:*.mpeg=01;35:*.m2v=01;35:*.mkv=01;35:*.webm=01;35:*.webp=01;35:*.ogm=01;35:*.mp4=01;35:*.m4v=01;35:*.mp4v=01;35:*.vob=01;35:*.qt=01;35:*.nuv=01;35:*.wmv=01;35:*.asf=01;35:*.rm=01;35:*.rmvb=01;35:*.flc=01;35:*.avi=01;35:*.fli=01;35:*.flv=01;35:*.gl=01;35:*.dl=01;35:*.xcf=01;35:*.xwd=01;35:*.yuv=01;35:*.cgm=01;35:*.emf=01;35:*.ogv=01;35:*.ogx=01;35:*.aac=00;36:*.au=00;36:*.flac=00;36:*.m4a=00;36:*.mid=00;36:*.midi=00;36:*.mka=00;36:*.mp3=00;36:*.mpc=00;36:*.ogg=00;36:*.ra=00;36:*.wav=00;36:*.oga=00;36:*.opus=00;36:*.spx=00;36:*.xspf=00;36:*~=00;90:*#=00;90:*.bak=00;90:*.crdownload=00;90:*.dpkg-dist=00;90:*.dpkg-new=00;90:*.dpkg-old=00;90:*.dpkg-tmp=00;90:*.old=00;90:*.orig=00;90:*.part=00;90:*.rej=00;90:*.rpmnew=00;90:*.rpmorig=00;90:*.rpmsave=00;90:*.swp=00;90:*.tmp=00;90:*.ucf-dist=00;90:*.ucf-new=00;90:*.ucf-old=00;90:', 'VSCODE_GIT_IPC_HANDLE': '/run/user/1001/vscode-git-82e1d75d12.sock', 'TERM_PROGRAM': 'vscode', 'AMENT_PREFIX_PATH': '/opt/ros/jazzy', 'SHELL': '/bin/bash', 'LESSCLOSE': '/usr/bin/lesspipe %s %s', 'GALLIUM_DRIVER': 'd3d12', 'ROS_AUTOMATIC_DISCOVERY_RANGE': 'SUBNET', 'VSCODE_GIT_ASKPASS_EXTRA_ARGS': '', 'PWD': '/home/zhang/rosprc_ws/build/examples_rclpy_minimal_publisher', 'TURTLEBOT3_MODEL': 'burger', 'COPILOT_DEBUG_NONCE': '503c6a609ad3c4b1656ae504fee63388', 'XDG_DATA_DIRS': '/usr/local/share:/usr/share:/var/lib/snapd/desktop', 'PYTHONPATH': '/home/zhang/rosprc_ws/build/examples_rclpy_minimal_publisher/prefix_override:/usr/lib/python3/dist-packages/colcon_core/task/python/colcon_distutils_commands:/home/zhang/rosprc_ws/install/examples_rclpy_minimal_publisher/lib/python3.12/site-packages:/opt/ros/jazzy/lib/python3.12/site-packages', 'COLCON': '1', 'WSL2_GUI_APPS_ENABLED': '1', 'HOSTTYPE': 'x86_64', 'CMAKE_PREFIX_PATH': '/opt/ros/jazzy/opt/gz_sim_vendor:/opt/ros/jazzy/opt/gz_sensors_vendor:/opt/ros/jazzy/opt/gz_physics_vendor:/opt/ros/jazzy/opt/sdformat_vendor:/opt/ros/jazzy/opt/gz_gui_vendor:/opt/ros/jazzy/opt/gz_transport_vendor:/opt/ros/jazzy/opt/gz_rendering_vendor:/opt/ros/jazzy/opt/gz_plugin_vendor:/opt/ros/jazzy/opt/gz_fuel_tools_vendor:/opt/ros/jazzy/opt/gz_msgs_vendor:/opt/ros/jazzy/opt/gz_common_vendor:/opt/ros/jazzy/opt/gz_math_vendor:/opt/ros/jazzy/opt/gz_utils_vendor:/opt/ros/jazzy/opt/gz_tools_vendor:/opt/ros/jazzy/opt/gz_ogre_next_vendor:/opt/ros/jazzy/opt/gz_dartsim_vendor:/opt/ros/jazzy/opt/gz_cmake_vendor', 'WSLENV': 'ELECTRON_RUN_AS_NODE/w:'}, 'shell': False}
[334.940578] (-) TimerEvent: {}
[335.041300] (-) TimerEvent: {}
[335.142062] (-) TimerEvent: {}
[335.242586] (-) TimerEvent: {}
[335.319761] (examples_rclpy_minimal_publisher) StdoutLine: {'line': b'running develop\n'}
[335.342802] (-) TimerEvent: {}
[335.443425] (-) TimerEvent: {}
[335.543864] (-) TimerEvent: {}
[335.551689] (examples_rclpy_minimal_publisher) StdoutLine: {'line': b'running egg_info\n'}
[335.581438] (examples_rclpy_minimal_publisher) StdoutLine: {'line': b'writing examples_rclpy_minimal_publisher.egg-info/PKG-INFO\n'}
[335.582384] (examples_rclpy_minimal_publisher) StdoutLine: {'line': b'writing dependency_links to examples_rclpy_minimal_publisher.egg-info/dependency_links.txt\n'}
[335.583204] (examples_rclpy_minimal_publisher) StdoutLine: {'line': b'writing entry points to examples_rclpy_minimal_publisher.egg-info/entry_points.txt\n'}
[335.583684] (examples_rclpy_minimal_publisher) StdoutLine: {'line': b'writing requirements to examples_rclpy_minimal_publisher.egg-info/requires.txt\n'}
[335.583965] (examples_rclpy_minimal_publisher) StdoutLine: {'line': b'writing top-level names to examples_rclpy_minimal_publisher.egg-info/top_level.txt\n'}
[335.644150] (-) TimerEvent: {}
[335.644487] (examples_rclpy_minimal_publisher) StdoutLine: {'line': b"reading manifest file 'examples_rclpy_minimal_publisher.egg-info/SOURCES.txt'\n"}
[335.646131] (examples_rclpy_minimal_publisher) StdoutLine: {'line': b"writing manifest file 'examples_rclpy_minimal_publisher.egg-info/SOURCES.txt'\n"}
[335.686281] (examples_rclpy_minimal_publisher) StdoutLine: {'line': b'running build_ext\n'}
[335.686649] (examples_rclpy_minimal_publisher) StdoutLine: {'line': b'Creating /home/zhang/rosprc_ws/install/examples_rclpy_minimal_publisher/lib/python3.12/site-packages/examples-rclpy-minimal-publisher.egg-link (link to .)\n'}
[335.688094] (examples_rclpy_minimal_publisher) StdoutLine: {'line': b'Installing publisher_local_function script to /home/zhang/rosprc_ws/install/examples_rclpy_minimal_publisher/lib/examples_rclpy_minimal_publisher\n'}
[335.689109] (examples_rclpy_minimal_publisher) StdoutLine: {'line': b'Installing publisher_member_function script to /home/zhang/rosprc_ws/install/examples_rclpy_minimal_publisher/lib/examples_rclpy_minimal_publisher\n'}
[335.690398] (examples_rclpy_minimal_publisher) StdoutLine: {'line': b'Installing publisher_member_function_with_wait_for_all_acked script to /home/zhang/rosprc_ws/install/examples_rclpy_minimal_publisher/lib/examples_rclpy_minimal_publisher\n'}
[335.691036] (examples_rclpy_minimal_publisher) StdoutLine: {'line': b'Installing publisher_old_school script to /home/zhang/rosprc_ws/install/examples_rclpy_minimal_publisher/lib/examples_rclpy_minimal_publisher\n'}
[335.691869] (examples_rclpy_minimal_publisher) StdoutLine: {'line': b'\n'}
[335.692394] (examples_rclpy_minimal_publisher) StdoutLine: {'line': b'Installed /home/zhang/rosprc_ws/build/examples_rclpy_minimal_publisher\n'}
[335.692769] (examples_rclpy_minimal_publisher) StdoutLine: {'line': b'running symlink_data\n'}
[335.744558] (-) TimerEvent: {}
[335.779119] (examples_rclpy_minimal_publisher) CommandEnded: {'returncode': 0}
[335.821487] (examples_rclpy_minimal_publisher) JobEnded: {'identifier': 'examples_rclpy_minimal_publisher', 'rc': 0}
[335.828398] (examples_rclpy_minimal_service) JobStarted: {'identifier': 'examples_rclpy_minimal_service'}
[335.845538] (-) TimerEvent: {}
[335.949649] (-) TimerEvent: {}
[336.050492] (-) TimerEvent: {}
[336.151099] (-) TimerEvent: {}
[336.251576] (-) TimerEvent: {}
[336.353330] (-) TimerEvent: {}
[336.453772] (-) TimerEvent: {}
[336.554188] (-) TimerEvent: {}
[336.654584] (-) TimerEvent: {}
[336.755043] (-) TimerEvent: {}
[336.855972] (-) TimerEvent: {}
[336.956864] (-) TimerEvent: {}
[337.057488] (-) TimerEvent: {}
[337.158040] (-) TimerEvent: {}
[337.258524] (-) TimerEvent: {}
[337.359012] (-) TimerEvent: {}
[337.459560] (-) TimerEvent: {}
[337.560022] (-) TimerEvent: {}
[337.660593] (-) TimerEvent: {}
[337.671133] (examples_rclpy_minimal_service) Command: {'cmd': ['/usr/bin/python3', '-W', 'ignore:setup.py install is deprecated', '-W', 'ignore:easy_install command is deprecated', 'setup.py', 'develop', '--editable', '--build-directory', '/home/zhang/rosprc_ws/build/examples_rclpy_minimal_service/build', '--no-deps', 'symlink_data'], 'cwd': '/home/zhang/rosprc_ws/build/examples_rclpy_minimal_service', 'env': {'LESSOPEN': '| /usr/bin/lesspipe %s', 'GZ_SIM_RESOURCE_PATH': '/opt/ros/jazzy/share', 'USER': 'zhang', 'GZ_CONFIG_PATH': '/opt/ros/jazzy/opt/gz_sim_vendor/share/gz:/opt/ros/jazzy/opt/sdformat_vendor/share/gz:/opt/ros/jazzy/opt/gz_gui_vendor/share/gz:/opt/ros/jazzy/opt/gz_transport_vendor/share/gz:/opt/ros/jazzy/opt/gz_rendering_vendor/share/gz:/opt/ros/jazzy/opt/gz_plugin_vendor/share/gz:/opt/ros/jazzy/opt/gz_fuel_tools_vendor/share/gz:/opt/ros/jazzy/opt/gz_msgs_vendor/share/gz:/opt/ros/jazzy/opt/gz_common_vendor/share/gz', 'GIT_ASKPASS': '/home/zhang/.vscode-server/bin/e4c7e7b1d6d060162f4aa7f8225271b67ce1df75/extensions/git/dist/askpass.sh', 'SHLVL': '2', 'LIBGL_ALWAYS_SOFTWARE': '0', 'LD_LIBRARY_PATH': '/opt/ros/jazzy/opt/gz_sim_vendor/lib:/opt/ros/jazzy/opt/gz_sensors_vendor/lib:/opt/ros/jazzy/opt/gz_physics_vendor/lib:/opt/ros/jazzy/opt/sdformat_vendor/lib:/opt/ros/jazzy/opt/rviz_ogre_vendor/lib:/opt/ros/jazzy/lib/x86_64-linux-gnu:/opt/ros/jazzy/opt/gz_gui_vendor/lib:/opt/ros/jazzy/opt/gz_transport_vendor/lib:/opt/ros/jazzy/opt/gz_rendering_vendor/lib:/opt/ros/jazzy/opt/gz_plugin_vendor/lib:/opt/ros/jazzy/opt/gz_fuel_tools_vendor/lib:/opt/ros/jazzy/opt/gz_msgs_vendor/lib:/opt/ros/jazzy/opt/gz_common_vendor/lib:/opt/ros/jazzy/opt/gz_math_vendor/lib:/opt/ros/jazzy/opt/gz_utils_vendor/lib:/opt/ros/jazzy/opt/gz_tools_vendor/lib:/opt/ros/jazzy/opt/gz_ogre_next_vendor/lib:/opt/ros/jazzy/opt/gz_dartsim_vendor/lib:/opt/ros/jazzy/opt/gz_cmake_vendor/lib:/opt/ros/jazzy/lib', 'HOME': '/home/zhang', 'TERM_PROGRAM_VERSION': '1.131.0', 'VSCODE_IPC_HOOK_CLI': '/run/user/1001/vscode-ipc-d537498f-331a-41d4-bf91-51cd2386a755.sock', 'ROS_PYTHON_VERSION': '3', 'VSCODE_GIT_ASKPASS_MAIN': '/home/zhang/.vscode-server/bin/e4c7e7b1d6d060162f4aa7f8225271b67ce1df75/extensions/git/dist/askpass-main.js', 'VSCODE_GIT_ASKPASS_NODE': '/home/zhang/.vscode-server/bin/e4c7e7b1d6d060162f4aa7f8225271b67ce1df75/node', 'VSCODE_PYTHON_AUTOACTIVATE_GUARD': '1', 'DBUS_SESSION_BUS_ADDRESS': 'unix:path=/run/user/1001/bus', 'COLORTERM': 'truecolor', 'WSL_DISTRO_NAME': 'Ubuntu', 'WAYLAND_DISPLAY': 'wayland-0', 'ROS_DISTRO': 'jazzy', 'LOGNAME': 'zhang', 'NAME': 'Code', 'WSL_INTEROP': '/run/WSL/6274_interop', 'PULSE_SERVER': 'unix:/mnt/wslg/PulseServer', '_': '/usr/bin/colcon', 'ROS_VERSION': '2', 'CLAUDE_CODE_SSE_PORT': '21165', 'TERM': 'xterm-256color', 'PATH': '/home/zhang/.vscode-server/data/User/globalStorage/github.copilot-chat/debugCommand:/home/zhang/.vscode-server/data/User/globalStorage/github.copilot-chat/copilotCli:/home/zhang/.vscode-server/bin/e4c7e7b1d6d060162f4aa7f8225271b67ce1df75/bin/remote-cli:/opt/ros/jazzy/opt/gz_msgs_vendor/bin:/opt/ros/jazzy/opt/gz_tools_vendor/bin:/opt/ros/jazzy/opt/gz_ogre_next_vendor/bin:/opt/ros/jazzy/bin:/usr/local/sbin:/usr/local/bin:/usr/sbin:/usr/bin:/sbin:/bin:/usr/games:/usr/local/games:/usr/lib/wsl/lib:/mnt/c/Program Files/PowerShell/7:/mnt/c/Users/Zhang/AppData/Roaming/Code/User/globalStorage/github.copilot-chat/debugCommand:/mnt/c/Users/Zhang/AppData/Roaming/Code/User/globalStorage/github.copilot-chat/copilotCli:/mnt/c/WINDOWS/system32:/mnt/c/WINDOWS:/mnt/c/WINDOWS/System32/Wbem:/mnt/c/WINDOWS/System32/WindowsPowerShell/v1.0/:/mnt/c/WINDOWS/System32/OpenSSH/:/mnt/c/Program Files/Git/cmd:/mnt/c/Program Files/MATLAB/R2025b/bin:/mnt/c/Program Files/dotnet/:/mnt/c/Program Files/PowerShell/7/:/mnt/c/Users/Zhang/AppData/Local/Programs/Python/Python314/Scripts/:/mnt/c/Users/Zhang/AppData/Local/Programs/Python/Python314/:/mnt/c/Users/Zhang/.local/bin:/mnt/c/Users/Zhang/AppData/Local/Microsoft/WindowsApps:/mnt/c/Users/Zhang/AppData/Local/Programs/Microsoft VS Code/bin:/mnt/c/Program Files/Processing/:/snap/bin', 'XDG_RUNTIME_DIR': '/run/user/1001', 'DISPLAY': ':0', 'LANG': 'en_US.UTF-8', 'LS_COLORS': 'rs=0:di=01;34:ln=01;36:mh=00:pi=40;33:so=01;35:do=01;35:bd=40;33;01:cd=40;33;01:or=40;31;01:mi=00:su=37;41:sg=30;43:ca=00:tw=30;42:ow=34;42:st=37;44:ex=01;32:*.tar=01;31:*.tgz=01;31:*.arc=01;31:*.arj=01;31:*.taz=01;31:*.lha=01;31:*.lz4=01;31:*.lzh=01;31:*.lzma=01;31:*.tlz=01;31:*.txz=01;31:*.tzo=01;31:*.t7z=01;31:*.zip=01;31:*.z=01;31:*.dz=01;31:*.gz=01;31:*.lrz=01;31:*.lz=01;31:*.lzo=01;31:*.xz=01;31:*.zst=01;31:*.tzst=01;31:*.bz2=01;31:*.bz=01;31:*.tbz=01;31:*.tbz2=01;31:*.tz=01;31:*.deb=01;31:*.rpm=01;31:*.jar=01;31:*.war=01;31:*.ear=01;31:*.sar=01;31:*.rar=01;31:*.alz=01;31:*.ace=01;31:*.zoo=01;31:*.cpio=01;31:*.7z=01;31:*.rz=01;31:*.cab=01;31:*.wim=01;31:*.swm=01;31:*.dwm=01;31:*.esd=01;31:*.avif=01;35:*.jpg=01;35:*.jpeg=01;35:*.mjpg=01;35:*.mjpeg=01;35:*.gif=01;35:*.bmp=01;35:*.pbm=01;35:*.pgm=01;35:*.ppm=01;35:*.tga=01;35:*.xbm=01;35:*.xpm=01;35:*.tif=01;35:*.tiff=01;35:*.png=01;35:*.svg=01;35:*.svgz=01;35:*.mng=01;35:*.pcx=01;35:*.mov=01;35:*.mpg=01;35:*.mpeg=01;35:*.m2v=01;35:*.mkv=01;35:*.webm=01;35:*.webp=01;35:*.ogm=01;35:*.mp4=01;35:*.m4v=01;35:*.mp4v=01;35:*.vob=01;35:*.qt=01;35:*.nuv=01;35:*.wmv=01;35:*.asf=01;35:*.rm=01;35:*.rmvb=01;35:*.flc=01;35:*.avi=01;35:*.fli=01;35:*.flv=01;35:*.gl=01;35:*.dl=01;35:*.xcf=01;35:*.xwd=01;35:*.yuv=01;35:*.cgm=01;35:*.emf=01;35:*.ogv=01;35:*.ogx=01;35:*.aac=00;36:*.au=00;36:*.flac=00;36:*.m4a=00;36:*.mid=00;36:*.midi=00;36:*.mka=00;36:*.mp3=00;36:*.mpc=00;36:*.ogg=00;36:*.ra=00;36:*.wav=00;36:*.oga=00;36:*.opus=00;36:*.spx=00;36:*.xspf=00;36:*~=00;90:*#=00;90:*.bak=00;90:*.crdownload=00;90:*.dpkg-dist=00;90:*.dpkg-new=00;90:*.dpkg-old=00;90:*.dpkg-tmp=00;90:*.old=00;90:*.orig=00;90:*.part=00;90:*.rej=00;90:*.rpmnew=00;90:*.rpmorig=00;90:*.rpmsave=00;90:*.swp=00;90:*.tmp=00;90:*.ucf-dist=00;90:*.ucf-new=00;90:*.ucf-old=00;90:', 'VSCODE_GIT_IPC_HANDLE': '/run/user/1001/vscode-git-82e1d75d12.sock', 'TERM_PROGRAM': 'vscode', 'AMENT_PREFIX_PATH': '/opt/ros/jazzy', 'SHELL': '/bin/bash', 'LESSCLOSE': '/usr/bin/lesspipe %s %s', 'GALLIUM_DRIVER': 'd3d12', 'ROS_AUTOMATIC_DISCOVERY_RANGE': 'SUBNET', 'VSCODE_GIT_ASKPASS_EXTRA_ARGS': '', 'PWD': '/home/zhang/rosprc_ws/build/examples_rclpy_minimal_service', 'TURTLEBOT3_MODEL': 'burger', 'COPILOT_DEBUG_NONCE': '503c6a609ad3c4b1656ae504fee63388', 'XDG_DATA_DIRS': '/usr/local/share:/usr/share:/var/lib/snapd/desktop', 'PYTHONPATH': '/home/zhang/rosprc_ws/build/examples_rclpy_minimal_service/prefix_override:/usr/lib/python3/dist-packages/colcon_core/task/python/colcon_distutils_commands:/home/zhang/rosprc_ws/install/examples_rclpy_minimal_service/lib/python3.12/site-packages:/opt/ros/jazzy/lib/python3.12/site-packages', 'COLCON': '1', 'WSL2_GUI_APPS_ENABLED': '1', 'HOSTTYPE': 'x86_64', 'CMAKE_PREFIX_PATH': '/opt/ros/jazzy/opt/gz_sim_vendor:/opt/ros/jazzy/opt/gz_sensors_vendor:/opt/ros/jazzy/opt/gz_physics_vendor:/opt/ros/jazzy/opt/sdformat_vendor:/opt/ros/jazzy/opt/gz_gui_vendor:/opt/ros/jazzy/opt/gz_transport_vendor:/opt/ros/jazzy/opt/gz_rendering_vendor:/opt/ros/jazzy/opt/gz_plugin_vendor:/opt/ros/jazzy/opt/gz_fuel_tools_vendor:/opt/ros/jazzy/opt/gz_msgs_vendor:/opt/ros/jazzy/opt/gz_common_vendor:/opt/ros/jazzy/opt/gz_math_vendor:/opt/ros/jazzy/opt/gz_utils_vendor:/opt/ros/jazzy/opt/gz_tools_vendor:/opt/ros/jazzy/opt/gz_ogre_next_vendor:/opt/ros/jazzy/opt/gz_dartsim_vendor:/opt/ros/jazzy/opt/gz_cmake_vendor', 'WSLENV': 'ELECTRON_RUN_AS_NODE/w:'}, 'shell': False}
[337.760811] (-) TimerEvent: {}
[337.861405] (-) TimerEvent: {}
[337.961946] (-) TimerEvent: {}
[338.062416] (-) TimerEvent: {}
[338.102168] (examples_rclpy_minimal_service) StdoutLine: {'line': b'running develop\n'}
[338.162702] (-) TimerEvent: {}
[338.263122] (-) TimerEvent: {}
[338.352995] (examples_rclpy_minimal_service) StdoutLine: {'line': b'running egg_info\n'}
[338.363423] (-) TimerEvent: {}
[338.373963] (examples_rclpy_minimal_service) StdoutLine: {'line': b'writing examples_rclpy_minimal_service.egg-info/PKG-INFO\n'}
[338.375121] (examples_rclpy_minimal_service) StdoutLine: {'line': b'writing dependency_links to examples_rclpy_minimal_service.egg-info/dependency_links.txt\n'}
[338.375871] (examples_rclpy_minimal_service) StdoutLine: {'line': b'writing entry points to examples_rclpy_minimal_service.egg-info/entry_points.txt\n'}
[338.376353] (examples_rclpy_minimal_service) StdoutLine: {'line': b'writing requirements to examples_rclpy_minimal_service.egg-info/requires.txt\n'}
[338.376588] (examples_rclpy_minimal_service) StdoutLine: {'line': b'writing top-level names to examples_rclpy_minimal_service.egg-info/top_level.txt\n'}
[338.429830] (examples_rclpy_minimal_service) StdoutLine: {'line': b"reading manifest file 'examples_rclpy_minimal_service.egg-info/SOURCES.txt'\n"}
[338.431665] (examples_rclpy_minimal_service) StdoutLine: {'line': b"writing manifest file 'examples_rclpy_minimal_service.egg-info/SOURCES.txt'\n"}
[338.454352] (examples_rclpy_minimal_service) StdoutLine: {'line': b'running build_ext\n'}
[338.455059] (examples_rclpy_minimal_service) StdoutLine: {'line': b'Creating /home/zhang/rosprc_ws/install/examples_rclpy_minimal_service/lib/python3.12/site-packages/examples-rclpy-minimal-service.egg-link (link to .)\n'}
[338.457257] (examples_rclpy_minimal_service) StdoutLine: {'line': b'Installing service script to /home/zhang/rosprc_ws/install/examples_rclpy_minimal_service/lib/examples_rclpy_minimal_service\n'}
[338.457886] (examples_rclpy_minimal_service) StdoutLine: {'line': b'Installing service_member_function script to /home/zhang/rosprc_ws/install/examples_rclpy_minimal_service/lib/examples_rclpy_minimal_service\n'}
[338.459084] (examples_rclpy_minimal_service) StdoutLine: {'line': b'\n'}
[338.459370] (examples_rclpy_minimal_service) StdoutLine: {'line': b'Installed /home/zhang/rosprc_ws/build/examples_rclpy_minimal_service\n'}
[338.459522] (examples_rclpy_minimal_service) StdoutLine: {'line': b'running symlink_data\n'}
[338.463766] (-) TimerEvent: {}
[338.542194] (examples_rclpy_minimal_service) CommandEnded: {'returncode': 0}
[338.564421] (-) TimerEvent: {}
[338.569257] (examples_rclpy_minimal_service) JobEnded: {'identifier': 'examples_rclpy_minimal_service', 'rc': 0}
[338.579056] (examples_rclpy_minimal_subscriber) JobStarted: {'identifier': 'examples_rclpy_minimal_subscriber'}
[338.664824] (-) TimerEvent: {}
[338.765828] (-) TimerEvent: {}
[338.866779] (-) TimerEvent: {}
[338.967292] (-) TimerEvent: {}
[339.067656] (-) TimerEvent: {}
[339.168156] (-) TimerEvent: {}
[339.268764] (-) TimerEvent: {}
[339.369709] (-) TimerEvent: {}
[339.470460] (-) TimerEvent: {}
[339.570972] (-) TimerEvent: {}
[339.671445] (-) TimerEvent: {}
[339.771958] (-) TimerEvent: {}
[339.872568] (-) TimerEvent: {}
[339.972994] (-) TimerEvent: {}
[340.073643] (-) TimerEvent: {}
[340.174582] (-) TimerEvent: {}
[340.275144] (-) TimerEvent: {}
[340.375814] (-) TimerEvent: {}
[340.476380] (-) TimerEvent: {}
[340.576905] (-) TimerEvent: {}
[340.646425] (examples_rclpy_minimal_subscriber) Command: {'cmd': ['/usr/bin/python3', '-W', 'ignore:setup.py install is deprecated', '-W', 'ignore:easy_install command is deprecated', 'setup.py', 'develop', '--editable', '--build-directory', '/home/zhang/rosprc_ws/build/examples_rclpy_minimal_subscriber/build', '--no-deps', 'symlink_data'], 'cwd': '/home/zhang/rosprc_ws/build/examples_rclpy_minimal_subscriber', 'env': {'LESSOPEN': '| /usr/bin/lesspipe %s', 'GZ_SIM_RESOURCE_PATH': '/opt/ros/jazzy/share', 'USER': 'zhang', 'GZ_CONFIG_PATH': '/opt/ros/jazzy/opt/gz_sim_vendor/share/gz:/opt/ros/jazzy/opt/sdformat_vendor/share/gz:/opt/ros/jazzy/opt/gz_gui_vendor/share/gz:/opt/ros/jazzy/opt/gz_transport_vendor/share/gz:/opt/ros/jazzy/opt/gz_rendering_vendor/share/gz:/opt/ros/jazzy/opt/gz_plugin_vendor/share/gz:/opt/ros/jazzy/opt/gz_fuel_tools_vendor/share/gz:/opt/ros/jazzy/opt/gz_msgs_vendor/share/gz:/opt/ros/jazzy/opt/gz_common_vendor/share/gz', 'GIT_ASKPASS': '/home/zhang/.vscode-server/bin/e4c7e7b1d6d060162f4aa7f8225271b67ce1df75/extensions/git/dist/askpass.sh', 'SHLVL': '2', 'LIBGL_ALWAYS_SOFTWARE': '0', 'LD_LIBRARY_PATH': '/opt/ros/jazzy/opt/gz_sim_vendor/lib:/opt/ros/jazzy/opt/gz_sensors_vendor/lib:/opt/ros/jazzy/opt/gz_physics_vendor/lib:/opt/ros/jazzy/opt/sdformat_vendor/lib:/opt/ros/jazzy/opt/rviz_ogre_vendor/lib:/opt/ros/jazzy/lib/x86_64-linux-gnu:/opt/ros/jazzy/opt/gz_gui_vendor/lib:/opt/ros/jazzy/opt/gz_transport_vendor/lib:/opt/ros/jazzy/opt/gz_rendering_vendor/lib:/opt/ros/jazzy/opt/gz_plugin_vendor/lib:/opt/ros/jazzy/opt/gz_fuel_tools_vendor/lib:/opt/ros/jazzy/opt/gz_msgs_vendor/lib:/opt/ros/jazzy/opt/gz_common_vendor/lib:/opt/ros/jazzy/opt/gz_math_vendor/lib:/opt/ros/jazzy/opt/gz_utils_vendor/lib:/opt/ros/jazzy/opt/gz_tools_vendor/lib:/opt/ros/jazzy/opt/gz_ogre_next_vendor/lib:/opt/ros/jazzy/opt/gz_dartsim_vendor/lib:/opt/ros/jazzy/opt/gz_cmake_vendor/lib:/opt/ros/jazzy/lib', 'HOME': '/home/zhang', 'TERM_PROGRAM_VERSION': '1.131.0', 'VSCODE_IPC_HOOK_CLI': '/run/user/1001/vscode-ipc-d537498f-331a-41d4-bf91-51cd2386a755.sock', 'ROS_PYTHON_VERSION': '3', 'VSCODE_GIT_ASKPASS_MAIN': '/home/zhang/.vscode-server/bin/e4c7e7b1d6d060162f4aa7f8225271b67ce1df75/extensions/git/dist/askpass-main.js', 'VSCODE_GIT_ASKPASS_NODE': '/home/zhang/.vscode-server/bin/e4c7e7b1d6d060162f4aa7f8225271b67ce1df75/node', 'VSCODE_PYTHON_AUTOACTIVATE_GUARD': '1', 'DBUS_SESSION_BUS_ADDRESS': 'unix:path=/run/user/1001/bus', 'COLORTERM': 'truecolor', 'WSL_DISTRO_NAME': 'Ubuntu', 'WAYLAND_DISPLAY': 'wayland-0', 'ROS_DISTRO': 'jazzy', 'LOGNAME': 'zhang', 'NAME': 'Code', 'WSL_INTEROP': '/run/WSL/6274_interop', 'PULSE_SERVER': 'unix:/mnt/wslg/PulseServer', '_': '/usr/bin/colcon', 'ROS_VERSION': '2', 'CLAUDE_CODE_SSE_PORT': '21165', 'TERM': 'xterm-256color', 'PATH': '/home/zhang/.vscode-server/data/User/globalStorage/github.copilot-chat/debugCommand:/home/zhang/.vscode-server/data/User/globalStorage/github.copilot-chat/copilotCli:/home/zhang/.vscode-server/bin/e4c7e7b1d6d060162f4aa7f8225271b67ce1df75/bin/remote-cli:/opt/ros/jazzy/opt/gz_msgs_vendor/bin:/opt/ros/jazzy/opt/gz_tools_vendor/bin:/opt/ros/jazzy/opt/gz_ogre_next_vendor/bin:/opt/ros/jazzy/bin:/usr/local/sbin:/usr/local/bin:/usr/sbin:/usr/bin:/sbin:/bin:/usr/games:/usr/local/games:/usr/lib/wsl/lib:/mnt/c/Program Files/PowerShell/7:/mnt/c/Users/Zhang/AppData/Roaming/Code/User/globalStorage/github.copilot-chat/debugCommand:/mnt/c/Users/Zhang/AppData/Roaming/Code/User/globalStorage/github.copilot-chat/copilotCli:/mnt/c/WINDOWS/system32:/mnt/c/WINDOWS:/mnt/c/WINDOWS/System32/Wbem:/mnt/c/WINDOWS/System32/WindowsPowerShell/v1.0/:/mnt/c/WINDOWS/System32/OpenSSH/:/mnt/c/Program Files/Git/cmd:/mnt/c/Program Files/MATLAB/R2025b/bin:/mnt/c/Program Files/dotnet/:/mnt/c/Program Files/PowerShell/7/:/mnt/c/Users/Zhang/AppData/Local/Programs/Python/Python314/Scripts/:/mnt/c/Users/Zhang/AppData/Local/Programs/Python/Python314/:/mnt/c/Users/Zhang/.local/bin:/mnt/c/Users/Zhang/AppData/Local/Microsoft/WindowsApps:/mnt/c/Users/Zhang/AppData/Local/Programs/Microsoft VS Code/bin:/mnt/c/Program Files/Processing/:/snap/bin', 'XDG_RUNTIME_DIR': '/run/user/1001', 'DISPLAY': ':0', 'LANG': 'en_US.UTF-8', 'LS_COLORS': 'rs=0:di=01;34:ln=01;36:mh=00:pi=40;33:so=01;35:do=01;35:bd=40;33;01:cd=40;33;01:or=40;31;01:mi=00:su=37;41:sg=30;43:ca=00:tw=30;42:ow=34;42:st=37;44:ex=01;32:*.tar=01;31:*.tgz=01;31:*.arc=01;31:*.arj=01;31:*.taz=01;31:*.lha=01;31:*.lz4=01;31:*.lzh=01;31:*.lzma=01;31:*.tlz=01;31:*.txz=01;31:*.tzo=01;31:*.t7z=01;31:*.zip=01;31:*.z=01;31:*.dz=01;31:*.gz=01;31:*.lrz=01;31:*.lz=01;31:*.lzo=01;31:*.xz=01;31:*.zst=01;31:*.tzst=01;31:*.bz2=01;31:*.bz=01;31:*.tbz=01;31:*.tbz2=01;31:*.tz=01;31:*.deb=01;31:*.rpm=01;31:*.jar=01;31:*.war=01;31:*.ear=01;31:*.sar=01;31:*.rar=01;31:*.alz=01;31:*.ace=01;31:*.zoo=01;31:*.cpio=01;31:*.7z=01;31:*.rz=01;31:*.cab=01;31:*.wim=01;31:*.swm=01;31:*.dwm=01;31:*.esd=01;31:*.avif=01;35:*.jpg=01;35:*.jpeg=01;35:*.mjpg=01;35:*.mjpeg=01;35:*.gif=01;35:*.bmp=01;35:*.pbm=01;35:*.pgm=01;35:*.ppm=01;35:*.tga=01;35:*.xbm=01;35:*.xpm=01;35:*.tif=01;35:*.tiff=01;35:*.png=01;35:*.svg=01;35:*.svgz=01;35:*.mng=01;35:*.pcx=01;35:*.mov=01;35:*.mpg=01;35:*.mpeg=01;35:*.m2v=01;35:*.mkv=01;35:*.webm=01;35:*.webp=01;35:*.ogm=01;35:*.mp4=01;35:*.m4v=01;35:*.mp4v=01;35:*.vob=01;35:*.qt=01;35:*.nuv=01;35:*.wmv=01;35:*.asf=01;35:*.rm=01;35:*.rmvb=01;35:*.flc=01;35:*.avi=01;35:*.fli=01;35:*.flv=01;35:*.gl=01;35:*.dl=01;35:*.xcf=01;35:*.xwd=01;35:*.yuv=01;35:*.cgm=01;35:*.emf=01;35:*.ogv=01;35:*.ogx=01;35:*.aac=00;36:*.au=00;36:*.flac=00;36:*.m4a=00;36:*.mid=00;36:*.midi=00;36:*.mka=00;36:*.mp3=00;36:*.mpc=00;36:*.ogg=00;36:*.ra=00;36:*.wav=00;36:*.oga=00;36:*.opus=00;36:*.spx=00;36:*.xspf=00;36:*~=00;90:*#=00;90:*.bak=00;90:*.crdownload=00;90:*.dpkg-dist=00;90:*.dpkg-new=00;90:*.dpkg-old=00;90:*.dpkg-tmp=00;90:*.old=00;90:*.orig=00;90:*.part=00;90:*.rej=00;90:*.rpmnew=00;90:*.rpmorig=00;90:*.rpmsave=00;90:*.swp=00;90:*.tmp=00;90:*.ucf-dist=00;90:*.ucf-new=00;90:*.ucf-old=00;90:', 'VSCODE_GIT_IPC_HANDLE': '/run/user/1001/vscode-git-82e1d75d12.sock', 'TERM_PROGRAM': 'vscode', 'AMENT_PREFIX_PATH': '/opt/ros/jazzy', 'SHELL': '/bin/bash', 'LESSCLOSE': '/usr/bin/lesspipe %s %s', 'GALLIUM_DRIVER': 'd3d12', 'ROS_AUTOMATIC_DISCOVERY_RANGE': 'SUBNET', 'VSCODE_GIT_ASKPASS_EXTRA_ARGS': '', 'PWD': '/home/zhang/rosprc_ws/build/examples_rclpy_minimal_subscriber', 'TURTLEBOT3_MODEL': 'burger', 'COPILOT_DEBUG_NONCE': '503c6a609ad3c4b1656ae504fee63388', 'XDG_DATA_DIRS': '/usr/local/share:/usr/share:/var/lib/snapd/desktop', 'PYTHONPATH': '/home/zhang/rosprc_ws/build/examples_rclpy_minimal_subscriber/prefix_override:/usr/lib/python3/dist-packages/colcon_core/task/python/colcon_distutils_commands:/home/zhang/rosprc_ws/install/examples_rclpy_minimal_subscriber/lib/python3.12/site-packages:/opt/ros/jazzy/lib/python3.12/site-packages', 'COLCON': '1', 'WSL2_GUI_APPS_ENABLED': '1', 'HOSTTYPE': 'x86_64', 'CMAKE_PREFIX_PATH': '/opt/ros/jazzy/opt/gz_sim_vendor:/opt/ros/jazzy/opt/gz_sensors_vendor:/opt/ros/jazzy/opt/gz_physics_vendor:/opt/ros/jazzy/opt/sdformat_vendor:/opt/ros/jazzy/opt/gz_gui_vendor:/opt/ros/jazzy/opt/gz_transport_vendor:/opt/ros/jazzy/opt/gz_rendering_vendor:/opt/ros/jazzy/opt/gz_plugin_vendor:/opt/ros/jazzy/opt/gz_fuel_tools_vendor:/opt/ros/jazzy/opt/gz_msgs_vendor:/opt/ros/jazzy/opt/gz_common_vendor:/opt/ros/jazzy/opt/gz_math_vendor:/opt/ros/jazzy/opt/gz_utils_vendor:/opt/ros/jazzy/opt/gz_tools_vendor:/opt/ros/jazzy/opt/gz_ogre_next_vendor:/opt/ros/jazzy/opt/gz_dartsim_vendor:/opt/ros/jazzy/opt/gz_cmake_vendor', 'WSLENV': 'ELECTRON_RUN_AS_NODE/w:'}, 'shell': False}
[340.677408] (-) TimerEvent: {}
[340.778416] (-) TimerEvent: {}
[340.879506] (-) TimerEvent: {}
[340.980126] (-) TimerEvent: {}
[341.080571] (-) TimerEvent: {}
[341.175795] (examples_rclpy_minimal_subscriber) StdoutLine: {'line': b'running develop\n'}
[341.180951] (-) TimerEvent: {}
[341.281616] (-) TimerEvent: {}
[341.382336] (-) TimerEvent: {}
[341.483000] (-) TimerEvent: {}
[341.518698] (examples_rclpy_minimal_subscriber) StdoutLine: {'line': b'running egg_info\n'}
[341.556038] (examples_rclpy_minimal_subscriber) StdoutLine: {'line': b'writing examples_rclpy_minimal_subscriber.egg-info/PKG-INFO\n'}
[341.557883] (examples_rclpy_minimal_subscriber) StdoutLine: {'line': b'writing dependency_links to examples_rclpy_minimal_subscriber.egg-info/dependency_links.txt\n'}
[341.559297] (examples_rclpy_minimal_subscriber) StdoutLine: {'line': b'writing entry points to examples_rclpy_minimal_subscriber.egg-info/entry_points.txt\n'}
[341.560390] (examples_rclpy_minimal_subscriber) StdoutLine: {'line': b'writing requirements to examples_rclpy_minimal_subscriber.egg-info/requires.txt\n'}
[341.560994] (examples_rclpy_minimal_subscriber) StdoutLine: {'line': b'writing top-level names to examples_rclpy_minimal_subscriber.egg-info/top_level.txt\n'}
[341.584168] (-) TimerEvent: {}
[341.646259] (examples_rclpy_minimal_subscriber) StdoutLine: {'line': b"reading manifest file 'examples_rclpy_minimal_subscriber.egg-info/SOURCES.txt'\n"}
[341.648562] (examples_rclpy_minimal_subscriber) StdoutLine: {'line': b"writing manifest file 'examples_rclpy_minimal_subscriber.egg-info/SOURCES.txt'\n"}
[341.684422] (-) TimerEvent: {}
[341.693034] (examples_rclpy_minimal_subscriber) StdoutLine: {'line': b'running build_ext\n'}
[341.693479] (examples_rclpy_minimal_subscriber) StdoutLine: {'line': b'Creating /home/zhang/rosprc_ws/install/examples_rclpy_minimal_subscriber/lib/python3.12/site-packages/examples-rclpy-minimal-subscriber.egg-link (link to .)\n'}
[341.696242] (examples_rclpy_minimal_subscriber) StdoutLine: {'line': b'Installing subscriber_lambda script to /home/zhang/rosprc_ws/install/examples_rclpy_minimal_subscriber/lib/examples_rclpy_minimal_subscriber\n'}
[341.697583] (examples_rclpy_minimal_subscriber) StdoutLine: {'line': b'Installing subscriber_member_function script to /home/zhang/rosprc_ws/install/examples_rclpy_minimal_subscriber/lib/examples_rclpy_minimal_subscriber\n'}
[341.698498] (examples_rclpy_minimal_subscriber) StdoutLine: {'line': b'Installing subscriber_old_school script to /home/zhang/rosprc_ws/install/examples_rclpy_minimal_subscriber/lib/examples_rclpy_minimal_subscriber\n'}
[341.699607] (examples_rclpy_minimal_subscriber) StdoutLine: {'line': b'\n'}
[341.700389] (examples_rclpy_minimal_subscriber) StdoutLine: {'line': b'Installed /home/zhang/rosprc_ws/build/examples_rclpy_minimal_subscriber\n'}
[341.700931] (examples_rclpy_minimal_subscriber) StdoutLine: {'line': b'running symlink_data\n'}
[341.784897] (-) TimerEvent: {}
[341.852398] (examples_rclpy_minimal_subscriber) CommandEnded: {'returncode': 0}
[341.886316] (-) TimerEvent: {}
[341.894546] (examples_rclpy_minimal_subscriber) JobEnded: {'identifier': 'examples_rclpy_minimal_subscriber', 'rc': 0}
[341.897330] (examples_rclpy_pointcloud_publisher) JobStarted: {'identifier': 'examples_rclpy_pointcloud_publisher'}
[341.986918] (-) TimerEvent: {}
[342.087914] (-) TimerEvent: {}
[342.188834] (-) TimerEvent: {}
[342.289644] (-) TimerEvent: {}
[342.390704] (-) TimerEvent: {}
[342.491526] (-) TimerEvent: {}
[342.592880] (-) TimerEvent: {}
[342.694296] (-) TimerEvent: {}
[342.795703] (-) TimerEvent: {}
[342.896806] (-) TimerEvent: {}
[342.997457] (-) TimerEvent: {}
[343.097965] (-) TimerEvent: {}
[343.198549] (-) TimerEvent: {}
[343.299247] (-) TimerEvent: {}
[343.399794] (-) TimerEvent: {}
[343.500520] (-) TimerEvent: {}
[343.601062] (-) TimerEvent: {}
[343.701856] (-) TimerEvent: {}
[343.802315] (-) TimerEvent: {}
[343.902850] (-) TimerEvent: {}
[344.003453] (-) TimerEvent: {}
[344.077771] (examples_rclpy_pointcloud_publisher) Command: {'cmd': ['/usr/bin/python3', '-W', 'ignore:setup.py install is deprecated', '-W', 'ignore:easy_install command is deprecated', 'setup.py', 'develop', '--editable', '--build-directory', '/home/zhang/rosprc_ws/build/examples_rclpy_pointcloud_publisher/build', '--no-deps', 'symlink_data'], 'cwd': '/home/zhang/rosprc_ws/build/examples_rclpy_pointcloud_publisher', 'env': {'LESSOPEN': '| /usr/bin/lesspipe %s', 'GZ_SIM_RESOURCE_PATH': '/opt/ros/jazzy/share', 'USER': 'zhang', 'GZ_CONFIG_PATH': '/opt/ros/jazzy/opt/gz_sim_vendor/share/gz:/opt/ros/jazzy/opt/sdformat_vendor/share/gz:/opt/ros/jazzy/opt/gz_gui_vendor/share/gz:/opt/ros/jazzy/opt/gz_transport_vendor/share/gz:/opt/ros/jazzy/opt/gz_rendering_vendor/share/gz:/opt/ros/jazzy/opt/gz_plugin_vendor/share/gz:/opt/ros/jazzy/opt/gz_fuel_tools_vendor/share/gz:/opt/ros/jazzy/opt/gz_msgs_vendor/share/gz:/opt/ros/jazzy/opt/gz_common_vendor/share/gz', 'GIT_ASKPASS': '/home/zhang/.vscode-server/bin/e4c7e7b1d6d060162f4aa7f8225271b67ce1df75/extensions/git/dist/askpass.sh', 'SHLVL': '2', 'LIBGL_ALWAYS_SOFTWARE': '0', 'LD_LIBRARY_PATH': '/opt/ros/jazzy/opt/gz_sim_vendor/lib:/opt/ros/jazzy/opt/gz_sensors_vendor/lib:/opt/ros/jazzy/opt/gz_physics_vendor/lib:/opt/ros/jazzy/opt/sdformat_vendor/lib:/opt/ros/jazzy/opt/rviz_ogre_vendor/lib:/opt/ros/jazzy/lib/x86_64-linux-gnu:/opt/ros/jazzy/opt/gz_gui_vendor/lib:/opt/ros/jazzy/opt/gz_transport_vendor/lib:/opt/ros/jazzy/opt/gz_rendering_vendor/lib:/opt/ros/jazzy/opt/gz_plugin_vendor/lib:/opt/ros/jazzy/opt/gz_fuel_tools_vendor/lib:/opt/ros/jazzy/opt/gz_msgs_vendor/lib:/opt/ros/jazzy/opt/gz_common_vendor/lib:/opt/ros/jazzy/opt/gz_math_vendor/lib:/opt/ros/jazzy/opt/gz_utils_vendor/lib:/opt/ros/jazzy/opt/gz_tools_vendor/lib:/opt/ros/jazzy/opt/gz_ogre_next_vendor/lib:/opt/ros/jazzy/opt/gz_dartsim_vendor/lib:/opt/ros/jazzy/opt/gz_cmake_vendor/lib:/opt/ros/jazzy/lib', 'HOME': '/home/zhang', 'TERM_PROGRAM_VERSION': '1.131.0', 'VSCODE_IPC_HOOK_CLI': '/run/user/1001/vscode-ipc-d537498f-331a-41d4-bf91-51cd2386a755.sock', 'ROS_PYTHON_VERSION': '3', 'VSCODE_GIT_ASKPASS_MAIN': '/home/zhang/.vscode-server/bin/e4c7e7b1d6d060162f4aa7f8225271b67ce1df75/extensions/git/dist/askpass-main.js', 'VSCODE_GIT_ASKPASS_NODE': '/home/zhang/.vscode-server/bin/e4c7e7b1d6d060162f4aa7f8225271b67ce1df75/node', 'VSCODE_PYTHON_AUTOACTIVATE_GUARD': '1', 'DBUS_SESSION_BUS_ADDRESS': 'unix:path=/run/user/1001/bus', 'COLORTERM': 'truecolor', 'WSL_DISTRO_NAME': 'Ubuntu', 'WAYLAND_DISPLAY': 'wayland-0', 'ROS_DISTRO': 'jazzy', 'LOGNAME': 'zhang', 'NAME': 'Code', 'WSL_INTEROP': '/run/WSL/6274_interop', 'PULSE_SERVER': 'unix:/mnt/wslg/PulseServer', '_': '/usr/bin/colcon', 'ROS_VERSION': '2', 'CLAUDE_CODE_SSE_PORT': '21165', 'TERM': 'xterm-256color', 'PATH': '/home/zhang/.vscode-server/data/User/globalStorage/github.copilot-chat/debugCommand:/home/zhang/.vscode-server/data/User/globalStorage/github.copilot-chat/copilotCli:/home/zhang/.vscode-server/bin/e4c7e7b1d6d060162f4aa7f8225271b67ce1df75/bin/remote-cli:/opt/ros/jazzy/opt/gz_msgs_vendor/bin:/opt/ros/jazzy/opt/gz_tools_vendor/bin:/opt/ros/jazzy/opt/gz_ogre_next_vendor/bin:/opt/ros/jazzy/bin:/usr/local/sbin:/usr/local/bin:/usr/sbin:/usr/bin:/sbin:/bin:/usr/games:/usr/local/games:/usr/lib/wsl/lib:/mnt/c/Program Files/PowerShell/7:/mnt/c/Users/Zhang/AppData/Roaming/Code/User/globalStorage/github.copilot-chat/debugCommand:/mnt/c/Users/Zhang/AppData/Roaming/Code/User/globalStorage/github.copilot-chat/copilotCli:/mnt/c/WINDOWS/system32:/mnt/c/WINDOWS:/mnt/c/WINDOWS/System32/Wbem:/mnt/c/WINDOWS/System32/WindowsPowerShell/v1.0/:/mnt/c/WINDOWS/System32/OpenSSH/:/mnt/c/Program Files/Git/cmd:/mnt/c/Program Files/MATLAB/R2025b/bin:/mnt/c/Program Files/dotnet/:/mnt/c/Program Files/PowerShell/7/:/mnt/c/Users/Zhang/AppData/Local/Programs/Python/Python314/Scripts/:/mnt/c/Users/Zhang/AppData/Local/Programs/Python/Python314/:/mnt/c/Users/Zhang/.local/bin:/mnt/c/Users/Zhang/AppData/Local/Microsoft/WindowsApps:/mnt/c/Users/Zhang/AppData/Local/Programs/Microsoft VS Code/bin:/mnt/c/Program Files/Processing/:/snap/bin', 'XDG_RUNTIME_DIR': '/run/user/1001', 'DISPLAY': ':0', 'LANG': 'en_US.UTF-8', 'LS_COLORS': 'rs=0:di=01;34:ln=01;36:mh=00:pi=40;33:so=01;35:do=01;35:bd=40;33;01:cd=40;33;01:or=40;31;01:mi=00:su=37;41:sg=30;43:ca=00:tw=30;42:ow=34;42:st=37;44:ex=01;32:*.tar=01;31:*.tgz=01;31:*.arc=01;31:*.arj=01;31:*.taz=01;31:*.lha=01;31:*.lz4=01;31:*.lzh=01;31:*.lzma=01;31:*.tlz=01;31:*.txz=01;31:*.tzo=01;31:*.t7z=01;31:*.zip=01;31:*.z=01;31:*.dz=01;31:*.gz=01;31:*.lrz=01;31:*.lz=01;31:*.lzo=01;31:*.xz=01;31:*.zst=01;31:*.tzst=01;31:*.bz2=01;31:*.bz=01;31:*.tbz=01;31:*.tbz2=01;31:*.tz=01;31:*.deb=01;31:*.rpm=01;31:*.jar=01;31:*.war=01;31:*.ear=01;31:*.sar=01;31:*.rar=01;31:*.alz=01;31:*.ace=01;31:*.zoo=01;31:*.cpio=01;31:*.7z=01;31:*.rz=01;31:*.cab=01;31:*.wim=01;31:*.swm=01;31:*.dwm=01;31:*.esd=01;31:*.avif=01;35:*.jpg=01;35:*.jpeg=01;35:*.mjpg=01;35:*.mjpeg=01;35:*.gif=01;35:*.bmp=01;35:*.pbm=01;35:*.pgm=01;35:*.ppm=01;35:*.tga=01;35:*.xbm=01;35:*.xpm=01;35:*.tif=01;35:*.tiff=01;35:*.png=01;35:*.svg=01;35:*.svgz=01;35:*.mng=01;35:*.pcx=01;35:*.mov=01;35:*.mpg=01;35:*.mpeg=01;35:*.m2v=01;35:*.mkv=01;35:*.webm=01;35:*.webp=01;35:*.ogm=01;35:*.mp4=01;35:*.m4v=01;35:*.mp4v=01;35:*.vob=01;35:*.qt=01;35:*.nuv=01;35:*.wmv=01;35:*.asf=01;35:*.rm=01;35:*.rmvb=01;35:*.flc=01;35:*.avi=01;35:*.fli=01;35:*.flv=01;35:*.gl=01;35:*.dl=01;35:*.xcf=01;35:*.xwd=01;35:*.yuv=01;35:*.cgm=01;35:*.emf=01;35:*.ogv=01;35:*.ogx=01;35:*.aac=00;36:*.au=00;36:*.flac=00;36:*.m4a=00;36:*.mid=00;36:*.midi=00;36:*.mka=00;36:*.mp3=00;36:*.mpc=00;36:*.ogg=00;36:*.ra=00;36:*.wav=00;36:*.oga=00;36:*.opus=00;36:*.spx=00;36:*.xspf=00;36:*~=00;90:*#=00;90:*.bak=00;90:*.crdownload=00;90:*.dpkg-dist=00;90:*.dpkg-new=00;90:*.dpkg-old=00;90:*.dpkg-tmp=00;90:*.old=00;90:*.orig=00;90:*.part=00;90:*.rej=00;90:*.rpmnew=00;90:*.rpmorig=00;90:*.rpmsave=00;90:*.swp=00;90:*.tmp=00;90:*.ucf-dist=00;90:*.ucf-new=00;90:*.ucf-old=00;90:', 'VSCODE_GIT_IPC_HANDLE': '/run/user/1001/vscode-git-82e1d75d12.sock', 'TERM_PROGRAM': 'vscode', 'AMENT_PREFIX_PATH': '/opt/ros/jazzy', 'SHELL': '/bin/bash', 'LESSCLOSE': '/usr/bin/lesspipe %s %s', 'GALLIUM_DRIVER': 'd3d12', 'ROS_AUTOMATIC_DISCOVERY_RANGE': 'SUBNET', 'VSCODE_GIT_ASKPASS_EXTRA_ARGS': '', 'PWD': '/home/zhang/rosprc_ws/build/examples_rclpy_pointcloud_publisher', 'TURTLEBOT3_MODEL': 'burger', 'COPILOT_DEBUG_NONCE': '503c6a609ad3c4b1656ae504fee63388', 'XDG_DATA_DIRS': '/usr/local/share:/usr/share:/var/lib/snapd/desktop', 'PYTHONPATH': '/home/zhang/rosprc_ws/build/examples_rclpy_pointcloud_publisher/prefix_override:/usr/lib/python3/dist-packages/colcon_core/task/python/colcon_distutils_commands:/home/zhang/rosprc_ws/install/examples_rclpy_pointcloud_publisher/lib/python3.12/site-packages:/opt/ros/jazzy/lib/python3.12/site-packages', 'COLCON': '1', 'WSL2_GUI_APPS_ENABLED': '1', 'HOSTTYPE': 'x86_64', 'CMAKE_PREFIX_PATH': '/opt/ros/jazzy/opt/gz_sim_vendor:/opt/ros/jazzy/opt/gz_sensors_vendor:/opt/ros/jazzy/opt/gz_physics_vendor:/opt/ros/jazzy/opt/sdformat_vendor:/opt/ros/jazzy/opt/gz_gui_vendor:/opt/ros/jazzy/opt/gz_transport_vendor:/opt/ros/jazzy/opt/gz_rendering_vendor:/opt/ros/jazzy/opt/gz_plugin_vendor:/opt/ros/jazzy/opt/gz_fuel_tools_vendor:/opt/ros/jazzy/opt/gz_msgs_vendor:/opt/ros/jazzy/opt/gz_common_vendor:/opt/ros/jazzy/opt/gz_math_vendor:/opt/ros/jazzy/opt/gz_utils_vendor:/opt/ros/jazzy/opt/gz_tools_vendor:/opt/ros/jazzy/opt/gz_ogre_next_vendor:/opt/ros/jazzy/opt/gz_dartsim_vendor:/opt/ros/jazzy/opt/gz_cmake_vendor', 'WSLENV': 'ELECTRON_RUN_AS_NODE/w:'}, 'shell': False}
[344.103690] (-) TimerEvent: {}
[344.204218] (-) TimerEvent: {}
[344.304759] (-) TimerEvent: {}
[344.405407] (-) TimerEvent: {}
[344.487409] (examples_rclpy_pointcloud_publisher) StdoutLine: {'line': b'running develop\n'}
[344.505578] (-) TimerEvent: {}
[344.606226] (-) TimerEvent: {}
[344.700670] (examples_rclpy_pointcloud_publisher) StdoutLine: {'line': b'running egg_info\n'}
[344.701003] (examples_rclpy_pointcloud_publisher) StdoutLine: {'line': b'creating examples_rclpy_pointcloud_publisher.egg-info\n'}
[344.706438] (-) TimerEvent: {}
[344.720898] (examples_rclpy_pointcloud_publisher) StdoutLine: {'line': b'writing examples_rclpy_pointcloud_publisher.egg-info/PKG-INFO\n'}
[344.721401] (examples_rclpy_pointcloud_publisher) StdoutLine: {'line': b'writing dependency_links to examples_rclpy_pointcloud_publisher.egg-info/dependency_links.txt\n'}
[344.721911] (examples_rclpy_pointcloud_publisher) StdoutLine: {'line': b'writing entry points to examples_rclpy_pointcloud_publisher.egg-info/entry_points.txt\n'}
[344.722446] (examples_rclpy_pointcloud_publisher) StdoutLine: {'line': b'writing requirements to examples_rclpy_pointcloud_publisher.egg-info/requires.txt\n'}
[344.722890] (examples_rclpy_pointcloud_publisher) StdoutLine: {'line': b'writing top-level names to examples_rclpy_pointcloud_publisher.egg-info/top_level.txt\n'}
[344.728880] (examples_rclpy_pointcloud_publisher) StdoutLine: {'line': b"writing manifest file 'examples_rclpy_pointcloud_publisher.egg-info/SOURCES.txt'\n"}
[344.774441] (examples_rclpy_pointcloud_publisher) StdoutLine: {'line': b"reading manifest file 'examples_rclpy_pointcloud_publisher.egg-info/SOURCES.txt'\n"}
[344.775461] (examples_rclpy_pointcloud_publisher) StdoutLine: {'line': b"writing manifest file 'examples_rclpy_pointcloud_publisher.egg-info/SOURCES.txt'\n"}
[344.802173] (examples_rclpy_pointcloud_publisher) StdoutLine: {'line': b'running build_ext\n'}
[344.802453] (examples_rclpy_pointcloud_publisher) StdoutLine: {'line': b'Creating /home/zhang/rosprc_ws/install/examples_rclpy_pointcloud_publisher/lib/python3.12/site-packages/examples-rclpy-pointcloud-publisher.egg-link (link to .)\n'}
[344.803585] (examples_rclpy_pointcloud_publisher) StdoutLine: {'line': b'Installing pointcloud_publisher script to /home/zhang/rosprc_ws/install/examples_rclpy_pointcloud_publisher/lib/examples_rclpy_pointcloud_publisher\n'}
[344.804651] (examples_rclpy_pointcloud_publisher) StdoutLine: {'line': b'\n'}
[344.804831] (examples_rclpy_pointcloud_publisher) StdoutLine: {'line': b'Installed /home/zhang/rosprc_ws/build/examples_rclpy_pointcloud_publisher\n'}
[344.805154] (examples_rclpy_pointcloud_publisher) StdoutLine: {'line': b'running symlink_data\n'}
[344.805395] (examples_rclpy_pointcloud_publisher) StdoutLine: {'line': b'creating /home/zhang/rosprc_ws/install/examples_rclpy_pointcloud_publisher/share/ament_index\n'}
[344.805692] (examples_rclpy_pointcloud_publisher) StdoutLine: {'line': b'creating /home/zhang/rosprc_ws/install/examples_rclpy_pointcloud_publisher/share/ament_index/resource_index\n'}
[344.805916] (examples_rclpy_pointcloud_publisher) StdoutLine: {'line': b'creating /home/zhang/rosprc_ws/install/examples_rclpy_pointcloud_publisher/share/ament_index/resource_index/packages\n'}
[344.806532] (examples_rclpy_pointcloud_publisher) StdoutLine: {'line': b'symbolically linking /home/zhang/rosprc_ws/build/examples_rclpy_pointcloud_publisher/resource/examples_rclpy_pointcloud_publisher -> /home/zhang/rosprc_ws/install/examples_rclpy_pointcloud_publisher/share/ament_index/resource_index/packages\n'}
[344.806778] (-) TimerEvent: {}
[344.807199] (examples_rclpy_pointcloud_publisher) StdoutLine: {'line': b'symbolically linking /home/zhang/rosprc_ws/build/examples_rclpy_pointcloud_publisher/package.xml -> /home/zhang/rosprc_ws/install/examples_rclpy_pointcloud_publisher/share/examples_rclpy_pointcloud_publisher\n'}
[344.871247] (examples_rclpy_pointcloud_publisher) CommandEnded: {'returncode': 0}
[344.887214] (examples_rclpy_pointcloud_publisher) JobEnded: {'identifier': 'examples_rclpy_pointcloud_publisher', 'rc': 0}
[344.889579] (launch_testing_examples) JobStarted: {'identifier': 'launch_testing_examples'}
[344.907050] (-) TimerEvent: {}
[345.007704] (-) TimerEvent: {}
[345.108194] (-) TimerEvent: {}
[345.208684] (-) TimerEvent: {}
[345.309275] (-) TimerEvent: {}
[345.409706] (-) TimerEvent: {}
[345.510228] (-) TimerEvent: {}
[345.610712] (-) TimerEvent: {}
[345.711129] (-) TimerEvent: {}
[345.811586] (-) TimerEvent: {}
[345.912086] (-) TimerEvent: {}
[346.012578] (-) TimerEvent: {}
[346.113269] (-) TimerEvent: {}
[346.214005] (-) TimerEvent: {}
[346.314460] (-) TimerEvent: {}
[346.414995] (-) TimerEvent: {}
[346.515435] (-) TimerEvent: {}
[346.543245] (launch_testing_examples) Command: {'cmd': ['/usr/bin/python3', '-W', 'ignore:setup.py install is deprecated', '-W', 'ignore:easy_install command is deprecated', 'setup.py', 'develop', '--editable', '--build-directory', '/home/zhang/rosprc_ws/build/launch_testing_examples/build', '--no-deps', 'symlink_data'], 'cwd': '/home/zhang/rosprc_ws/build/launch_testing_examples', 'env': {'LESSOPEN': '| /usr/bin/lesspipe %s', 'GZ_SIM_RESOURCE_PATH': '/opt/ros/jazzy/share', 'USER': 'zhang', 'GZ_CONFIG_PATH': '/opt/ros/jazzy/opt/gz_sim_vendor/share/gz:/opt/ros/jazzy/opt/sdformat_vendor/share/gz:/opt/ros/jazzy/opt/gz_gui_vendor/share/gz:/opt/ros/jazzy/opt/gz_transport_vendor/share/gz:/opt/ros/jazzy/opt/gz_rendering_vendor/share/gz:/opt/ros/jazzy/opt/gz_plugin_vendor/share/gz:/opt/ros/jazzy/opt/gz_fuel_tools_vendor/share/gz:/opt/ros/jazzy/opt/gz_msgs_vendor/share/gz:/opt/ros/jazzy/opt/gz_common_vendor/share/gz', 'GIT_ASKPASS': '/home/zhang/.vscode-server/bin/e4c7e7b1d6d060162f4aa7f8225271b67ce1df75/extensions/git/dist/askpass.sh', 'SHLVL': '2', 'LIBGL_ALWAYS_SOFTWARE': '0', 'LD_LIBRARY_PATH': '/opt/ros/jazzy/opt/gz_sim_vendor/lib:/opt/ros/jazzy/opt/gz_sensors_vendor/lib:/opt/ros/jazzy/opt/gz_physics_vendor/lib:/opt/ros/jazzy/opt/sdformat_vendor/lib:/opt/ros/jazzy/opt/rviz_ogre_vendor/lib:/opt/ros/jazzy/lib/x86_64-linux-gnu:/opt/ros/jazzy/opt/gz_gui_vendor/lib:/opt/ros/jazzy/opt/gz_transport_vendor/lib:/opt/ros/jazzy/opt/gz_rendering_vendor/lib:/opt/ros/jazzy/opt/gz_plugin_vendor/lib:/opt/ros/jazzy/opt/gz_fuel_tools_vendor/lib:/opt/ros/jazzy/opt/gz_msgs_vendor/lib:/opt/ros/jazzy/opt/gz_common_vendor/lib:/opt/ros/jazzy/opt/gz_math_vendor/lib:/opt/ros/jazzy/opt/gz_utils_vendor/lib:/opt/ros/jazzy/opt/gz_tools_vendor/lib:/opt/ros/jazzy/opt/gz_ogre_next_vendor/lib:/opt/ros/jazzy/opt/gz_dartsim_vendor/lib:/opt/ros/jazzy/opt/gz_cmake_vendor/lib:/opt/ros/jazzy/lib', 'HOME': '/home/zhang', 'TERM_PROGRAM_VERSION': '1.131.0', 'VSCODE_IPC_HOOK_CLI': '/run/user/1001/vscode-ipc-d537498f-331a-41d4-bf91-51cd2386a755.sock', 'ROS_PYTHON_VERSION': '3', 'VSCODE_GIT_ASKPASS_MAIN': '/home/zhang/.vscode-server/bin/e4c7e7b1d6d060162f4aa7f8225271b67ce1df75/extensions/git/dist/askpass-main.js', 'VSCODE_GIT_ASKPASS_NODE': '/home/zhang/.vscode-server/bin/e4c7e7b1d6d060162f4aa7f8225271b67ce1df75/node', 'VSCODE_PYTHON_AUTOACTIVATE_GUARD': '1', 'DBUS_SESSION_BUS_ADDRESS': 'unix:path=/run/user/1001/bus', 'COLORTERM': 'truecolor', 'WSL_DISTRO_NAME': 'Ubuntu', 'WAYLAND_DISPLAY': 'wayland-0', 'ROS_DISTRO': 'jazzy', 'LOGNAME': 'zhang', 'NAME': 'Code', 'WSL_INTEROP': '/run/WSL/6274_interop', 'PULSE_SERVER': 'unix:/mnt/wslg/PulseServer', '_': '/usr/bin/colcon', 'ROS_VERSION': '2', 'CLAUDE_CODE_SSE_PORT': '21165', 'TERM': 'xterm-256color', 'PATH': '/home/zhang/.vscode-server/data/User/globalStorage/github.copilot-chat/debugCommand:/home/zhang/.vscode-server/data/User/globalStorage/github.copilot-chat/copilotCli:/home/zhang/.vscode-server/bin/e4c7e7b1d6d060162f4aa7f8225271b67ce1df75/bin/remote-cli:/opt/ros/jazzy/opt/gz_msgs_vendor/bin:/opt/ros/jazzy/opt/gz_tools_vendor/bin:/opt/ros/jazzy/opt/gz_ogre_next_vendor/bin:/opt/ros/jazzy/bin:/usr/local/sbin:/usr/local/bin:/usr/sbin:/usr/bin:/sbin:/bin:/usr/games:/usr/local/games:/usr/lib/wsl/lib:/mnt/c/Program Files/PowerShell/7:/mnt/c/Users/Zhang/AppData/Roaming/Code/User/globalStorage/github.copilot-chat/debugCommand:/mnt/c/Users/Zhang/AppData/Roaming/Code/User/globalStorage/github.copilot-chat/copilotCli:/mnt/c/WINDOWS/system32:/mnt/c/WINDOWS:/mnt/c/WINDOWS/System32/Wbem:/mnt/c/WINDOWS/System32/WindowsPowerShell/v1.0/:/mnt/c/WINDOWS/System32/OpenSSH/:/mnt/c/Program Files/Git/cmd:/mnt/c/Program Files/MATLAB/R2025b/bin:/mnt/c/Program Files/dotnet/:/mnt/c/Program Files/PowerShell/7/:/mnt/c/Users/Zhang/AppData/Local/Programs/Python/Python314/Scripts/:/mnt/c/Users/Zhang/AppData/Local/Programs/Python/Python314/:/mnt/c/Users/Zhang/.local/bin:/mnt/c/Users/Zhang/AppData/Local/Microsoft/WindowsApps:/mnt/c/Users/Zhang/AppData/Local/Programs/Microsoft VS Code/bin:/mnt/c/Program Files/Processing/:/snap/bin', 'XDG_RUNTIME_DIR': '/run/user/1001', 'DISPLAY': ':0', 'LANG': 'en_US.UTF-8', 'LS_COLORS': 'rs=0:di=01;34:ln=01;36:mh=00:pi=40;33:so=01;35:do=01;35:bd=40;33;01:cd=40;33;01:or=40;31;01:mi=00:su=37;41:sg=30;43:ca=00:tw=30;42:ow=34;42:st=37;44:ex=01;32:*.tar=01;31:*.tgz=01;31:*.arc=01;31:*.arj=01;31:*.taz=01;31:*.lha=01;31:*.lz4=01;31:*.lzh=01;31:*.lzma=01;31:*.tlz=01;31:*.txz=01;31:*.tzo=01;31:*.t7z=01;31:*.zip=01;31:*.z=01;31:*.dz=01;31:*.gz=01;31:*.lrz=01;31:*.lz=01;31:*.lzo=01;31:*.xz=01;31:*.zst=01;31:*.tzst=01;31:*.bz2=01;31:*.bz=01;31:*.tbz=01;31:*.tbz2=01;31:*.tz=01;31:*.deb=01;31:*.rpm=01;31:*.jar=01;31:*.war=01;31:*.ear=01;31:*.sar=01;31:*.rar=01;31:*.alz=01;31:*.ace=01;31:*.zoo=01;31:*.cpio=01;31:*.7z=01;31:*.rz=01;31:*.cab=01;31:*.wim=01;31:*.swm=01;31:*.dwm=01;31:*.esd=01;31:*.avif=01;35:*.jpg=01;35:*.jpeg=01;35:*.mjpg=01;35:*.mjpeg=01;35:*.gif=01;35:*.bmp=01;35:*.pbm=01;35:*.pgm=01;35:*.ppm=01;35:*.tga=01;35:*.xbm=01;35:*.xpm=01;35:*.tif=01;35:*.tiff=01;35:*.png=01;35:*.svg=01;35:*.svgz=01;35:*.mng=01;35:*.pcx=01;35:*.mov=01;35:*.mpg=01;35:*.mpeg=01;35:*.m2v=01;35:*.mkv=01;35:*.webm=01;35:*.webp=01;35:*.ogm=01;35:*.mp4=01;35:*.m4v=01;35:*.mp4v=01;35:*.vob=01;35:*.qt=01;35:*.nuv=01;35:*.wmv=01;35:*.asf=01;35:*.rm=01;35:*.rmvb=01;35:*.flc=01;35:*.avi=01;35:*.fli=01;35:*.flv=01;35:*.gl=01;35:*.dl=01;35:*.xcf=01;35:*.xwd=01;35:*.yuv=01;35:*.cgm=01;35:*.emf=01;35:*.ogv=01;35:*.ogx=01;35:*.aac=00;36:*.au=00;36:*.flac=00;36:*.m4a=00;36:*.mid=00;36:*.midi=00;36:*.mka=00;36:*.mp3=00;36:*.mpc=00;36:*.ogg=00;36:*.ra=00;36:*.wav=00;36:*.oga=00;36:*.opus=00;36:*.spx=00;36:*.xspf=00;36:*~=00;90:*#=00;90:*.bak=00;90:*.crdownload=00;90:*.dpkg-dist=00;90:*.dpkg-new=00;90:*.dpkg-old=00;90:*.dpkg-tmp=00;90:*.old=00;90:*.orig=00;90:*.part=00;90:*.rej=00;90:*.rpmnew=00;90:*.rpmorig=00;90:*.rpmsave=00;90:*.swp=00;90:*.tmp=00;90:*.ucf-dist=00;90:*.ucf-new=00;90:*.ucf-old=00;90:', 'VSCODE_GIT_IPC_HANDLE': '/run/user/1001/vscode-git-82e1d75d12.sock', 'TERM_PROGRAM': 'vscode', 'AMENT_PREFIX_PATH': '/opt/ros/jazzy', 'SHELL': '/bin/bash', 'LESSCLOSE': '/usr/bin/lesspipe %s %s', 'GALLIUM_DRIVER': 'd3d12', 'ROS_AUTOMATIC_DISCOVERY_RANGE': 'SUBNET', 'VSCODE_GIT_ASKPASS_EXTRA_ARGS': '', 'PWD': '/home/zhang/rosprc_ws/build/launch_testing_examples', 'TURTLEBOT3_MODEL': 'burger', 'COPILOT_DEBUG_NONCE': '503c6a609ad3c4b1656ae504fee63388', 'XDG_DATA_DIRS': '/usr/local/share:/usr/share:/var/lib/snapd/desktop', 'PYTHONPATH': '/home/zhang/rosprc_ws/build/launch_testing_examples/prefix_override:/usr/lib/python3/dist-packages/colcon_core/task/python/colcon_distutils_commands:/home/zhang/rosprc_ws/install/launch_testing_examples/lib/python3.12/site-packages:/opt/ros/jazzy/lib/python3.12/site-packages', 'COLCON': '1', 'WSL2_GUI_APPS_ENABLED': '1', 'HOSTTYPE': 'x86_64', 'CMAKE_PREFIX_PATH': '/opt/ros/jazzy/opt/gz_sim_vendor:/opt/ros/jazzy/opt/gz_sensors_vendor:/opt/ros/jazzy/opt/gz_physics_vendor:/opt/ros/jazzy/opt/sdformat_vendor:/opt/ros/jazzy/opt/gz_gui_vendor:/opt/ros/jazzy/opt/gz_transport_vendor:/opt/ros/jazzy/opt/gz_rendering_vendor:/opt/ros/jazzy/opt/gz_plugin_vendor:/opt/ros/jazzy/opt/gz_fuel_tools_vendor:/opt/ros/jazzy/opt/gz_msgs_vendor:/opt/ros/jazzy/opt/gz_common_vendor:/opt/ros/jazzy/opt/gz_math_vendor:/opt/ros/jazzy/opt/gz_utils_vendor:/opt/ros/jazzy/opt/gz_tools_vendor:/opt/ros/jazzy/opt/gz_ogre_next_vendor:/opt/ros/jazzy/opt/gz_dartsim_vendor:/opt/ros/jazzy/opt/gz_cmake_vendor', 'WSLENV': 'ELECTRON_RUN_AS_NODE/w:'}, 'shell': False}
[346.615840] (-) TimerEvent: {}
[346.716385] (-) TimerEvent: {}
[346.817004] (-) TimerEvent: {}
[346.917547] (-) TimerEvent: {}
[346.996646] (launch_testing_examples) StdoutLine: {'line': b'running develop\n'}
[347.017700] (-) TimerEvent: {}
[347.118339] (-) TimerEvent: {}
[347.219144] (-) TimerEvent: {}
[347.226992] (launch_testing_examples) StdoutLine: {'line': b'running egg_info\n'}
[347.227410] (launch_testing_examples) StdoutLine: {'line': b'creating launch_testing_examples.egg-info\n'}
[347.252049] (launch_testing_examples) StdoutLine: {'line': b'writing launch_testing_examples.egg-info/PKG-INFO\n'}
[347.252480] (launch_testing_examples) StdoutLine: {'line': b'writing dependency_links to launch_testing_examples.egg-info/dependency_links.txt\n'}
[347.253032] (launch_testing_examples) StdoutLine: {'line': b'writing requirements to launch_testing_examples.egg-info/requires.txt\n'}
[347.253493] (launch_testing_examples) StdoutLine: {'line': b'writing top-level names to launch_testing_examples.egg-info/top_level.txt\n'}
[347.253746] (launch_testing_examples) StdoutLine: {'line': b"writing manifest file 'launch_testing_examples.egg-info/SOURCES.txt'\n"}
[347.302712] (launch_testing_examples) StdoutLine: {'line': b"reading manifest file 'launch_testing_examples.egg-info/SOURCES.txt'\n"}
[347.305427] (launch_testing_examples) StdoutLine: {'line': b"writing manifest file 'launch_testing_examples.egg-info/SOURCES.txt'\n"}
[347.319447] (-) TimerEvent: {}
[347.329787] (launch_testing_examples) StdoutLine: {'line': b'running build_ext\n'}
[347.330436] (launch_testing_examples) StdoutLine: {'line': b'Creating /home/zhang/rosprc_ws/install/launch_testing_examples/lib/python3.12/site-packages/launch-testing-examples.egg-link (link to .)\n'}
[347.330813] (launch_testing_examples) StdoutLine: {'line': b'\n'}
[347.331141] (launch_testing_examples) StdoutLine: {'line': b'Installed /home/zhang/rosprc_ws/build/launch_testing_examples\n'}
[347.331484] (launch_testing_examples) StdoutLine: {'line': b'running symlink_data\n'}
[347.331566] (launch_testing_examples) StdoutLine: {'line': b'creating /home/zhang/rosprc_ws/install/launch_testing_examples/share/ament_index\n'}
[347.331957] (launch_testing_examples) StdoutLine: {'line': b'creating /home/zhang/rosprc_ws/install/launch_testing_examples/share/ament_index/resource_index\n'}
[347.333242] (launch_testing_examples) StdoutLine: {'line': b'creating /home/zhang/rosprc_ws/install/launch_testing_examples/share/ament_index/resource_index/packages\n'}
[347.334215] (launch_testing_examples) StdoutLine: {'line': b'symbolically linking /home/zhang/rosprc_ws/build/launch_testing_examples/resource/launch_testing_examples -> /home/zhang/rosprc_ws/install/launch_testing_examples/share/ament_index/resource_index/packages\n'}
[347.335128] (launch_testing_examples) StdoutLine: {'line': b'symbolically linking /home/zhang/rosprc_ws/build/launch_testing_examples/package.xml -> /home/zhang/rosprc_ws/install/launch_testing_examples/share/launch_testing_examples\n'}
[347.420107] (-) TimerEvent: {}
[347.482798] (launch_testing_examples) CommandEnded: {'returncode': 0}
[347.524219] (launch_testing_examples) JobEnded: {'identifier': 'launch_testing_examples', 'rc': 0}
[347.542857] (-) TimerEvent: {}
[347.543873] (-) EventReactorShutdown: {}
