[1.568s] DEBUG:colcon:Command line arguments: ['/usr/bin/colcon', 'build', '--symlink-install', '--parallel-workers', '2', '--executor', 'sequential']
[1.568s] DEBUG:colcon:Parsed command line arguments: Namespace(log_base=None, log_level=None, verb_name='build', build_base='build', install_base='install', merge_install=False, symlink_install=True, test_result_base=None, continue_on_error=False, executor='sequential', parallel_workers=2, event_handlers=None, ignore_user_meta=False, metas=['./colcon.meta'], base_paths=['.'], packages_ignore=None, packages_ignore_regex=None, paths=None, packages_up_to=None, packages_up_to_regex=None, packages_above=None, packages_above_and_dependencies=None, packages_above_depth=None, packages_select_by_dep=None, packages_skip_by_dep=None, packages_skip_up_to=None, packages_select_build_failed=False, packages_skip_build_finished=False, packages_select_test_failures=False, packages_skip_test_passed=False, packages_select=None, packages_skip=None, packages_select_regex=None, packages_skip_regex=None, packages_start=None, packages_end=None, allow_overriding=[], cmake_args=None, cmake_target=None, cmake_target_skip_unavailable=False, cmake_clean_cache=False, cmake_clean_first=False, cmake_force_configure=False, ament_cmake_args=None, catkin_cmake_args=None, catkin_skip_building_tests=False, verb_parser=<colcon_defaults.argument_parser.defaults.DefaultArgumentsDecorator object at 0x712964867890>, verb_extension=<colcon_core.verb.build.BuildVerb object at 0x7129649c41a0>, main=<bound method BuildVerb.main of <colcon_core.verb.build.BuildVerb object at 0x7129649c41a0>>)
[1.788s] Level 1:colcon.colcon_core.package_discovery:discover_packages(colcon_meta) check parameters
[1.788s] Level 1:colcon.colcon_core.package_discovery:discover_packages(recursive) check parameters
[1.789s] Level 1:colcon.colcon_core.package_discovery:discover_packages(ignore) check parameters
[1.789s] Level 1:colcon.colcon_core.package_discovery:discover_packages(path) check parameters
[1.789s] Level 1:colcon.colcon_core.package_discovery:discover_packages(colcon_meta) discover
[1.789s] Level 1:colcon.colcon_core.package_discovery:discover_packages(recursive) discover
[1.789s] INFO:colcon.colcon_core.package_discovery:Crawling recursively for packages in '/home/zhang/rosprc_ws'
[1.789s] Level 1:colcon.colcon_core.package_identification:_identify(.) by extensions ['ignore', 'ignore_ament_install']
[1.789s] Level 1:colcon.colcon_core.package_identification:_identify(.) by extension 'ignore'
[1.789s] Level 1:colcon.colcon_core.package_identification:_identify(.) by extension 'ignore_ament_install'
[1.790s] Level 1:colcon.colcon_core.package_identification:_identify(.) by extensions ['colcon_pkg']
[1.790s] Level 1:colcon.colcon_core.package_identification:_identify(.) by extension 'colcon_pkg'
[1.790s] Level 1:colcon.colcon_core.package_identification:_identify(.) by extensions ['colcon_meta']
[1.790s] Level 1:colcon.colcon_core.package_identification:_identify(.) by extension 'colcon_meta'
[1.790s] Level 1:colcon.colcon_core.package_identification:_identify(.) by extensions ['ros']
[1.790s] Level 1:colcon.colcon_core.package_identification:_identify(.) by extension 'ros'
[1.878s] Level 1:colcon.colcon_core.package_identification:_identify(.) by extensions ['cmake', 'python']
[1.878s] Level 1:colcon.colcon_core.package_identification:_identify(.) by extension 'cmake'
[1.878s] Level 1:colcon.colcon_core.package_identification:_identify(.) by extension 'python'
[1.878s] Level 1:colcon.colcon_core.package_identification:_identify(.) by extensions ['python_setup_py']
[1.879s] Level 1:colcon.colcon_core.package_identification:_identify(.) by extension 'python_setup_py'
[1.879s] Level 1:colcon.colcon_core.package_identification:_identify(build) by extensions ['ignore', 'ignore_ament_install']
[1.879s] Level 1:colcon.colcon_core.package_identification:_identify(build) by extension 'ignore'
[1.879s] Level 1:colcon.colcon_core.package_identification:_identify(build) ignored
[1.880s] Level 1:colcon.colcon_core.package_identification:_identify(install) by extensions ['ignore', 'ignore_ament_install']
[1.880s] Level 1:colcon.colcon_core.package_identification:_identify(install) by extension 'ignore'
[1.880s] Level 1:colcon.colcon_core.package_identification:_identify(install) ignored
[1.880s] Level 1:colcon.colcon_core.package_identification:_identify(log) by extensions ['ignore', 'ignore_ament_install']
[1.880s] Level 1:colcon.colcon_core.package_identification:_identify(log) by extension 'ignore'
[1.880s] Level 1:colcon.colcon_core.package_identification:_identify(log) ignored
[1.880s] Level 1:colcon.colcon_core.package_identification:_identify(src) by extensions ['ignore', 'ignore_ament_install']
[1.881s] Level 1:colcon.colcon_core.package_identification:_identify(src) by extension 'ignore'
[1.881s] Level 1:colcon.colcon_core.package_identification:_identify(src) by extension 'ignore_ament_install'
[1.881s] Level 1:colcon.colcon_core.package_identification:_identify(src) by extensions ['colcon_pkg']
[1.881s] Level 1:colcon.colcon_core.package_identification:_identify(src) by extension 'colcon_pkg'
[1.881s] Level 1:colcon.colcon_core.package_identification:_identify(src) by extensions ['colcon_meta']
[1.881s] Level 1:colcon.colcon_core.package_identification:_identify(src) by extension 'colcon_meta'
[1.881s] Level 1:colcon.colcon_core.package_identification:_identify(src) by extensions ['ros']
[1.881s] Level 1:colcon.colcon_core.package_identification:_identify(src) by extension 'ros'
[1.881s] Level 1:colcon.colcon_core.package_identification:_identify(src) by extensions ['cmake', 'python']
[1.881s] Level 1:colcon.colcon_core.package_identification:_identify(src) by extension 'cmake'
[1.881s] Level 1:colcon.colcon_core.package_identification:_identify(src) by extension 'python'
[1.881s] Level 1:colcon.colcon_core.package_identification:_identify(src) by extensions ['python_setup_py']
[1.881s] Level 1:colcon.colcon_core.package_identification:_identify(src) by extension 'python_setup_py'
[1.882s] Level 1:colcon.colcon_core.package_identification:_identify(src/examples) by extensions ['ignore', 'ignore_ament_install']
[1.882s] Level 1:colcon.colcon_core.package_identification:_identify(src/examples) by extension 'ignore'
[1.882s] Level 1:colcon.colcon_core.package_identification:_identify(src/examples) by extension 'ignore_ament_install'
[1.882s] Level 1:colcon.colcon_core.package_identification:_identify(src/examples) by extensions ['colcon_pkg']
[1.882s] Level 1:colcon.colcon_core.package_identification:_identify(src/examples) by extension 'colcon_pkg'
[1.882s] Level 1:colcon.colcon_core.package_identification:_identify(src/examples) by extensions ['colcon_meta']
[1.882s] Level 1:colcon.colcon_core.package_identification:_identify(src/examples) by extension 'colcon_meta'
[1.882s] Level 1:colcon.colcon_core.package_identification:_identify(src/examples) by extensions ['ros']
[1.882s] Level 1:colcon.colcon_core.package_identification:_identify(src/examples) by extension 'ros'
[1.882s] Level 1:colcon.colcon_core.package_identification:_identify(src/examples) by extensions ['cmake', 'python']
[1.883s] Level 1:colcon.colcon_core.package_identification:_identify(src/examples) by extension 'cmake'
[1.883s] Level 1:colcon.colcon_core.package_identification:_identify(src/examples) by extension 'python'
[1.883s] Level 1:colcon.colcon_core.package_identification:_identify(src/examples) by extensions ['python_setup_py']
[1.883s] Level 1:colcon.colcon_core.package_identification:_identify(src/examples) by extension 'python_setup_py'
[1.883s] Level 1:colcon.colcon_core.package_identification:_identify(src/examples/launch_testing) by extensions ['ignore', 'ignore_ament_install']
[1.883s] Level 1:colcon.colcon_core.package_identification:_identify(src/examples/launch_testing) by extension 'ignore'
[1.883s] Level 1:colcon.colcon_core.package_identification:_identify(src/examples/launch_testing) by extension 'ignore_ament_install'
[1.883s] Level 1:colcon.colcon_core.package_identification:_identify(src/examples/launch_testing) by extensions ['colcon_pkg']
[1.883s] Level 1:colcon.colcon_core.package_identification:_identify(src/examples/launch_testing) by extension 'colcon_pkg'
[1.883s] Level 1:colcon.colcon_core.package_identification:_identify(src/examples/launch_testing) by extensions ['colcon_meta']
[1.883s] Level 1:colcon.colcon_core.package_identification:_identify(src/examples/launch_testing) by extension 'colcon_meta'
[1.884s] Level 1:colcon.colcon_core.package_identification:_identify(src/examples/launch_testing) by extensions ['ros']
[1.884s] Level 1:colcon.colcon_core.package_identification:_identify(src/examples/launch_testing) by extension 'ros'
[1.884s] Level 1:colcon.colcon_core.package_identification:_identify(src/examples/launch_testing) by extensions ['cmake', 'python']
[1.884s] Level 1:colcon.colcon_core.package_identification:_identify(src/examples/launch_testing) by extension 'cmake'
[1.884s] Level 1:colcon.colcon_core.package_identification:_identify(src/examples/launch_testing) by extension 'python'
[1.884s] Level 1:colcon.colcon_core.package_identification:_identify(src/examples/launch_testing) by extensions ['python_setup_py']
[1.884s] Level 1:colcon.colcon_core.package_identification:_identify(src/examples/launch_testing) by extension 'python_setup_py'
[1.884s] Level 1:colcon.colcon_core.package_identification:_identify(src/examples/launch_testing/launch_testing_examples) by extensions ['ignore', 'ignore_ament_install']
[1.884s] Level 1:colcon.colcon_core.package_identification:_identify(src/examples/launch_testing/launch_testing_examples) by extension 'ignore'
[1.884s] Level 1:colcon.colcon_core.package_identification:_identify(src/examples/launch_testing/launch_testing_examples) by extension 'ignore_ament_install'
[1.887s] Level 1:colcon.colcon_core.package_identification:_identify(src/examples/launch_testing/launch_testing_examples) by extensions ['colcon_pkg']
[1.887s] Level 1:colcon.colcon_core.package_identification:_identify(src/examples/launch_testing/launch_testing_examples) by extension 'colcon_pkg'
[1.887s] Level 1:colcon.colcon_core.package_identification:_identify(src/examples/launch_testing/launch_testing_examples) by extensions ['colcon_meta']
[1.887s] Level 1:colcon.colcon_core.package_identification:_identify(src/examples/launch_testing/launch_testing_examples) by extension 'colcon_meta'
[1.887s] Level 1:colcon.colcon_core.package_identification:_identify(src/examples/launch_testing/launch_testing_examples) by extensions ['ros']
[1.887s] Level 1:colcon.colcon_core.package_identification:_identify(src/examples/launch_testing/launch_testing_examples) by extension 'ros'
[1.893s] DEBUG:colcon.colcon_core.package_identification:Package 'src/examples/launch_testing/launch_testing_examples' with type 'ros.ament_python' and name 'launch_testing_examples'
[1.894s] Level 1:colcon.colcon_core.package_identification:_identify(src/examples/rclcpp) by extensions ['ignore', 'ignore_ament_install']
[1.894s] Level 1:colcon.colcon_core.package_identification:_identify(src/examples/rclcpp) by extension 'ignore'
[1.894s] Level 1:colcon.colcon_core.package_identification:_identify(src/examples/rclcpp) by extension 'ignore_ament_install'
[1.894s] Level 1:colcon.colcon_core.package_identification:_identify(src/examples/rclcpp) by extensions ['colcon_pkg']
[1.894s] Level 1:colcon.colcon_core.package_identification:_identify(src/examples/rclcpp) by extension 'colcon_pkg'
[1.894s] Level 1:colcon.colcon_core.package_identification:_identify(src/examples/rclcpp) by extensions ['colcon_meta']
[1.894s] Level 1:colcon.colcon_core.package_identification:_identify(src/examples/rclcpp) by extension 'colcon_meta'
[1.895s] Level 1:colcon.colcon_core.package_identification:_identify(src/examples/rclcpp) by extensions ['ros']
[1.895s] Level 1:colcon.colcon_core.package_identification:_identify(src/examples/rclcpp) by extension 'ros'
[1.895s] Level 1:colcon.colcon_core.package_identification:_identify(src/examples/rclcpp) by extensions ['cmake', 'python']
[1.895s] Level 1:colcon.colcon_core.package_identification:_identify(src/examples/rclcpp) by extension 'cmake'
[1.895s] Level 1:colcon.colcon_core.package_identification:_identify(src/examples/rclcpp) by extension 'python'
[1.895s] Level 1:colcon.colcon_core.package_identification:_identify(src/examples/rclcpp) by extensions ['python_setup_py']
[1.895s] Level 1:colcon.colcon_core.package_identification:_identify(src/examples/rclcpp) by extension 'python_setup_py'
[1.895s] Level 1:colcon.colcon_core.package_identification:_identify(src/examples/rclcpp/actions) by extensions ['ignore', 'ignore_ament_install']
[1.895s] Level 1:colcon.colcon_core.package_identification:_identify(src/examples/rclcpp/actions) by extension 'ignore'
[1.895s] Level 1:colcon.colcon_core.package_identification:_identify(src/examples/rclcpp/actions) by extension 'ignore_ament_install'
[1.895s] Level 1:colcon.colcon_core.package_identification:_identify(src/examples/rclcpp/actions) by extensions ['colcon_pkg']
[1.895s] Level 1:colcon.colcon_core.package_identification:_identify(src/examples/rclcpp/actions) by extension 'colcon_pkg'
[1.896s] Level 1:colcon.colcon_core.package_identification:_identify(src/examples/rclcpp/actions) by extensions ['colcon_meta']
[1.896s] Level 1:colcon.colcon_core.package_identification:_identify(src/examples/rclcpp/actions) by extension 'colcon_meta'
[1.896s] Level 1:colcon.colcon_core.package_identification:_identify(src/examples/rclcpp/actions) by extensions ['ros']
[1.896s] Level 1:colcon.colcon_core.package_identification:_identify(src/examples/rclcpp/actions) by extension 'ros'
[1.896s] Level 1:colcon.colcon_core.package_identification:_identify(src/examples/rclcpp/actions) by extensions ['cmake', 'python']
[1.896s] Level 1:colcon.colcon_core.package_identification:_identify(src/examples/rclcpp/actions) by extension 'cmake'
[1.896s] Level 1:colcon.colcon_core.package_identification:_identify(src/examples/rclcpp/actions) by extension 'python'
[1.896s] Level 1:colcon.colcon_core.package_identification:_identify(src/examples/rclcpp/actions) by extensions ['python_setup_py']
[1.896s] Level 1:colcon.colcon_core.package_identification:_identify(src/examples/rclcpp/actions) by extension 'python_setup_py'
[1.896s] Level 1:colcon.colcon_core.package_identification:_identify(src/examples/rclcpp/actions/minimal_action_client) by extensions ['ignore', 'ignore_ament_install']
[1.896s] Level 1:colcon.colcon_core.package_identification:_identify(src/examples/rclcpp/actions/minimal_action_client) by extension 'ignore'
[1.896s] Level 1:colcon.colcon_core.package_identification:_identify(src/examples/rclcpp/actions/minimal_action_client) by extension 'ignore_ament_install'
[1.896s] Level 1:colcon.colcon_core.package_identification:_identify(src/examples/rclcpp/actions/minimal_action_client) by extensions ['colcon_pkg']
[1.897s] Level 1:colcon.colcon_core.package_identification:_identify(src/examples/rclcpp/actions/minimal_action_client) by extension 'colcon_pkg'
[1.897s] Level 1:colcon.colcon_core.package_identification:_identify(src/examples/rclcpp/actions/minimal_action_client) by extensions ['colcon_meta']
[1.897s] Level 1:colcon.colcon_core.package_identification:_identify(src/examples/rclcpp/actions/minimal_action_client) by extension 'colcon_meta'
[1.897s] Level 1:colcon.colcon_core.package_identification:_identify(src/examples/rclcpp/actions/minimal_action_client) by extensions ['ros']
[1.897s] Level 1:colcon.colcon_core.package_identification:_identify(src/examples/rclcpp/actions/minimal_action_client) by extension 'ros'
[1.899s] DEBUG:colcon.colcon_core.package_identification:Package 'src/examples/rclcpp/actions/minimal_action_client' with type 'ros.ament_cmake' and name 'examples_rclcpp_minimal_action_client'
[1.899s] Level 1:colcon.colcon_core.package_identification:_identify(src/examples/rclcpp/actions/minimal_action_server) by extensions ['ignore', 'ignore_ament_install']
[1.900s] Level 1:colcon.colcon_core.package_identification:_identify(src/examples/rclcpp/actions/minimal_action_server) by extension 'ignore'
[1.900s] Level 1:colcon.colcon_core.package_identification:_identify(src/examples/rclcpp/actions/minimal_action_server) by extension 'ignore_ament_install'
[1.900s] Level 1:colcon.colcon_core.package_identification:_identify(src/examples/rclcpp/actions/minimal_action_server) by extensions ['colcon_pkg']
[1.900s] Level 1:colcon.colcon_core.package_identification:_identify(src/examples/rclcpp/actions/minimal_action_server) by extension 'colcon_pkg'
[1.900s] Level 1:colcon.colcon_core.package_identification:_identify(src/examples/rclcpp/actions/minimal_action_server) by extensions ['colcon_meta']
[1.900s] Level 1:colcon.colcon_core.package_identification:_identify(src/examples/rclcpp/actions/minimal_action_server) by extension 'colcon_meta'
[1.901s] Level 1:colcon.colcon_core.package_identification:_identify(src/examples/rclcpp/actions/minimal_action_server) by extensions ['ros']
[1.901s] Level 1:colcon.colcon_core.package_identification:_identify(src/examples/rclcpp/actions/minimal_action_server) by extension 'ros'
[1.903s] DEBUG:colcon.colcon_core.package_identification:Package 'src/examples/rclcpp/actions/minimal_action_server' with type 'ros.ament_cmake' and name 'examples_rclcpp_minimal_action_server'
[1.903s] Level 1:colcon.colcon_core.package_identification:_identify(src/examples/rclcpp/composition) by extensions ['ignore', 'ignore_ament_install']
[1.904s] Level 1:colcon.colcon_core.package_identification:_identify(src/examples/rclcpp/composition) by extension 'ignore'
[1.904s] Level 1:colcon.colcon_core.package_identification:_identify(src/examples/rclcpp/composition) by extension 'ignore_ament_install'
[1.904s] Level 1:colcon.colcon_core.package_identification:_identify(src/examples/rclcpp/composition) by extensions ['colcon_pkg']
[1.904s] Level 1:colcon.colcon_core.package_identification:_identify(src/examples/rclcpp/composition) by extension 'colcon_pkg'
[1.904s] Level 1:colcon.colcon_core.package_identification:_identify(src/examples/rclcpp/composition) by extensions ['colcon_meta']
[1.904s] Level 1:colcon.colcon_core.package_identification:_identify(src/examples/rclcpp/composition) by extension 'colcon_meta'
[1.904s] Level 1:colcon.colcon_core.package_identification:_identify(src/examples/rclcpp/composition) by extensions ['ros']
[1.904s] Level 1:colcon.colcon_core.package_identification:_identify(src/examples/rclcpp/composition) by extension 'ros'
[1.904s] Level 1:colcon.colcon_core.package_identification:_identify(src/examples/rclcpp/composition) by extensions ['cmake', 'python']
[1.904s] Level 1:colcon.colcon_core.package_identification:_identify(src/examples/rclcpp/composition) by extension 'cmake'
[1.904s] Level 1:colcon.colcon_core.package_identification:_identify(src/examples/rclcpp/composition) by extension 'python'
[1.905s] Level 1:colcon.colcon_core.package_identification:_identify(src/examples/rclcpp/composition) by extensions ['python_setup_py']
[1.905s] Level 1:colcon.colcon_core.package_identification:_identify(src/examples/rclcpp/composition) by extension 'python_setup_py'
[1.905s] Level 1:colcon.colcon_core.package_identification:_identify(src/examples/rclcpp/composition/minimal_composition) by extensions ['ignore', 'ignore_ament_install']
[1.905s] Level 1:colcon.colcon_core.package_identification:_identify(src/examples/rclcpp/composition/minimal_composition) by extension 'ignore'
[1.905s] Level 1:colcon.colcon_core.package_identification:_identify(src/examples/rclcpp/composition/minimal_composition) by extension 'ignore_ament_install'
[1.905s] Level 1:colcon.colcon_core.package_identification:_identify(src/examples/rclcpp/composition/minimal_composition) by extensions ['colcon_pkg']
[1.905s] Level 1:colcon.colcon_core.package_identification:_identify(src/examples/rclcpp/composition/minimal_composition) by extension 'colcon_pkg'
[1.905s] Level 1:colcon.colcon_core.package_identification:_identify(src/examples/rclcpp/composition/minimal_composition) by extensions ['colcon_meta']
[1.905s] Level 1:colcon.colcon_core.package_identification:_identify(src/examples/rclcpp/composition/minimal_composition) by extension 'colcon_meta'
[1.905s] Level 1:colcon.colcon_core.package_identification:_identify(src/examples/rclcpp/composition/minimal_composition) by extensions ['ros']
[1.905s] Level 1:colcon.colcon_core.package_identification:_identify(src/examples/rclcpp/composition/minimal_composition) by extension 'ros'
[1.906s] DEBUG:colcon.colcon_core.package_identification:Package 'src/examples/rclcpp/composition/minimal_composition' with type 'ros.ament_cmake' and name 'examples_rclcpp_minimal_composition'
[1.907s] Level 1:colcon.colcon_core.package_identification:_identify(src/examples/rclcpp/executors) by extensions ['ignore', 'ignore_ament_install']
[1.907s] Level 1:colcon.colcon_core.package_identification:_identify(src/examples/rclcpp/executors) by extension 'ignore'
[1.907s] Level 1:colcon.colcon_core.package_identification:_identify(src/examples/rclcpp/executors) by extension 'ignore_ament_install'
[1.907s] Level 1:colcon.colcon_core.package_identification:_identify(src/examples/rclcpp/executors) by extensions ['colcon_pkg']
[1.907s] Level 1:colcon.colcon_core.package_identification:_identify(src/examples/rclcpp/executors) by extension 'colcon_pkg'
[1.907s] Level 1:colcon.colcon_core.package_identification:_identify(src/examples/rclcpp/executors) by extensions ['colcon_meta']
[1.907s] Level 1:colcon.colcon_core.package_identification:_identify(src/examples/rclcpp/executors) by extension 'colcon_meta'
[1.907s] Level 1:colcon.colcon_core.package_identification:_identify(src/examples/rclcpp/executors) by extensions ['ros']
[1.907s] Level 1:colcon.colcon_core.package_identification:_identify(src/examples/rclcpp/executors) by extension 'ros'
[1.907s] Level 1:colcon.colcon_core.package_identification:_identify(src/examples/rclcpp/executors) by extensions ['cmake', 'python']
[1.908s] Level 1:colcon.colcon_core.package_identification:_identify(src/examples/rclcpp/executors) by extension 'cmake'
[1.908s] Level 1:colcon.colcon_core.package_identification:_identify(src/examples/rclcpp/executors) by extension 'python'
[1.908s] Level 1:colcon.colcon_core.package_identification:_identify(src/examples/rclcpp/executors) by extensions ['python_setup_py']
[1.908s] Level 1:colcon.colcon_core.package_identification:_identify(src/examples/rclcpp/executors) by extension 'python_setup_py'
[1.908s] Level 1:colcon.colcon_core.package_identification:_identify(src/examples/rclcpp/executors/cbg_executor) by extensions ['ignore', 'ignore_ament_install']
[1.908s] Level 1:colcon.colcon_core.package_identification:_identify(src/examples/rclcpp/executors/cbg_executor) by extension 'ignore'
[1.908s] Level 1:colcon.colcon_core.package_identification:_identify(src/examples/rclcpp/executors/cbg_executor) by extension 'ignore_ament_install'
[1.908s] Level 1:colcon.colcon_core.package_identification:_identify(src/examples/rclcpp/executors/cbg_executor) by extensions ['colcon_pkg']
[1.908s] Level 1:colcon.colcon_core.package_identification:_identify(src/examples/rclcpp/executors/cbg_executor) by extension 'colcon_pkg'
[1.908s] Level 1:colcon.colcon_core.package_identification:_identify(src/examples/rclcpp/executors/cbg_executor) by extensions ['colcon_meta']
[1.908s] Level 1:colcon.colcon_core.package_identification:_identify(src/examples/rclcpp/executors/cbg_executor) by extension 'colcon_meta'
[1.908s] Level 1:colcon.colcon_core.package_identification:_identify(src/examples/rclcpp/executors/cbg_executor) by extensions ['ros']
[1.908s] Level 1:colcon.colcon_core.package_identification:_identify(src/examples/rclcpp/executors/cbg_executor) by extension 'ros'
[1.910s] DEBUG:colcon.colcon_core.package_identification:Package 'src/examples/rclcpp/executors/cbg_executor' with type 'ros.ament_cmake' and name 'examples_rclcpp_cbg_executor'
[1.910s] Level 1:colcon.colcon_core.package_identification:_identify(src/examples/rclcpp/executors/multithreaded_executor) by extensions ['ignore', 'ignore_ament_install']
[1.910s] Level 1:colcon.colcon_core.package_identification:_identify(src/examples/rclcpp/executors/multithreaded_executor) by extension 'ignore'
[1.910s] Level 1:colcon.colcon_core.package_identification:_identify(src/examples/rclcpp/executors/multithreaded_executor) by extension 'ignore_ament_install'
[1.910s] Level 1:colcon.colcon_core.package_identification:_identify(src/examples/rclcpp/executors/multithreaded_executor) by extensions ['colcon_pkg']
[1.910s] Level 1:colcon.colcon_core.package_identification:_identify(src/examples/rclcpp/executors/multithreaded_executor) by extension 'colcon_pkg'
[1.910s] Level 1:colcon.colcon_core.package_identification:_identify(src/examples/rclcpp/executors/multithreaded_executor) by extensions ['colcon_meta']
[1.910s] Level 1:colcon.colcon_core.package_identification:_identify(src/examples/rclcpp/executors/multithreaded_executor) by extension 'colcon_meta'
[1.911s] Level 1:colcon.colcon_core.package_identification:_identify(src/examples/rclcpp/executors/multithreaded_executor) by extensions ['ros']
[1.911s] Level 1:colcon.colcon_core.package_identification:_identify(src/examples/rclcpp/executors/multithreaded_executor) by extension 'ros'
[1.911s] DEBUG:colcon.colcon_core.package_identification:Package 'src/examples/rclcpp/executors/multithreaded_executor' with type 'ros.ament_cmake' and name 'examples_rclcpp_multithreaded_executor'
[1.912s] Level 1:colcon.colcon_core.package_identification:_identify(src/examples/rclcpp/services) by extensions ['ignore', 'ignore_ament_install']
[1.912s] Level 1:colcon.colcon_core.package_identification:_identify(src/examples/rclcpp/services) by extension 'ignore'
[1.912s] Level 1:colcon.colcon_core.package_identification:_identify(src/examples/rclcpp/services) by extension 'ignore_ament_install'
[1.912s] Level 1:colcon.colcon_core.package_identification:_identify(src/examples/rclcpp/services) by extensions ['colcon_pkg']
[1.912s] Level 1:colcon.colcon_core.package_identification:_identify(src/examples/rclcpp/services) by extension 'colcon_pkg'
[1.912s] Level 1:colcon.colcon_core.package_identification:_identify(src/examples/rclcpp/services) by extensions ['colcon_meta']
[1.912s] Level 1:colcon.colcon_core.package_identification:_identify(src/examples/rclcpp/services) by extension 'colcon_meta'
[1.912s] Level 1:colcon.colcon_core.package_identification:_identify(src/examples/rclcpp/services) by extensions ['ros']
[1.912s] Level 1:colcon.colcon_core.package_identification:_identify(src/examples/rclcpp/services) by extension 'ros'
[1.913s] Level 1:colcon.colcon_core.package_identification:_identify(src/examples/rclcpp/services) by extensions ['cmake', 'python']
[1.913s] Level 1:colcon.colcon_core.package_identification:_identify(src/examples/rclcpp/services) by extension 'cmake'
[1.913s] Level 1:colcon.colcon_core.package_identification:_identify(src/examples/rclcpp/services) by extension 'python'
[1.913s] Level 1:colcon.colcon_core.package_identification:_identify(src/examples/rclcpp/services) by extensions ['python_setup_py']
[1.913s] Level 1:colcon.colcon_core.package_identification:_identify(src/examples/rclcpp/services) by extension 'python_setup_py'
[1.913s] Level 1:colcon.colcon_core.package_identification:_identify(src/examples/rclcpp/services/async_client) by extensions ['ignore', 'ignore_ament_install']
[1.914s] Level 1:colcon.colcon_core.package_identification:_identify(src/examples/rclcpp/services/async_client) by extension 'ignore'
[1.914s] Level 1:colcon.colcon_core.package_identification:_identify(src/examples/rclcpp/services/async_client) by extension 'ignore_ament_install'
[1.914s] Level 1:colcon.colcon_core.package_identification:_identify(src/examples/rclcpp/services/async_client) by extensions ['colcon_pkg']
[1.914s] Level 1:colcon.colcon_core.package_identification:_identify(src/examples/rclcpp/services/async_client) by extension 'colcon_pkg'
[1.914s] Level 1:colcon.colcon_core.package_identification:_identify(src/examples/rclcpp/services/async_client) by extensions ['colcon_meta']
[1.914s] Level 1:colcon.colcon_core.package_identification:_identify(src/examples/rclcpp/services/async_client) by extension 'colcon_meta'
[1.914s] Level 1:colcon.colcon_core.package_identification:_identify(src/examples/rclcpp/services/async_client) by extensions ['ros']
[1.914s] Level 1:colcon.colcon_core.package_identification:_identify(src/examples/rclcpp/services/async_client) by extension 'ros'
[1.915s] DEBUG:colcon.colcon_core.package_identification:Package 'src/examples/rclcpp/services/async_client' with type 'ros.ament_cmake' and name 'examples_rclcpp_async_client'
[1.915s] Level 1:colcon.colcon_core.package_identification:_identify(src/examples/rclcpp/services/minimal_client) by extensions ['ignore', 'ignore_ament_install']
[1.915s] Level 1:colcon.colcon_core.package_identification:_identify(src/examples/rclcpp/services/minimal_client) by extension 'ignore'
[1.916s] Level 1:colcon.colcon_core.package_identification:_identify(src/examples/rclcpp/services/minimal_client) by extension 'ignore_ament_install'
[1.916s] Level 1:colcon.colcon_core.package_identification:_identify(src/examples/rclcpp/services/minimal_client) by extensions ['colcon_pkg']
[1.916s] Level 1:colcon.colcon_core.package_identification:_identify(src/examples/rclcpp/services/minimal_client) by extension 'colcon_pkg'
[1.916s] Level 1:colcon.colcon_core.package_identification:_identify(src/examples/rclcpp/services/minimal_client) by extensions ['colcon_meta']
[1.916s] Level 1:colcon.colcon_core.package_identification:_identify(src/examples/rclcpp/services/minimal_client) by extension 'colcon_meta'
[1.916s] Level 1:colcon.colcon_core.package_identification:_identify(src/examples/rclcpp/services/minimal_client) by extensions ['ros']
[1.916s] Level 1:colcon.colcon_core.package_identification:_identify(src/examples/rclcpp/services/minimal_client) by extension 'ros'
[1.917s] DEBUG:colcon.colcon_core.package_identification:Package 'src/examples/rclcpp/services/minimal_client' with type 'ros.ament_cmake' and name 'examples_rclcpp_minimal_client'
[1.917s] Level 1:colcon.colcon_core.package_identification:_identify(src/examples/rclcpp/services/minimal_service) by extensions ['ignore', 'ignore_ament_install']
[1.917s] Level 1:colcon.colcon_core.package_identification:_identify(src/examples/rclcpp/services/minimal_service) by extension 'ignore'
[1.917s] Level 1:colcon.colcon_core.package_identification:_identify(src/examples/rclcpp/services/minimal_service) by extension 'ignore_ament_install'
[1.918s] Level 1:colcon.colcon_core.package_identification:_identify(src/examples/rclcpp/services/minimal_service) by extensions ['colcon_pkg']
[1.918s] Level 1:colcon.colcon_core.package_identification:_identify(src/examples/rclcpp/services/minimal_service) by extension 'colcon_pkg'
[1.918s] Level 1:colcon.colcon_core.package_identification:_identify(src/examples/rclcpp/services/minimal_service) by extensions ['colcon_meta']
[1.918s] Level 1:colcon.colcon_core.package_identification:_identify(src/examples/rclcpp/services/minimal_service) by extension 'colcon_meta'
[1.918s] Level 1:colcon.colcon_core.package_identification:_identify(src/examples/rclcpp/services/minimal_service) by extensions ['ros']
[1.918s] Level 1:colcon.colcon_core.package_identification:_identify(src/examples/rclcpp/services/minimal_service) by extension 'ros'
[1.919s] DEBUG:colcon.colcon_core.package_identification:Package 'src/examples/rclcpp/services/minimal_service' with type 'ros.ament_cmake' and name 'examples_rclcpp_minimal_service'
[1.920s] Level 1:colcon.colcon_core.package_identification:_identify(src/examples/rclcpp/timers) by extensions ['ignore', 'ignore_ament_install']
[1.920s] Level 1:colcon.colcon_core.package_identification:_identify(src/examples/rclcpp/timers) by extension 'ignore'
[1.920s] Level 1:colcon.colcon_core.package_identification:_identify(src/examples/rclcpp/timers) by extension 'ignore_ament_install'
[1.920s] Level 1:colcon.colcon_core.package_identification:_identify(src/examples/rclcpp/timers) by extensions ['colcon_pkg']
[1.920s] Level 1:colcon.colcon_core.package_identification:_identify(src/examples/rclcpp/timers) by extension 'colcon_pkg'
[1.920s] Level 1:colcon.colcon_core.package_identification:_identify(src/examples/rclcpp/timers) by extensions ['colcon_meta']
[1.920s] Level 1:colcon.colcon_core.package_identification:_identify(src/examples/rclcpp/timers) by extension 'colcon_meta'
[1.920s] Level 1:colcon.colcon_core.package_identification:_identify(src/examples/rclcpp/timers) by extensions ['ros']
[1.920s] Level 1:colcon.colcon_core.package_identification:_identify(src/examples/rclcpp/timers) by extension 'ros'
[1.921s] Level 1:colcon.colcon_core.package_identification:_identify(src/examples/rclcpp/timers) by extensions ['cmake', 'python']
[1.921s] Level 1:colcon.colcon_core.package_identification:_identify(src/examples/rclcpp/timers) by extension 'cmake'
[1.921s] Level 1:colcon.colcon_core.package_identification:_identify(src/examples/rclcpp/timers) by extension 'python'
[1.921s] Level 1:colcon.colcon_core.package_identification:_identify(src/examples/rclcpp/timers) by extensions ['python_setup_py']
[1.921s] Level 1:colcon.colcon_core.package_identification:_identify(src/examples/rclcpp/timers) by extension 'python_setup_py'
[1.921s] Level 1:colcon.colcon_core.package_identification:_identify(src/examples/rclcpp/timers/minimal_timer) by extensions ['ignore', 'ignore_ament_install']
[1.921s] Level 1:colcon.colcon_core.package_identification:_identify(src/examples/rclcpp/timers/minimal_timer) by extension 'ignore'
[1.921s] Level 1:colcon.colcon_core.package_identification:_identify(src/examples/rclcpp/timers/minimal_timer) by extension 'ignore_ament_install'
[1.921s] Level 1:colcon.colcon_core.package_identification:_identify(src/examples/rclcpp/timers/minimal_timer) by extensions ['colcon_pkg']
[1.921s] Level 1:colcon.colcon_core.package_identification:_identify(src/examples/rclcpp/timers/minimal_timer) by extension 'colcon_pkg'
[1.922s] Level 1:colcon.colcon_core.package_identification:_identify(src/examples/rclcpp/timers/minimal_timer) by extensions ['colcon_meta']
[1.922s] Level 1:colcon.colcon_core.package_identification:_identify(src/examples/rclcpp/timers/minimal_timer) by extension 'colcon_meta'
[1.922s] Level 1:colcon.colcon_core.package_identification:_identify(src/examples/rclcpp/timers/minimal_timer) by extensions ['ros']
[1.922s] Level 1:colcon.colcon_core.package_identification:_identify(src/examples/rclcpp/timers/minimal_timer) by extension 'ros'
[1.923s] DEBUG:colcon.colcon_core.package_identification:Package 'src/examples/rclcpp/timers/minimal_timer' with type 'ros.ament_cmake' and name 'examples_rclcpp_minimal_timer'
[1.923s] Level 1:colcon.colcon_core.package_identification:_identify(src/examples/rclcpp/topics) by extensions ['ignore', 'ignore_ament_install']
[1.924s] Level 1:colcon.colcon_core.package_identification:_identify(src/examples/rclcpp/topics) by extension 'ignore'
[1.924s] Level 1:colcon.colcon_core.package_identification:_identify(src/examples/rclcpp/topics) by extension 'ignore_ament_install'
[1.925s] Level 1:colcon.colcon_core.package_identification:_identify(src/examples/rclcpp/topics) by extensions ['colcon_pkg']
[1.926s] Level 1:colcon.colcon_core.package_identification:_identify(src/examples/rclcpp/topics) by extension 'colcon_pkg'
[1.926s] Level 1:colcon.colcon_core.package_identification:_identify(src/examples/rclcpp/topics) by extensions ['colcon_meta']
[1.926s] Level 1:colcon.colcon_core.package_identification:_identify(src/examples/rclcpp/topics) by extension 'colcon_meta'
[1.926s] Level 1:colcon.colcon_core.package_identification:_identify(src/examples/rclcpp/topics) by extensions ['ros']
[1.926s] Level 1:colcon.colcon_core.package_identification:_identify(src/examples/rclcpp/topics) by extension 'ros'
[1.926s] Level 1:colcon.colcon_core.package_identification:_identify(src/examples/rclcpp/topics) by extensions ['cmake', 'python']
[1.926s] Level 1:colcon.colcon_core.package_identification:_identify(src/examples/rclcpp/topics) by extension 'cmake'
[1.926s] Level 1:colcon.colcon_core.package_identification:_identify(src/examples/rclcpp/topics) by extension 'python'
[1.926s] Level 1:colcon.colcon_core.package_identification:_identify(src/examples/rclcpp/topics) by extensions ['python_setup_py']
[1.926s] Level 1:colcon.colcon_core.package_identification:_identify(src/examples/rclcpp/topics) by extension 'python_setup_py'
[1.926s] Level 1:colcon.colcon_core.package_identification:_identify(src/examples/rclcpp/topics/minimal_publisher) by extensions ['ignore', 'ignore_ament_install']
[1.926s] Level 1:colcon.colcon_core.package_identification:_identify(src/examples/rclcpp/topics/minimal_publisher) by extension 'ignore'
[1.927s] Level 1:colcon.colcon_core.package_identification:_identify(src/examples/rclcpp/topics/minimal_publisher) by extension 'ignore_ament_install'
[1.927s] Level 1:colcon.colcon_core.package_identification:_identify(src/examples/rclcpp/topics/minimal_publisher) by extensions ['colcon_pkg']
[1.927s] Level 1:colcon.colcon_core.package_identification:_identify(src/examples/rclcpp/topics/minimal_publisher) by extension 'colcon_pkg'
[1.927s] Level 1:colcon.colcon_core.package_identification:_identify(src/examples/rclcpp/topics/minimal_publisher) by extensions ['colcon_meta']
[1.927s] Level 1:colcon.colcon_core.package_identification:_identify(src/examples/rclcpp/topics/minimal_publisher) by extension 'colcon_meta'
[1.927s] Level 1:colcon.colcon_core.package_identification:_identify(src/examples/rclcpp/topics/minimal_publisher) by extensions ['ros']
[1.927s] Level 1:colcon.colcon_core.package_identification:_identify(src/examples/rclcpp/topics/minimal_publisher) by extension 'ros'
[1.928s] DEBUG:colcon.colcon_core.package_identification:Package 'src/examples/rclcpp/topics/minimal_publisher' with type 'ros.ament_cmake' and name 'examples_rclcpp_minimal_publisher'
[1.929s] Level 1:colcon.colcon_core.package_identification:_identify(src/examples/rclcpp/topics/minimal_subscriber) by extensions ['ignore', 'ignore_ament_install']
[1.929s] Level 1:colcon.colcon_core.package_identification:_identify(src/examples/rclcpp/topics/minimal_subscriber) by extension 'ignore'
[1.929s] Level 1:colcon.colcon_core.package_identification:_identify(src/examples/rclcpp/topics/minimal_subscriber) by extension 'ignore_ament_install'
[1.929s] Level 1:colcon.colcon_core.package_identification:_identify(src/examples/rclcpp/topics/minimal_subscriber) by extensions ['colcon_pkg']
[1.929s] Level 1:colcon.colcon_core.package_identification:_identify(src/examples/rclcpp/topics/minimal_subscriber) by extension 'colcon_pkg'
[1.929s] Level 1:colcon.colcon_core.package_identification:_identify(src/examples/rclcpp/topics/minimal_subscriber) by extensions ['colcon_meta']
[1.930s] Level 1:colcon.colcon_core.package_identification:_identify(src/examples/rclcpp/topics/minimal_subscriber) by extension 'colcon_meta'
[1.930s] Level 1:colcon.colcon_core.package_identification:_identify(src/examples/rclcpp/topics/minimal_subscriber) by extensions ['ros']
[1.930s] Level 1:colcon.colcon_core.package_identification:_identify(src/examples/rclcpp/topics/minimal_subscriber) by extension 'ros'
[1.931s] DEBUG:colcon.colcon_core.package_identification:Package 'src/examples/rclcpp/topics/minimal_subscriber' with type 'ros.ament_cmake' and name 'examples_rclcpp_minimal_subscriber'
[1.932s] Level 1:colcon.colcon_core.package_identification:_identify(src/examples/rclcpp/wait_set) by extensions ['ignore', 'ignore_ament_install']
[1.932s] Level 1:colcon.colcon_core.package_identification:_identify(src/examples/rclcpp/wait_set) by extension 'ignore'
[1.932s] Level 1:colcon.colcon_core.package_identification:_identify(src/examples/rclcpp/wait_set) by extension 'ignore_ament_install'
[1.932s] Level 1:colcon.colcon_core.package_identification:_identify(src/examples/rclcpp/wait_set) by extensions ['colcon_pkg']
[1.932s] Level 1:colcon.colcon_core.package_identification:_identify(src/examples/rclcpp/wait_set) by extension 'colcon_pkg'
[1.932s] Level 1:colcon.colcon_core.package_identification:_identify(src/examples/rclcpp/wait_set) by extensions ['colcon_meta']
[1.932s] Level 1:colcon.colcon_core.package_identification:_identify(src/examples/rclcpp/wait_set) by extension 'colcon_meta'
[1.933s] Level 1:colcon.colcon_core.package_identification:_identify(src/examples/rclcpp/wait_set) by extensions ['ros']
[1.933s] Level 1:colcon.colcon_core.package_identification:_identify(src/examples/rclcpp/wait_set) by extension 'ros'
[1.935s] DEBUG:colcon.colcon_core.package_identification:Package 'src/examples/rclcpp/wait_set' with type 'ros.ament_cmake' and name 'examples_rclcpp_wait_set'
[1.935s] Level 1:colcon.colcon_core.package_identification:_identify(src/examples/rclpy) by extensions ['ignore', 'ignore_ament_install']
[1.935s] Level 1:colcon.colcon_core.package_identification:_identify(src/examples/rclpy) by extension 'ignore'
[1.935s] Level 1:colcon.colcon_core.package_identification:_identify(src/examples/rclpy) by extension 'ignore_ament_install'
[1.935s] Level 1:colcon.colcon_core.package_identification:_identify(src/examples/rclpy) by extensions ['colcon_pkg']
[1.936s] Level 1:colcon.colcon_core.package_identification:_identify(src/examples/rclpy) by extension 'colcon_pkg'
[1.936s] Level 1:colcon.colcon_core.package_identification:_identify(src/examples/rclpy) by extensions ['colcon_meta']
[1.936s] Level 1:colcon.colcon_core.package_identification:_identify(src/examples/rclpy) by extension 'colcon_meta'
[1.936s] Level 1:colcon.colcon_core.package_identification:_identify(src/examples/rclpy) by extensions ['ros']
[1.936s] Level 1:colcon.colcon_core.package_identification:_identify(src/examples/rclpy) by extension 'ros'
[1.936s] Level 1:colcon.colcon_core.package_identification:_identify(src/examples/rclpy) by extensions ['cmake', 'python']
[1.936s] Level 1:colcon.colcon_core.package_identification:_identify(src/examples/rclpy) by extension 'cmake'
[1.936s] Level 1:colcon.colcon_core.package_identification:_identify(src/examples/rclpy) by extension 'python'
[1.936s] Level 1:colcon.colcon_core.package_identification:_identify(src/examples/rclpy) by extensions ['python_setup_py']
[1.936s] Level 1:colcon.colcon_core.package_identification:_identify(src/examples/rclpy) by extension 'python_setup_py'
[1.937s] Level 1:colcon.colcon_core.package_identification:_identify(src/examples/rclpy/actions) by extensions ['ignore', 'ignore_ament_install']
[1.937s] Level 1:colcon.colcon_core.package_identification:_identify(src/examples/rclpy/actions) by extension 'ignore'
[1.937s] Level 1:colcon.colcon_core.package_identification:_identify(src/examples/rclpy/actions) by extension 'ignore_ament_install'
[1.937s] Level 1:colcon.colcon_core.package_identification:_identify(src/examples/rclpy/actions) by extensions ['colcon_pkg']
[1.937s] Level 1:colcon.colcon_core.package_identification:_identify(src/examples/rclpy/actions) by extension 'colcon_pkg'
[1.937s] Level 1:colcon.colcon_core.package_identification:_identify(src/examples/rclpy/actions) by extensions ['colcon_meta']
[1.937s] Level 1:colcon.colcon_core.package_identification:_identify(src/examples/rclpy/actions) by extension 'colcon_meta'
[1.937s] Level 1:colcon.colcon_core.package_identification:_identify(src/examples/rclpy/actions) by extensions ['ros']
[1.937s] Level 1:colcon.colcon_core.package_identification:_identify(src/examples/rclpy/actions) by extension 'ros'
[1.937s] Level 1:colcon.colcon_core.package_identification:_identify(src/examples/rclpy/actions) by extensions ['cmake', 'python']
[1.937s] Level 1:colcon.colcon_core.package_identification:_identify(src/examples/rclpy/actions) by extension 'cmake'
[1.938s] Level 1:colcon.colcon_core.package_identification:_identify(src/examples/rclpy/actions) by extension 'python'
[1.938s] Level 1:colcon.colcon_core.package_identification:_identify(src/examples/rclpy/actions) by extensions ['python_setup_py']
[1.938s] Level 1:colcon.colcon_core.package_identification:_identify(src/examples/rclpy/actions) by extension 'python_setup_py'
[1.938s] Level 1:colcon.colcon_core.package_identification:_identify(src/examples/rclpy/actions/minimal_action_client) by extensions ['ignore', 'ignore_ament_install']
[1.938s] Level 1:colcon.colcon_core.package_identification:_identify(src/examples/rclpy/actions/minimal_action_client) by extension 'ignore'
[1.938s] Level 1:colcon.colcon_core.package_identification:_identify(src/examples/rclpy/actions/minimal_action_client) by extension 'ignore_ament_install'
[1.938s] Level 1:colcon.colcon_core.package_identification:_identify(src/examples/rclpy/actions/minimal_action_client) by extensions ['colcon_pkg']
[1.938s] Level 1:colcon.colcon_core.package_identification:_identify(src/examples/rclpy/actions/minimal_action_client) by extension 'colcon_pkg'
[1.938s] Level 1:colcon.colcon_core.package_identification:_identify(src/examples/rclpy/actions/minimal_action_client) by extensions ['colcon_meta']
[1.938s] Level 1:colcon.colcon_core.package_identification:_identify(src/examples/rclpy/actions/minimal_action_client) by extension 'colcon_meta'
[1.939s] Level 1:colcon.colcon_core.package_identification:_identify(src/examples/rclpy/actions/minimal_action_client) by extensions ['ros']
[1.939s] Level 1:colcon.colcon_core.package_identification:_identify(src/examples/rclpy/actions/minimal_action_client) by extension 'ros'
[1.940s] DEBUG:colcon.colcon_core.package_identification:Package 'src/examples/rclpy/actions/minimal_action_client' with type 'ros.ament_python' and name 'examples_rclpy_minimal_action_client'
[1.940s] Level 1:colcon.colcon_core.package_identification:_identify(src/examples/rclpy/actions/minimal_action_server) by extensions ['ignore', 'ignore_ament_install']
[1.941s] Level 1:colcon.colcon_core.package_identification:_identify(src/examples/rclpy/actions/minimal_action_server) by extension 'ignore'
[1.941s] Level 1:colcon.colcon_core.package_identification:_identify(src/examples/rclpy/actions/minimal_action_server) by extension 'ignore_ament_install'
[1.942s] Level 1:colcon.colcon_core.package_identification:_identify(src/examples/rclpy/actions/minimal_action_server) by extensions ['colcon_pkg']
[1.942s] Level 1:colcon.colcon_core.package_identification:_identify(src/examples/rclpy/actions/minimal_action_server) by extension 'colcon_pkg'
[1.942s] Level 1:colcon.colcon_core.package_identification:_identify(src/examples/rclpy/actions/minimal_action_server) by extensions ['colcon_meta']
[1.943s] Level 1:colcon.colcon_core.package_identification:_identify(src/examples/rclpy/actions/minimal_action_server) by extension 'colcon_meta'
[1.943s] Level 1:colcon.colcon_core.package_identification:_identify(src/examples/rclpy/actions/minimal_action_server) by extensions ['ros']
[1.943s] Level 1:colcon.colcon_core.package_identification:_identify(src/examples/rclpy/actions/minimal_action_server) by extension 'ros'
[1.944s] DEBUG:colcon.colcon_core.package_identification:Package 'src/examples/rclpy/actions/minimal_action_server' with type 'ros.ament_python' and name 'examples_rclpy_minimal_action_server'
[1.944s] Level 1:colcon.colcon_core.package_identification:_identify(src/examples/rclpy/executors) by extensions ['ignore', 'ignore_ament_install']
[1.945s] Level 1:colcon.colcon_core.package_identification:_identify(src/examples/rclpy/executors) by extension 'ignore'
[1.945s] Level 1:colcon.colcon_core.package_identification:_identify(src/examples/rclpy/executors) by extension 'ignore_ament_install'
[1.945s] Level 1:colcon.colcon_core.package_identification:_identify(src/examples/rclpy/executors) by extensions ['colcon_pkg']
[1.945s] Level 1:colcon.colcon_core.package_identification:_identify(src/examples/rclpy/executors) by extension 'colcon_pkg'
[1.945s] Level 1:colcon.colcon_core.package_identification:_identify(src/examples/rclpy/executors) by extensions ['colcon_meta']
[1.945s] Level 1:colcon.colcon_core.package_identification:_identify(src/examples/rclpy/executors) by extension 'colcon_meta'
[1.945s] Level 1:colcon.colcon_core.package_identification:_identify(src/examples/rclpy/executors) by extensions ['ros']
[1.945s] Level 1:colcon.colcon_core.package_identification:_identify(src/examples/rclpy/executors) by extension 'ros'
[1.946s] DEBUG:colcon.colcon_core.package_identification:Package 'src/examples/rclpy/executors' with type 'ros.ament_python' and name 'examples_rclpy_executors'
[1.947s] Level 1:colcon.colcon_core.package_identification:_identify(src/examples/rclpy/guard_conditions) by extensions ['ignore', 'ignore_ament_install']
[1.947s] Level 1:colcon.colcon_core.package_identification:_identify(src/examples/rclpy/guard_conditions) by extension 'ignore'
[1.947s] Level 1:colcon.colcon_core.package_identification:_identify(src/examples/rclpy/guard_conditions) by extension 'ignore_ament_install'
[1.947s] Level 1:colcon.colcon_core.package_identification:_identify(src/examples/rclpy/guard_conditions) by extensions ['colcon_pkg']
[1.947s] Level 1:colcon.colcon_core.package_identification:_identify(src/examples/rclpy/guard_conditions) by extension 'colcon_pkg'
[1.947s] Level 1:colcon.colcon_core.package_identification:_identify(src/examples/rclpy/guard_conditions) by extensions ['colcon_meta']
[1.947s] Level 1:colcon.colcon_core.package_identification:_identify(src/examples/rclpy/guard_conditions) by extension 'colcon_meta'
[1.947s] Level 1:colcon.colcon_core.package_identification:_identify(src/examples/rclpy/guard_conditions) by extensions ['ros']
[1.947s] Level 1:colcon.colcon_core.package_identification:_identify(src/examples/rclpy/guard_conditions) by extension 'ros'
[1.948s] DEBUG:colcon.colcon_core.package_identification:Package 'src/examples/rclpy/guard_conditions' with type 'ros.ament_python' and name 'examples_rclpy_guard_conditions'
[1.949s] Level 1:colcon.colcon_core.package_identification:_identify(src/examples/rclpy/services) by extensions ['ignore', 'ignore_ament_install']
[1.949s] Level 1:colcon.colcon_core.package_identification:_identify(src/examples/rclpy/services) by extension 'ignore'
[1.949s] Level 1:colcon.colcon_core.package_identification:_identify(src/examples/rclpy/services) by extension 'ignore_ament_install'
[1.949s] Level 1:colcon.colcon_core.package_identification:_identify(src/examples/rclpy/services) by extensions ['colcon_pkg']
[1.949s] Level 1:colcon.colcon_core.package_identification:_identify(src/examples/rclpy/services) by extension 'colcon_pkg'
[1.949s] Level 1:colcon.colcon_core.package_identification:_identify(src/examples/rclpy/services) by extensions ['colcon_meta']
[1.950s] Level 1:colcon.colcon_core.package_identification:_identify(src/examples/rclpy/services) by extension 'colcon_meta'
[1.950s] Level 1:colcon.colcon_core.package_identification:_identify(src/examples/rclpy/services) by extensions ['ros']
[1.950s] Level 1:colcon.colcon_core.package_identification:_identify(src/examples/rclpy/services) by extension 'ros'
[1.950s] Level 1:colcon.colcon_core.package_identification:_identify(src/examples/rclpy/services) by extensions ['cmake', 'python']
[1.950s] Level 1:colcon.colcon_core.package_identification:_identify(src/examples/rclpy/services) by extension 'cmake'
[1.950s] Level 1:colcon.colcon_core.package_identification:_identify(src/examples/rclpy/services) by extension 'python'
[1.950s] Level 1:colcon.colcon_core.package_identification:_identify(src/examples/rclpy/services) by extensions ['python_setup_py']
[1.950s] Level 1:colcon.colcon_core.package_identification:_identify(src/examples/rclpy/services) by extension 'python_setup_py'
[1.950s] Level 1:colcon.colcon_core.package_identification:_identify(src/examples/rclpy/services/minimal_client) by extensions ['ignore', 'ignore_ament_install']
[1.951s] Level 1:colcon.colcon_core.package_identification:_identify(src/examples/rclpy/services/minimal_client) by extension 'ignore'
[1.951s] Level 1:colcon.colcon_core.package_identification:_identify(src/examples/rclpy/services/minimal_client) by extension 'ignore_ament_install'
[1.951s] Level 1:colcon.colcon_core.package_identification:_identify(src/examples/rclpy/services/minimal_client) by extensions ['colcon_pkg']
[1.951s] Level 1:colcon.colcon_core.package_identification:_identify(src/examples/rclpy/services/minimal_client) by extension 'colcon_pkg'
[1.951s] Level 1:colcon.colcon_core.package_identification:_identify(src/examples/rclpy/services/minimal_client) by extensions ['colcon_meta']
[1.951s] Level 1:colcon.colcon_core.package_identification:_identify(src/examples/rclpy/services/minimal_client) by extension 'colcon_meta'
[1.951s] Level 1:colcon.colcon_core.package_identification:_identify(src/examples/rclpy/services/minimal_client) by extensions ['ros']
[1.951s] Level 1:colcon.colcon_core.package_identification:_identify(src/examples/rclpy/services/minimal_client) by extension 'ros'
[1.953s] DEBUG:colcon.colcon_core.package_identification:Package 'src/examples/rclpy/services/minimal_client' with type 'ros.ament_python' and name 'examples_rclpy_minimal_client'
[1.953s] Level 1:colcon.colcon_core.package_identification:_identify(src/examples/rclpy/services/minimal_service) by extensions ['ignore', 'ignore_ament_install']
[1.954s] Level 1:colcon.colcon_core.package_identification:_identify(src/examples/rclpy/services/minimal_service) by extension 'ignore'
[1.954s] Level 1:colcon.colcon_core.package_identification:_identify(src/examples/rclpy/services/minimal_service) by extension 'ignore_ament_install'
[1.955s] Level 1:colcon.colcon_core.package_identification:_identify(src/examples/rclpy/services/minimal_service) by extensions ['colcon_pkg']
[1.955s] Level 1:colcon.colcon_core.package_identification:_identify(src/examples/rclpy/services/minimal_service) by extension 'colcon_pkg'
[1.955s] Level 1:colcon.colcon_core.package_identification:_identify(src/examples/rclpy/services/minimal_service) by extensions ['colcon_meta']
[1.955s] Level 1:colcon.colcon_core.package_identification:_identify(src/examples/rclpy/services/minimal_service) by extension 'colcon_meta'
[1.956s] Level 1:colcon.colcon_core.package_identification:_identify(src/examples/rclpy/services/minimal_service) by extensions ['ros']
[1.956s] Level 1:colcon.colcon_core.package_identification:_identify(src/examples/rclpy/services/minimal_service) by extension 'ros'
[1.957s] DEBUG:colcon.colcon_core.package_identification:Package 'src/examples/rclpy/services/minimal_service' with type 'ros.ament_python' and name 'examples_rclpy_minimal_service'
[1.958s] Level 1:colcon.colcon_core.package_identification:_identify(src/examples/rclpy/topics) by extensions ['ignore', 'ignore_ament_install']
[1.958s] Level 1:colcon.colcon_core.package_identification:_identify(src/examples/rclpy/topics) by extension 'ignore'
[1.958s] Level 1:colcon.colcon_core.package_identification:_identify(src/examples/rclpy/topics) by extension 'ignore_ament_install'
[1.958s] Level 1:colcon.colcon_core.package_identification:_identify(src/examples/rclpy/topics) by extensions ['colcon_pkg']
[1.958s] Level 1:colcon.colcon_core.package_identification:_identify(src/examples/rclpy/topics) by extension 'colcon_pkg'
[1.959s] Level 1:colcon.colcon_core.package_identification:_identify(src/examples/rclpy/topics) by extensions ['colcon_meta']
[1.959s] Level 1:colcon.colcon_core.package_identification:_identify(src/examples/rclpy/topics) by extension 'colcon_meta'
[1.959s] Level 1:colcon.colcon_core.package_identification:_identify(src/examples/rclpy/topics) by extensions ['ros']
[1.959s] Level 1:colcon.colcon_core.package_identification:_identify(src/examples/rclpy/topics) by extension 'ros'
[1.959s] Level 1:colcon.colcon_core.package_identification:_identify(src/examples/rclpy/topics) by extensions ['cmake', 'python']
[1.959s] Level 1:colcon.colcon_core.package_identification:_identify(src/examples/rclpy/topics) by extension 'cmake'
[1.959s] Level 1:colcon.colcon_core.package_identification:_identify(src/examples/rclpy/topics) by extension 'python'
[1.959s] Level 1:colcon.colcon_core.package_identification:_identify(src/examples/rclpy/topics) by extensions ['python_setup_py']
[1.959s] Level 1:colcon.colcon_core.package_identification:_identify(src/examples/rclpy/topics) by extension 'python_setup_py'
[1.959s] Level 1:colcon.colcon_core.package_identification:_identify(src/examples/rclpy/topics/minimal_publisher) by extensions ['ignore', 'ignore_ament_install']
[1.960s] Level 1:colcon.colcon_core.package_identification:_identify(src/examples/rclpy/topics/minimal_publisher) by extension 'ignore'
[1.960s] Level 1:colcon.colcon_core.package_identification:_identify(src/examples/rclpy/topics/minimal_publisher) by extension 'ignore_ament_install'
[1.960s] Level 1:colcon.colcon_core.package_identification:_identify(src/examples/rclpy/topics/minimal_publisher) by extensions ['colcon_pkg']
[1.960s] Level 1:colcon.colcon_core.package_identification:_identify(src/examples/rclpy/topics/minimal_publisher) by extension 'colcon_pkg'
[1.960s] Level 1:colcon.colcon_core.package_identification:_identify(src/examples/rclpy/topics/minimal_publisher) by extensions ['colcon_meta']
[1.960s] Level 1:colcon.colcon_core.package_identification:_identify(src/examples/rclpy/topics/minimal_publisher) by extension 'colcon_meta'
[1.960s] Level 1:colcon.colcon_core.package_identification:_identify(src/examples/rclpy/topics/minimal_publisher) by extensions ['ros']
[1.960s] Level 1:colcon.colcon_core.package_identification:_identify(src/examples/rclpy/topics/minimal_publisher) by extension 'ros'
[1.962s] DEBUG:colcon.colcon_core.package_identification:Package 'src/examples/rclpy/topics/minimal_publisher' with type 'ros.ament_python' and name 'examples_rclpy_minimal_publisher'
[1.962s] Level 1:colcon.colcon_core.package_identification:_identify(src/examples/rclpy/topics/minimal_subscriber) by extensions ['ignore', 'ignore_ament_install']
[1.963s] Level 1:colcon.colcon_core.package_identification:_identify(src/examples/rclpy/topics/minimal_subscriber) by extension 'ignore'
[1.963s] Level 1:colcon.colcon_core.package_identification:_identify(src/examples/rclpy/topics/minimal_subscriber) by extension 'ignore_ament_install'
[1.963s] Level 1:colcon.colcon_core.package_identification:_identify(src/examples/rclpy/topics/minimal_subscriber) by extensions ['colcon_pkg']
[1.964s] Level 1:colcon.colcon_core.package_identification:_identify(src/examples/rclpy/topics/minimal_subscriber) by extension 'colcon_pkg'
[1.964s] Level 1:colcon.colcon_core.package_identification:_identify(src/examples/rclpy/topics/minimal_subscriber) by extensions ['colcon_meta']
[1.964s] Level 1:colcon.colcon_core.package_identification:_identify(src/examples/rclpy/topics/minimal_subscriber) by extension 'colcon_meta'
[1.964s] Level 1:colcon.colcon_core.package_identification:_identify(src/examples/rclpy/topics/minimal_subscriber) by extensions ['ros']
[1.964s] Level 1:colcon.colcon_core.package_identification:_identify(src/examples/rclpy/topics/minimal_subscriber) by extension 'ros'
[1.966s] DEBUG:colcon.colcon_core.package_identification:Package 'src/examples/rclpy/topics/minimal_subscriber' with type 'ros.ament_python' and name 'examples_rclpy_minimal_subscriber'
[1.966s] Level 1:colcon.colcon_core.package_identification:_identify(src/examples/rclpy/topics/pointcloud_publisher) by extensions ['ignore', 'ignore_ament_install']
[1.966s] Level 1:colcon.colcon_core.package_identification:_identify(src/examples/rclpy/topics/pointcloud_publisher) by extension 'ignore'
[1.967s] Level 1:colcon.colcon_core.package_identification:_identify(src/examples/rclpy/topics/pointcloud_publisher) by extension 'ignore_ament_install'
[1.967s] Level 1:colcon.colcon_core.package_identification:_identify(src/examples/rclpy/topics/pointcloud_publisher) by extensions ['colcon_pkg']
[1.967s] Level 1:colcon.colcon_core.package_identification:_identify(src/examples/rclpy/topics/pointcloud_publisher) by extension 'colcon_pkg'
[1.967s] Level 1:colcon.colcon_core.package_identification:_identify(src/examples/rclpy/topics/pointcloud_publisher) by extensions ['colcon_meta']
[1.967s] Level 1:colcon.colcon_core.package_identification:_identify(src/examples/rclpy/topics/pointcloud_publisher) by extension 'colcon_meta'
[1.968s] Level 1:colcon.colcon_core.package_identification:_identify(src/examples/rclpy/topics/pointcloud_publisher) by extensions ['ros']
[1.968s] Level 1:colcon.colcon_core.package_identification:_identify(src/examples/rclpy/topics/pointcloud_publisher) by extension 'ros'
[1.969s] DEBUG:colcon.colcon_core.package_identification:Package 'src/examples/rclpy/topics/pointcloud_publisher' with type 'ros.ament_python' and name 'examples_rclpy_pointcloud_publisher'
[1.969s] Level 1:colcon.colcon_core.package_discovery:discover_packages(recursive) using defaults
[1.970s] Level 1:colcon.colcon_core.package_discovery:discover_packages(ignore) discover
[1.970s] Level 1:colcon.colcon_core.package_discovery:discover_packages(ignore) using defaults
[1.970s] Level 1:colcon.colcon_core.package_discovery:discover_packages(path) discover
[1.970s] Level 1:colcon.colcon_core.package_discovery:discover_packages(path) using defaults
[2.059s] Level 1:colcon.colcon_core.package_discovery:discover_packages(prefix_path) check parameters
[2.060s] Level 1:colcon.colcon_core.package_discovery:discover_packages(prefix_path) discover
[2.073s] DEBUG:colcon.colcon_installed_package_information.package_discovery:Found 407 installed packages in /opt/ros/jazzy
[2.075s] Level 1:colcon.colcon_core.package_discovery:discover_packages(prefix_path) using defaults
[2.243s] WARNING:colcon.colcon_core.package_selection:Some selected packages are already built in one or more underlay workspaces:
	'examples_rclcpp_minimal_publisher' is in: /opt/ros/jazzy
	'examples_rclcpp_minimal_composition' is in: /opt/ros/jazzy
	'examples_rclpy_minimal_publisher' is in: /opt/ros/jazzy
	'examples_rclcpp_minimal_subscriber' is in: /opt/ros/jazzy
	'examples_rclcpp_minimal_timer' is in: /opt/ros/jazzy
	'examples_rclcpp_minimal_client' is in: /opt/ros/jazzy
	'examples_rclpy_minimal_action_server' is in: /opt/ros/jazzy
	'examples_rclcpp_minimal_action_server' is in: /opt/ros/jazzy
	'examples_rclcpp_multithreaded_executor' is in: /opt/ros/jazzy
	'examples_rclcpp_minimal_action_client' is in: /opt/ros/jazzy
	'examples_rclcpp_minimal_service' is in: /opt/ros/jazzy
	'examples_rclpy_minimal_client' is in: /opt/ros/jazzy
	'examples_rclpy_executors' is in: /opt/ros/jazzy
	'examples_rclpy_minimal_service' is in: /opt/ros/jazzy
	'examples_rclpy_minimal_subscriber' is in: /opt/ros/jazzy
	'examples_rclpy_minimal_action_client' is in: /opt/ros/jazzy
If a package in a merged underlay workspace is overridden and it installs headers, then all packages in the overlay must sort their include directories by workspace order. Failure to do so may result in build failures or undefined behavior at run time.
If the overridden package is used by another package in any underlay, then the overriding package in the overlay must be API and ABI compatible or undefined behavior at run time may occur.

If you understand the risks and want to override a package anyways, add the following to the command line:
	--allow-overriding examples_rclcpp_minimal_action_client examples_rclcpp_minimal_action_server examples_rclcpp_minimal_client examples_rclcpp_minimal_composition examples_rclcpp_minimal_publisher examples_rclcpp_minimal_service examples_rclcpp_minimal_subscriber examples_rclcpp_minimal_timer examples_rclcpp_multithreaded_executor examples_rclpy_executors examples_rclpy_minimal_action_client examples_rclpy_minimal_action_server examples_rclpy_minimal_client examples_rclpy_minimal_publisher examples_rclpy_minimal_service examples_rclpy_minimal_subscriber

This may be promoted to an error in a future release of colcon-override-check.
[2.244s] Level 5:colcon.colcon_core.verb:set package 'examples_rclcpp_async_client' build argument 'cmake_args' from command line to 'None'
[2.244s] Level 5:colcon.colcon_core.verb:set package 'examples_rclcpp_async_client' build argument 'cmake_target' from command line to 'None'
[2.244s] Level 5:colcon.colcon_core.verb:set package 'examples_rclcpp_async_client' build argument 'cmake_target_skip_unavailable' from command line to 'False'
[2.244s] Level 5:colcon.colcon_core.verb:set package 'examples_rclcpp_async_client' build argument 'cmake_clean_cache' from command line to 'False'
[2.244s] Level 5:colcon.colcon_core.verb:set package 'examples_rclcpp_async_client' build argument 'cmake_clean_first' from command line to 'False'
[2.245s] Level 5:colcon.colcon_core.verb:set package 'examples_rclcpp_async_client' build argument 'cmake_force_configure' from command line to 'False'
[2.245s] Level 5:colcon.colcon_core.verb:set package 'examples_rclcpp_async_client' build argument 'ament_cmake_args' from command line to 'None'
[2.245s] Level 5:colcon.colcon_core.verb:set package 'examples_rclcpp_async_client' build argument 'catkin_cmake_args' from command line to 'None'
[2.245s] Level 5:colcon.colcon_core.verb:set package 'examples_rclcpp_async_client' build argument 'catkin_skip_building_tests' from command line to 'False'
[2.245s] DEBUG:colcon.colcon_core.verb:Building package 'examples_rclcpp_async_client' with the following arguments: {'ament_cmake_args': None, 'build_base': '/home/zhang/rosprc_ws/build/examples_rclcpp_async_client', 'catkin_cmake_args': None, 'catkin_skip_building_tests': False, 'cmake_args': None, 'cmake_clean_cache': False, 'cmake_clean_first': False, 'cmake_force_configure': False, 'cmake_target': None, 'cmake_target_skip_unavailable': False, 'install_base': '/home/zhang/rosprc_ws/install/examples_rclcpp_async_client', 'merge_install': False, 'path': '/home/zhang/rosprc_ws/src/examples/rclcpp/services/async_client', 'symlink_install': True, 'test_result_base': None}
[2.245s] Level 5:colcon.colcon_core.verb:set package 'examples_rclcpp_cbg_executor' build argument 'cmake_args' from command line to 'None'
[2.245s] Level 5:colcon.colcon_core.verb:set package 'examples_rclcpp_cbg_executor' build argument 'cmake_target' from command line to 'None'
[2.245s] Level 5:colcon.colcon_core.verb:set package 'examples_rclcpp_cbg_executor' build argument 'cmake_target_skip_unavailable' from command line to 'False'
[2.245s] Level 5:colcon.colcon_core.verb:set package 'examples_rclcpp_cbg_executor' build argument 'cmake_clean_cache' from command line to 'False'
[2.245s] Level 5:colcon.colcon_core.verb:set package 'examples_rclcpp_cbg_executor' build argument 'cmake_clean_first' from command line to 'False'
[2.245s] Level 5:colcon.colcon_core.verb:set package 'examples_rclcpp_cbg_executor' build argument 'cmake_force_configure' from command line to 'False'
[2.245s] Level 5:colcon.colcon_core.verb:set package 'examples_rclcpp_cbg_executor' build argument 'ament_cmake_args' from command line to 'None'
[2.245s] Level 5:colcon.colcon_core.verb:set package 'examples_rclcpp_cbg_executor' build argument 'catkin_cmake_args' from command line to 'None'
[2.245s] Level 5:colcon.colcon_core.verb:set package 'examples_rclcpp_cbg_executor' build argument 'catkin_skip_building_tests' from command line to 'False'
[2.245s] DEBUG:colcon.colcon_core.verb:Building package 'examples_rclcpp_cbg_executor' with the following arguments: {'ament_cmake_args': None, 'build_base': '/home/zhang/rosprc_ws/build/examples_rclcpp_cbg_executor', 'catkin_cmake_args': None, 'catkin_skip_building_tests': False, 'cmake_args': None, 'cmake_clean_cache': False, 'cmake_clean_first': False, 'cmake_force_configure': False, 'cmake_target': None, 'cmake_target_skip_unavailable': False, 'install_base': '/home/zhang/rosprc_ws/install/examples_rclcpp_cbg_executor', 'merge_install': False, 'path': '/home/zhang/rosprc_ws/src/examples/rclcpp/executors/cbg_executor', 'symlink_install': True, 'test_result_base': None}
[2.246s] Level 5:colcon.colcon_core.verb:set package 'examples_rclcpp_minimal_action_client' build argument 'cmake_args' from command line to 'None'
[2.246s] Level 5:colcon.colcon_core.verb:set package 'examples_rclcpp_minimal_action_client' build argument 'cmake_target' from command line to 'None'
[2.246s] Level 5:colcon.colcon_core.verb:set package 'examples_rclcpp_minimal_action_client' build argument 'cmake_target_skip_unavailable' from command line to 'False'
[2.246s] Level 5:colcon.colcon_core.verb:set package 'examples_rclcpp_minimal_action_client' build argument 'cmake_clean_cache' from command line to 'False'
[2.246s] Level 5:colcon.colcon_core.verb:set package 'examples_rclcpp_minimal_action_client' build argument 'cmake_clean_first' from command line to 'False'
[2.246s] Level 5:colcon.colcon_core.verb:set package 'examples_rclcpp_minimal_action_client' build argument 'cmake_force_configure' from command line to 'False'
[2.246s] Level 5:colcon.colcon_core.verb:set package 'examples_rclcpp_minimal_action_client' build argument 'ament_cmake_args' from command line to 'None'
[2.246s] Level 5:colcon.colcon_core.verb:set package 'examples_rclcpp_minimal_action_client' build argument 'catkin_cmake_args' from command line to 'None'
[2.246s] Level 5:colcon.colcon_core.verb:set package 'examples_rclcpp_minimal_action_client' build argument 'catkin_skip_building_tests' from command line to 'False'
[2.246s] DEBUG:colcon.colcon_core.verb:Building package 'examples_rclcpp_minimal_action_client' with the following arguments: {'ament_cmake_args': None, 'build_base': '/home/zhang/rosprc_ws/build/examples_rclcpp_minimal_action_client', 'catkin_cmake_args': None, 'catkin_skip_building_tests': False, 'cmake_args': None, 'cmake_clean_cache': False, 'cmake_clean_first': False, 'cmake_force_configure': False, 'cmake_target': None, 'cmake_target_skip_unavailable': False, 'install_base': '/home/zhang/rosprc_ws/install/examples_rclcpp_minimal_action_client', 'merge_install': False, 'path': '/home/zhang/rosprc_ws/src/examples/rclcpp/actions/minimal_action_client', 'symlink_install': True, 'test_result_base': None}
[2.246s] Level 5:colcon.colcon_core.verb:set package 'examples_rclcpp_minimal_action_server' build argument 'cmake_args' from command line to 'None'
[2.246s] Level 5:colcon.colcon_core.verb:set package 'examples_rclcpp_minimal_action_server' build argument 'cmake_target' from command line to 'None'
[2.246s] Level 5:colcon.colcon_core.verb:set package 'examples_rclcpp_minimal_action_server' build argument 'cmake_target_skip_unavailable' from command line to 'False'
[2.246s] Level 5:colcon.colcon_core.verb:set package 'examples_rclcpp_minimal_action_server' build argument 'cmake_clean_cache' from command line to 'False'
[2.246s] Level 5:colcon.colcon_core.verb:set package 'examples_rclcpp_minimal_action_server' build argument 'cmake_clean_first' from command line to 'False'
[2.246s] Level 5:colcon.colcon_core.verb:set package 'examples_rclcpp_minimal_action_server' build argument 'cmake_force_configure' from command line to 'False'
[2.246s] Level 5:colcon.colcon_core.verb:set package 'examples_rclcpp_minimal_action_server' build argument 'ament_cmake_args' from command line to 'None'
[2.246s] Level 5:colcon.colcon_core.verb:set package 'examples_rclcpp_minimal_action_server' build argument 'catkin_cmake_args' from command line to 'None'
[2.246s] Level 5:colcon.colcon_core.verb:set package 'examples_rclcpp_minimal_action_server' build argument 'catkin_skip_building_tests' from command line to 'False'
[2.246s] DEBUG:colcon.colcon_core.verb:Building package 'examples_rclcpp_minimal_action_server' with the following arguments: {'ament_cmake_args': None, 'build_base': '/home/zhang/rosprc_ws/build/examples_rclcpp_minimal_action_server', 'catkin_cmake_args': None, 'catkin_skip_building_tests': False, 'cmake_args': None, 'cmake_clean_cache': False, 'cmake_clean_first': False, 'cmake_force_configure': False, 'cmake_target': None, 'cmake_target_skip_unavailable': False, 'install_base': '/home/zhang/rosprc_ws/install/examples_rclcpp_minimal_action_server', 'merge_install': False, 'path': '/home/zhang/rosprc_ws/src/examples/rclcpp/actions/minimal_action_server', 'symlink_install': True, 'test_result_base': None}
[2.247s] Level 5:colcon.colcon_core.verb:set package 'examples_rclcpp_minimal_client' build argument 'cmake_args' from command line to 'None'
[2.247s] Level 5:colcon.colcon_core.verb:set package 'examples_rclcpp_minimal_client' build argument 'cmake_target' from command line to 'None'
[2.247s] Level 5:colcon.colcon_core.verb:set package 'examples_rclcpp_minimal_client' build argument 'cmake_target_skip_unavailable' from command line to 'False'
[2.247s] Level 5:colcon.colcon_core.verb:set package 'examples_rclcpp_minimal_client' build argument 'cmake_clean_cache' from command line to 'False'
[2.247s] Level 5:colcon.colcon_core.verb:set package 'examples_rclcpp_minimal_client' build argument 'cmake_clean_first' from command line to 'False'
[2.247s] Level 5:colcon.colcon_core.verb:set package 'examples_rclcpp_minimal_client' build argument 'cmake_force_configure' from command line to 'False'
[2.247s] Level 5:colcon.colcon_core.verb:set package 'examples_rclcpp_minimal_client' build argument 'ament_cmake_args' from command line to 'None'
[2.247s] Level 5:colcon.colcon_core.verb:set package 'examples_rclcpp_minimal_client' build argument 'catkin_cmake_args' from command line to 'None'
[2.247s] Level 5:colcon.colcon_core.verb:set package 'examples_rclcpp_minimal_client' build argument 'catkin_skip_building_tests' from command line to 'False'
[2.247s] DEBUG:colcon.colcon_core.verb:Building package 'examples_rclcpp_minimal_client' with the following arguments: {'ament_cmake_args': None, 'build_base': '/home/zhang/rosprc_ws/build/examples_rclcpp_minimal_client', 'catkin_cmake_args': None, 'catkin_skip_building_tests': False, 'cmake_args': None, 'cmake_clean_cache': False, 'cmake_clean_first': False, 'cmake_force_configure': False, 'cmake_target': None, 'cmake_target_skip_unavailable': False, 'install_base': '/home/zhang/rosprc_ws/install/examples_rclcpp_minimal_client', 'merge_install': False, 'path': '/home/zhang/rosprc_ws/src/examples/rclcpp/services/minimal_client', 'symlink_install': True, 'test_result_base': None}
[2.247s] Level 5:colcon.colcon_core.verb:set package 'examples_rclcpp_minimal_composition' build argument 'cmake_args' from command line to 'None'
[2.247s] Level 5:colcon.colcon_core.verb:set package 'examples_rclcpp_minimal_composition' build argument 'cmake_target' from command line to 'None'
[2.247s] Level 5:colcon.colcon_core.verb:set package 'examples_rclcpp_minimal_composition' build argument 'cmake_target_skip_unavailable' from command line to 'False'
[2.247s] Level 5:colcon.colcon_core.verb:set package 'examples_rclcpp_minimal_composition' build argument 'cmake_clean_cache' from command line to 'False'
[2.247s] Level 5:colcon.colcon_core.verb:set package 'examples_rclcpp_minimal_composition' build argument 'cmake_clean_first' from command line to 'False'
[2.247s] Level 5:colcon.colcon_core.verb:set package 'examples_rclcpp_minimal_composition' build argument 'cmake_force_configure' from command line to 'False'
[2.247s] Level 5:colcon.colcon_core.verb:set package 'examples_rclcpp_minimal_composition' build argument 'ament_cmake_args' from command line to 'None'
[2.247s] Level 5:colcon.colcon_core.verb:set package 'examples_rclcpp_minimal_composition' build argument 'catkin_cmake_args' from command line to 'None'
[2.248s] Level 5:colcon.colcon_core.verb:set package 'examples_rclcpp_minimal_composition' build argument 'catkin_skip_building_tests' from command line to 'False'
[2.248s] DEBUG:colcon.colcon_core.verb:Building package 'examples_rclcpp_minimal_composition' with the following arguments: {'ament_cmake_args': None, 'build_base': '/home/zhang/rosprc_ws/build/examples_rclcpp_minimal_composition', 'catkin_cmake_args': None, 'catkin_skip_building_tests': False, 'cmake_args': None, 'cmake_clean_cache': False, 'cmake_clean_first': False, 'cmake_force_configure': False, 'cmake_target': None, 'cmake_target_skip_unavailable': False, 'install_base': '/home/zhang/rosprc_ws/install/examples_rclcpp_minimal_composition', 'merge_install': False, 'path': '/home/zhang/rosprc_ws/src/examples/rclcpp/composition/minimal_composition', 'symlink_install': True, 'test_result_base': None}
[2.248s] Level 5:colcon.colcon_core.verb:set package 'examples_rclcpp_minimal_publisher' build argument 'cmake_args' from command line to 'None'
[2.248s] Level 5:colcon.colcon_core.verb:set package 'examples_rclcpp_minimal_publisher' build argument 'cmake_target' from command line to 'None'
[2.248s] Level 5:colcon.colcon_core.verb:set package 'examples_rclcpp_minimal_publisher' build argument 'cmake_target_skip_unavailable' from command line to 'False'
[2.248s] Level 5:colcon.colcon_core.verb:set package 'examples_rclcpp_minimal_publisher' build argument 'cmake_clean_cache' from command line to 'False'
[2.248s] Level 5:colcon.colcon_core.verb:set package 'examples_rclcpp_minimal_publisher' build argument 'cmake_clean_first' from command line to 'False'
[2.248s] Level 5:colcon.colcon_core.verb:set package 'examples_rclcpp_minimal_publisher' build argument 'cmake_force_configure' from command line to 'False'
[2.248s] Level 5:colcon.colcon_core.verb:set package 'examples_rclcpp_minimal_publisher' build argument 'ament_cmake_args' from command line to 'None'
[2.248s] Level 5:colcon.colcon_core.verb:set package 'examples_rclcpp_minimal_publisher' build argument 'catkin_cmake_args' from command line to 'None'
[2.248s] Level 5:colcon.colcon_core.verb:set package 'examples_rclcpp_minimal_publisher' build argument 'catkin_skip_building_tests' from command line to 'False'
[2.248s] DEBUG:colcon.colcon_core.verb:Building package 'examples_rclcpp_minimal_publisher' with the following arguments: {'ament_cmake_args': None, 'build_base': '/home/zhang/rosprc_ws/build/examples_rclcpp_minimal_publisher', 'catkin_cmake_args': None, 'catkin_skip_building_tests': False, 'cmake_args': None, 'cmake_clean_cache': False, 'cmake_clean_first': False, 'cmake_force_configure': False, 'cmake_target': None, 'cmake_target_skip_unavailable': False, 'install_base': '/home/zhang/rosprc_ws/install/examples_rclcpp_minimal_publisher', 'merge_install': False, 'path': '/home/zhang/rosprc_ws/src/examples/rclcpp/topics/minimal_publisher', 'symlink_install': True, 'test_result_base': None}
[2.248s] Level 5:colcon.colcon_core.verb:set package 'examples_rclcpp_minimal_service' build argument 'cmake_args' from command line to 'None'
[2.248s] Level 5:colcon.colcon_core.verb:set package 'examples_rclcpp_minimal_service' build argument 'cmake_target' from command line to 'None'
[2.248s] Level 5:colcon.colcon_core.verb:set package 'examples_rclcpp_minimal_service' build argument 'cmake_target_skip_unavailable' from command line to 'False'
[2.249s] Level 5:colcon.colcon_core.verb:set package 'examples_rclcpp_minimal_service' build argument 'cmake_clean_cache' from command line to 'False'
[2.249s] Level 5:colcon.colcon_core.verb:set package 'examples_rclcpp_minimal_service' build argument 'cmake_clean_first' from command line to 'False'
[2.249s] Level 5:colcon.colcon_core.verb:set package 'examples_rclcpp_minimal_service' build argument 'cmake_force_configure' from command line to 'False'
[2.249s] Level 5:colcon.colcon_core.verb:set package 'examples_rclcpp_minimal_service' build argument 'ament_cmake_args' from command line to 'None'
[2.249s] Level 5:colcon.colcon_core.verb:set package 'examples_rclcpp_minimal_service' build argument 'catkin_cmake_args' from command line to 'None'
[2.249s] Level 5:colcon.colcon_core.verb:set package 'examples_rclcpp_minimal_service' build argument 'catkin_skip_building_tests' from command line to 'False'
[2.249s] DEBUG:colcon.colcon_core.verb:Building package 'examples_rclcpp_minimal_service' with the following arguments: {'ament_cmake_args': None, 'build_base': '/home/zhang/rosprc_ws/build/examples_rclcpp_minimal_service', 'catkin_cmake_args': None, 'catkin_skip_building_tests': False, 'cmake_args': None, 'cmake_clean_cache': False, 'cmake_clean_first': False, 'cmake_force_configure': False, 'cmake_target': None, 'cmake_target_skip_unavailable': False, 'install_base': '/home/zhang/rosprc_ws/install/examples_rclcpp_minimal_service', 'merge_install': False, 'path': '/home/zhang/rosprc_ws/src/examples/rclcpp/services/minimal_service', 'symlink_install': True, 'test_result_base': None}
[2.249s] Level 5:colcon.colcon_core.verb:set package 'examples_rclcpp_minimal_subscriber' build argument 'cmake_args' from command line to 'None'
[2.249s] Level 5:colcon.colcon_core.verb:set package 'examples_rclcpp_minimal_subscriber' build argument 'cmake_target' from command line to 'None'
[2.249s] Level 5:colcon.colcon_core.verb:set package 'examples_rclcpp_minimal_subscriber' build argument 'cmake_target_skip_unavailable' from command line to 'False'
[2.249s] Level 5:colcon.colcon_core.verb:set package 'examples_rclcpp_minimal_subscriber' build argument 'cmake_clean_cache' from command line to 'False'
[2.249s] Level 5:colcon.colcon_core.verb:set package 'examples_rclcpp_minimal_subscriber' build argument 'cmake_clean_first' from command line to 'False'
[2.249s] Level 5:colcon.colcon_core.verb:set package 'examples_rclcpp_minimal_subscriber' build argument 'cmake_force_configure' from command line to 'False'
[2.250s] Level 5:colcon.colcon_core.verb:set package 'examples_rclcpp_minimal_subscriber' build argument 'ament_cmake_args' from command line to 'None'
[2.250s] Level 5:colcon.colcon_core.verb:set package 'examples_rclcpp_minimal_subscriber' build argument 'catkin_cmake_args' from command line to 'None'
[2.250s] Level 5:colcon.colcon_core.verb:set package 'examples_rclcpp_minimal_subscriber' build argument 'catkin_skip_building_tests' from command line to 'False'
[2.250s] DEBUG:colcon.colcon_core.verb:Building package 'examples_rclcpp_minimal_subscriber' with the following arguments: {'ament_cmake_args': None, 'build_base': '/home/zhang/rosprc_ws/build/examples_rclcpp_minimal_subscriber', 'catkin_cmake_args': None, 'catkin_skip_building_tests': False, 'cmake_args': None, 'cmake_clean_cache': False, 'cmake_clean_first': False, 'cmake_force_configure': False, 'cmake_target': None, 'cmake_target_skip_unavailable': False, 'install_base': '/home/zhang/rosprc_ws/install/examples_rclcpp_minimal_subscriber', 'merge_install': False, 'path': '/home/zhang/rosprc_ws/src/examples/rclcpp/topics/minimal_subscriber', 'symlink_install': True, 'test_result_base': None}
[2.251s] Level 5:colcon.colcon_core.verb:set package 'examples_rclcpp_minimal_timer' build argument 'cmake_args' from command line to 'None'
[2.251s] Level 5:colcon.colcon_core.verb:set package 'examples_rclcpp_minimal_timer' build argument 'cmake_target' from command line to 'None'
[2.251s] Level 5:colcon.colcon_core.verb:set package 'examples_rclcpp_minimal_timer' build argument 'cmake_target_skip_unavailable' from command line to 'False'
[2.251s] Level 5:colcon.colcon_core.verb:set package 'examples_rclcpp_minimal_timer' build argument 'cmake_clean_cache' from command line to 'False'
[2.251s] Level 5:colcon.colcon_core.verb:set package 'examples_rclcpp_minimal_timer' build argument 'cmake_clean_first' from command line to 'False'
[2.251s] Level 5:colcon.colcon_core.verb:set package 'examples_rclcpp_minimal_timer' build argument 'cmake_force_configure' from command line to 'False'
[2.251s] Level 5:colcon.colcon_core.verb:set package 'examples_rclcpp_minimal_timer' build argument 'ament_cmake_args' from command line to 'None'
[2.251s] Level 5:colcon.colcon_core.verb:set package 'examples_rclcpp_minimal_timer' build argument 'catkin_cmake_args' from command line to 'None'
[2.251s] Level 5:colcon.colcon_core.verb:set package 'examples_rclcpp_minimal_timer' build argument 'catkin_skip_building_tests' from command line to 'False'
[2.251s] DEBUG:colcon.colcon_core.verb:Building package 'examples_rclcpp_minimal_timer' with the following arguments: {'ament_cmake_args': None, 'build_base': '/home/zhang/rosprc_ws/build/examples_rclcpp_minimal_timer', 'catkin_cmake_args': None, 'catkin_skip_building_tests': False, 'cmake_args': None, 'cmake_clean_cache': False, 'cmake_clean_first': False, 'cmake_force_configure': False, 'cmake_target': None, 'cmake_target_skip_unavailable': False, 'install_base': '/home/zhang/rosprc_ws/install/examples_rclcpp_minimal_timer', 'merge_install': False, 'path': '/home/zhang/rosprc_ws/src/examples/rclcpp/timers/minimal_timer', 'symlink_install': True, 'test_result_base': None}
[2.252s] Level 5:colcon.colcon_core.verb:set package 'examples_rclcpp_multithreaded_executor' build argument 'cmake_args' from command line to 'None'
[2.252s] Level 5:colcon.colcon_core.verb:set package 'examples_rclcpp_multithreaded_executor' build argument 'cmake_target' from command line to 'None'
[2.252s] Level 5:colcon.colcon_core.verb:set package 'examples_rclcpp_multithreaded_executor' build argument 'cmake_target_skip_unavailable' from command line to 'False'
[2.252s] Level 5:colcon.colcon_core.verb:set package 'examples_rclcpp_multithreaded_executor' build argument 'cmake_clean_cache' from command line to 'False'
[2.252s] Level 5:colcon.colcon_core.verb:set package 'examples_rclcpp_multithreaded_executor' build argument 'cmake_clean_first' from command line to 'False'
[2.252s] Level 5:colcon.colcon_core.verb:set package 'examples_rclcpp_multithreaded_executor' build argument 'cmake_force_configure' from command line to 'False'
[2.252s] Level 5:colcon.colcon_core.verb:set package 'examples_rclcpp_multithreaded_executor' build argument 'ament_cmake_args' from command line to 'None'
[2.252s] Level 5:colcon.colcon_core.verb:set package 'examples_rclcpp_multithreaded_executor' build argument 'catkin_cmake_args' from command line to 'None'
[2.252s] Level 5:colcon.colcon_core.verb:set package 'examples_rclcpp_multithreaded_executor' build argument 'catkin_skip_building_tests' from command line to 'False'
[2.252s] DEBUG:colcon.colcon_core.verb:Building package 'examples_rclcpp_multithreaded_executor' with the following arguments: {'ament_cmake_args': None, 'build_base': '/home/zhang/rosprc_ws/build/examples_rclcpp_multithreaded_executor', 'catkin_cmake_args': None, 'catkin_skip_building_tests': False, 'cmake_args': None, 'cmake_clean_cache': False, 'cmake_clean_first': False, 'cmake_force_configure': False, 'cmake_target': None, 'cmake_target_skip_unavailable': False, 'install_base': '/home/zhang/rosprc_ws/install/examples_rclcpp_multithreaded_executor', 'merge_install': False, 'path': '/home/zhang/rosprc_ws/src/examples/rclcpp/executors/multithreaded_executor', 'symlink_install': True, 'test_result_base': None}
[2.253s] Level 5:colcon.colcon_core.verb:set package 'examples_rclcpp_wait_set' build argument 'cmake_args' from command line to 'None'
[2.253s] Level 5:colcon.colcon_core.verb:set package 'examples_rclcpp_wait_set' build argument 'cmake_target' from command line to 'None'
[2.253s] Level 5:colcon.colcon_core.verb:set package 'examples_rclcpp_wait_set' build argument 'cmake_target_skip_unavailable' from command line to 'False'
[2.253s] Level 5:colcon.colcon_core.verb:set package 'examples_rclcpp_wait_set' build argument 'cmake_clean_cache' from command line to 'False'
[2.253s] Level 5:colcon.colcon_core.verb:set package 'examples_rclcpp_wait_set' build argument 'cmake_clean_first' from command line to 'False'
[2.253s] Level 5:colcon.colcon_core.verb:set package 'examples_rclcpp_wait_set' build argument 'cmake_force_configure' from command line to 'False'
[2.253s] Level 5:colcon.colcon_core.verb:set package 'examples_rclcpp_wait_set' build argument 'ament_cmake_args' from command line to 'None'
[2.253s] Level 5:colcon.colcon_core.verb:set package 'examples_rclcpp_wait_set' build argument 'catkin_cmake_args' from command line to 'None'
[2.253s] Level 5:colcon.colcon_core.verb:set package 'examples_rclcpp_wait_set' build argument 'catkin_skip_building_tests' from command line to 'False'
[2.253s] DEBUG:colcon.colcon_core.verb:Building package 'examples_rclcpp_wait_set' with the following arguments: {'ament_cmake_args': None, 'build_base': '/home/zhang/rosprc_ws/build/examples_rclcpp_wait_set', 'catkin_cmake_args': None, 'catkin_skip_building_tests': False, 'cmake_args': None, 'cmake_clean_cache': False, 'cmake_clean_first': False, 'cmake_force_configure': False, 'cmake_target': None, 'cmake_target_skip_unavailable': False, 'install_base': '/home/zhang/rosprc_ws/install/examples_rclcpp_wait_set', 'merge_install': False, 'path': '/home/zhang/rosprc_ws/src/examples/rclcpp/wait_set', 'symlink_install': True, 'test_result_base': None}
[2.253s] Level 5:colcon.colcon_core.verb:set package 'examples_rclpy_executors' build argument 'cmake_args' from command line to 'None'
[2.254s] Level 5:colcon.colcon_core.verb:set package 'examples_rclpy_executors' build argument 'cmake_target' from command line to 'None'
[2.254s] Level 5:colcon.colcon_core.verb:set package 'examples_rclpy_executors' build argument 'cmake_target_skip_unavailable' from command line to 'False'
[2.254s] Level 5:colcon.colcon_core.verb:set package 'examples_rclpy_executors' build argument 'cmake_clean_cache' from command line to 'False'
[2.254s] Level 5:colcon.colcon_core.verb:set package 'examples_rclpy_executors' build argument 'cmake_clean_first' from command line to 'False'
[2.254s] Level 5:colcon.colcon_core.verb:set package 'examples_rclpy_executors' build argument 'cmake_force_configure' from command line to 'False'
[2.254s] Level 5:colcon.colcon_core.verb:set package 'examples_rclpy_executors' build argument 'ament_cmake_args' from command line to 'None'
[2.254s] Level 5:colcon.colcon_core.verb:set package 'examples_rclpy_executors' build argument 'catkin_cmake_args' from command line to 'None'
[2.254s] Level 5:colcon.colcon_core.verb:set package 'examples_rclpy_executors' build argument 'catkin_skip_building_tests' from command line to 'False'
[2.254s] DEBUG:colcon.colcon_core.verb:Building package 'examples_rclpy_executors' with the following arguments: {'ament_cmake_args': None, 'build_base': '/home/zhang/rosprc_ws/build/examples_rclpy_executors', 'catkin_cmake_args': None, 'catkin_skip_building_tests': False, 'cmake_args': None, 'cmake_clean_cache': False, 'cmake_clean_first': False, 'cmake_force_configure': False, 'cmake_target': None, 'cmake_target_skip_unavailable': False, 'install_base': '/home/zhang/rosprc_ws/install/examples_rclpy_executors', 'merge_install': False, 'path': '/home/zhang/rosprc_ws/src/examples/rclpy/executors', 'symlink_install': True, 'test_result_base': None}
[2.254s] Level 5:colcon.colcon_core.verb:set package 'examples_rclpy_guard_conditions' build argument 'cmake_args' from command line to 'None'
[2.254s] Level 5:colcon.colcon_core.verb:set package 'examples_rclpy_guard_conditions' build argument 'cmake_target' from command line to 'None'
[2.254s] Level 5:colcon.colcon_core.verb:set package 'examples_rclpy_guard_conditions' build argument 'cmake_target_skip_unavailable' from command line to 'False'
[2.254s] Level 5:colcon.colcon_core.verb:set package 'examples_rclpy_guard_conditions' build argument 'cmake_clean_cache' from command line to 'False'
[2.254s] Level 5:colcon.colcon_core.verb:set package 'examples_rclpy_guard_conditions' build argument 'cmake_clean_first' from command line to 'False'
[2.254s] Level 5:colcon.colcon_core.verb:set package 'examples_rclpy_guard_conditions' build argument 'cmake_force_configure' from command line to 'False'
[2.254s] Level 5:colcon.colcon_core.verb:set package 'examples_rclpy_guard_conditions' build argument 'ament_cmake_args' from command line to 'None'
[2.254s] Level 5:colcon.colcon_core.verb:set package 'examples_rclpy_guard_conditions' build argument 'catkin_cmake_args' from command line to 'None'
[2.254s] Level 5:colcon.colcon_core.verb:set package 'examples_rclpy_guard_conditions' build argument 'catkin_skip_building_tests' from command line to 'False'
[2.254s] DEBUG:colcon.colcon_core.verb:Building package 'examples_rclpy_guard_conditions' with the following arguments: {'ament_cmake_args': None, 'build_base': '/home/zhang/rosprc_ws/build/examples_rclpy_guard_conditions', 'catkin_cmake_args': None, 'catkin_skip_building_tests': False, 'cmake_args': None, 'cmake_clean_cache': False, 'cmake_clean_first': False, 'cmake_force_configure': False, 'cmake_target': None, 'cmake_target_skip_unavailable': False, 'install_base': '/home/zhang/rosprc_ws/install/examples_rclpy_guard_conditions', 'merge_install': False, 'path': '/home/zhang/rosprc_ws/src/examples/rclpy/guard_conditions', 'symlink_install': True, 'test_result_base': None}
[2.255s] Level 5:colcon.colcon_core.verb:set package 'examples_rclpy_minimal_action_client' build argument 'cmake_args' from command line to 'None'
[2.255s] Level 5:colcon.colcon_core.verb:set package 'examples_rclpy_minimal_action_client' build argument 'cmake_target' from command line to 'None'
[2.255s] Level 5:colcon.colcon_core.verb:set package 'examples_rclpy_minimal_action_client' build argument 'cmake_target_skip_unavailable' from command line to 'False'
[2.255s] Level 5:colcon.colcon_core.verb:set package 'examples_rclpy_minimal_action_client' build argument 'cmake_clean_cache' from command line to 'False'
[2.255s] Level 5:colcon.colcon_core.verb:set package 'examples_rclpy_minimal_action_client' build argument 'cmake_clean_first' from command line to 'False'
[2.255s] Level 5:colcon.colcon_core.verb:set package 'examples_rclpy_minimal_action_client' build argument 'cmake_force_configure' from command line to 'False'
[2.255s] Level 5:colcon.colcon_core.verb:set package 'examples_rclpy_minimal_action_client' build argument 'ament_cmake_args' from command line to 'None'
[2.255s] Level 5:colcon.colcon_core.verb:set package 'examples_rclpy_minimal_action_client' build argument 'catkin_cmake_args' from command line to 'None'
[2.255s] Level 5:colcon.colcon_core.verb:set package 'examples_rclpy_minimal_action_client' build argument 'catkin_skip_building_tests' from command line to 'False'
[2.255s] DEBUG:colcon.colcon_core.verb:Building package 'examples_rclpy_minimal_action_client' with the following arguments: {'ament_cmake_args': None, 'build_base': '/home/zhang/rosprc_ws/build/examples_rclpy_minimal_action_client', 'catkin_cmake_args': None, 'catkin_skip_building_tests': False, 'cmake_args': None, 'cmake_clean_cache': False, 'cmake_clean_first': False, 'cmake_force_configure': False, 'cmake_target': None, 'cmake_target_skip_unavailable': False, 'install_base': '/home/zhang/rosprc_ws/install/examples_rclpy_minimal_action_client', 'merge_install': False, 'path': '/home/zhang/rosprc_ws/src/examples/rclpy/actions/minimal_action_client', 'symlink_install': True, 'test_result_base': None}
[2.256s] Level 5:colcon.colcon_core.verb:set package 'examples_rclpy_minimal_action_server' build argument 'cmake_args' from command line to 'None'
[2.256s] Level 5:colcon.colcon_core.verb:set package 'examples_rclpy_minimal_action_server' build argument 'cmake_target' from command line to 'None'
[2.256s] Level 5:colcon.colcon_core.verb:set package 'examples_rclpy_minimal_action_server' build argument 'cmake_target_skip_unavailable' from command line to 'False'
[2.256s] Level 5:colcon.colcon_core.verb:set package 'examples_rclpy_minimal_action_server' build argument 'cmake_clean_cache' from command line to 'False'
[2.256s] Level 5:colcon.colcon_core.verb:set package 'examples_rclpy_minimal_action_server' build argument 'cmake_clean_first' from command line to 'False'
[2.256s] Level 5:colcon.colcon_core.verb:set package 'examples_rclpy_minimal_action_server' build argument 'cmake_force_configure' from command line to 'False'
[2.256s] Level 5:colcon.colcon_core.verb:set package 'examples_rclpy_minimal_action_server' build argument 'ament_cmake_args' from command line to 'None'
[2.256s] Level 5:colcon.colcon_core.verb:set package 'examples_rclpy_minimal_action_server' build argument 'catkin_cmake_args' from command line to 'None'
[2.256s] Level 5:colcon.colcon_core.verb:set package 'examples_rclpy_minimal_action_server' build argument 'catkin_skip_building_tests' from command line to 'False'
[2.256s] DEBUG:colcon.colcon_core.verb:Building package 'examples_rclpy_minimal_action_server' with the following arguments: {'ament_cmake_args': None, 'build_base': '/home/zhang/rosprc_ws/build/examples_rclpy_minimal_action_server', 'catkin_cmake_args': None, 'catkin_skip_building_tests': False, 'cmake_args': None, 'cmake_clean_cache': False, 'cmake_clean_first': False, 'cmake_force_configure': False, 'cmake_target': None, 'cmake_target_skip_unavailable': False, 'install_base': '/home/zhang/rosprc_ws/install/examples_rclpy_minimal_action_server', 'merge_install': False, 'path': '/home/zhang/rosprc_ws/src/examples/rclpy/actions/minimal_action_server', 'symlink_install': True, 'test_result_base': None}
[2.257s] Level 5:colcon.colcon_core.verb:set package 'examples_rclpy_minimal_client' build argument 'cmake_args' from command line to 'None'
[2.257s] Level 5:colcon.colcon_core.verb:set package 'examples_rclpy_minimal_client' build argument 'cmake_target' from command line to 'None'
[2.257s] Level 5:colcon.colcon_core.verb:set package 'examples_rclpy_minimal_client' build argument 'cmake_target_skip_unavailable' from command line to 'False'
[2.257s] Level 5:colcon.colcon_core.verb:set package 'examples_rclpy_minimal_client' build argument 'cmake_clean_cache' from command line to 'False'
[2.257s] Level 5:colcon.colcon_core.verb:set package 'examples_rclpy_minimal_client' build argument 'cmake_clean_first' from command line to 'False'
[2.257s] Level 5:colcon.colcon_core.verb:set package 'examples_rclpy_minimal_client' build argument 'cmake_force_configure' from command line to 'False'
[2.257s] Level 5:colcon.colcon_core.verb:set package 'examples_rclpy_minimal_client' build argument 'ament_cmake_args' from command line to 'None'
[2.257s] Level 5:colcon.colcon_core.verb:set package 'examples_rclpy_minimal_client' build argument 'catkin_cmake_args' from command line to 'None'
[2.257s] Level 5:colcon.colcon_core.verb:set package 'examples_rclpy_minimal_client' build argument 'catkin_skip_building_tests' from command line to 'False'
[2.257s] DEBUG:colcon.colcon_core.verb:Building package 'examples_rclpy_minimal_client' with the following arguments: {'ament_cmake_args': None, 'build_base': '/home/zhang/rosprc_ws/build/examples_rclpy_minimal_client', 'catkin_cmake_args': None, 'catkin_skip_building_tests': False, 'cmake_args': None, 'cmake_clean_cache': False, 'cmake_clean_first': False, 'cmake_force_configure': False, 'cmake_target': None, 'cmake_target_skip_unavailable': False, 'install_base': '/home/zhang/rosprc_ws/install/examples_rclpy_minimal_client', 'merge_install': False, 'path': '/home/zhang/rosprc_ws/src/examples/rclpy/services/minimal_client', 'symlink_install': True, 'test_result_base': None}
[2.257s] Level 5:colcon.colcon_core.verb:set package 'examples_rclpy_minimal_publisher' build argument 'cmake_args' from command line to 'None'
[2.258s] Level 5:colcon.colcon_core.verb:set package 'examples_rclpy_minimal_publisher' build argument 'cmake_target' from command line to 'None'
[2.258s] Level 5:colcon.colcon_core.verb:set package 'examples_rclpy_minimal_publisher' build argument 'cmake_target_skip_unavailable' from command line to 'False'
[2.258s] Level 5:colcon.colcon_core.verb:set package 'examples_rclpy_minimal_publisher' build argument 'cmake_clean_cache' from command line to 'False'
[2.258s] Level 5:colcon.colcon_core.verb:set package 'examples_rclpy_minimal_publisher' build argument 'cmake_clean_first' from command line to 'False'
[2.258s] Level 5:colcon.colcon_core.verb:set package 'examples_rclpy_minimal_publisher' build argument 'cmake_force_configure' from command line to 'False'
[2.258s] Level 5:colcon.colcon_core.verb:set package 'examples_rclpy_minimal_publisher' build argument 'ament_cmake_args' from command line to 'None'
[2.259s] Level 5:colcon.colcon_core.verb:set package 'examples_rclpy_minimal_publisher' build argument 'catkin_cmake_args' from command line to 'None'
[2.259s] Level 5:colcon.colcon_core.verb:set package 'examples_rclpy_minimal_publisher' build argument 'catkin_skip_building_tests' from command line to 'False'
[2.259s] DEBUG:colcon.colcon_core.verb:Building package 'examples_rclpy_minimal_publisher' with the following arguments: {'ament_cmake_args': None, 'build_base': '/home/zhang/rosprc_ws/build/examples_rclpy_minimal_publisher', 'catkin_cmake_args': None, 'catkin_skip_building_tests': False, 'cmake_args': None, 'cmake_clean_cache': False, 'cmake_clean_first': False, 'cmake_force_configure': False, 'cmake_target': None, 'cmake_target_skip_unavailable': False, 'install_base': '/home/zhang/rosprc_ws/install/examples_rclpy_minimal_publisher', 'merge_install': False, 'path': '/home/zhang/rosprc_ws/src/examples/rclpy/topics/minimal_publisher', 'symlink_install': True, 'test_result_base': None}
[2.260s] Level 5:colcon.colcon_core.verb:set package 'examples_rclpy_minimal_service' build argument 'cmake_args' from command line to 'None'
[2.260s] Level 5:colcon.colcon_core.verb:set package 'examples_rclpy_minimal_service' build argument 'cmake_target' from command line to 'None'
[2.260s] Level 5:colcon.colcon_core.verb:set package 'examples_rclpy_minimal_service' build argument 'cmake_target_skip_unavailable' from command line to 'False'
[2.260s] Level 5:colcon.colcon_core.verb:set package 'examples_rclpy_minimal_service' build argument 'cmake_clean_cache' from command line to 'False'
[2.260s] Level 5:colcon.colcon_core.verb:set package 'examples_rclpy_minimal_service' build argument 'cmake_clean_first' from command line to 'False'
[2.260s] Level 5:colcon.colcon_core.verb:set package 'examples_rclpy_minimal_service' build argument 'cmake_force_configure' from command line to 'False'
[2.260s] Level 5:colcon.colcon_core.verb:set package 'examples_rclpy_minimal_service' build argument 'ament_cmake_args' from command line to 'None'
[2.260s] Level 5:colcon.colcon_core.verb:set package 'examples_rclpy_minimal_service' build argument 'catkin_cmake_args' from command line to 'None'
[2.261s] Level 5:colcon.colcon_core.verb:set package 'examples_rclpy_minimal_service' build argument 'catkin_skip_building_tests' from command line to 'False'
[2.261s] DEBUG:colcon.colcon_core.verb:Building package 'examples_rclpy_minimal_service' with the following arguments: {'ament_cmake_args': None, 'build_base': '/home/zhang/rosprc_ws/build/examples_rclpy_minimal_service', 'catkin_cmake_args': None, 'catkin_skip_building_tests': False, 'cmake_args': None, 'cmake_clean_cache': False, 'cmake_clean_first': False, 'cmake_force_configure': False, 'cmake_target': None, 'cmake_target_skip_unavailable': False, 'install_base': '/home/zhang/rosprc_ws/install/examples_rclpy_minimal_service', 'merge_install': False, 'path': '/home/zhang/rosprc_ws/src/examples/rclpy/services/minimal_service', 'symlink_install': True, 'test_result_base': None}
[2.261s] Level 5:colcon.colcon_core.verb:set package 'examples_rclpy_minimal_subscriber' build argument 'cmake_args' from command line to 'None'
[2.261s] Level 5:colcon.colcon_core.verb:set package 'examples_rclpy_minimal_subscriber' build argument 'cmake_target' from command line to 'None'
[2.261s] Level 5:colcon.colcon_core.verb:set package 'examples_rclpy_minimal_subscriber' build argument 'cmake_target_skip_unavailable' from command line to 'False'
[2.261s] Level 5:colcon.colcon_core.verb:set package 'examples_rclpy_minimal_subscriber' build argument 'cmake_clean_cache' from command line to 'False'
[2.261s] Level 5:colcon.colcon_core.verb:set package 'examples_rclpy_minimal_subscriber' build argument 'cmake_clean_first' from command line to 'False'
[2.261s] Level 5:colcon.colcon_core.verb:set package 'examples_rclpy_minimal_subscriber' build argument 'cmake_force_configure' from command line to 'False'
[2.261s] Level 5:colcon.colcon_core.verb:set package 'examples_rclpy_minimal_subscriber' build argument 'ament_cmake_args' from command line to 'None'
[2.262s] Level 5:colcon.colcon_core.verb:set package 'examples_rclpy_minimal_subscriber' build argument 'catkin_cmake_args' from command line to 'None'
[2.262s] Level 5:colcon.colcon_core.verb:set package 'examples_rclpy_minimal_subscriber' build argument 'catkin_skip_building_tests' from command line to 'False'
[2.262s] DEBUG:colcon.colcon_core.verb:Building package 'examples_rclpy_minimal_subscriber' with the following arguments: {'ament_cmake_args': None, 'build_base': '/home/zhang/rosprc_ws/build/examples_rclpy_minimal_subscriber', 'catkin_cmake_args': None, 'catkin_skip_building_tests': False, 'cmake_args': None, 'cmake_clean_cache': False, 'cmake_clean_first': False, 'cmake_force_configure': False, 'cmake_target': None, 'cmake_target_skip_unavailable': False, 'install_base': '/home/zhang/rosprc_ws/install/examples_rclpy_minimal_subscriber', 'merge_install': False, 'path': '/home/zhang/rosprc_ws/src/examples/rclpy/topics/minimal_subscriber', 'symlink_install': True, 'test_result_base': None}
[2.262s] Level 5:colcon.colcon_core.verb:set package 'examples_rclpy_pointcloud_publisher' build argument 'cmake_args' from command line to 'None'
[2.262s] Level 5:colcon.colcon_core.verb:set package 'examples_rclpy_pointcloud_publisher' build argument 'cmake_target' from command line to 'None'
[2.262s] Level 5:colcon.colcon_core.verb:set package 'examples_rclpy_pointcloud_publisher' build argument 'cmake_target_skip_unavailable' from command line to 'False'
[2.262s] Level 5:colcon.colcon_core.verb:set package 'examples_rclpy_pointcloud_publisher' build argument 'cmake_clean_cache' from command line to 'False'
[2.262s] Level 5:colcon.colcon_core.verb:set package 'examples_rclpy_pointcloud_publisher' build argument 'cmake_clean_first' from command line to 'False'
[2.262s] Level 5:colcon.colcon_core.verb:set package 'examples_rclpy_pointcloud_publisher' build argument 'cmake_force_configure' from command line to 'False'
[2.262s] Level 5:colcon.colcon_core.verb:set package 'examples_rclpy_pointcloud_publisher' build argument 'ament_cmake_args' from command line to 'None'
[2.262s] Level 5:colcon.colcon_core.verb:set package 'examples_rclpy_pointcloud_publisher' build argument 'catkin_cmake_args' from command line to 'None'
[2.263s] Level 5:colcon.colcon_core.verb:set package 'examples_rclpy_pointcloud_publisher' build argument 'catkin_skip_building_tests' from command line to 'False'
[2.263s] DEBUG:colcon.colcon_core.verb:Building package 'examples_rclpy_pointcloud_publisher' with the following arguments: {'ament_cmake_args': None, 'build_base': '/home/zhang/rosprc_ws/build/examples_rclpy_pointcloud_publisher', 'catkin_cmake_args': None, 'catkin_skip_building_tests': False, 'cmake_args': None, 'cmake_clean_cache': False, 'cmake_clean_first': False, 'cmake_force_configure': False, 'cmake_target': None, 'cmake_target_skip_unavailable': False, 'install_base': '/home/zhang/rosprc_ws/install/examples_rclpy_pointcloud_publisher', 'merge_install': False, 'path': '/home/zhang/rosprc_ws/src/examples/rclpy/topics/pointcloud_publisher', 'symlink_install': True, 'test_result_base': None}
[2.263s] Level 5:colcon.colcon_core.verb:set package 'launch_testing_examples' build argument 'cmake_args' from command line to 'None'
[2.263s] Level 5:colcon.colcon_core.verb:set package 'launch_testing_examples' build argument 'cmake_target' from command line to 'None'
[2.263s] Level 5:colcon.colcon_core.verb:set package 'launch_testing_examples' build argument 'cmake_target_skip_unavailable' from command line to 'False'
[2.263s] Level 5:colcon.colcon_core.verb:set package 'launch_testing_examples' build argument 'cmake_clean_cache' from command line to 'False'
[2.263s] Level 5:colcon.colcon_core.verb:set package 'launch_testing_examples' build argument 'cmake_clean_first' from command line to 'False'
[2.263s] Level 5:colcon.colcon_core.verb:set package 'launch_testing_examples' build argument 'cmake_force_configure' from command line to 'False'
[2.263s] Level 5:colcon.colcon_core.verb:set package 'launch_testing_examples' build argument 'ament_cmake_args' from command line to 'None'
[2.263s] Level 5:colcon.colcon_core.verb:set package 'launch_testing_examples' build argument 'catkin_cmake_args' from command line to 'None'
[2.263s] Level 5:colcon.colcon_core.verb:set package 'launch_testing_examples' build argument 'catkin_skip_building_tests' from command line to 'False'
[2.263s] DEBUG:colcon.colcon_core.verb:Building package 'launch_testing_examples' with the following arguments: {'ament_cmake_args': None, 'build_base': '/home/zhang/rosprc_ws/build/launch_testing_examples', 'catkin_cmake_args': None, 'catkin_skip_building_tests': False, 'cmake_args': None, 'cmake_clean_cache': False, 'cmake_clean_first': False, 'cmake_force_configure': False, 'cmake_target': None, 'cmake_target_skip_unavailable': False, 'install_base': '/home/zhang/rosprc_ws/install/launch_testing_examples', 'merge_install': False, 'path': '/home/zhang/rosprc_ws/src/examples/launch_testing/launch_testing_examples', 'symlink_install': True, 'test_result_base': None}
[2.264s] INFO:colcon.colcon_core.executor:Executing jobs using 'sequential' executor
[2.265s] DEBUG:colcon.colcon_core.executor.sequential:run_until_complete 'examples_rclcpp_async_client'
[2.266s] INFO:colcon.colcon_ros.task.ament_cmake.build:Building ROS package in '/home/zhang/rosprc_ws/src/examples/rclcpp/services/async_client' with build type 'ament_cmake'
[2.266s] INFO:colcon.colcon_cmake.task.cmake.build:Building CMake package in '/home/zhang/rosprc_ws/src/examples/rclcpp/services/async_client'
[2.282s] INFO:colcon.colcon_core.plugin_system:Skipping extension 'colcon_core.shell.bat': Not used on non-Windows systems
[2.283s] INFO:colcon.colcon_core.shell:Skip shell extension 'powershell' for command environment: Not usable outside of PowerShell
[2.283s] DEBUG:colcon.colcon_core.shell:Skip shell extension 'dsv' for command environment
[2.323s] DEBUG:colcon.colcon_core.event_handler.log_command:Invoking command in '/home/zhang/rosprc_ws/build/examples_rclcpp_async_client': CMAKE_PREFIX_PATH=${CMAKE_PREFIX_PATH}:/opt/ros/jazzy /usr/bin/cmake --build /home/zhang/rosprc_ws/build/examples_rclcpp_async_client -- -j20 -l20
[15.431s] DEBUG:colcon.colcon_core.event_handler.log_command:Invoked command in '/home/zhang/rosprc_ws/build/examples_rclcpp_async_client' returned '0': CMAKE_PREFIX_PATH=${CMAKE_PREFIX_PATH}:/opt/ros/jazzy /usr/bin/cmake --build /home/zhang/rosprc_ws/build/examples_rclcpp_async_client -- -j20 -l20
[15.453s] DEBUG:colcon.colcon_core.event_handler.log_command:Invoking command in '/home/zhang/rosprc_ws/build/examples_rclcpp_async_client': CMAKE_PREFIX_PATH=${CMAKE_PREFIX_PATH}:/opt/ros/jazzy /usr/bin/cmake --install /home/zhang/rosprc_ws/build/examples_rclcpp_async_client
[15.847s] Level 1:colcon.colcon_core.environment:create_environment_scripts_only(examples_rclcpp_async_client)
[15.852s] DEBUG:colcon.colcon_core.event_handler.log_command:Invoked command in '/home/zhang/rosprc_ws/build/examples_rclcpp_async_client' returned '0': CMAKE_PREFIX_PATH=${CMAKE_PREFIX_PATH}:/opt/ros/jazzy /usr/bin/cmake --install /home/zhang/rosprc_ws/build/examples_rclcpp_async_client
[15.889s] Level 1:colcon.colcon_core.environment:checking '/home/zhang/rosprc_ws/install/examples_rclcpp_async_client' for CMake module files
[15.892s] Level 1:colcon.colcon_core.environment:checking '/home/zhang/rosprc_ws/install/examples_rclcpp_async_client' for CMake config files
[15.893s] Level 1:colcon.colcon_core.shell:create_environment_hook('examples_rclcpp_async_client', 'cmake_prefix_path')
[15.893s] INFO:colcon.colcon_core.shell:Creating environment hook '/home/zhang/rosprc_ws/install/examples_rclcpp_async_client/share/examples_rclcpp_async_client/hook/cmake_prefix_path.ps1'
[15.900s] INFO:colcon.colcon_core.shell:Creating environment descriptor '/home/zhang/rosprc_ws/install/examples_rclcpp_async_client/share/examples_rclcpp_async_client/hook/cmake_prefix_path.dsv'
[15.904s] INFO:colcon.colcon_core.shell:Creating environment hook '/home/zhang/rosprc_ws/install/examples_rclcpp_async_client/share/examples_rclcpp_async_client/hook/cmake_prefix_path.sh'
[15.908s] Level 1:colcon.colcon_core.environment:checking '/home/zhang/rosprc_ws/install/examples_rclcpp_async_client/lib'
[15.909s] Level 1:colcon.colcon_core.environment:checking '/home/zhang/rosprc_ws/install/examples_rclcpp_async_client/bin'
[15.910s] Level 1:colcon.colcon_core.environment:checking '/home/zhang/rosprc_ws/install/examples_rclcpp_async_client/lib/pkgconfig/examples_rclcpp_async_client.pc'
[15.911s] Level 1:colcon.colcon_core.environment:checking '/home/zhang/rosprc_ws/install/examples_rclcpp_async_client/lib/python3.12/site-packages'
[15.913s] Level 1:colcon.colcon_core.environment:checking '/home/zhang/rosprc_ws/install/examples_rclcpp_async_client/bin'
[15.914s] INFO:colcon.colcon_core.shell:Creating package script '/home/zhang/rosprc_ws/install/examples_rclcpp_async_client/share/examples_rclcpp_async_client/package.ps1'
[15.917s] INFO:colcon.colcon_core.shell:Creating package descriptor '/home/zhang/rosprc_ws/install/examples_rclcpp_async_client/share/examples_rclcpp_async_client/package.dsv'
[15.921s] INFO:colcon.colcon_core.shell:Creating package script '/home/zhang/rosprc_ws/install/examples_rclcpp_async_client/share/examples_rclcpp_async_client/package.sh'
[15.925s] INFO:colcon.colcon_core.shell:Creating package script '/home/zhang/rosprc_ws/install/examples_rclcpp_async_client/share/examples_rclcpp_async_client/package.bash'
[15.931s] INFO:colcon.colcon_core.shell:Creating package script '/home/zhang/rosprc_ws/install/examples_rclcpp_async_client/share/examples_rclcpp_async_client/package.zsh'
[15.935s] Level 1:colcon.colcon_core.environment:create_file_with_runtime_dependencies(/home/zhang/rosprc_ws/install/examples_rclcpp_async_client/share/colcon-core/packages/examples_rclcpp_async_client)
[15.940s] Level 1:colcon.colcon_core.environment:create_environment_scripts_only(examples_rclcpp_async_client)
[15.940s] Level 1:colcon.colcon_core.environment:checking '/home/zhang/rosprc_ws/install/examples_rclcpp_async_client' for CMake module files
[15.942s] Level 1:colcon.colcon_core.environment:checking '/home/zhang/rosprc_ws/install/examples_rclcpp_async_client' for CMake config files
[15.943s] Level 1:colcon.colcon_core.shell:create_environment_hook('examples_rclcpp_async_client', 'cmake_prefix_path')
[15.944s] INFO:colcon.colcon_core.shell:Creating environment hook '/home/zhang/rosprc_ws/install/examples_rclcpp_async_client/share/examples_rclcpp_async_client/hook/cmake_prefix_path.ps1'
[15.946s] INFO:colcon.colcon_core.shell:Creating environment descriptor '/home/zhang/rosprc_ws/install/examples_rclcpp_async_client/share/examples_rclcpp_async_client/hook/cmake_prefix_path.dsv'
[15.947s] INFO:colcon.colcon_core.shell:Creating environment hook '/home/zhang/rosprc_ws/install/examples_rclcpp_async_client/share/examples_rclcpp_async_client/hook/cmake_prefix_path.sh'
[15.950s] Level 1:colcon.colcon_core.environment:checking '/home/zhang/rosprc_ws/install/examples_rclcpp_async_client/lib'
[15.950s] Level 1:colcon.colcon_core.environment:checking '/home/zhang/rosprc_ws/install/examples_rclcpp_async_client/bin'
[15.951s] Level 1:colcon.colcon_core.environment:checking '/home/zhang/rosprc_ws/install/examples_rclcpp_async_client/lib/pkgconfig/examples_rclcpp_async_client.pc'
[15.952s] Level 1:colcon.colcon_core.environment:checking '/home/zhang/rosprc_ws/install/examples_rclcpp_async_client/lib/python3.12/site-packages'
[15.953s] Level 1:colcon.colcon_core.environment:checking '/home/zhang/rosprc_ws/install/examples_rclcpp_async_client/bin'
[15.954s] INFO:colcon.colcon_core.shell:Creating package script '/home/zhang/rosprc_ws/install/examples_rclcpp_async_client/share/examples_rclcpp_async_client/package.ps1'
[15.957s] INFO:colcon.colcon_core.shell:Creating package descriptor '/home/zhang/rosprc_ws/install/examples_rclcpp_async_client/share/examples_rclcpp_async_client/package.dsv'
[15.960s] INFO:colcon.colcon_core.shell:Creating package script '/home/zhang/rosprc_ws/install/examples_rclcpp_async_client/share/examples_rclcpp_async_client/package.sh'
[15.962s] INFO:colcon.colcon_core.shell:Creating package script '/home/zhang/rosprc_ws/install/examples_rclcpp_async_client/share/examples_rclcpp_async_client/package.bash'
[15.965s] INFO:colcon.colcon_core.shell:Creating package script '/home/zhang/rosprc_ws/install/examples_rclcpp_async_client/share/examples_rclcpp_async_client/package.zsh'
[15.967s] Level 1:colcon.colcon_core.environment:create_file_with_runtime_dependencies(/home/zhang/rosprc_ws/install/examples_rclcpp_async_client/share/colcon-core/packages/examples_rclcpp_async_client)
[15.969s] DEBUG:colcon.colcon_core.executor.sequential:run_until_complete 'examples_rclcpp_async_client' finished with '0'
[15.971s] DEBUG:colcon.colcon_core.executor.sequential:run_until_complete 'examples_rclcpp_cbg_executor'
[15.973s] INFO:colcon.colcon_ros.task.ament_cmake.build:Building ROS package in '/home/zhang/rosprc_ws/src/examples/rclcpp/executors/cbg_executor' with build type 'ament_cmake'
[15.974s] INFO:colcon.colcon_cmake.task.cmake.build:Building CMake package in '/home/zhang/rosprc_ws/src/examples/rclcpp/executors/cbg_executor'
[15.976s] INFO:colcon.colcon_core.shell:Skip shell extension 'powershell' for command environment: Not usable outside of PowerShell
[15.976s] DEBUG:colcon.colcon_core.shell:Skip shell extension 'dsv' for command environment
[16.020s] DEBUG:colcon.colcon_core.event_handler.log_command:Invoking command in '/home/zhang/rosprc_ws/build/examples_rclcpp_cbg_executor': CMAKE_PREFIX_PATH=${CMAKE_PREFIX_PATH}:/opt/ros/jazzy /usr/bin/cmake --build /home/zhang/rosprc_ws/build/examples_rclcpp_cbg_executor -- -j20 -l20
[83.840s] DEBUG:colcon.colcon_core.event_handler.log_command:Invoked command in '/home/zhang/rosprc_ws/build/examples_rclcpp_cbg_executor' returned '0': CMAKE_PREFIX_PATH=${CMAKE_PREFIX_PATH}:/opt/ros/jazzy /usr/bin/cmake --build /home/zhang/rosprc_ws/build/examples_rclcpp_cbg_executor -- -j20 -l20
[83.849s] DEBUG:colcon.colcon_core.event_handler.log_command:Invoking command in '/home/zhang/rosprc_ws/build/examples_rclcpp_cbg_executor': CMAKE_PREFIX_PATH=${CMAKE_PREFIX_PATH}:/opt/ros/jazzy /usr/bin/cmake --install /home/zhang/rosprc_ws/build/examples_rclcpp_cbg_executor
[84.585s] Level 1:colcon.colcon_core.environment:create_environment_scripts_only(examples_rclcpp_cbg_executor)
[84.587s] Level 1:colcon.colcon_core.environment:checking '/home/zhang/rosprc_ws/install/examples_rclcpp_cbg_executor' for CMake module files
[84.589s] DEBUG:colcon.colcon_core.event_handler.log_command:Invoked command in '/home/zhang/rosprc_ws/build/examples_rclcpp_cbg_executor' returned '0': CMAKE_PREFIX_PATH=${CMAKE_PREFIX_PATH}:/opt/ros/jazzy /usr/bin/cmake --install /home/zhang/rosprc_ws/build/examples_rclcpp_cbg_executor
[84.591s] Level 1:colcon.colcon_core.environment:checking '/home/zhang/rosprc_ws/install/examples_rclcpp_cbg_executor' for CMake config files
[84.592s] Level 1:colcon.colcon_core.shell:create_environment_hook('examples_rclcpp_cbg_executor', 'cmake_prefix_path')
[84.594s] INFO:colcon.colcon_core.shell:Creating environment hook '/home/zhang/rosprc_ws/install/examples_rclcpp_cbg_executor/share/examples_rclcpp_cbg_executor/hook/cmake_prefix_path.ps1'
[84.597s] INFO:colcon.colcon_core.shell:Creating environment descriptor '/home/zhang/rosprc_ws/install/examples_rclcpp_cbg_executor/share/examples_rclcpp_cbg_executor/hook/cmake_prefix_path.dsv'
[84.599s] INFO:colcon.colcon_core.shell:Creating environment hook '/home/zhang/rosprc_ws/install/examples_rclcpp_cbg_executor/share/examples_rclcpp_cbg_executor/hook/cmake_prefix_path.sh'
[84.601s] Level 1:colcon.colcon_core.environment:checking '/home/zhang/rosprc_ws/install/examples_rclcpp_cbg_executor/lib'
[84.601s] Level 1:colcon.colcon_core.environment:checking '/home/zhang/rosprc_ws/install/examples_rclcpp_cbg_executor/bin'
[84.601s] Level 1:colcon.colcon_core.environment:checking '/home/zhang/rosprc_ws/install/examples_rclcpp_cbg_executor/lib/pkgconfig/examples_rclcpp_cbg_executor.pc'
[84.602s] Level 1:colcon.colcon_core.environment:checking '/home/zhang/rosprc_ws/install/examples_rclcpp_cbg_executor/lib/python3.12/site-packages'
[84.603s] Level 1:colcon.colcon_core.environment:checking '/home/zhang/rosprc_ws/install/examples_rclcpp_cbg_executor/bin'
[84.603s] INFO:colcon.colcon_core.shell:Creating package script '/home/zhang/rosprc_ws/install/examples_rclcpp_cbg_executor/share/examples_rclcpp_cbg_executor/package.ps1'
[84.604s] INFO:colcon.colcon_core.shell:Creating package descriptor '/home/zhang/rosprc_ws/install/examples_rclcpp_cbg_executor/share/examples_rclcpp_cbg_executor/package.dsv'
[84.605s] INFO:colcon.colcon_core.shell:Creating package script '/home/zhang/rosprc_ws/install/examples_rclcpp_cbg_executor/share/examples_rclcpp_cbg_executor/package.sh'
[84.606s] INFO:colcon.colcon_core.shell:Creating package script '/home/zhang/rosprc_ws/install/examples_rclcpp_cbg_executor/share/examples_rclcpp_cbg_executor/package.bash'
[84.606s] INFO:colcon.colcon_core.shell:Creating package script '/home/zhang/rosprc_ws/install/examples_rclcpp_cbg_executor/share/examples_rclcpp_cbg_executor/package.zsh'
[84.607s] Level 1:colcon.colcon_core.environment:create_file_with_runtime_dependencies(/home/zhang/rosprc_ws/install/examples_rclcpp_cbg_executor/share/colcon-core/packages/examples_rclcpp_cbg_executor)
[84.608s] Level 1:colcon.colcon_core.environment:create_environment_scripts_only(examples_rclcpp_cbg_executor)
[84.609s] Level 1:colcon.colcon_core.environment:checking '/home/zhang/rosprc_ws/install/examples_rclcpp_cbg_executor' for CMake module files
[84.609s] Level 1:colcon.colcon_core.environment:checking '/home/zhang/rosprc_ws/install/examples_rclcpp_cbg_executor' for CMake config files
[84.609s] Level 1:colcon.colcon_core.shell:create_environment_hook('examples_rclcpp_cbg_executor', 'cmake_prefix_path')
[84.610s] INFO:colcon.colcon_core.shell:Creating environment hook '/home/zhang/rosprc_ws/install/examples_rclcpp_cbg_executor/share/examples_rclcpp_cbg_executor/hook/cmake_prefix_path.ps1'
[84.612s] INFO:colcon.colcon_core.shell:Creating environment descriptor '/home/zhang/rosprc_ws/install/examples_rclcpp_cbg_executor/share/examples_rclcpp_cbg_executor/hook/cmake_prefix_path.dsv'
[84.612s] INFO:colcon.colcon_core.shell:Creating environment hook '/home/zhang/rosprc_ws/install/examples_rclcpp_cbg_executor/share/examples_rclcpp_cbg_executor/hook/cmake_prefix_path.sh'
[84.613s] Level 1:colcon.colcon_core.environment:checking '/home/zhang/rosprc_ws/install/examples_rclcpp_cbg_executor/lib'
[84.614s] Level 1:colcon.colcon_core.environment:checking '/home/zhang/rosprc_ws/install/examples_rclcpp_cbg_executor/bin'
[84.614s] Level 1:colcon.colcon_core.environment:checking '/home/zhang/rosprc_ws/install/examples_rclcpp_cbg_executor/lib/pkgconfig/examples_rclcpp_cbg_executor.pc'
[84.614s] Level 1:colcon.colcon_core.environment:checking '/home/zhang/rosprc_ws/install/examples_rclcpp_cbg_executor/lib/python3.12/site-packages'
[84.615s] Level 1:colcon.colcon_core.environment:checking '/home/zhang/rosprc_ws/install/examples_rclcpp_cbg_executor/bin'
[84.616s] INFO:colcon.colcon_core.shell:Creating package script '/home/zhang/rosprc_ws/install/examples_rclcpp_cbg_executor/share/examples_rclcpp_cbg_executor/package.ps1'
[84.619s] INFO:colcon.colcon_core.shell:Creating package descriptor '/home/zhang/rosprc_ws/install/examples_rclcpp_cbg_executor/share/examples_rclcpp_cbg_executor/package.dsv'
[84.621s] INFO:colcon.colcon_core.shell:Creating package script '/home/zhang/rosprc_ws/install/examples_rclcpp_cbg_executor/share/examples_rclcpp_cbg_executor/package.sh'
[84.624s] INFO:colcon.colcon_core.shell:Creating package script '/home/zhang/rosprc_ws/install/examples_rclcpp_cbg_executor/share/examples_rclcpp_cbg_executor/package.bash'
[84.626s] INFO:colcon.colcon_core.shell:Creating package script '/home/zhang/rosprc_ws/install/examples_rclcpp_cbg_executor/share/examples_rclcpp_cbg_executor/package.zsh'
[84.628s] Level 1:colcon.colcon_core.environment:create_file_with_runtime_dependencies(/home/zhang/rosprc_ws/install/examples_rclcpp_cbg_executor/share/colcon-core/packages/examples_rclcpp_cbg_executor)
[84.628s] DEBUG:colcon.colcon_core.executor.sequential:run_until_complete 'examples_rclcpp_cbg_executor' finished with '0'
[84.628s] DEBUG:colcon.colcon_core.executor.sequential:run_until_complete 'examples_rclcpp_minimal_action_client'
[84.629s] INFO:colcon.colcon_ros.task.ament_cmake.build:Building ROS package in '/home/zhang/rosprc_ws/src/examples/rclcpp/actions/minimal_action_client' with build type 'ament_cmake'
[84.630s] INFO:colcon.colcon_cmake.task.cmake.build:Building CMake package in '/home/zhang/rosprc_ws/src/examples/rclcpp/actions/minimal_action_client'
[84.631s] INFO:colcon.colcon_core.shell:Skip shell extension 'powershell' for command environment: Not usable outside of PowerShell
[84.632s] DEBUG:colcon.colcon_core.shell:Skip shell extension 'dsv' for command environment
[84.669s] DEBUG:colcon.colcon_core.event_handler.log_command:Invoking command in '/home/zhang/rosprc_ws/build/examples_rclcpp_minimal_action_client': CMAKE_PREFIX_PATH=${CMAKE_PREFIX_PATH}:/opt/ros/jazzy /usr/bin/cmake --build /home/zhang/rosprc_ws/build/examples_rclcpp_minimal_action_client -- -j20 -l20
[95.724s] DEBUG:colcon.colcon_core.event_handler.log_command:Invoked command in '/home/zhang/rosprc_ws/build/examples_rclcpp_minimal_action_client' returned '0': CMAKE_PREFIX_PATH=${CMAKE_PREFIX_PATH}:/opt/ros/jazzy /usr/bin/cmake --build /home/zhang/rosprc_ws/build/examples_rclcpp_minimal_action_client -- -j20 -l20
[95.728s] DEBUG:colcon.colcon_core.event_handler.log_command:Invoking command in '/home/zhang/rosprc_ws/build/examples_rclcpp_minimal_action_client': CMAKE_PREFIX_PATH=${CMAKE_PREFIX_PATH}:/opt/ros/jazzy /usr/bin/cmake --install /home/zhang/rosprc_ws/build/examples_rclcpp_minimal_action_client
[96.043s] Level 1:colcon.colcon_core.environment:create_environment_scripts_only(examples_rclcpp_minimal_action_client)
[96.044s] DEBUG:colcon.colcon_core.event_handler.log_command:Invoked command in '/home/zhang/rosprc_ws/build/examples_rclcpp_minimal_action_client' returned '0': CMAKE_PREFIX_PATH=${CMAKE_PREFIX_PATH}:/opt/ros/jazzy /usr/bin/cmake --install /home/zhang/rosprc_ws/build/examples_rclcpp_minimal_action_client
[96.045s] Level 1:colcon.colcon_core.environment:checking '/home/zhang/rosprc_ws/install/examples_rclcpp_minimal_action_client' for CMake module files
[96.047s] Level 1:colcon.colcon_core.environment:checking '/home/zhang/rosprc_ws/install/examples_rclcpp_minimal_action_client' for CMake config files
[96.047s] Level 1:colcon.colcon_core.shell:create_environment_hook('examples_rclcpp_minimal_action_client', 'cmake_prefix_path')
[96.048s] INFO:colcon.colcon_core.shell:Creating environment hook '/home/zhang/rosprc_ws/install/examples_rclcpp_minimal_action_client/share/examples_rclcpp_minimal_action_client/hook/cmake_prefix_path.ps1'
[96.052s] INFO:colcon.colcon_core.shell:Creating environment descriptor '/home/zhang/rosprc_ws/install/examples_rclcpp_minimal_action_client/share/examples_rclcpp_minimal_action_client/hook/cmake_prefix_path.dsv'
[96.054s] INFO:colcon.colcon_core.shell:Creating environment hook '/home/zhang/rosprc_ws/install/examples_rclcpp_minimal_action_client/share/examples_rclcpp_minimal_action_client/hook/cmake_prefix_path.sh'
[96.056s] Level 1:colcon.colcon_core.environment:checking '/home/zhang/rosprc_ws/install/examples_rclcpp_minimal_action_client/lib'
[96.056s] Level 1:colcon.colcon_core.environment:checking '/home/zhang/rosprc_ws/install/examples_rclcpp_minimal_action_client/bin'
[96.056s] Level 1:colcon.colcon_core.environment:checking '/home/zhang/rosprc_ws/install/examples_rclcpp_minimal_action_client/lib/pkgconfig/examples_rclcpp_minimal_action_client.pc'
[96.057s] Level 1:colcon.colcon_core.environment:checking '/home/zhang/rosprc_ws/install/examples_rclcpp_minimal_action_client/lib/python3.12/site-packages'
[96.058s] Level 1:colcon.colcon_core.environment:checking '/home/zhang/rosprc_ws/install/examples_rclcpp_minimal_action_client/bin'
[96.059s] INFO:colcon.colcon_core.shell:Creating package script '/home/zhang/rosprc_ws/install/examples_rclcpp_minimal_action_client/share/examples_rclcpp_minimal_action_client/package.ps1'
[96.061s] INFO:colcon.colcon_core.shell:Creating package descriptor '/home/zhang/rosprc_ws/install/examples_rclcpp_minimal_action_client/share/examples_rclcpp_minimal_action_client/package.dsv'
[96.062s] INFO:colcon.colcon_core.shell:Creating package script '/home/zhang/rosprc_ws/install/examples_rclcpp_minimal_action_client/share/examples_rclcpp_minimal_action_client/package.sh'
[96.063s] INFO:colcon.colcon_core.shell:Creating package script '/home/zhang/rosprc_ws/install/examples_rclcpp_minimal_action_client/share/examples_rclcpp_minimal_action_client/package.bash'
[96.064s] INFO:colcon.colcon_core.shell:Creating package script '/home/zhang/rosprc_ws/install/examples_rclcpp_minimal_action_client/share/examples_rclcpp_minimal_action_client/package.zsh'
[96.065s] Level 1:colcon.colcon_core.environment:create_file_with_runtime_dependencies(/home/zhang/rosprc_ws/install/examples_rclcpp_minimal_action_client/share/colcon-core/packages/examples_rclcpp_minimal_action_client)
[96.066s] Level 1:colcon.colcon_core.environment:create_environment_scripts_only(examples_rclcpp_minimal_action_client)
[96.066s] Level 1:colcon.colcon_core.environment:checking '/home/zhang/rosprc_ws/install/examples_rclcpp_minimal_action_client' for CMake module files
[96.067s] Level 1:colcon.colcon_core.environment:checking '/home/zhang/rosprc_ws/install/examples_rclcpp_minimal_action_client' for CMake config files
[96.068s] Level 1:colcon.colcon_core.shell:create_environment_hook('examples_rclcpp_minimal_action_client', 'cmake_prefix_path')
[96.069s] INFO:colcon.colcon_core.shell:Creating environment hook '/home/zhang/rosprc_ws/install/examples_rclcpp_minimal_action_client/share/examples_rclcpp_minimal_action_client/hook/cmake_prefix_path.ps1'
[96.071s] INFO:colcon.colcon_core.shell:Creating environment descriptor '/home/zhang/rosprc_ws/install/examples_rclcpp_minimal_action_client/share/examples_rclcpp_minimal_action_client/hook/cmake_prefix_path.dsv'
[96.072s] INFO:colcon.colcon_core.shell:Creating environment hook '/home/zhang/rosprc_ws/install/examples_rclcpp_minimal_action_client/share/examples_rclcpp_minimal_action_client/hook/cmake_prefix_path.sh'
[96.074s] Level 1:colcon.colcon_core.environment:checking '/home/zhang/rosprc_ws/install/examples_rclcpp_minimal_action_client/lib'
[96.075s] Level 1:colcon.colcon_core.environment:checking '/home/zhang/rosprc_ws/install/examples_rclcpp_minimal_action_client/bin'
[96.075s] Level 1:colcon.colcon_core.environment:checking '/home/zhang/rosprc_ws/install/examples_rclcpp_minimal_action_client/lib/pkgconfig/examples_rclcpp_minimal_action_client.pc'
[96.075s] Level 1:colcon.colcon_core.environment:checking '/home/zhang/rosprc_ws/install/examples_rclcpp_minimal_action_client/lib/python3.12/site-packages'
[96.076s] Level 1:colcon.colcon_core.environment:checking '/home/zhang/rosprc_ws/install/examples_rclcpp_minimal_action_client/bin'
[96.076s] INFO:colcon.colcon_core.shell:Creating package script '/home/zhang/rosprc_ws/install/examples_rclcpp_minimal_action_client/share/examples_rclcpp_minimal_action_client/package.ps1'
[96.077s] INFO:colcon.colcon_core.shell:Creating package descriptor '/home/zhang/rosprc_ws/install/examples_rclcpp_minimal_action_client/share/examples_rclcpp_minimal_action_client/package.dsv'
[96.078s] INFO:colcon.colcon_core.shell:Creating package script '/home/zhang/rosprc_ws/install/examples_rclcpp_minimal_action_client/share/examples_rclcpp_minimal_action_client/package.sh'
[96.078s] INFO:colcon.colcon_core.shell:Creating package script '/home/zhang/rosprc_ws/install/examples_rclcpp_minimal_action_client/share/examples_rclcpp_minimal_action_client/package.bash'
[96.079s] INFO:colcon.colcon_core.shell:Creating package script '/home/zhang/rosprc_ws/install/examples_rclcpp_minimal_action_client/share/examples_rclcpp_minimal_action_client/package.zsh'
[96.079s] Level 1:colcon.colcon_core.environment:create_file_with_runtime_dependencies(/home/zhang/rosprc_ws/install/examples_rclcpp_minimal_action_client/share/colcon-core/packages/examples_rclcpp_minimal_action_client)
[96.080s] DEBUG:colcon.colcon_core.executor.sequential:run_until_complete 'examples_rclcpp_minimal_action_client' finished with '0'
[96.080s] DEBUG:colcon.colcon_core.executor.sequential:run_until_complete 'examples_rclcpp_minimal_action_server'
[96.080s] INFO:colcon.colcon_ros.task.ament_cmake.build:Building ROS package in '/home/zhang/rosprc_ws/src/examples/rclcpp/actions/minimal_action_server' with build type 'ament_cmake'
[96.080s] INFO:colcon.colcon_cmake.task.cmake.build:Building CMake package in '/home/zhang/rosprc_ws/src/examples/rclcpp/actions/minimal_action_server'
[96.081s] INFO:colcon.colcon_core.shell:Skip shell extension 'powershell' for command environment: Not usable outside of PowerShell
[96.081s] DEBUG:colcon.colcon_core.shell:Skip shell extension 'dsv' for command environment
[96.099s] DEBUG:colcon.colcon_core.event_handler.log_command:Invoking command in '/home/zhang/rosprc_ws/build/examples_rclcpp_minimal_action_server': CMAKE_PREFIX_PATH=${CMAKE_PREFIX_PATH}:/opt/ros/jazzy /usr/bin/cmake --build /home/zhang/rosprc_ws/build/examples_rclcpp_minimal_action_server -- -j20 -l20
[105.214s] DEBUG:colcon.colcon_core.event_handler.log_command:Invoked command in '/home/zhang/rosprc_ws/build/examples_rclcpp_minimal_action_server' returned '0': CMAKE_PREFIX_PATH=${CMAKE_PREFIX_PATH}:/opt/ros/jazzy /usr/bin/cmake --build /home/zhang/rosprc_ws/build/examples_rclcpp_minimal_action_server -- -j20 -l20
[105.224s] DEBUG:colcon.colcon_core.event_handler.log_command:Invoking command in '/home/zhang/rosprc_ws/build/examples_rclcpp_minimal_action_server': CMAKE_PREFIX_PATH=${CMAKE_PREFIX_PATH}:/opt/ros/jazzy /usr/bin/cmake --install /home/zhang/rosprc_ws/build/examples_rclcpp_minimal_action_server
[105.776s] Level 1:colcon.colcon_core.environment:create_environment_scripts_only(examples_rclcpp_minimal_action_server)
[105.777s] Level 1:colcon.colcon_core.environment:checking '/home/zhang/rosprc_ws/install/examples_rclcpp_minimal_action_server' for CMake module files
[105.780s] DEBUG:colcon.colcon_core.event_handler.log_command:Invoked command in '/home/zhang/rosprc_ws/build/examples_rclcpp_minimal_action_server' returned '0': CMAKE_PREFIX_PATH=${CMAKE_PREFIX_PATH}:/opt/ros/jazzy /usr/bin/cmake --install /home/zhang/rosprc_ws/build/examples_rclcpp_minimal_action_server
[105.783s] Level 1:colcon.colcon_core.environment:checking '/home/zhang/rosprc_ws/install/examples_rclcpp_minimal_action_server' for CMake config files
[105.784s] Level 1:colcon.colcon_core.shell:create_environment_hook('examples_rclcpp_minimal_action_server', 'cmake_prefix_path')
[105.784s] INFO:colcon.colcon_core.shell:Creating environment hook '/home/zhang/rosprc_ws/install/examples_rclcpp_minimal_action_server/share/examples_rclcpp_minimal_action_server/hook/cmake_prefix_path.ps1'
[105.785s] INFO:colcon.colcon_core.shell:Creating environment descriptor '/home/zhang/rosprc_ws/install/examples_rclcpp_minimal_action_server/share/examples_rclcpp_minimal_action_server/hook/cmake_prefix_path.dsv'
[105.787s] INFO:colcon.colcon_core.shell:Creating environment hook '/home/zhang/rosprc_ws/install/examples_rclcpp_minimal_action_server/share/examples_rclcpp_minimal_action_server/hook/cmake_prefix_path.sh'
[105.791s] Level 1:colcon.colcon_core.environment:checking '/home/zhang/rosprc_ws/install/examples_rclcpp_minimal_action_server/lib'
[105.792s] Level 1:colcon.colcon_core.environment:checking '/home/zhang/rosprc_ws/install/examples_rclcpp_minimal_action_server/bin'
[105.792s] Level 1:colcon.colcon_core.environment:checking '/home/zhang/rosprc_ws/install/examples_rclcpp_minimal_action_server/lib/pkgconfig/examples_rclcpp_minimal_action_server.pc'
[105.794s] Level 1:colcon.colcon_core.environment:checking '/home/zhang/rosprc_ws/install/examples_rclcpp_minimal_action_server/lib/python3.12/site-packages'
[105.795s] Level 1:colcon.colcon_core.environment:checking '/home/zhang/rosprc_ws/install/examples_rclcpp_minimal_action_server/bin'
[105.796s] INFO:colcon.colcon_core.shell:Creating package script '/home/zhang/rosprc_ws/install/examples_rclcpp_minimal_action_server/share/examples_rclcpp_minimal_action_server/package.ps1'
[105.799s] INFO:colcon.colcon_core.shell:Creating package descriptor '/home/zhang/rosprc_ws/install/examples_rclcpp_minimal_action_server/share/examples_rclcpp_minimal_action_server/package.dsv'
[105.801s] INFO:colcon.colcon_core.shell:Creating package script '/home/zhang/rosprc_ws/install/examples_rclcpp_minimal_action_server/share/examples_rclcpp_minimal_action_server/package.sh'
[105.806s] INFO:colcon.colcon_core.shell:Creating package script '/home/zhang/rosprc_ws/install/examples_rclcpp_minimal_action_server/share/examples_rclcpp_minimal_action_server/package.bash'
[105.808s] INFO:colcon.colcon_core.shell:Creating package script '/home/zhang/rosprc_ws/install/examples_rclcpp_minimal_action_server/share/examples_rclcpp_minimal_action_server/package.zsh'
[105.811s] Level 1:colcon.colcon_core.environment:create_file_with_runtime_dependencies(/home/zhang/rosprc_ws/install/examples_rclcpp_minimal_action_server/share/colcon-core/packages/examples_rclcpp_minimal_action_server)
[105.815s] Level 1:colcon.colcon_core.environment:create_environment_scripts_only(examples_rclcpp_minimal_action_server)
[105.816s] Level 1:colcon.colcon_core.environment:checking '/home/zhang/rosprc_ws/install/examples_rclcpp_minimal_action_server' for CMake module files
[105.818s] Level 1:colcon.colcon_core.environment:checking '/home/zhang/rosprc_ws/install/examples_rclcpp_minimal_action_server' for CMake config files
[105.819s] Level 1:colcon.colcon_core.shell:create_environment_hook('examples_rclcpp_minimal_action_server', 'cmake_prefix_path')
[105.820s] INFO:colcon.colcon_core.shell:Creating environment hook '/home/zhang/rosprc_ws/install/examples_rclcpp_minimal_action_server/share/examples_rclcpp_minimal_action_server/hook/cmake_prefix_path.ps1'
[105.822s] INFO:colcon.colcon_core.shell:Creating environment descriptor '/home/zhang/rosprc_ws/install/examples_rclcpp_minimal_action_server/share/examples_rclcpp_minimal_action_server/hook/cmake_prefix_path.dsv'
[105.824s] INFO:colcon.colcon_core.shell:Creating environment hook '/home/zhang/rosprc_ws/install/examples_rclcpp_minimal_action_server/share/examples_rclcpp_minimal_action_server/hook/cmake_prefix_path.sh'
[105.828s] Level 1:colcon.colcon_core.environment:checking '/home/zhang/rosprc_ws/install/examples_rclcpp_minimal_action_server/lib'
[105.829s] Level 1:colcon.colcon_core.environment:checking '/home/zhang/rosprc_ws/install/examples_rclcpp_minimal_action_server/bin'
[105.829s] Level 1:colcon.colcon_core.environment:checking '/home/zhang/rosprc_ws/install/examples_rclcpp_minimal_action_server/lib/pkgconfig/examples_rclcpp_minimal_action_server.pc'
[105.830s] Level 1:colcon.colcon_core.environment:checking '/home/zhang/rosprc_ws/install/examples_rclcpp_minimal_action_server/lib/python3.12/site-packages'
[105.832s] Level 1:colcon.colcon_core.environment:checking '/home/zhang/rosprc_ws/install/examples_rclcpp_minimal_action_server/bin'
[105.833s] INFO:colcon.colcon_core.shell:Creating package script '/home/zhang/rosprc_ws/install/examples_rclcpp_minimal_action_server/share/examples_rclcpp_minimal_action_server/package.ps1'
[105.836s] INFO:colcon.colcon_core.shell:Creating package descriptor '/home/zhang/rosprc_ws/install/examples_rclcpp_minimal_action_server/share/examples_rclcpp_minimal_action_server/package.dsv'
[105.837s] INFO:colcon.colcon_core.shell:Creating package script '/home/zhang/rosprc_ws/install/examples_rclcpp_minimal_action_server/share/examples_rclcpp_minimal_action_server/package.sh'
[105.838s] INFO:colcon.colcon_core.shell:Creating package script '/home/zhang/rosprc_ws/install/examples_rclcpp_minimal_action_server/share/examples_rclcpp_minimal_action_server/package.bash'
[105.839s] INFO:colcon.colcon_core.shell:Creating package script '/home/zhang/rosprc_ws/install/examples_rclcpp_minimal_action_server/share/examples_rclcpp_minimal_action_server/package.zsh'
[105.839s] Level 1:colcon.colcon_core.environment:create_file_with_runtime_dependencies(/home/zhang/rosprc_ws/install/examples_rclcpp_minimal_action_server/share/colcon-core/packages/examples_rclcpp_minimal_action_server)
[105.839s] DEBUG:colcon.colcon_core.executor.sequential:run_until_complete 'examples_rclcpp_minimal_action_server' finished with '0'
[105.840s] DEBUG:colcon.colcon_core.executor.sequential:run_until_complete 'examples_rclcpp_minimal_client'
[105.840s] INFO:colcon.colcon_ros.task.ament_cmake.build:Building ROS package in '/home/zhang/rosprc_ws/src/examples/rclcpp/services/minimal_client' with build type 'ament_cmake'
[105.841s] INFO:colcon.colcon_cmake.task.cmake.build:Building CMake package in '/home/zhang/rosprc_ws/src/examples/rclcpp/services/minimal_client'
[105.841s] INFO:colcon.colcon_core.shell:Skip shell extension 'powershell' for command environment: Not usable outside of PowerShell
[105.841s] DEBUG:colcon.colcon_core.shell:Skip shell extension 'dsv' for command environment
[105.867s] DEBUG:colcon.colcon_core.event_handler.log_command:Invoking command in '/home/zhang/rosprc_ws/build/examples_rclcpp_minimal_client': CMAKE_PREFIX_PATH=${CMAKE_PREFIX_PATH}:/opt/ros/jazzy /usr/bin/cmake --build /home/zhang/rosprc_ws/build/examples_rclcpp_minimal_client -- -j20 -l20
[114.424s] DEBUG:colcon.colcon_core.event_handler.log_command:Invoked command in '/home/zhang/rosprc_ws/build/examples_rclcpp_minimal_client' returned '0': CMAKE_PREFIX_PATH=${CMAKE_PREFIX_PATH}:/opt/ros/jazzy /usr/bin/cmake --build /home/zhang/rosprc_ws/build/examples_rclcpp_minimal_client -- -j20 -l20
[114.434s] DEBUG:colcon.colcon_core.event_handler.log_command:Invoking command in '/home/zhang/rosprc_ws/build/examples_rclcpp_minimal_client': CMAKE_PREFIX_PATH=${CMAKE_PREFIX_PATH}:/opt/ros/jazzy /usr/bin/cmake --install /home/zhang/rosprc_ws/build/examples_rclcpp_minimal_client
[115.008s] Level 1:colcon.colcon_core.environment:create_environment_scripts_only(examples_rclcpp_minimal_client)
[115.009s] Level 1:colcon.colcon_core.environment:checking '/home/zhang/rosprc_ws/install/examples_rclcpp_minimal_client' for CMake module files
[115.011s] DEBUG:colcon.colcon_core.event_handler.log_command:Invoked command in '/home/zhang/rosprc_ws/build/examples_rclcpp_minimal_client' returned '0': CMAKE_PREFIX_PATH=${CMAKE_PREFIX_PATH}:/opt/ros/jazzy /usr/bin/cmake --install /home/zhang/rosprc_ws/build/examples_rclcpp_minimal_client
[115.015s] Level 1:colcon.colcon_core.environment:checking '/home/zhang/rosprc_ws/install/examples_rclcpp_minimal_client' for CMake config files
[115.016s] Level 1:colcon.colcon_core.shell:create_environment_hook('examples_rclcpp_minimal_client', 'cmake_prefix_path')
[115.017s] INFO:colcon.colcon_core.shell:Creating environment hook '/home/zhang/rosprc_ws/install/examples_rclcpp_minimal_client/share/examples_rclcpp_minimal_client/hook/cmake_prefix_path.ps1'
[115.019s] INFO:colcon.colcon_core.shell:Creating environment descriptor '/home/zhang/rosprc_ws/install/examples_rclcpp_minimal_client/share/examples_rclcpp_minimal_client/hook/cmake_prefix_path.dsv'
[115.021s] INFO:colcon.colcon_core.shell:Creating environment hook '/home/zhang/rosprc_ws/install/examples_rclcpp_minimal_client/share/examples_rclcpp_minimal_client/hook/cmake_prefix_path.sh'
[115.023s] Level 1:colcon.colcon_core.environment:checking '/home/zhang/rosprc_ws/install/examples_rclcpp_minimal_client/lib'
[115.023s] Level 1:colcon.colcon_core.environment:checking '/home/zhang/rosprc_ws/install/examples_rclcpp_minimal_client/bin'
[115.024s] Level 1:colcon.colcon_core.environment:checking '/home/zhang/rosprc_ws/install/examples_rclcpp_minimal_client/lib/pkgconfig/examples_rclcpp_minimal_client.pc'
[115.025s] Level 1:colcon.colcon_core.environment:checking '/home/zhang/rosprc_ws/install/examples_rclcpp_minimal_client/lib/python3.12/site-packages'
[115.026s] Level 1:colcon.colcon_core.environment:checking '/home/zhang/rosprc_ws/install/examples_rclcpp_minimal_client/bin'
[115.027s] INFO:colcon.colcon_core.shell:Creating package script '/home/zhang/rosprc_ws/install/examples_rclcpp_minimal_client/share/examples_rclcpp_minimal_client/package.ps1'
[115.030s] INFO:colcon.colcon_core.shell:Creating package descriptor '/home/zhang/rosprc_ws/install/examples_rclcpp_minimal_client/share/examples_rclcpp_minimal_client/package.dsv'
[115.031s] INFO:colcon.colcon_core.shell:Creating package script '/home/zhang/rosprc_ws/install/examples_rclcpp_minimal_client/share/examples_rclcpp_minimal_client/package.sh'
[115.033s] INFO:colcon.colcon_core.shell:Creating package script '/home/zhang/rosprc_ws/install/examples_rclcpp_minimal_client/share/examples_rclcpp_minimal_client/package.bash'
[115.034s] INFO:colcon.colcon_core.shell:Creating package script '/home/zhang/rosprc_ws/install/examples_rclcpp_minimal_client/share/examples_rclcpp_minimal_client/package.zsh'
[115.035s] Level 1:colcon.colcon_core.environment:create_file_with_runtime_dependencies(/home/zhang/rosprc_ws/install/examples_rclcpp_minimal_client/share/colcon-core/packages/examples_rclcpp_minimal_client)
[115.038s] Level 1:colcon.colcon_core.environment:create_environment_scripts_only(examples_rclcpp_minimal_client)
[115.039s] Level 1:colcon.colcon_core.environment:checking '/home/zhang/rosprc_ws/install/examples_rclcpp_minimal_client' for CMake module files
[115.115s] Level 1:colcon.colcon_core.environment:checking '/home/zhang/rosprc_ws/install/examples_rclcpp_minimal_client' for CMake config files
[115.116s] Level 1:colcon.colcon_core.shell:create_environment_hook('examples_rclcpp_minimal_client', 'cmake_prefix_path')
[115.117s] INFO:colcon.colcon_core.shell:Creating environment hook '/home/zhang/rosprc_ws/install/examples_rclcpp_minimal_client/share/examples_rclcpp_minimal_client/hook/cmake_prefix_path.ps1'
[115.119s] INFO:colcon.colcon_core.shell:Creating environment descriptor '/home/zhang/rosprc_ws/install/examples_rclcpp_minimal_client/share/examples_rclcpp_minimal_client/hook/cmake_prefix_path.dsv'
[115.121s] INFO:colcon.colcon_core.shell:Creating environment hook '/home/zhang/rosprc_ws/install/examples_rclcpp_minimal_client/share/examples_rclcpp_minimal_client/hook/cmake_prefix_path.sh'
[115.124s] Level 1:colcon.colcon_core.environment:checking '/home/zhang/rosprc_ws/install/examples_rclcpp_minimal_client/lib'
[115.125s] Level 1:colcon.colcon_core.environment:checking '/home/zhang/rosprc_ws/install/examples_rclcpp_minimal_client/bin'
[115.125s] Level 1:colcon.colcon_core.environment:checking '/home/zhang/rosprc_ws/install/examples_rclcpp_minimal_client/lib/pkgconfig/examples_rclcpp_minimal_client.pc'
[115.126s] Level 1:colcon.colcon_core.environment:checking '/home/zhang/rosprc_ws/install/examples_rclcpp_minimal_client/lib/python3.12/site-packages'
[115.128s] Level 1:colcon.colcon_core.environment:checking '/home/zhang/rosprc_ws/install/examples_rclcpp_minimal_client/bin'
[115.129s] INFO:colcon.colcon_core.shell:Creating package script '/home/zhang/rosprc_ws/install/examples_rclcpp_minimal_client/share/examples_rclcpp_minimal_client/package.ps1'
[115.132s] INFO:colcon.colcon_core.shell:Creating package descriptor '/home/zhang/rosprc_ws/install/examples_rclcpp_minimal_client/share/examples_rclcpp_minimal_client/package.dsv'
[115.134s] INFO:colcon.colcon_core.shell:Creating package script '/home/zhang/rosprc_ws/install/examples_rclcpp_minimal_client/share/examples_rclcpp_minimal_client/package.sh'
[115.137s] INFO:colcon.colcon_core.shell:Creating package script '/home/zhang/rosprc_ws/install/examples_rclcpp_minimal_client/share/examples_rclcpp_minimal_client/package.bash'
[115.139s] INFO:colcon.colcon_core.shell:Creating package script '/home/zhang/rosprc_ws/install/examples_rclcpp_minimal_client/share/examples_rclcpp_minimal_client/package.zsh'
[115.142s] Level 1:colcon.colcon_core.environment:create_file_with_runtime_dependencies(/home/zhang/rosprc_ws/install/examples_rclcpp_minimal_client/share/colcon-core/packages/examples_rclcpp_minimal_client)
[115.145s] DEBUG:colcon.colcon_core.executor.sequential:run_until_complete 'examples_rclcpp_minimal_client' finished with '0'
[115.146s] DEBUG:colcon.colcon_core.executor.sequential:run_until_complete 'examples_rclcpp_minimal_composition'
[115.147s] INFO:colcon.colcon_ros.task.ament_cmake.build:Building ROS package in '/home/zhang/rosprc_ws/src/examples/rclcpp/composition/minimal_composition' with build type 'ament_cmake'
[115.148s] INFO:colcon.colcon_cmake.task.cmake.build:Building CMake package in '/home/zhang/rosprc_ws/src/examples/rclcpp/composition/minimal_composition'
[115.148s] INFO:colcon.colcon_core.shell:Skip shell extension 'powershell' for command environment: Not usable outside of PowerShell
[115.149s] DEBUG:colcon.colcon_core.shell:Skip shell extension 'dsv' for command environment
[115.190s] DEBUG:colcon.colcon_core.event_handler.log_command:Invoking command in '/home/zhang/rosprc_ws/build/examples_rclcpp_minimal_composition': CMAKE_PREFIX_PATH=${CMAKE_PREFIX_PATH}:/opt/ros/jazzy /usr/bin/cmake --build /home/zhang/rosprc_ws/build/examples_rclcpp_minimal_composition -- -j20 -l20
[138.600s] DEBUG:colcon.colcon_core.event_handler.log_command:Invoked command in '/home/zhang/rosprc_ws/build/examples_rclcpp_minimal_composition' returned '0': CMAKE_PREFIX_PATH=${CMAKE_PREFIX_PATH}:/opt/ros/jazzy /usr/bin/cmake --build /home/zhang/rosprc_ws/build/examples_rclcpp_minimal_composition -- -j20 -l20
[138.608s] DEBUG:colcon.colcon_core.event_handler.log_command:Invoking command in '/home/zhang/rosprc_ws/build/examples_rclcpp_minimal_composition': CMAKE_PREFIX_PATH=${CMAKE_PREFIX_PATH}:/opt/ros/jazzy /usr/bin/cmake --install /home/zhang/rosprc_ws/build/examples_rclcpp_minimal_composition
[139.157s] Level 1:colcon.colcon_core.environment:create_environment_scripts_only(examples_rclcpp_minimal_composition)
[139.158s] Level 1:colcon.colcon_core.environment:checking '/home/zhang/rosprc_ws/install/examples_rclcpp_minimal_composition' for CMake module files
[139.162s] DEBUG:colcon.colcon_core.event_handler.log_command:Invoked command in '/home/zhang/rosprc_ws/build/examples_rclcpp_minimal_composition' returned '0': CMAKE_PREFIX_PATH=${CMAKE_PREFIX_PATH}:/opt/ros/jazzy /usr/bin/cmake --install /home/zhang/rosprc_ws/build/examples_rclcpp_minimal_composition
[139.164s] Level 1:colcon.colcon_core.environment:checking '/home/zhang/rosprc_ws/install/examples_rclcpp_minimal_composition' for CMake config files
[139.165s] Level 1:colcon.colcon_core.shell:create_environment_hook('examples_rclcpp_minimal_composition', 'cmake_prefix_path')
[139.166s] INFO:colcon.colcon_core.shell:Creating environment hook '/home/zhang/rosprc_ws/install/examples_rclcpp_minimal_composition/share/examples_rclcpp_minimal_composition/hook/cmake_prefix_path.ps1'
[139.168s] INFO:colcon.colcon_core.shell:Creating environment descriptor '/home/zhang/rosprc_ws/install/examples_rclcpp_minimal_composition/share/examples_rclcpp_minimal_composition/hook/cmake_prefix_path.dsv'
[139.169s] INFO:colcon.colcon_core.shell:Creating environment hook '/home/zhang/rosprc_ws/install/examples_rclcpp_minimal_composition/share/examples_rclcpp_minimal_composition/hook/cmake_prefix_path.sh'
[139.170s] Level 1:colcon.colcon_core.environment:checking '/home/zhang/rosprc_ws/install/examples_rclcpp_minimal_composition/lib'
[139.170s] Level 1:colcon.colcon_core.shell:create_environment_hook('examples_rclcpp_minimal_composition', 'ld_library_path_lib')
[139.170s] INFO:colcon.colcon_core.shell:Creating environment hook '/home/zhang/rosprc_ws/install/examples_rclcpp_minimal_composition/share/examples_rclcpp_minimal_composition/hook/ld_library_path_lib.ps1'
[139.171s] INFO:colcon.colcon_core.shell:Creating environment descriptor '/home/zhang/rosprc_ws/install/examples_rclcpp_minimal_composition/share/examples_rclcpp_minimal_composition/hook/ld_library_path_lib.dsv'
[139.172s] INFO:colcon.colcon_core.shell:Creating environment hook '/home/zhang/rosprc_ws/install/examples_rclcpp_minimal_composition/share/examples_rclcpp_minimal_composition/hook/ld_library_path_lib.sh'
[139.173s] Level 1:colcon.colcon_core.environment:checking '/home/zhang/rosprc_ws/install/examples_rclcpp_minimal_composition/bin'
[139.174s] Level 1:colcon.colcon_core.environment:checking '/home/zhang/rosprc_ws/install/examples_rclcpp_minimal_composition/lib/pkgconfig/examples_rclcpp_minimal_composition.pc'
[139.175s] Level 1:colcon.colcon_core.environment:checking '/home/zhang/rosprc_ws/install/examples_rclcpp_minimal_composition/lib/python3.12/site-packages'
[139.176s] Level 1:colcon.colcon_core.environment:checking '/home/zhang/rosprc_ws/install/examples_rclcpp_minimal_composition/bin'
[139.177s] INFO:colcon.colcon_core.shell:Creating package script '/home/zhang/rosprc_ws/install/examples_rclcpp_minimal_composition/share/examples_rclcpp_minimal_composition/package.ps1'
[139.180s] INFO:colcon.colcon_core.shell:Creating package descriptor '/home/zhang/rosprc_ws/install/examples_rclcpp_minimal_composition/share/examples_rclcpp_minimal_composition/package.dsv'
[139.183s] INFO:colcon.colcon_core.shell:Creating package script '/home/zhang/rosprc_ws/install/examples_rclcpp_minimal_composition/share/examples_rclcpp_minimal_composition/package.sh'
[139.184s] INFO:colcon.colcon_core.shell:Creating package script '/home/zhang/rosprc_ws/install/examples_rclcpp_minimal_composition/share/examples_rclcpp_minimal_composition/package.bash'
[139.185s] INFO:colcon.colcon_core.shell:Creating package script '/home/zhang/rosprc_ws/install/examples_rclcpp_minimal_composition/share/examples_rclcpp_minimal_composition/package.zsh'
[139.185s] Level 1:colcon.colcon_core.environment:create_file_with_runtime_dependencies(/home/zhang/rosprc_ws/install/examples_rclcpp_minimal_composition/share/colcon-core/packages/examples_rclcpp_minimal_composition)
[139.187s] Level 1:colcon.colcon_core.environment:create_environment_scripts_only(examples_rclcpp_minimal_composition)
[139.187s] Level 1:colcon.colcon_core.environment:checking '/home/zhang/rosprc_ws/install/examples_rclcpp_minimal_composition' for CMake module files
[139.188s] Level 1:colcon.colcon_core.environment:checking '/home/zhang/rosprc_ws/install/examples_rclcpp_minimal_composition' for CMake config files
[139.189s] Level 1:colcon.colcon_core.shell:create_environment_hook('examples_rclcpp_minimal_composition', 'cmake_prefix_path')
[139.189s] INFO:colcon.colcon_core.shell:Creating environment hook '/home/zhang/rosprc_ws/install/examples_rclcpp_minimal_composition/share/examples_rclcpp_minimal_composition/hook/cmake_prefix_path.ps1'
[139.192s] INFO:colcon.colcon_core.shell:Creating environment descriptor '/home/zhang/rosprc_ws/install/examples_rclcpp_minimal_composition/share/examples_rclcpp_minimal_composition/hook/cmake_prefix_path.dsv'
[139.193s] INFO:colcon.colcon_core.shell:Creating environment hook '/home/zhang/rosprc_ws/install/examples_rclcpp_minimal_composition/share/examples_rclcpp_minimal_composition/hook/cmake_prefix_path.sh'
[139.196s] Level 1:colcon.colcon_core.environment:checking '/home/zhang/rosprc_ws/install/examples_rclcpp_minimal_composition/lib'
[139.196s] Level 1:colcon.colcon_core.shell:create_environment_hook('examples_rclcpp_minimal_composition', 'ld_library_path_lib')
[139.197s] INFO:colcon.colcon_core.shell:Creating environment hook '/home/zhang/rosprc_ws/install/examples_rclcpp_minimal_composition/share/examples_rclcpp_minimal_composition/hook/ld_library_path_lib.ps1'
[139.199s] INFO:colcon.colcon_core.shell:Creating environment descriptor '/home/zhang/rosprc_ws/install/examples_rclcpp_minimal_composition/share/examples_rclcpp_minimal_composition/hook/ld_library_path_lib.dsv'
[139.200s] INFO:colcon.colcon_core.shell:Creating environment hook '/home/zhang/rosprc_ws/install/examples_rclcpp_minimal_composition/share/examples_rclcpp_minimal_composition/hook/ld_library_path_lib.sh'
[139.200s] Level 1:colcon.colcon_core.environment:checking '/home/zhang/rosprc_ws/install/examples_rclcpp_minimal_composition/bin'
[139.201s] Level 1:colcon.colcon_core.environment:checking '/home/zhang/rosprc_ws/install/examples_rclcpp_minimal_composition/lib/pkgconfig/examples_rclcpp_minimal_composition.pc'
[139.201s] Level 1:colcon.colcon_core.environment:checking '/home/zhang/rosprc_ws/install/examples_rclcpp_minimal_composition/lib/python3.12/site-packages'
[139.202s] Level 1:colcon.colcon_core.environment:checking '/home/zhang/rosprc_ws/install/examples_rclcpp_minimal_composition/bin'
[139.203s] INFO:colcon.colcon_core.shell:Creating package script '/home/zhang/rosprc_ws/install/examples_rclcpp_minimal_composition/share/examples_rclcpp_minimal_composition/package.ps1'
[139.204s] INFO:colcon.colcon_core.shell:Creating package descriptor '/home/zhang/rosprc_ws/install/examples_rclcpp_minimal_composition/share/examples_rclcpp_minimal_composition/package.dsv'
[139.205s] INFO:colcon.colcon_core.shell:Creating package script '/home/zhang/rosprc_ws/install/examples_rclcpp_minimal_composition/share/examples_rclcpp_minimal_composition/package.sh'
[139.207s] INFO:colcon.colcon_core.shell:Creating package script '/home/zhang/rosprc_ws/install/examples_rclcpp_minimal_composition/share/examples_rclcpp_minimal_composition/package.bash'
[139.208s] INFO:colcon.colcon_core.shell:Creating package script '/home/zhang/rosprc_ws/install/examples_rclcpp_minimal_composition/share/examples_rclcpp_minimal_composition/package.zsh'
[139.209s] Level 1:colcon.colcon_core.environment:create_file_with_runtime_dependencies(/home/zhang/rosprc_ws/install/examples_rclcpp_minimal_composition/share/colcon-core/packages/examples_rclcpp_minimal_composition)
[139.210s] DEBUG:colcon.colcon_core.executor.sequential:run_until_complete 'examples_rclcpp_minimal_composition' finished with '0'
[139.210s] DEBUG:colcon.colcon_core.executor.sequential:run_until_complete 'examples_rclcpp_minimal_publisher'
[139.211s] INFO:colcon.colcon_ros.task.ament_cmake.build:Building ROS package in '/home/zhang/rosprc_ws/src/examples/rclcpp/topics/minimal_publisher' with build type 'ament_cmake'
[139.211s] INFO:colcon.colcon_cmake.task.cmake.build:Building CMake package in '/home/zhang/rosprc_ws/src/examples/rclcpp/topics/minimal_publisher'
[139.213s] INFO:colcon.colcon_core.shell:Skip shell extension 'powershell' for command environment: Not usable outside of PowerShell
[139.214s] DEBUG:colcon.colcon_core.shell:Skip shell extension 'dsv' for command environment
[139.239s] DEBUG:colcon.colcon_core.event_handler.log_command:Invoking command in '/home/zhang/rosprc_ws/build/examples_rclcpp_minimal_publisher': CMAKE_PREFIX_PATH=${CMAKE_PREFIX_PATH}:/opt/ros/jazzy /usr/bin/cmake --build /home/zhang/rosprc_ws/build/examples_rclcpp_minimal_publisher -- -j20 -l20
[154.111s] DEBUG:colcon.colcon_core.event_handler.log_command:Invoked command in '/home/zhang/rosprc_ws/build/examples_rclcpp_minimal_publisher' returned '0': CMAKE_PREFIX_PATH=${CMAKE_PREFIX_PATH}:/opt/ros/jazzy /usr/bin/cmake --build /home/zhang/rosprc_ws/build/examples_rclcpp_minimal_publisher -- -j20 -l20
[154.117s] DEBUG:colcon.colcon_core.event_handler.log_command:Invoking command in '/home/zhang/rosprc_ws/build/examples_rclcpp_minimal_publisher': CMAKE_PREFIX_PATH=${CMAKE_PREFIX_PATH}:/opt/ros/jazzy /usr/bin/cmake --install /home/zhang/rosprc_ws/build/examples_rclcpp_minimal_publisher
[154.524s] Level 1:colcon.colcon_core.environment:create_environment_scripts_only(examples_rclcpp_minimal_publisher)
[154.525s] Level 1:colcon.colcon_core.environment:checking '/home/zhang/rosprc_ws/install/examples_rclcpp_minimal_publisher' for CMake module files
[154.528s] DEBUG:colcon.colcon_core.event_handler.log_command:Invoked command in '/home/zhang/rosprc_ws/build/examples_rclcpp_minimal_publisher' returned '0': CMAKE_PREFIX_PATH=${CMAKE_PREFIX_PATH}:/opt/ros/jazzy /usr/bin/cmake --install /home/zhang/rosprc_ws/build/examples_rclcpp_minimal_publisher
[154.528s] Level 1:colcon.colcon_core.environment:checking '/home/zhang/rosprc_ws/install/examples_rclcpp_minimal_publisher' for CMake config files
[154.529s] Level 1:colcon.colcon_core.shell:create_environment_hook('examples_rclcpp_minimal_publisher', 'cmake_prefix_path')
[154.529s] INFO:colcon.colcon_core.shell:Creating environment hook '/home/zhang/rosprc_ws/install/examples_rclcpp_minimal_publisher/share/examples_rclcpp_minimal_publisher/hook/cmake_prefix_path.ps1'
[154.531s] INFO:colcon.colcon_core.shell:Creating environment descriptor '/home/zhang/rosprc_ws/install/examples_rclcpp_minimal_publisher/share/examples_rclcpp_minimal_publisher/hook/cmake_prefix_path.dsv'
[154.532s] INFO:colcon.colcon_core.shell:Creating environment hook '/home/zhang/rosprc_ws/install/examples_rclcpp_minimal_publisher/share/examples_rclcpp_minimal_publisher/hook/cmake_prefix_path.sh'
[154.534s] Level 1:colcon.colcon_core.environment:checking '/home/zhang/rosprc_ws/install/examples_rclcpp_minimal_publisher/lib'
[154.535s] Level 1:colcon.colcon_core.environment:checking '/home/zhang/rosprc_ws/install/examples_rclcpp_minimal_publisher/bin'
[154.535s] Level 1:colcon.colcon_core.environment:checking '/home/zhang/rosprc_ws/install/examples_rclcpp_minimal_publisher/lib/pkgconfig/examples_rclcpp_minimal_publisher.pc'
[154.535s] Level 1:colcon.colcon_core.environment:checking '/home/zhang/rosprc_ws/install/examples_rclcpp_minimal_publisher/lib/python3.12/site-packages'
[154.536s] Level 1:colcon.colcon_core.environment:checking '/home/zhang/rosprc_ws/install/examples_rclcpp_minimal_publisher/bin'
[154.536s] INFO:colcon.colcon_core.shell:Creating package script '/home/zhang/rosprc_ws/install/examples_rclcpp_minimal_publisher/share/examples_rclcpp_minimal_publisher/package.ps1'
[154.537s] INFO:colcon.colcon_core.shell:Creating package descriptor '/home/zhang/rosprc_ws/install/examples_rclcpp_minimal_publisher/share/examples_rclcpp_minimal_publisher/package.dsv'
[154.538s] INFO:colcon.colcon_core.shell:Creating package script '/home/zhang/rosprc_ws/install/examples_rclcpp_minimal_publisher/share/examples_rclcpp_minimal_publisher/package.sh'
[154.539s] INFO:colcon.colcon_core.shell:Creating package script '/home/zhang/rosprc_ws/install/examples_rclcpp_minimal_publisher/share/examples_rclcpp_minimal_publisher/package.bash'
[154.539s] INFO:colcon.colcon_core.shell:Creating package script '/home/zhang/rosprc_ws/install/examples_rclcpp_minimal_publisher/share/examples_rclcpp_minimal_publisher/package.zsh'
[154.540s] Level 1:colcon.colcon_core.environment:create_file_with_runtime_dependencies(/home/zhang/rosprc_ws/install/examples_rclcpp_minimal_publisher/share/colcon-core/packages/examples_rclcpp_minimal_publisher)
[154.541s] Level 1:colcon.colcon_core.environment:create_environment_scripts_only(examples_rclcpp_minimal_publisher)
[154.542s] Level 1:colcon.colcon_core.environment:checking '/home/zhang/rosprc_ws/install/examples_rclcpp_minimal_publisher' for CMake module files
[154.543s] Level 1:colcon.colcon_core.environment:checking '/home/zhang/rosprc_ws/install/examples_rclcpp_minimal_publisher' for CMake config files
[154.544s] Level 1:colcon.colcon_core.shell:create_environment_hook('examples_rclcpp_minimal_publisher', 'cmake_prefix_path')
[154.544s] INFO:colcon.colcon_core.shell:Creating environment hook '/home/zhang/rosprc_ws/install/examples_rclcpp_minimal_publisher/share/examples_rclcpp_minimal_publisher/hook/cmake_prefix_path.ps1'
[154.545s] INFO:colcon.colcon_core.shell:Creating environment descriptor '/home/zhang/rosprc_ws/install/examples_rclcpp_minimal_publisher/share/examples_rclcpp_minimal_publisher/hook/cmake_prefix_path.dsv'
[154.546s] INFO:colcon.colcon_core.shell:Creating environment hook '/home/zhang/rosprc_ws/install/examples_rclcpp_minimal_publisher/share/examples_rclcpp_minimal_publisher/hook/cmake_prefix_path.sh'
[154.548s] Level 1:colcon.colcon_core.environment:checking '/home/zhang/rosprc_ws/install/examples_rclcpp_minimal_publisher/lib'
[154.548s] Level 1:colcon.colcon_core.environment:checking '/home/zhang/rosprc_ws/install/examples_rclcpp_minimal_publisher/bin'
[154.548s] Level 1:colcon.colcon_core.environment:checking '/home/zhang/rosprc_ws/install/examples_rclcpp_minimal_publisher/lib/pkgconfig/examples_rclcpp_minimal_publisher.pc'
[154.548s] Level 1:colcon.colcon_core.environment:checking '/home/zhang/rosprc_ws/install/examples_rclcpp_minimal_publisher/lib/python3.12/site-packages'
[154.549s] Level 1:colcon.colcon_core.environment:checking '/home/zhang/rosprc_ws/install/examples_rclcpp_minimal_publisher/bin'
[154.549s] INFO:colcon.colcon_core.shell:Creating package script '/home/zhang/rosprc_ws/install/examples_rclcpp_minimal_publisher/share/examples_rclcpp_minimal_publisher/package.ps1'
[154.550s] INFO:colcon.colcon_core.shell:Creating package descriptor '/home/zhang/rosprc_ws/install/examples_rclcpp_minimal_publisher/share/examples_rclcpp_minimal_publisher/package.dsv'
[154.552s] INFO:colcon.colcon_core.shell:Creating package script '/home/zhang/rosprc_ws/install/examples_rclcpp_minimal_publisher/share/examples_rclcpp_minimal_publisher/package.sh'
[154.554s] INFO:colcon.colcon_core.shell:Creating package script '/home/zhang/rosprc_ws/install/examples_rclcpp_minimal_publisher/share/examples_rclcpp_minimal_publisher/package.bash'
[154.555s] INFO:colcon.colcon_core.shell:Creating package script '/home/zhang/rosprc_ws/install/examples_rclcpp_minimal_publisher/share/examples_rclcpp_minimal_publisher/package.zsh'
[154.556s] Level 1:colcon.colcon_core.environment:create_file_with_runtime_dependencies(/home/zhang/rosprc_ws/install/examples_rclcpp_minimal_publisher/share/colcon-core/packages/examples_rclcpp_minimal_publisher)
[154.556s] DEBUG:colcon.colcon_core.executor.sequential:run_until_complete 'examples_rclcpp_minimal_publisher' finished with '0'
[154.556s] DEBUG:colcon.colcon_core.executor.sequential:run_until_complete 'examples_rclcpp_minimal_service'
[154.556s] INFO:colcon.colcon_ros.task.ament_cmake.build:Building ROS package in '/home/zhang/rosprc_ws/src/examples/rclcpp/services/minimal_service' with build type 'ament_cmake'
[154.557s] INFO:colcon.colcon_cmake.task.cmake.build:Building CMake package in '/home/zhang/rosprc_ws/src/examples/rclcpp/services/minimal_service'
[154.557s] INFO:colcon.colcon_core.shell:Skip shell extension 'powershell' for command environment: Not usable outside of PowerShell
[154.558s] DEBUG:colcon.colcon_core.shell:Skip shell extension 'dsv' for command environment
[154.589s] DEBUG:colcon.colcon_core.event_handler.log_command:Invoking command in '/home/zhang/rosprc_ws/build/examples_rclcpp_minimal_service': CMAKE_PREFIX_PATH=${CMAKE_PREFIX_PATH}:/opt/ros/jazzy /usr/bin/cmake --build /home/zhang/rosprc_ws/build/examples_rclcpp_minimal_service -- -j20 -l20
[164.428s] DEBUG:colcon.colcon_core.event_handler.log_command:Invoked command in '/home/zhang/rosprc_ws/build/examples_rclcpp_minimal_service' returned '0': CMAKE_PREFIX_PATH=${CMAKE_PREFIX_PATH}:/opt/ros/jazzy /usr/bin/cmake --build /home/zhang/rosprc_ws/build/examples_rclcpp_minimal_service -- -j20 -l20
[164.435s] DEBUG:colcon.colcon_core.event_handler.log_command:Invoking command in '/home/zhang/rosprc_ws/build/examples_rclcpp_minimal_service': CMAKE_PREFIX_PATH=${CMAKE_PREFIX_PATH}:/opt/ros/jazzy /usr/bin/cmake --install /home/zhang/rosprc_ws/build/examples_rclcpp_minimal_service
[164.800s] Level 1:colcon.colcon_core.environment:create_environment_scripts_only(examples_rclcpp_minimal_service)
[164.801s] Level 1:colcon.colcon_core.environment:checking '/home/zhang/rosprc_ws/install/examples_rclcpp_minimal_service' for CMake module files
[164.803s] DEBUG:colcon.colcon_core.event_handler.log_command:Invoked command in '/home/zhang/rosprc_ws/build/examples_rclcpp_minimal_service' returned '0': CMAKE_PREFIX_PATH=${CMAKE_PREFIX_PATH}:/opt/ros/jazzy /usr/bin/cmake --install /home/zhang/rosprc_ws/build/examples_rclcpp_minimal_service
[164.803s] Level 1:colcon.colcon_core.environment:checking '/home/zhang/rosprc_ws/install/examples_rclcpp_minimal_service' for CMake config files
[164.804s] Level 1:colcon.colcon_core.shell:create_environment_hook('examples_rclcpp_minimal_service', 'cmake_prefix_path')
[164.804s] INFO:colcon.colcon_core.shell:Creating environment hook '/home/zhang/rosprc_ws/install/examples_rclcpp_minimal_service/share/examples_rclcpp_minimal_service/hook/cmake_prefix_path.ps1'
[164.805s] INFO:colcon.colcon_core.shell:Creating environment descriptor '/home/zhang/rosprc_ws/install/examples_rclcpp_minimal_service/share/examples_rclcpp_minimal_service/hook/cmake_prefix_path.dsv'
[164.806s] INFO:colcon.colcon_core.shell:Creating environment hook '/home/zhang/rosprc_ws/install/examples_rclcpp_minimal_service/share/examples_rclcpp_minimal_service/hook/cmake_prefix_path.sh'
[164.808s] Level 1:colcon.colcon_core.environment:checking '/home/zhang/rosprc_ws/install/examples_rclcpp_minimal_service/lib'
[164.808s] Level 1:colcon.colcon_core.environment:checking '/home/zhang/rosprc_ws/install/examples_rclcpp_minimal_service/bin'
[164.808s] Level 1:colcon.colcon_core.environment:checking '/home/zhang/rosprc_ws/install/examples_rclcpp_minimal_service/lib/pkgconfig/examples_rclcpp_minimal_service.pc'
[164.809s] Level 1:colcon.colcon_core.environment:checking '/home/zhang/rosprc_ws/install/examples_rclcpp_minimal_service/lib/python3.12/site-packages'
[164.809s] Level 1:colcon.colcon_core.environment:checking '/home/zhang/rosprc_ws/install/examples_rclcpp_minimal_service/bin'
[164.809s] INFO:colcon.colcon_core.shell:Creating package script '/home/zhang/rosprc_ws/install/examples_rclcpp_minimal_service/share/examples_rclcpp_minimal_service/package.ps1'
[164.810s] INFO:colcon.colcon_core.shell:Creating package descriptor '/home/zhang/rosprc_ws/install/examples_rclcpp_minimal_service/share/examples_rclcpp_minimal_service/package.dsv'
[164.811s] INFO:colcon.colcon_core.shell:Creating package script '/home/zhang/rosprc_ws/install/examples_rclcpp_minimal_service/share/examples_rclcpp_minimal_service/package.sh'
[164.812s] INFO:colcon.colcon_core.shell:Creating package script '/home/zhang/rosprc_ws/install/examples_rclcpp_minimal_service/share/examples_rclcpp_minimal_service/package.bash'
[164.813s] INFO:colcon.colcon_core.shell:Creating package script '/home/zhang/rosprc_ws/install/examples_rclcpp_minimal_service/share/examples_rclcpp_minimal_service/package.zsh'
[164.815s] Level 1:colcon.colcon_core.environment:create_file_with_runtime_dependencies(/home/zhang/rosprc_ws/install/examples_rclcpp_minimal_service/share/colcon-core/packages/examples_rclcpp_minimal_service)
[164.816s] Level 1:colcon.colcon_core.environment:create_environment_scripts_only(examples_rclcpp_minimal_service)
[164.816s] Level 1:colcon.colcon_core.environment:checking '/home/zhang/rosprc_ws/install/examples_rclcpp_minimal_service' for CMake module files
[164.817s] Level 1:colcon.colcon_core.environment:checking '/home/zhang/rosprc_ws/install/examples_rclcpp_minimal_service' for CMake config files
[164.817s] Level 1:colcon.colcon_core.shell:create_environment_hook('examples_rclcpp_minimal_service', 'cmake_prefix_path')
[164.817s] INFO:colcon.colcon_core.shell:Creating environment hook '/home/zhang/rosprc_ws/install/examples_rclcpp_minimal_service/share/examples_rclcpp_minimal_service/hook/cmake_prefix_path.ps1'
[164.818s] INFO:colcon.colcon_core.shell:Creating environment descriptor '/home/zhang/rosprc_ws/install/examples_rclcpp_minimal_service/share/examples_rclcpp_minimal_service/hook/cmake_prefix_path.dsv'
[164.819s] INFO:colcon.colcon_core.shell:Creating environment hook '/home/zhang/rosprc_ws/install/examples_rclcpp_minimal_service/share/examples_rclcpp_minimal_service/hook/cmake_prefix_path.sh'
[164.821s] Level 1:colcon.colcon_core.environment:checking '/home/zhang/rosprc_ws/install/examples_rclcpp_minimal_service/lib'
[164.821s] Level 1:colcon.colcon_core.environment:checking '/home/zhang/rosprc_ws/install/examples_rclcpp_minimal_service/bin'
[164.821s] Level 1:colcon.colcon_core.environment:checking '/home/zhang/rosprc_ws/install/examples_rclcpp_minimal_service/lib/pkgconfig/examples_rclcpp_minimal_service.pc'
[164.822s] Level 1:colcon.colcon_core.environment:checking '/home/zhang/rosprc_ws/install/examples_rclcpp_minimal_service/lib/python3.12/site-packages'
[164.824s] Level 1:colcon.colcon_core.environment:checking '/home/zhang/rosprc_ws/install/examples_rclcpp_minimal_service/bin'
[164.825s] INFO:colcon.colcon_core.shell:Creating package script '/home/zhang/rosprc_ws/install/examples_rclcpp_minimal_service/share/examples_rclcpp_minimal_service/package.ps1'
[164.827s] INFO:colcon.colcon_core.shell:Creating package descriptor '/home/zhang/rosprc_ws/install/examples_rclcpp_minimal_service/share/examples_rclcpp_minimal_service/package.dsv'
[164.828s] INFO:colcon.colcon_core.shell:Creating package script '/home/zhang/rosprc_ws/install/examples_rclcpp_minimal_service/share/examples_rclcpp_minimal_service/package.sh'
[164.828s] INFO:colcon.colcon_core.shell:Creating package script '/home/zhang/rosprc_ws/install/examples_rclcpp_minimal_service/share/examples_rclcpp_minimal_service/package.bash'
[164.829s] INFO:colcon.colcon_core.shell:Creating package script '/home/zhang/rosprc_ws/install/examples_rclcpp_minimal_service/share/examples_rclcpp_minimal_service/package.zsh'
[164.829s] Level 1:colcon.colcon_core.environment:create_file_with_runtime_dependencies(/home/zhang/rosprc_ws/install/examples_rclcpp_minimal_service/share/colcon-core/packages/examples_rclcpp_minimal_service)
[164.830s] DEBUG:colcon.colcon_core.executor.sequential:run_until_complete 'examples_rclcpp_minimal_service' finished with '0'
[164.830s] DEBUG:colcon.colcon_core.executor.sequential:run_until_complete 'examples_rclcpp_minimal_subscriber'
[164.830s] INFO:colcon.colcon_ros.task.ament_cmake.build:Building ROS package in '/home/zhang/rosprc_ws/src/examples/rclcpp/topics/minimal_subscriber' with build type 'ament_cmake'
[164.831s] INFO:colcon.colcon_cmake.task.cmake.build:Building CMake package in '/home/zhang/rosprc_ws/src/examples/rclcpp/topics/minimal_subscriber'
[164.831s] INFO:colcon.colcon_core.shell:Skip shell extension 'powershell' for command environment: Not usable outside of PowerShell
[164.831s] DEBUG:colcon.colcon_core.shell:Skip shell extension 'dsv' for command environment
[164.863s] DEBUG:colcon.colcon_core.event_handler.log_command:Invoking command in '/home/zhang/rosprc_ws/build/examples_rclcpp_minimal_subscriber': CMAKE_PREFIX_PATH=${CMAKE_PREFIX_PATH}:/opt/ros/jazzy /usr/bin/cmake --build /home/zhang/rosprc_ws/build/examples_rclcpp_minimal_subscriber -- -j20 -l20
[230.962s] DEBUG:colcon.colcon_core.event_handler.log_command:Invoked command in '/home/zhang/rosprc_ws/build/examples_rclcpp_minimal_subscriber' returned '0': CMAKE_PREFIX_PATH=${CMAKE_PREFIX_PATH}:/opt/ros/jazzy /usr/bin/cmake --build /home/zhang/rosprc_ws/build/examples_rclcpp_minimal_subscriber -- -j20 -l20
[231.004s] DEBUG:colcon.colcon_core.event_handler.log_command:Invoking command in '/home/zhang/rosprc_ws/build/examples_rclcpp_minimal_subscriber': CMAKE_PREFIX_PATH=${CMAKE_PREFIX_PATH}:/opt/ros/jazzy /usr/bin/cmake --install /home/zhang/rosprc_ws/build/examples_rclcpp_minimal_subscriber
[231.569s] Level 1:colcon.colcon_core.environment:create_environment_scripts_only(examples_rclcpp_minimal_subscriber)
[231.572s] DEBUG:colcon.colcon_core.event_handler.log_command:Invoked command in '/home/zhang/rosprc_ws/build/examples_rclcpp_minimal_subscriber' returned '0': CMAKE_PREFIX_PATH=${CMAKE_PREFIX_PATH}:/opt/ros/jazzy /usr/bin/cmake --install /home/zhang/rosprc_ws/build/examples_rclcpp_minimal_subscriber
[231.585s] Level 1:colcon.colcon_core.environment:checking '/home/zhang/rosprc_ws/install/examples_rclcpp_minimal_subscriber' for CMake module files
[231.589s] Level 1:colcon.colcon_core.environment:checking '/home/zhang/rosprc_ws/install/examples_rclcpp_minimal_subscriber' for CMake config files
[231.590s] Level 1:colcon.colcon_core.shell:create_environment_hook('examples_rclcpp_minimal_subscriber', 'cmake_prefix_path')
[231.593s] INFO:colcon.colcon_core.shell:Creating environment hook '/home/zhang/rosprc_ws/install/examples_rclcpp_minimal_subscriber/share/examples_rclcpp_minimal_subscriber/hook/cmake_prefix_path.ps1'
[231.608s] INFO:colcon.colcon_core.shell:Creating environment descriptor '/home/zhang/rosprc_ws/install/examples_rclcpp_minimal_subscriber/share/examples_rclcpp_minimal_subscriber/hook/cmake_prefix_path.dsv'
[231.613s] INFO:colcon.colcon_core.shell:Creating environment hook '/home/zhang/rosprc_ws/install/examples_rclcpp_minimal_subscriber/share/examples_rclcpp_minimal_subscriber/hook/cmake_prefix_path.sh'
[231.619s] Level 1:colcon.colcon_core.environment:checking '/home/zhang/rosprc_ws/install/examples_rclcpp_minimal_subscriber/lib'
[231.621s] Level 1:colcon.colcon_core.shell:create_environment_hook('examples_rclcpp_minimal_subscriber', 'ld_library_path_lib')
[231.621s] INFO:colcon.colcon_core.shell:Creating environment hook '/home/zhang/rosprc_ws/install/examples_rclcpp_minimal_subscriber/share/examples_rclcpp_minimal_subscriber/hook/ld_library_path_lib.ps1'
[231.623s] INFO:colcon.colcon_core.shell:Creating environment descriptor '/home/zhang/rosprc_ws/install/examples_rclcpp_minimal_subscriber/share/examples_rclcpp_minimal_subscriber/hook/ld_library_path_lib.dsv'
[231.624s] INFO:colcon.colcon_core.shell:Creating environment hook '/home/zhang/rosprc_ws/install/examples_rclcpp_minimal_subscriber/share/examples_rclcpp_minimal_subscriber/hook/ld_library_path_lib.sh'
[231.626s] Level 1:colcon.colcon_core.environment:checking '/home/zhang/rosprc_ws/install/examples_rclcpp_minimal_subscriber/bin'
[231.626s] Level 1:colcon.colcon_core.environment:checking '/home/zhang/rosprc_ws/install/examples_rclcpp_minimal_subscriber/lib/pkgconfig/examples_rclcpp_minimal_subscriber.pc'
[231.629s] Level 1:colcon.colcon_core.environment:checking '/home/zhang/rosprc_ws/install/examples_rclcpp_minimal_subscriber/lib/python3.12/site-packages'
[231.630s] Level 1:colcon.colcon_core.environment:checking '/home/zhang/rosprc_ws/install/examples_rclcpp_minimal_subscriber/bin'
[231.631s] INFO:colcon.colcon_core.shell:Creating package script '/home/zhang/rosprc_ws/install/examples_rclcpp_minimal_subscriber/share/examples_rclcpp_minimal_subscriber/package.ps1'
[231.636s] INFO:colcon.colcon_core.shell:Creating package descriptor '/home/zhang/rosprc_ws/install/examples_rclcpp_minimal_subscriber/share/examples_rclcpp_minimal_subscriber/package.dsv'
[231.638s] INFO:colcon.colcon_core.shell:Creating package script '/home/zhang/rosprc_ws/install/examples_rclcpp_minimal_subscriber/share/examples_rclcpp_minimal_subscriber/package.sh'
[231.640s] INFO:colcon.colcon_core.shell:Creating package script '/home/zhang/rosprc_ws/install/examples_rclcpp_minimal_subscriber/share/examples_rclcpp_minimal_subscriber/package.bash'
[231.642s] INFO:colcon.colcon_core.shell:Creating package script '/home/zhang/rosprc_ws/install/examples_rclcpp_minimal_subscriber/share/examples_rclcpp_minimal_subscriber/package.zsh'
[231.645s] Level 1:colcon.colcon_core.environment:create_file_with_runtime_dependencies(/home/zhang/rosprc_ws/install/examples_rclcpp_minimal_subscriber/share/colcon-core/packages/examples_rclcpp_minimal_subscriber)
[231.650s] Level 1:colcon.colcon_core.environment:create_environment_scripts_only(examples_rclcpp_minimal_subscriber)
[231.650s] Level 1:colcon.colcon_core.environment:checking '/home/zhang/rosprc_ws/install/examples_rclcpp_minimal_subscriber' for CMake module files
[231.652s] Level 1:colcon.colcon_core.environment:checking '/home/zhang/rosprc_ws/install/examples_rclcpp_minimal_subscriber' for CMake config files
[231.652s] Level 1:colcon.colcon_core.shell:create_environment_hook('examples_rclcpp_minimal_subscriber', 'cmake_prefix_path')
[231.653s] INFO:colcon.colcon_core.shell:Creating environment hook '/home/zhang/rosprc_ws/install/examples_rclcpp_minimal_subscriber/share/examples_rclcpp_minimal_subscriber/hook/cmake_prefix_path.ps1'
[231.654s] INFO:colcon.colcon_core.shell:Creating environment descriptor '/home/zhang/rosprc_ws/install/examples_rclcpp_minimal_subscriber/share/examples_rclcpp_minimal_subscriber/hook/cmake_prefix_path.dsv'
[231.655s] INFO:colcon.colcon_core.shell:Creating environment hook '/home/zhang/rosprc_ws/install/examples_rclcpp_minimal_subscriber/share/examples_rclcpp_minimal_subscriber/hook/cmake_prefix_path.sh'
[231.656s] Level 1:colcon.colcon_core.environment:checking '/home/zhang/rosprc_ws/install/examples_rclcpp_minimal_subscriber/lib'
[231.657s] Level 1:colcon.colcon_core.shell:create_environment_hook('examples_rclcpp_minimal_subscriber', 'ld_library_path_lib')
[231.659s] INFO:colcon.colcon_core.shell:Creating environment hook '/home/zhang/rosprc_ws/install/examples_rclcpp_minimal_subscriber/share/examples_rclcpp_minimal_subscriber/hook/ld_library_path_lib.ps1'
[231.661s] INFO:colcon.colcon_core.shell:Creating environment descriptor '/home/zhang/rosprc_ws/install/examples_rclcpp_minimal_subscriber/share/examples_rclcpp_minimal_subscriber/hook/ld_library_path_lib.dsv'
[231.662s] INFO:colcon.colcon_core.shell:Creating environment hook '/home/zhang/rosprc_ws/install/examples_rclcpp_minimal_subscriber/share/examples_rclcpp_minimal_subscriber/hook/ld_library_path_lib.sh'
[231.663s] Level 1:colcon.colcon_core.environment:checking '/home/zhang/rosprc_ws/install/examples_rclcpp_minimal_subscriber/bin'
[231.663s] Level 1:colcon.colcon_core.environment:checking '/home/zhang/rosprc_ws/install/examples_rclcpp_minimal_subscriber/lib/pkgconfig/examples_rclcpp_minimal_subscriber.pc'
[231.664s] Level 1:colcon.colcon_core.environment:checking '/home/zhang/rosprc_ws/install/examples_rclcpp_minimal_subscriber/lib/python3.12/site-packages'
[231.664s] Level 1:colcon.colcon_core.environment:checking '/home/zhang/rosprc_ws/install/examples_rclcpp_minimal_subscriber/bin'
[231.666s] INFO:colcon.colcon_core.shell:Creating package script '/home/zhang/rosprc_ws/install/examples_rclcpp_minimal_subscriber/share/examples_rclcpp_minimal_subscriber/package.ps1'
[231.669s] INFO:colcon.colcon_core.shell:Creating package descriptor '/home/zhang/rosprc_ws/install/examples_rclcpp_minimal_subscriber/share/examples_rclcpp_minimal_subscriber/package.dsv'
[231.672s] INFO:colcon.colcon_core.shell:Creating package script '/home/zhang/rosprc_ws/install/examples_rclcpp_minimal_subscriber/share/examples_rclcpp_minimal_subscriber/package.sh'
[231.673s] INFO:colcon.colcon_core.shell:Creating package script '/home/zhang/rosprc_ws/install/examples_rclcpp_minimal_subscriber/share/examples_rclcpp_minimal_subscriber/package.bash'
[231.674s] INFO:colcon.colcon_core.shell:Creating package script '/home/zhang/rosprc_ws/install/examples_rclcpp_minimal_subscriber/share/examples_rclcpp_minimal_subscriber/package.zsh'
[231.676s] Level 1:colcon.colcon_core.environment:create_file_with_runtime_dependencies(/home/zhang/rosprc_ws/install/examples_rclcpp_minimal_subscriber/share/colcon-core/packages/examples_rclcpp_minimal_subscriber)
[231.679s] DEBUG:colcon.colcon_core.executor.sequential:run_until_complete 'examples_rclcpp_minimal_subscriber' finished with '0'
[231.679s] DEBUG:colcon.colcon_core.executor.sequential:run_until_complete 'examples_rclcpp_minimal_timer'
[231.682s] INFO:colcon.colcon_ros.task.ament_cmake.build:Building ROS package in '/home/zhang/rosprc_ws/src/examples/rclcpp/timers/minimal_timer' with build type 'ament_cmake'
[231.684s] INFO:colcon.colcon_cmake.task.cmake.build:Building CMake package in '/home/zhang/rosprc_ws/src/examples/rclcpp/timers/minimal_timer'
[231.685s] INFO:colcon.colcon_core.shell:Skip shell extension 'powershell' for command environment: Not usable outside of PowerShell
[231.685s] DEBUG:colcon.colcon_core.shell:Skip shell extension 'dsv' for command environment
[231.726s] DEBUG:colcon.colcon_core.event_handler.log_command:Invoking command in '/home/zhang/rosprc_ws/build/examples_rclcpp_minimal_timer': CMAKE_PREFIX_PATH=${CMAKE_PREFIX_PATH}:/opt/ros/jazzy /usr/bin/cmake --build /home/zhang/rosprc_ws/build/examples_rclcpp_minimal_timer -- -j20 -l20
[241.625s] DEBUG:colcon.colcon_core.event_handler.log_command:Invoked command in '/home/zhang/rosprc_ws/build/examples_rclcpp_minimal_timer' returned '0': CMAKE_PREFIX_PATH=${CMAKE_PREFIX_PATH}:/opt/ros/jazzy /usr/bin/cmake --build /home/zhang/rosprc_ws/build/examples_rclcpp_minimal_timer -- -j20 -l20
[241.637s] DEBUG:colcon.colcon_core.event_handler.log_command:Invoking command in '/home/zhang/rosprc_ws/build/examples_rclcpp_minimal_timer': CMAKE_PREFIX_PATH=${CMAKE_PREFIX_PATH}:/opt/ros/jazzy /usr/bin/cmake --install /home/zhang/rosprc_ws/build/examples_rclcpp_minimal_timer
[242.177s] Level 1:colcon.colcon_core.environment:create_environment_scripts_only(examples_rclcpp_minimal_timer)
[242.180s] Level 1:colcon.colcon_core.environment:checking '/home/zhang/rosprc_ws/install/examples_rclcpp_minimal_timer' for CMake module files
[242.181s] DEBUG:colcon.colcon_core.event_handler.log_command:Invoked command in '/home/zhang/rosprc_ws/build/examples_rclcpp_minimal_timer' returned '0': CMAKE_PREFIX_PATH=${CMAKE_PREFIX_PATH}:/opt/ros/jazzy /usr/bin/cmake --install /home/zhang/rosprc_ws/build/examples_rclcpp_minimal_timer
[242.182s] Level 1:colcon.colcon_core.environment:checking '/home/zhang/rosprc_ws/install/examples_rclcpp_minimal_timer' for CMake config files
[242.183s] Level 1:colcon.colcon_core.shell:create_environment_hook('examples_rclcpp_minimal_timer', 'cmake_prefix_path')
[242.184s] INFO:colcon.colcon_core.shell:Creating environment hook '/home/zhang/rosprc_ws/install/examples_rclcpp_minimal_timer/share/examples_rclcpp_minimal_timer/hook/cmake_prefix_path.ps1'
[242.187s] INFO:colcon.colcon_core.shell:Creating environment descriptor '/home/zhang/rosprc_ws/install/examples_rclcpp_minimal_timer/share/examples_rclcpp_minimal_timer/hook/cmake_prefix_path.dsv'
[242.189s] INFO:colcon.colcon_core.shell:Creating environment hook '/home/zhang/rosprc_ws/install/examples_rclcpp_minimal_timer/share/examples_rclcpp_minimal_timer/hook/cmake_prefix_path.sh'
[242.190s] Level 1:colcon.colcon_core.environment:checking '/home/zhang/rosprc_ws/install/examples_rclcpp_minimal_timer/lib'
[242.191s] Level 1:colcon.colcon_core.environment:checking '/home/zhang/rosprc_ws/install/examples_rclcpp_minimal_timer/bin'
[242.191s] Level 1:colcon.colcon_core.environment:checking '/home/zhang/rosprc_ws/install/examples_rclcpp_minimal_timer/lib/pkgconfig/examples_rclcpp_minimal_timer.pc'
[242.191s] Level 1:colcon.colcon_core.environment:checking '/home/zhang/rosprc_ws/install/examples_rclcpp_minimal_timer/lib/python3.12/site-packages'
[242.192s] Level 1:colcon.colcon_core.environment:checking '/home/zhang/rosprc_ws/install/examples_rclcpp_minimal_timer/bin'
[242.194s] INFO:colcon.colcon_core.shell:Creating package script '/home/zhang/rosprc_ws/install/examples_rclcpp_minimal_timer/share/examples_rclcpp_minimal_timer/package.ps1'
[242.197s] INFO:colcon.colcon_core.shell:Creating package descriptor '/home/zhang/rosprc_ws/install/examples_rclcpp_minimal_timer/share/examples_rclcpp_minimal_timer/package.dsv'
[242.198s] INFO:colcon.colcon_core.shell:Creating package script '/home/zhang/rosprc_ws/install/examples_rclcpp_minimal_timer/share/examples_rclcpp_minimal_timer/package.sh'
[242.199s] INFO:colcon.colcon_core.shell:Creating package script '/home/zhang/rosprc_ws/install/examples_rclcpp_minimal_timer/share/examples_rclcpp_minimal_timer/package.bash'
[242.200s] INFO:colcon.colcon_core.shell:Creating package script '/home/zhang/rosprc_ws/install/examples_rclcpp_minimal_timer/share/examples_rclcpp_minimal_timer/package.zsh'
[242.202s] Level 1:colcon.colcon_core.environment:create_file_with_runtime_dependencies(/home/zhang/rosprc_ws/install/examples_rclcpp_minimal_timer/share/colcon-core/packages/examples_rclcpp_minimal_timer)
[242.208s] Level 1:colcon.colcon_core.environment:create_environment_scripts_only(examples_rclcpp_minimal_timer)
[242.209s] Level 1:colcon.colcon_core.environment:checking '/home/zhang/rosprc_ws/install/examples_rclcpp_minimal_timer' for CMake module files
[242.211s] Level 1:colcon.colcon_core.environment:checking '/home/zhang/rosprc_ws/install/examples_rclcpp_minimal_timer' for CMake config files
[242.212s] Level 1:colcon.colcon_core.shell:create_environment_hook('examples_rclcpp_minimal_timer', 'cmake_prefix_path')
[242.213s] INFO:colcon.colcon_core.shell:Creating environment hook '/home/zhang/rosprc_ws/install/examples_rclcpp_minimal_timer/share/examples_rclcpp_minimal_timer/hook/cmake_prefix_path.ps1'
[242.218s] INFO:colcon.colcon_core.shell:Creating environment descriptor '/home/zhang/rosprc_ws/install/examples_rclcpp_minimal_timer/share/examples_rclcpp_minimal_timer/hook/cmake_prefix_path.dsv'
[242.221s] INFO:colcon.colcon_core.shell:Creating environment hook '/home/zhang/rosprc_ws/install/examples_rclcpp_minimal_timer/share/examples_rclcpp_minimal_timer/hook/cmake_prefix_path.sh'
[242.225s] Level 1:colcon.colcon_core.environment:checking '/home/zhang/rosprc_ws/install/examples_rclcpp_minimal_timer/lib'
[242.226s] Level 1:colcon.colcon_core.environment:checking '/home/zhang/rosprc_ws/install/examples_rclcpp_minimal_timer/bin'
[242.226s] Level 1:colcon.colcon_core.environment:checking '/home/zhang/rosprc_ws/install/examples_rclcpp_minimal_timer/lib/pkgconfig/examples_rclcpp_minimal_timer.pc'
[242.227s] Level 1:colcon.colcon_core.environment:checking '/home/zhang/rosprc_ws/install/examples_rclcpp_minimal_timer/lib/python3.12/site-packages'
[242.229s] Level 1:colcon.colcon_core.environment:checking '/home/zhang/rosprc_ws/install/examples_rclcpp_minimal_timer/bin'
[242.231s] INFO:colcon.colcon_core.shell:Creating package script '/home/zhang/rosprc_ws/install/examples_rclcpp_minimal_timer/share/examples_rclcpp_minimal_timer/package.ps1'
[242.233s] INFO:colcon.colcon_core.shell:Creating package descriptor '/home/zhang/rosprc_ws/install/examples_rclcpp_minimal_timer/share/examples_rclcpp_minimal_timer/package.dsv'
[242.236s] INFO:colcon.colcon_core.shell:Creating package script '/home/zhang/rosprc_ws/install/examples_rclcpp_minimal_timer/share/examples_rclcpp_minimal_timer/package.sh'
[242.239s] INFO:colcon.colcon_core.shell:Creating package script '/home/zhang/rosprc_ws/install/examples_rclcpp_minimal_timer/share/examples_rclcpp_minimal_timer/package.bash'
[242.241s] INFO:colcon.colcon_core.shell:Creating package script '/home/zhang/rosprc_ws/install/examples_rclcpp_minimal_timer/share/examples_rclcpp_minimal_timer/package.zsh'
[242.244s] Level 1:colcon.colcon_core.environment:create_file_with_runtime_dependencies(/home/zhang/rosprc_ws/install/examples_rclcpp_minimal_timer/share/colcon-core/packages/examples_rclcpp_minimal_timer)
[242.246s] DEBUG:colcon.colcon_core.executor.sequential:run_until_complete 'examples_rclcpp_minimal_timer' finished with '0'
[242.248s] DEBUG:colcon.colcon_core.executor.sequential:run_until_complete 'examples_rclcpp_multithreaded_executor'
[242.250s] INFO:colcon.colcon_ros.task.ament_cmake.build:Building ROS package in '/home/zhang/rosprc_ws/src/examples/rclcpp/executors/multithreaded_executor' with build type 'ament_cmake'
[242.252s] INFO:colcon.colcon_cmake.task.cmake.build:Building CMake package in '/home/zhang/rosprc_ws/src/examples/rclcpp/executors/multithreaded_executor'
[242.253s] INFO:colcon.colcon_core.shell:Skip shell extension 'powershell' for command environment: Not usable outside of PowerShell
[242.254s] DEBUG:colcon.colcon_core.shell:Skip shell extension 'dsv' for command environment
[242.318s] DEBUG:colcon.colcon_core.event_handler.log_command:Invoking command in '/home/zhang/rosprc_ws/build/examples_rclcpp_multithreaded_executor': CMAKE_PREFIX_PATH=${CMAKE_PREFIX_PATH}:/opt/ros/jazzy /usr/bin/cmake --build /home/zhang/rosprc_ws/build/examples_rclcpp_multithreaded_executor -- -j20 -l20
[256.558s] DEBUG:colcon.colcon_core.event_handler.log_command:Invoked command in '/home/zhang/rosprc_ws/build/examples_rclcpp_multithreaded_executor' returned '0': CMAKE_PREFIX_PATH=${CMAKE_PREFIX_PATH}:/opt/ros/jazzy /usr/bin/cmake --build /home/zhang/rosprc_ws/build/examples_rclcpp_multithreaded_executor -- -j20 -l20
[256.565s] DEBUG:colcon.colcon_core.event_handler.log_command:Invoking command in '/home/zhang/rosprc_ws/build/examples_rclcpp_multithreaded_executor': CMAKE_PREFIX_PATH=${CMAKE_PREFIX_PATH}:/opt/ros/jazzy /usr/bin/cmake --install /home/zhang/rosprc_ws/build/examples_rclcpp_multithreaded_executor
[256.970s] Level 1:colcon.colcon_core.environment:create_environment_scripts_only(examples_rclcpp_multithreaded_executor)
[256.971s] Level 1:colcon.colcon_core.environment:checking '/home/zhang/rosprc_ws/install/examples_rclcpp_multithreaded_executor' for CMake module files
[256.972s] DEBUG:colcon.colcon_core.event_handler.log_command:Invoked command in '/home/zhang/rosprc_ws/build/examples_rclcpp_multithreaded_executor' returned '0': CMAKE_PREFIX_PATH=${CMAKE_PREFIX_PATH}:/opt/ros/jazzy /usr/bin/cmake --install /home/zhang/rosprc_ws/build/examples_rclcpp_multithreaded_executor
[256.973s] Level 1:colcon.colcon_core.environment:checking '/home/zhang/rosprc_ws/install/examples_rclcpp_multithreaded_executor' for CMake config files
[256.973s] Level 1:colcon.colcon_core.shell:create_environment_hook('examples_rclcpp_multithreaded_executor', 'cmake_prefix_path')
[256.975s] INFO:colcon.colcon_core.shell:Creating environment hook '/home/zhang/rosprc_ws/install/examples_rclcpp_multithreaded_executor/share/examples_rclcpp_multithreaded_executor/hook/cmake_prefix_path.ps1'
[256.979s] INFO:colcon.colcon_core.shell:Creating environment descriptor '/home/zhang/rosprc_ws/install/examples_rclcpp_multithreaded_executor/share/examples_rclcpp_multithreaded_executor/hook/cmake_prefix_path.dsv'
[256.980s] INFO:colcon.colcon_core.shell:Creating environment hook '/home/zhang/rosprc_ws/install/examples_rclcpp_multithreaded_executor/share/examples_rclcpp_multithreaded_executor/hook/cmake_prefix_path.sh'
[256.982s] Level 1:colcon.colcon_core.environment:checking '/home/zhang/rosprc_ws/install/examples_rclcpp_multithreaded_executor/lib'
[256.982s] Level 1:colcon.colcon_core.environment:checking '/home/zhang/rosprc_ws/install/examples_rclcpp_multithreaded_executor/bin'
[256.983s] Level 1:colcon.colcon_core.environment:checking '/home/zhang/rosprc_ws/install/examples_rclcpp_multithreaded_executor/lib/pkgconfig/examples_rclcpp_multithreaded_executor.pc'
[256.984s] Level 1:colcon.colcon_core.environment:checking '/home/zhang/rosprc_ws/install/examples_rclcpp_multithreaded_executor/lib/python3.12/site-packages'
[256.984s] Level 1:colcon.colcon_core.environment:checking '/home/zhang/rosprc_ws/install/examples_rclcpp_multithreaded_executor/bin'
[256.985s] INFO:colcon.colcon_core.shell:Creating package script '/home/zhang/rosprc_ws/install/examples_rclcpp_multithreaded_executor/share/examples_rclcpp_multithreaded_executor/package.ps1'
[256.987s] INFO:colcon.colcon_core.shell:Creating package descriptor '/home/zhang/rosprc_ws/install/examples_rclcpp_multithreaded_executor/share/examples_rclcpp_multithreaded_executor/package.dsv'
[256.990s] INFO:colcon.colcon_core.shell:Creating package script '/home/zhang/rosprc_ws/install/examples_rclcpp_multithreaded_executor/share/examples_rclcpp_multithreaded_executor/package.sh'
[256.991s] INFO:colcon.colcon_core.shell:Creating package script '/home/zhang/rosprc_ws/install/examples_rclcpp_multithreaded_executor/share/examples_rclcpp_multithreaded_executor/package.bash'
[256.992s] INFO:colcon.colcon_core.shell:Creating package script '/home/zhang/rosprc_ws/install/examples_rclcpp_multithreaded_executor/share/examples_rclcpp_multithreaded_executor/package.zsh'
[256.993s] Level 1:colcon.colcon_core.environment:create_file_with_runtime_dependencies(/home/zhang/rosprc_ws/install/examples_rclcpp_multithreaded_executor/share/colcon-core/packages/examples_rclcpp_multithreaded_executor)
[256.995s] Level 1:colcon.colcon_core.environment:create_environment_scripts_only(examples_rclcpp_multithreaded_executor)
[256.997s] Level 1:colcon.colcon_core.environment:checking '/home/zhang/rosprc_ws/install/examples_rclcpp_multithreaded_executor' for CMake module files
[257.000s] Level 1:colcon.colcon_core.environment:checking '/home/zhang/rosprc_ws/install/examples_rclcpp_multithreaded_executor' for CMake config files
[257.001s] Level 1:colcon.colcon_core.shell:create_environment_hook('examples_rclcpp_multithreaded_executor', 'cmake_prefix_path')
[257.004s] INFO:colcon.colcon_core.shell:Creating environment hook '/home/zhang/rosprc_ws/install/examples_rclcpp_multithreaded_executor/share/examples_rclcpp_multithreaded_executor/hook/cmake_prefix_path.ps1'
[257.007s] INFO:colcon.colcon_core.shell:Creating environment descriptor '/home/zhang/rosprc_ws/install/examples_rclcpp_multithreaded_executor/share/examples_rclcpp_multithreaded_executor/hook/cmake_prefix_path.dsv'
[257.009s] INFO:colcon.colcon_core.shell:Creating environment hook '/home/zhang/rosprc_ws/install/examples_rclcpp_multithreaded_executor/share/examples_rclcpp_multithreaded_executor/hook/cmake_prefix_path.sh'
[257.012s] Level 1:colcon.colcon_core.environment:checking '/home/zhang/rosprc_ws/install/examples_rclcpp_multithreaded_executor/lib'
[257.013s] Level 1:colcon.colcon_core.environment:checking '/home/zhang/rosprc_ws/install/examples_rclcpp_multithreaded_executor/bin'
[257.013s] Level 1:colcon.colcon_core.environment:checking '/home/zhang/rosprc_ws/install/examples_rclcpp_multithreaded_executor/lib/pkgconfig/examples_rclcpp_multithreaded_executor.pc'
[257.014s] Level 1:colcon.colcon_core.environment:checking '/home/zhang/rosprc_ws/install/examples_rclcpp_multithreaded_executor/lib/python3.12/site-packages'
[257.014s] Level 1:colcon.colcon_core.environment:checking '/home/zhang/rosprc_ws/install/examples_rclcpp_multithreaded_executor/bin'
[257.015s] INFO:colcon.colcon_core.shell:Creating package script '/home/zhang/rosprc_ws/install/examples_rclcpp_multithreaded_executor/share/examples_rclcpp_multithreaded_executor/package.ps1'
[257.016s] INFO:colcon.colcon_core.shell:Creating package descriptor '/home/zhang/rosprc_ws/install/examples_rclcpp_multithreaded_executor/share/examples_rclcpp_multithreaded_executor/package.dsv'
[257.018s] INFO:colcon.colcon_core.shell:Creating package script '/home/zhang/rosprc_ws/install/examples_rclcpp_multithreaded_executor/share/examples_rclcpp_multithreaded_executor/package.sh'
[257.021s] INFO:colcon.colcon_core.shell:Creating package script '/home/zhang/rosprc_ws/install/examples_rclcpp_multithreaded_executor/share/examples_rclcpp_multithreaded_executor/package.bash'
[257.024s] INFO:colcon.colcon_core.shell:Creating package script '/home/zhang/rosprc_ws/install/examples_rclcpp_multithreaded_executor/share/examples_rclcpp_multithreaded_executor/package.zsh'
[257.027s] Level 1:colcon.colcon_core.environment:create_file_with_runtime_dependencies(/home/zhang/rosprc_ws/install/examples_rclcpp_multithreaded_executor/share/colcon-core/packages/examples_rclcpp_multithreaded_executor)
[257.028s] DEBUG:colcon.colcon_core.executor.sequential:run_until_complete 'examples_rclcpp_multithreaded_executor' finished with '0'
[257.028s] DEBUG:colcon.colcon_core.executor.sequential:run_until_complete 'examples_rclcpp_wait_set'
[257.028s] INFO:colcon.colcon_ros.task.ament_cmake.build:Building ROS package in '/home/zhang/rosprc_ws/src/examples/rclcpp/wait_set' with build type 'ament_cmake'
[257.029s] INFO:colcon.colcon_cmake.task.cmake.build:Building CMake package in '/home/zhang/rosprc_ws/src/examples/rclcpp/wait_set'
[257.031s] INFO:colcon.colcon_core.shell:Skip shell extension 'powershell' for command environment: Not usable outside of PowerShell
[257.031s] DEBUG:colcon.colcon_core.shell:Skip shell extension 'dsv' for command environment
[257.057s] DEBUG:colcon.colcon_core.event_handler.log_command:Invoking command in '/home/zhang/rosprc_ws/build/examples_rclcpp_wait_set': CMAKE_PREFIX_PATH=${CMAKE_PREFIX_PATH}:/opt/ros/jazzy /usr/bin/cmake --build /home/zhang/rosprc_ws/build/examples_rclcpp_wait_set -- -j20 -l20
[313.623s] DEBUG:colcon.colcon_core.event_handler.log_command:Invoked command in '/home/zhang/rosprc_ws/build/examples_rclcpp_wait_set' returned '0': CMAKE_PREFIX_PATH=${CMAKE_PREFIX_PATH}:/opt/ros/jazzy /usr/bin/cmake --build /home/zhang/rosprc_ws/build/examples_rclcpp_wait_set -- -j20 -l20
[313.654s] DEBUG:colcon.colcon_core.event_handler.log_command:Invoking command in '/home/zhang/rosprc_ws/build/examples_rclcpp_wait_set': CMAKE_PREFIX_PATH=${CMAKE_PREFIX_PATH}:/opt/ros/jazzy /usr/bin/cmake --install /home/zhang/rosprc_ws/build/examples_rclcpp_wait_set
[314.496s] Level 1:colcon.colcon_core.environment:create_environment_scripts_only(examples_rclcpp_wait_set)
[314.509s] DEBUG:colcon.colcon_core.event_handler.log_command:Invoked command in '/home/zhang/rosprc_ws/build/examples_rclcpp_wait_set' returned '0': CMAKE_PREFIX_PATH=${CMAKE_PREFIX_PATH}:/opt/ros/jazzy /usr/bin/cmake --install /home/zhang/rosprc_ws/build/examples_rclcpp_wait_set
[314.513s] Level 1:colcon.colcon_core.environment:checking '/home/zhang/rosprc_ws/install/examples_rclcpp_wait_set' for CMake module files
[314.519s] Level 1:colcon.colcon_core.environment:checking '/home/zhang/rosprc_ws/install/examples_rclcpp_wait_set' for CMake config files
[314.521s] Level 1:colcon.colcon_core.shell:create_environment_hook('examples_rclcpp_wait_set', 'cmake_prefix_path')
[314.524s] INFO:colcon.colcon_core.shell:Creating environment hook '/home/zhang/rosprc_ws/install/examples_rclcpp_wait_set/share/examples_rclcpp_wait_set/hook/cmake_prefix_path.ps1'
[314.552s] INFO:colcon.colcon_core.shell:Creating environment descriptor '/home/zhang/rosprc_ws/install/examples_rclcpp_wait_set/share/examples_rclcpp_wait_set/hook/cmake_prefix_path.dsv'
[314.558s] INFO:colcon.colcon_core.shell:Creating environment hook '/home/zhang/rosprc_ws/install/examples_rclcpp_wait_set/share/examples_rclcpp_wait_set/hook/cmake_prefix_path.sh'
[314.570s] Level 1:colcon.colcon_core.environment:checking '/home/zhang/rosprc_ws/install/examples_rclcpp_wait_set/lib'
[314.572s] Level 1:colcon.colcon_core.shell:create_environment_hook('examples_rclcpp_wait_set', 'ld_library_path_lib')
[314.575s] INFO:colcon.colcon_core.shell:Creating environment hook '/home/zhang/rosprc_ws/install/examples_rclcpp_wait_set/share/examples_rclcpp_wait_set/hook/ld_library_path_lib.ps1'
[314.582s] INFO:colcon.colcon_core.shell:Creating environment descriptor '/home/zhang/rosprc_ws/install/examples_rclcpp_wait_set/share/examples_rclcpp_wait_set/hook/ld_library_path_lib.dsv'
[314.589s] INFO:colcon.colcon_core.shell:Creating environment hook '/home/zhang/rosprc_ws/install/examples_rclcpp_wait_set/share/examples_rclcpp_wait_set/hook/ld_library_path_lib.sh'
[314.596s] Level 1:colcon.colcon_core.environment:checking '/home/zhang/rosprc_ws/install/examples_rclcpp_wait_set/bin'
[314.597s] Level 1:colcon.colcon_core.environment:checking '/home/zhang/rosprc_ws/install/examples_rclcpp_wait_set/lib/pkgconfig/examples_rclcpp_wait_set.pc'
[314.606s] Level 1:colcon.colcon_core.environment:checking '/home/zhang/rosprc_ws/install/examples_rclcpp_wait_set/lib/python3.12/site-packages'
[314.608s] Level 1:colcon.colcon_core.environment:checking '/home/zhang/rosprc_ws/install/examples_rclcpp_wait_set/bin'
[314.611s] INFO:colcon.colcon_core.shell:Creating package script '/home/zhang/rosprc_ws/install/examples_rclcpp_wait_set/share/examples_rclcpp_wait_set/package.ps1'
[314.619s] INFO:colcon.colcon_core.shell:Creating package descriptor '/home/zhang/rosprc_ws/install/examples_rclcpp_wait_set/share/examples_rclcpp_wait_set/package.dsv'
[314.623s] INFO:colcon.colcon_core.shell:Creating package script '/home/zhang/rosprc_ws/install/examples_rclcpp_wait_set/share/examples_rclcpp_wait_set/package.sh'
[314.629s] INFO:colcon.colcon_core.shell:Creating package script '/home/zhang/rosprc_ws/install/examples_rclcpp_wait_set/share/examples_rclcpp_wait_set/package.bash'
[314.634s] INFO:colcon.colcon_core.shell:Creating package script '/home/zhang/rosprc_ws/install/examples_rclcpp_wait_set/share/examples_rclcpp_wait_set/package.zsh'
[314.636s] Level 1:colcon.colcon_core.environment:create_file_with_runtime_dependencies(/home/zhang/rosprc_ws/install/examples_rclcpp_wait_set/share/colcon-core/packages/examples_rclcpp_wait_set)
[314.645s] Level 1:colcon.colcon_core.environment:create_environment_scripts_only(examples_rclcpp_wait_set)
[314.647s] Level 1:colcon.colcon_core.environment:checking '/home/zhang/rosprc_ws/install/examples_rclcpp_wait_set' for CMake module files
[314.650s] Level 1:colcon.colcon_core.environment:checking '/home/zhang/rosprc_ws/install/examples_rclcpp_wait_set' for CMake config files
[314.651s] Level 1:colcon.colcon_core.shell:create_environment_hook('examples_rclcpp_wait_set', 'cmake_prefix_path')
[314.652s] INFO:colcon.colcon_core.shell:Creating environment hook '/home/zhang/rosprc_ws/install/examples_rclcpp_wait_set/share/examples_rclcpp_wait_set/hook/cmake_prefix_path.ps1'
[314.655s] INFO:colcon.colcon_core.shell:Creating environment descriptor '/home/zhang/rosprc_ws/install/examples_rclcpp_wait_set/share/examples_rclcpp_wait_set/hook/cmake_prefix_path.dsv'
[314.656s] INFO:colcon.colcon_core.shell:Creating environment hook '/home/zhang/rosprc_ws/install/examples_rclcpp_wait_set/share/examples_rclcpp_wait_set/hook/cmake_prefix_path.sh'
[314.657s] Level 1:colcon.colcon_core.environment:checking '/home/zhang/rosprc_ws/install/examples_rclcpp_wait_set/lib'
[314.658s] Level 1:colcon.colcon_core.shell:create_environment_hook('examples_rclcpp_wait_set', 'ld_library_path_lib')
[314.659s] INFO:colcon.colcon_core.shell:Creating environment hook '/home/zhang/rosprc_ws/install/examples_rclcpp_wait_set/share/examples_rclcpp_wait_set/hook/ld_library_path_lib.ps1'
[314.661s] INFO:colcon.colcon_core.shell:Creating environment descriptor '/home/zhang/rosprc_ws/install/examples_rclcpp_wait_set/share/examples_rclcpp_wait_set/hook/ld_library_path_lib.dsv'
[314.661s] INFO:colcon.colcon_core.shell:Creating environment hook '/home/zhang/rosprc_ws/install/examples_rclcpp_wait_set/share/examples_rclcpp_wait_set/hook/ld_library_path_lib.sh'
[314.662s] Level 1:colcon.colcon_core.environment:checking '/home/zhang/rosprc_ws/install/examples_rclcpp_wait_set/bin'
[314.662s] Level 1:colcon.colcon_core.environment:checking '/home/zhang/rosprc_ws/install/examples_rclcpp_wait_set/lib/pkgconfig/examples_rclcpp_wait_set.pc'
[314.663s] Level 1:colcon.colcon_core.environment:checking '/home/zhang/rosprc_ws/install/examples_rclcpp_wait_set/lib/python3.12/site-packages'
[314.663s] Level 1:colcon.colcon_core.environment:checking '/home/zhang/rosprc_ws/install/examples_rclcpp_wait_set/bin'
[314.664s] INFO:colcon.colcon_core.shell:Creating package script '/home/zhang/rosprc_ws/install/examples_rclcpp_wait_set/share/examples_rclcpp_wait_set/package.ps1'
[314.665s] INFO:colcon.colcon_core.shell:Creating package descriptor '/home/zhang/rosprc_ws/install/examples_rclcpp_wait_set/share/examples_rclcpp_wait_set/package.dsv'
[314.667s] INFO:colcon.colcon_core.shell:Creating package script '/home/zhang/rosprc_ws/install/examples_rclcpp_wait_set/share/examples_rclcpp_wait_set/package.sh'
[314.668s] INFO:colcon.colcon_core.shell:Creating package script '/home/zhang/rosprc_ws/install/examples_rclcpp_wait_set/share/examples_rclcpp_wait_set/package.bash'
[314.669s] INFO:colcon.colcon_core.shell:Creating package script '/home/zhang/rosprc_ws/install/examples_rclcpp_wait_set/share/examples_rclcpp_wait_set/package.zsh'
[314.670s] Level 1:colcon.colcon_core.environment:create_file_with_runtime_dependencies(/home/zhang/rosprc_ws/install/examples_rclcpp_wait_set/share/colcon-core/packages/examples_rclcpp_wait_set)
[314.671s] DEBUG:colcon.colcon_core.executor.sequential:run_until_complete 'examples_rclcpp_wait_set' finished with '0'
[314.673s] DEBUG:colcon.colcon_core.executor.sequential:run_until_complete 'examples_rclpy_executors'
[314.680s] INFO:colcon.colcon_ros.task.ament_python.build:Building ROS package in '/home/zhang/rosprc_ws/src/examples/rclpy/executors' with build type 'ament_python'
[314.684s] Level 1:colcon.colcon_core.shell:create_environment_hook('examples_rclpy_executors', 'ament_prefix_path')
[314.686s] INFO:colcon.colcon_core.shell:Creating environment hook '/home/zhang/rosprc_ws/install/examples_rclpy_executors/share/examples_rclpy_executors/hook/ament_prefix_path.ps1'
[314.693s] INFO:colcon.colcon_core.shell:Creating environment descriptor '/home/zhang/rosprc_ws/install/examples_rclpy_executors/share/examples_rclpy_executors/hook/ament_prefix_path.dsv'
[314.694s] INFO:colcon.colcon_core.shell:Creating environment hook '/home/zhang/rosprc_ws/install/examples_rclpy_executors/share/examples_rclpy_executors/hook/ament_prefix_path.sh'
[314.698s] INFO:colcon.colcon_core.shell:Skip shell extension 'powershell' for command environment: Not usable outside of PowerShell
[314.699s] DEBUG:colcon.colcon_core.shell:Skip shell extension 'dsv' for command environment
[316.579s] INFO:colcon.colcon_core.task.python.build:Building Python package in '/home/zhang/rosprc_ws/src/examples/rclpy/executors'
[316.581s] INFO:colcon.colcon_core.shell:Skip shell extension 'powershell' for command environment: Not usable outside of PowerShell
[316.582s] DEBUG:colcon.colcon_core.shell:Skip shell extension 'dsv' for command environment
[319.613s] DEBUG:colcon.colcon_core.task.python.build:Available setuptools commands: easy_install, sdist, develop, egg_info, build_scripts, install_egg_info, build, dist_info, build_ext, compile_catalog, bdist, update_catalog, install_headers, build_py, init_catalog, alias, rotate, setopt, extract_messages, build_clib, bdist_wheel, bdist_rpm, saveopts, register, check, bdist_egg, install_data, clean, install, install_scripts, upload_docs, test, bdist_dumb, symlink_data, install_lib, upload, editable_wheel
[320.403s] DEBUG:colcon.colcon_core.task.python.build:Available setuptools 'develop' options: --site-dirs, --no-deps, --multi-version, --no-find-links, --user, --build-directory, --version, --script-dir, --verbose, --force-installation-into-system-dir, --prefix, --help, --install-layout, --local-snapshots-ok, --find-links, --egg-path, --dry-run, --always-copy, --install-dir, --no-user-cfg, --index-url, --record, --always-unzip, --allow-hosts, --exclude-scripts, --uninstall, --quiet, --optimize, --zip-ok, --upgrade, --editable
[320.415s] DEBUG:colcon.colcon_core.event_handler.log_command:Invoking command in '/home/zhang/rosprc_ws/build/examples_rclpy_executors': PYTHONPATH=/home/zhang/rosprc_ws/build/examples_rclpy_executors/prefix_override:/usr/lib/python3/dist-packages/colcon_core/task/python/colcon_distutils_commands:/home/zhang/rosprc_ws/install/examples_rclpy_executors/lib/python3.12/site-packages:${PYTHONPATH} /usr/bin/python3 -W ignore:setup.py install is deprecated -W ignore:easy_install command is deprecated setup.py develop --editable --build-directory /home/zhang/rosprc_ws/build/examples_rclpy_executors/build --no-deps symlink_data
[321.356s] Level 1:colcon.colcon_core.shell:create_environment_hook('examples_rclpy_executors', 'pythonpath_develop')
[321.359s] INFO:colcon.colcon_core.shell:Creating environment hook '/home/zhang/rosprc_ws/build/examples_rclpy_executors/share/examples_rclpy_executors/hook/pythonpath_develop.ps1'
[321.361s] DEBUG:colcon.colcon_core.event_handler.log_command:Invoked command in '/home/zhang/rosprc_ws/build/examples_rclpy_executors' returned '0': PYTHONPATH=/home/zhang/rosprc_ws/build/examples_rclpy_executors/prefix_override:/usr/lib/python3/dist-packages/colcon_core/task/python/colcon_distutils_commands:/home/zhang/rosprc_ws/install/examples_rclpy_executors/lib/python3.12/site-packages:${PYTHONPATH} /usr/bin/python3 -W ignore:setup.py install is deprecated -W ignore:easy_install command is deprecated setup.py develop --editable --build-directory /home/zhang/rosprc_ws/build/examples_rclpy_executors/build --no-deps symlink_data
[321.362s] INFO:colcon.colcon_core.shell:Creating environment descriptor '/home/zhang/rosprc_ws/build/examples_rclpy_executors/share/examples_rclpy_executors/hook/pythonpath_develop.dsv'
[321.363s] INFO:colcon.colcon_core.shell:Creating environment hook '/home/zhang/rosprc_ws/build/examples_rclpy_executors/share/examples_rclpy_executors/hook/pythonpath_develop.sh'
[321.365s] Level 1:colcon.colcon_core.environment:checking '/home/zhang/rosprc_ws/install/examples_rclpy_executors' for CMake module files
[321.367s] Level 1:colcon.colcon_core.environment:checking '/home/zhang/rosprc_ws/install/examples_rclpy_executors' for CMake config files
[321.370s] Level 1:colcon.colcon_core.environment:checking '/home/zhang/rosprc_ws/install/examples_rclpy_executors/lib'
[321.370s] Level 1:colcon.colcon_core.environment:checking '/home/zhang/rosprc_ws/install/examples_rclpy_executors/bin'
[321.370s] Level 1:colcon.colcon_core.environment:checking '/home/zhang/rosprc_ws/install/examples_rclpy_executors/lib/pkgconfig/examples_rclpy_executors.pc'
[321.370s] Level 1:colcon.colcon_core.environment:checking '/home/zhang/rosprc_ws/install/examples_rclpy_executors/lib/python3.12/site-packages'
[321.374s] Level 1:colcon.colcon_core.shell:create_environment_hook('examples_rclpy_executors', 'pythonpath')
[321.374s] INFO:colcon.colcon_core.shell:Creating environment hook '/home/zhang/rosprc_ws/install/examples_rclpy_executors/share/examples_rclpy_executors/hook/pythonpath.ps1'
[321.375s] INFO:colcon.colcon_core.shell:Creating environment descriptor '/home/zhang/rosprc_ws/install/examples_rclpy_executors/share/examples_rclpy_executors/hook/pythonpath.dsv'
[321.376s] INFO:colcon.colcon_core.shell:Creating environment hook '/home/zhang/rosprc_ws/install/examples_rclpy_executors/share/examples_rclpy_executors/hook/pythonpath.sh'
[321.377s] Level 1:colcon.colcon_core.environment:checking '/home/zhang/rosprc_ws/install/examples_rclpy_executors/bin'
[321.377s] Level 1:colcon.colcon_core.environment:create_environment_scripts_only(examples_rclpy_executors)
[321.378s] INFO:colcon.colcon_core.shell:Creating package script '/home/zhang/rosprc_ws/install/examples_rclpy_executors/share/examples_rclpy_executors/package.ps1'
[321.379s] INFO:colcon.colcon_core.shell:Creating package descriptor '/home/zhang/rosprc_ws/install/examples_rclpy_executors/share/examples_rclpy_executors/package.dsv'
[321.380s] INFO:colcon.colcon_core.shell:Creating package script '/home/zhang/rosprc_ws/install/examples_rclpy_executors/share/examples_rclpy_executors/package.sh'
[321.380s] INFO:colcon.colcon_core.shell:Creating package script '/home/zhang/rosprc_ws/install/examples_rclpy_executors/share/examples_rclpy_executors/package.bash'
[321.381s] INFO:colcon.colcon_core.shell:Creating package script '/home/zhang/rosprc_ws/install/examples_rclpy_executors/share/examples_rclpy_executors/package.zsh'
[321.382s] Level 1:colcon.colcon_core.environment:create_file_with_runtime_dependencies(/home/zhang/rosprc_ws/install/examples_rclpy_executors/share/colcon-core/packages/examples_rclpy_executors)
[321.383s] DEBUG:colcon.colcon_core.executor.sequential:run_until_complete 'examples_rclpy_executors' finished with '0'
[321.384s] DEBUG:colcon.colcon_core.executor.sequential:run_until_complete 'examples_rclpy_guard_conditions'
[321.384s] INFO:colcon.colcon_ros.task.ament_python.build:Building ROS package in '/home/zhang/rosprc_ws/src/examples/rclpy/guard_conditions' with build type 'ament_python'
[321.384s] Level 1:colcon.colcon_core.shell:create_environment_hook('examples_rclpy_guard_conditions', 'ament_prefix_path')
[321.386s] INFO:colcon.colcon_core.shell:Creating environment hook '/home/zhang/rosprc_ws/install/examples_rclpy_guard_conditions/share/examples_rclpy_guard_conditions/hook/ament_prefix_path.ps1'
[321.388s] INFO:colcon.colcon_core.shell:Creating environment descriptor '/home/zhang/rosprc_ws/install/examples_rclpy_guard_conditions/share/examples_rclpy_guard_conditions/hook/ament_prefix_path.dsv'
[321.389s] INFO:colcon.colcon_core.shell:Creating environment hook '/home/zhang/rosprc_ws/install/examples_rclpy_guard_conditions/share/examples_rclpy_guard_conditions/hook/ament_prefix_path.sh'
[321.390s] INFO:colcon.colcon_core.shell:Skip shell extension 'powershell' for command environment: Not usable outside of PowerShell
[321.390s] DEBUG:colcon.colcon_core.shell:Skip shell extension 'dsv' for command environment
[321.824s] INFO:colcon.colcon_core.task.python.build:Building Python package in '/home/zhang/rosprc_ws/src/examples/rclpy/guard_conditions'
[321.824s] INFO:colcon.colcon_core.shell:Skip shell extension 'powershell' for command environment: Not usable outside of PowerShell
[321.824s] DEBUG:colcon.colcon_core.shell:Skip shell extension 'dsv' for command environment
[322.849s] DEBUG:colcon.colcon_core.task.python.build:Available setuptools commands: easy_install, sdist, develop, egg_info, build_scripts, install_egg_info, build, dist_info, build_ext, compile_catalog, bdist, update_catalog, install_headers, build_py, init_catalog, alias, rotate, setopt, extract_messages, build_clib, bdist_wheel, bdist_rpm, saveopts, register, check, bdist_egg, install_data, clean, install, install_scripts, upload_docs, test, bdist_dumb, symlink_data, install_lib, upload, editable_wheel
[323.460s] DEBUG:colcon.colcon_core.task.python.build:Available setuptools 'develop' options: --site-dirs, --no-deps, --multi-version, --no-find-links, --user, --build-directory, --version, --script-dir, --verbose, --force-installation-into-system-dir, --prefix, --help, --install-layout, --local-snapshots-ok, --find-links, --egg-path, --dry-run, --always-copy, --install-dir, --no-user-cfg, --index-url, --record, --always-unzip, --allow-hosts, --exclude-scripts, --uninstall, --quiet, --optimize, --zip-ok, --upgrade, --editable
[323.469s] DEBUG:colcon.colcon_core.event_handler.log_command:Invoking command in '/home/zhang/rosprc_ws/build/examples_rclpy_guard_conditions': PYTHONPATH=/home/zhang/rosprc_ws/build/examples_rclpy_guard_conditions/prefix_override:/usr/lib/python3/dist-packages/colcon_core/task/python/colcon_distutils_commands:/home/zhang/rosprc_ws/install/examples_rclpy_guard_conditions/lib/python3.12/site-packages:${PYTHONPATH} /usr/bin/python3 -W ignore:setup.py install is deprecated -W ignore:easy_install command is deprecated setup.py develop --editable --build-directory /home/zhang/rosprc_ws/build/examples_rclpy_guard_conditions/build --no-deps symlink_data
[325.244s] Level 1:colcon.colcon_core.shell:create_environment_hook('examples_rclpy_guard_conditions', 'pythonpath_develop')
[325.245s] DEBUG:colcon.colcon_core.event_handler.log_command:Invoked command in '/home/zhang/rosprc_ws/build/examples_rclpy_guard_conditions' returned '0': PYTHONPATH=/home/zhang/rosprc_ws/build/examples_rclpy_guard_conditions/prefix_override:/usr/lib/python3/dist-packages/colcon_core/task/python/colcon_distutils_commands:/home/zhang/rosprc_ws/install/examples_rclpy_guard_conditions/lib/python3.12/site-packages:${PYTHONPATH} /usr/bin/python3 -W ignore:setup.py install is deprecated -W ignore:easy_install command is deprecated setup.py develop --editable --build-directory /home/zhang/rosprc_ws/build/examples_rclpy_guard_conditions/build --no-deps symlink_data
[325.246s] INFO:colcon.colcon_core.shell:Creating environment hook '/home/zhang/rosprc_ws/build/examples_rclpy_guard_conditions/share/examples_rclpy_guard_conditions/hook/pythonpath_develop.ps1'
[325.247s] INFO:colcon.colcon_core.shell:Creating environment descriptor '/home/zhang/rosprc_ws/build/examples_rclpy_guard_conditions/share/examples_rclpy_guard_conditions/hook/pythonpath_develop.dsv'
[325.248s] INFO:colcon.colcon_core.shell:Creating environment hook '/home/zhang/rosprc_ws/build/examples_rclpy_guard_conditions/share/examples_rclpy_guard_conditions/hook/pythonpath_develop.sh'
[325.248s] Level 1:colcon.colcon_core.environment:checking '/home/zhang/rosprc_ws/install/examples_rclpy_guard_conditions' for CMake module files
[325.249s] Level 1:colcon.colcon_core.environment:checking '/home/zhang/rosprc_ws/install/examples_rclpy_guard_conditions' for CMake config files
[325.252s] Level 1:colcon.colcon_core.environment:checking '/home/zhang/rosprc_ws/install/examples_rclpy_guard_conditions/lib'
[325.253s] Level 1:colcon.colcon_core.environment:checking '/home/zhang/rosprc_ws/install/examples_rclpy_guard_conditions/bin'
[325.253s] Level 1:colcon.colcon_core.environment:checking '/home/zhang/rosprc_ws/install/examples_rclpy_guard_conditions/lib/pkgconfig/examples_rclpy_guard_conditions.pc'
[325.255s] Level 1:colcon.colcon_core.environment:checking '/home/zhang/rosprc_ws/install/examples_rclpy_guard_conditions/lib/python3.12/site-packages'
[325.256s] Level 1:colcon.colcon_core.shell:create_environment_hook('examples_rclpy_guard_conditions', 'pythonpath')
[325.257s] INFO:colcon.colcon_core.shell:Creating environment hook '/home/zhang/rosprc_ws/install/examples_rclpy_guard_conditions/share/examples_rclpy_guard_conditions/hook/pythonpath.ps1'
[325.260s] INFO:colcon.colcon_core.shell:Creating environment descriptor '/home/zhang/rosprc_ws/install/examples_rclpy_guard_conditions/share/examples_rclpy_guard_conditions/hook/pythonpath.dsv'
[325.263s] INFO:colcon.colcon_core.shell:Creating environment hook '/home/zhang/rosprc_ws/install/examples_rclpy_guard_conditions/share/examples_rclpy_guard_conditions/hook/pythonpath.sh'
[325.267s] Level 1:colcon.colcon_core.environment:checking '/home/zhang/rosprc_ws/install/examples_rclpy_guard_conditions/bin'
[325.268s] Level 1:colcon.colcon_core.environment:create_environment_scripts_only(examples_rclpy_guard_conditions)
[325.273s] INFO:colcon.colcon_core.shell:Creating package script '/home/zhang/rosprc_ws/install/examples_rclpy_guard_conditions/share/examples_rclpy_guard_conditions/package.ps1'
[325.280s] INFO:colcon.colcon_core.shell:Creating package descriptor '/home/zhang/rosprc_ws/install/examples_rclpy_guard_conditions/share/examples_rclpy_guard_conditions/package.dsv'
[325.287s] INFO:colcon.colcon_core.shell:Creating package script '/home/zhang/rosprc_ws/install/examples_rclpy_guard_conditions/share/examples_rclpy_guard_conditions/package.sh'
[325.290s] INFO:colcon.colcon_core.shell:Creating package script '/home/zhang/rosprc_ws/install/examples_rclpy_guard_conditions/share/examples_rclpy_guard_conditions/package.bash'
[325.293s] INFO:colcon.colcon_core.shell:Creating package script '/home/zhang/rosprc_ws/install/examples_rclpy_guard_conditions/share/examples_rclpy_guard_conditions/package.zsh'
[325.295s] Level 1:colcon.colcon_core.environment:create_file_with_runtime_dependencies(/home/zhang/rosprc_ws/install/examples_rclpy_guard_conditions/share/colcon-core/packages/examples_rclpy_guard_conditions)
[325.298s] DEBUG:colcon.colcon_core.executor.sequential:run_until_complete 'examples_rclpy_guard_conditions' finished with '0'
[325.300s] DEBUG:colcon.colcon_core.executor.sequential:run_until_complete 'examples_rclpy_minimal_action_client'
[325.301s] INFO:colcon.colcon_ros.task.ament_python.build:Building ROS package in '/home/zhang/rosprc_ws/src/examples/rclpy/actions/minimal_action_client' with build type 'ament_python'
[325.301s] Level 1:colcon.colcon_core.shell:create_environment_hook('examples_rclpy_minimal_action_client', 'ament_prefix_path')
[325.303s] INFO:colcon.colcon_core.shell:Creating environment hook '/home/zhang/rosprc_ws/install/examples_rclpy_minimal_action_client/share/examples_rclpy_minimal_action_client/hook/ament_prefix_path.ps1'
[325.309s] INFO:colcon.colcon_core.shell:Creating environment descriptor '/home/zhang/rosprc_ws/install/examples_rclpy_minimal_action_client/share/examples_rclpy_minimal_action_client/hook/ament_prefix_path.dsv'
[325.311s] INFO:colcon.colcon_core.shell:Creating environment hook '/home/zhang/rosprc_ws/install/examples_rclpy_minimal_action_client/share/examples_rclpy_minimal_action_client/hook/ament_prefix_path.sh'
[325.315s] INFO:colcon.colcon_core.shell:Skip shell extension 'powershell' for command environment: Not usable outside of PowerShell
[325.315s] DEBUG:colcon.colcon_core.shell:Skip shell extension 'dsv' for command environment
[325.978s] INFO:colcon.colcon_core.task.python.build:Building Python package in '/home/zhang/rosprc_ws/src/examples/rclpy/actions/minimal_action_client'
[325.980s] INFO:colcon.colcon_core.shell:Skip shell extension 'powershell' for command environment: Not usable outside of PowerShell
[325.980s] DEBUG:colcon.colcon_core.shell:Skip shell extension 'dsv' for command environment
[327.583s] DEBUG:colcon.colcon_core.task.python.build:Available setuptools commands: easy_install, sdist, develop, egg_info, build_scripts, install_egg_info, build, dist_info, build_ext, compile_catalog, bdist, update_catalog, install_headers, build_py, init_catalog, alias, rotate, setopt, extract_messages, build_clib, bdist_wheel, bdist_rpm, saveopts, register, check, bdist_egg, install_data, clean, install, install_scripts, upload_docs, test, bdist_dumb, symlink_data, install_lib, upload, editable_wheel
[328.382s] DEBUG:colcon.colcon_core.task.python.build:Available setuptools 'develop' options: --site-dirs, --no-deps, --multi-version, --no-find-links, --user, --build-directory, --version, --script-dir, --verbose, --force-installation-into-system-dir, --prefix, --help, --install-layout, --local-snapshots-ok, --find-links, --egg-path, --dry-run, --always-copy, --install-dir, --no-user-cfg, --index-url, --record, --always-unzip, --allow-hosts, --exclude-scripts, --uninstall, --quiet, --optimize, --zip-ok, --upgrade, --editable
[328.394s] DEBUG:colcon.colcon_core.event_handler.log_command:Invoking command in '/home/zhang/rosprc_ws/build/examples_rclpy_minimal_action_client': PYTHONPATH=/home/zhang/rosprc_ws/build/examples_rclpy_minimal_action_client/prefix_override:/usr/lib/python3/dist-packages/colcon_core/task/python/colcon_distutils_commands:/home/zhang/rosprc_ws/install/examples_rclpy_minimal_action_client/lib/python3.12/site-packages:${PYTHONPATH} /usr/bin/python3 -W ignore:setup.py install is deprecated -W ignore:easy_install command is deprecated setup.py develop --editable --build-directory /home/zhang/rosprc_ws/build/examples_rclpy_minimal_action_client/build --no-deps symlink_data
[329.490s] Level 1:colcon.colcon_core.shell:create_environment_hook('examples_rclpy_minimal_action_client', 'pythonpath_develop')
[329.492s] DEBUG:colcon.colcon_core.event_handler.log_command:Invoked command in '/home/zhang/rosprc_ws/build/examples_rclpy_minimal_action_client' returned '0': PYTHONPATH=/home/zhang/rosprc_ws/build/examples_rclpy_minimal_action_client/prefix_override:/usr/lib/python3/dist-packages/colcon_core/task/python/colcon_distutils_commands:/home/zhang/rosprc_ws/install/examples_rclpy_minimal_action_client/lib/python3.12/site-packages:${PYTHONPATH} /usr/bin/python3 -W ignore:setup.py install is deprecated -W ignore:easy_install command is deprecated setup.py develop --editable --build-directory /home/zhang/rosprc_ws/build/examples_rclpy_minimal_action_client/build --no-deps symlink_data
[329.494s] INFO:colcon.colcon_core.shell:Creating environment hook '/home/zhang/rosprc_ws/build/examples_rclpy_minimal_action_client/share/examples_rclpy_minimal_action_client/hook/pythonpath_develop.ps1'
[329.498s] INFO:colcon.colcon_core.shell:Creating environment descriptor '/home/zhang/rosprc_ws/build/examples_rclpy_minimal_action_client/share/examples_rclpy_minimal_action_client/hook/pythonpath_develop.dsv'
[329.501s] INFO:colcon.colcon_core.shell:Creating environment hook '/home/zhang/rosprc_ws/build/examples_rclpy_minimal_action_client/share/examples_rclpy_minimal_action_client/hook/pythonpath_develop.sh'
[329.504s] Level 1:colcon.colcon_core.environment:checking '/home/zhang/rosprc_ws/install/examples_rclpy_minimal_action_client' for CMake module files
[329.512s] Level 1:colcon.colcon_core.environment:checking '/home/zhang/rosprc_ws/install/examples_rclpy_minimal_action_client' for CMake config files
[329.514s] Level 1:colcon.colcon_core.environment:checking '/home/zhang/rosprc_ws/install/examples_rclpy_minimal_action_client/lib'
[329.514s] Level 1:colcon.colcon_core.environment:checking '/home/zhang/rosprc_ws/install/examples_rclpy_minimal_action_client/bin'
[329.514s] Level 1:colcon.colcon_core.environment:checking '/home/zhang/rosprc_ws/install/examples_rclpy_minimal_action_client/lib/pkgconfig/examples_rclpy_minimal_action_client.pc'
[329.515s] Level 1:colcon.colcon_core.environment:checking '/home/zhang/rosprc_ws/install/examples_rclpy_minimal_action_client/lib/python3.12/site-packages'
[329.515s] Level 1:colcon.colcon_core.shell:create_environment_hook('examples_rclpy_minimal_action_client', 'pythonpath')
[329.516s] INFO:colcon.colcon_core.shell:Creating environment hook '/home/zhang/rosprc_ws/install/examples_rclpy_minimal_action_client/share/examples_rclpy_minimal_action_client/hook/pythonpath.ps1'
[329.517s] INFO:colcon.colcon_core.shell:Creating environment descriptor '/home/zhang/rosprc_ws/install/examples_rclpy_minimal_action_client/share/examples_rclpy_minimal_action_client/hook/pythonpath.dsv'
[329.519s] INFO:colcon.colcon_core.shell:Creating environment hook '/home/zhang/rosprc_ws/install/examples_rclpy_minimal_action_client/share/examples_rclpy_minimal_action_client/hook/pythonpath.sh'
[329.521s] Level 1:colcon.colcon_core.environment:checking '/home/zhang/rosprc_ws/install/examples_rclpy_minimal_action_client/bin'
[329.521s] Level 1:colcon.colcon_core.environment:create_environment_scripts_only(examples_rclpy_minimal_action_client)
[329.522s] INFO:colcon.colcon_core.shell:Creating package script '/home/zhang/rosprc_ws/install/examples_rclpy_minimal_action_client/share/examples_rclpy_minimal_action_client/package.ps1'
[329.524s] INFO:colcon.colcon_core.shell:Creating package descriptor '/home/zhang/rosprc_ws/install/examples_rclpy_minimal_action_client/share/examples_rclpy_minimal_action_client/package.dsv'
[329.526s] INFO:colcon.colcon_core.shell:Creating package script '/home/zhang/rosprc_ws/install/examples_rclpy_minimal_action_client/share/examples_rclpy_minimal_action_client/package.sh'
[329.527s] INFO:colcon.colcon_core.shell:Creating package script '/home/zhang/rosprc_ws/install/examples_rclpy_minimal_action_client/share/examples_rclpy_minimal_action_client/package.bash'
[329.528s] INFO:colcon.colcon_core.shell:Creating package script '/home/zhang/rosprc_ws/install/examples_rclpy_minimal_action_client/share/examples_rclpy_minimal_action_client/package.zsh'
[329.529s] Level 1:colcon.colcon_core.environment:create_file_with_runtime_dependencies(/home/zhang/rosprc_ws/install/examples_rclpy_minimal_action_client/share/colcon-core/packages/examples_rclpy_minimal_action_client)
[329.530s] DEBUG:colcon.colcon_core.executor.sequential:run_until_complete 'examples_rclpy_minimal_action_client' finished with '0'
[329.531s] DEBUG:colcon.colcon_core.executor.sequential:run_until_complete 'examples_rclpy_minimal_action_server'
[329.532s] INFO:colcon.colcon_ros.task.ament_python.build:Building ROS package in '/home/zhang/rosprc_ws/src/examples/rclpy/actions/minimal_action_server' with build type 'ament_python'
[329.533s] Level 1:colcon.colcon_core.shell:create_environment_hook('examples_rclpy_minimal_action_server', 'ament_prefix_path')
[329.533s] INFO:colcon.colcon_core.shell:Creating environment hook '/home/zhang/rosprc_ws/install/examples_rclpy_minimal_action_server/share/examples_rclpy_minimal_action_server/hook/ament_prefix_path.ps1'
[329.537s] INFO:colcon.colcon_core.shell:Creating environment descriptor '/home/zhang/rosprc_ws/install/examples_rclpy_minimal_action_server/share/examples_rclpy_minimal_action_server/hook/ament_prefix_path.dsv'
[329.539s] INFO:colcon.colcon_core.shell:Creating environment hook '/home/zhang/rosprc_ws/install/examples_rclpy_minimal_action_server/share/examples_rclpy_minimal_action_server/hook/ament_prefix_path.sh'
[329.545s] INFO:colcon.colcon_core.shell:Skip shell extension 'powershell' for command environment: Not usable outside of PowerShell
[329.545s] DEBUG:colcon.colcon_core.shell:Skip shell extension 'dsv' for command environment
[330.007s] INFO:colcon.colcon_core.task.python.build:Building Python package in '/home/zhang/rosprc_ws/src/examples/rclpy/actions/minimal_action_server'
[330.008s] INFO:colcon.colcon_core.shell:Skip shell extension 'powershell' for command environment: Not usable outside of PowerShell
[330.008s] DEBUG:colcon.colcon_core.shell:Skip shell extension 'dsv' for command environment
[330.897s] DEBUG:colcon.colcon_core.task.python.build:Available setuptools commands: easy_install, sdist, develop, egg_info, build_scripts, install_egg_info, build, dist_info, build_ext, compile_catalog, bdist, update_catalog, install_headers, build_py, init_catalog, alias, rotate, setopt, extract_messages, build_clib, bdist_wheel, bdist_rpm, saveopts, register, check, bdist_egg, install_data, clean, install, install_scripts, upload_docs, test, bdist_dumb, symlink_data, install_lib, upload, editable_wheel
[331.455s] DEBUG:colcon.colcon_core.task.python.build:Available setuptools 'develop' options: --site-dirs, --no-deps, --multi-version, --no-find-links, --user, --build-directory, --version, --script-dir, --verbose, --force-installation-into-system-dir, --prefix, --help, --install-layout, --local-snapshots-ok, --find-links, --egg-path, --dry-run, --always-copy, --install-dir, --no-user-cfg, --index-url, --record, --always-unzip, --allow-hosts, --exclude-scripts, --uninstall, --quiet, --optimize, --zip-ok, --upgrade, --editable
[331.464s] DEBUG:colcon.colcon_core.event_handler.log_command:Invoking command in '/home/zhang/rosprc_ws/build/examples_rclpy_minimal_action_server': PYTHONPATH=/home/zhang/rosprc_ws/build/examples_rclpy_minimal_action_server/prefix_override:/usr/lib/python3/dist-packages/colcon_core/task/python/colcon_distutils_commands:/home/zhang/rosprc_ws/install/examples_rclpy_minimal_action_server/lib/python3.12/site-packages:${PYTHONPATH} /usr/bin/python3 -W ignore:setup.py install is deprecated -W ignore:easy_install command is deprecated setup.py develop --editable --build-directory /home/zhang/rosprc_ws/build/examples_rclpy_minimal_action_server/build --no-deps symlink_data
[332.430s] Level 1:colcon.colcon_core.shell:create_environment_hook('examples_rclpy_minimal_action_server', 'pythonpath_develop')
[332.431s] DEBUG:colcon.colcon_core.event_handler.log_command:Invoked command in '/home/zhang/rosprc_ws/build/examples_rclpy_minimal_action_server' returned '0': PYTHONPATH=/home/zhang/rosprc_ws/build/examples_rclpy_minimal_action_server/prefix_override:/usr/lib/python3/dist-packages/colcon_core/task/python/colcon_distutils_commands:/home/zhang/rosprc_ws/install/examples_rclpy_minimal_action_server/lib/python3.12/site-packages:${PYTHONPATH} /usr/bin/python3 -W ignore:setup.py install is deprecated -W ignore:easy_install command is deprecated setup.py develop --editable --build-directory /home/zhang/rosprc_ws/build/examples_rclpy_minimal_action_server/build --no-deps symlink_data
[332.432s] INFO:colcon.colcon_core.shell:Creating environment hook '/home/zhang/rosprc_ws/build/examples_rclpy_minimal_action_server/share/examples_rclpy_minimal_action_server/hook/pythonpath_develop.ps1'
[332.433s] INFO:colcon.colcon_core.shell:Creating environment descriptor '/home/zhang/rosprc_ws/build/examples_rclpy_minimal_action_server/share/examples_rclpy_minimal_action_server/hook/pythonpath_develop.dsv'
[332.433s] INFO:colcon.colcon_core.shell:Creating environment hook '/home/zhang/rosprc_ws/build/examples_rclpy_minimal_action_server/share/examples_rclpy_minimal_action_server/hook/pythonpath_develop.sh'
[332.434s] Level 1:colcon.colcon_core.environment:checking '/home/zhang/rosprc_ws/install/examples_rclpy_minimal_action_server' for CMake module files
[332.435s] Level 1:colcon.colcon_core.environment:checking '/home/zhang/rosprc_ws/install/examples_rclpy_minimal_action_server' for CMake config files
[332.437s] Level 1:colcon.colcon_core.environment:checking '/home/zhang/rosprc_ws/install/examples_rclpy_minimal_action_server/lib'
[332.437s] Level 1:colcon.colcon_core.environment:checking '/home/zhang/rosprc_ws/install/examples_rclpy_minimal_action_server/bin'
[332.437s] Level 1:colcon.colcon_core.environment:checking '/home/zhang/rosprc_ws/install/examples_rclpy_minimal_action_server/lib/pkgconfig/examples_rclpy_minimal_action_server.pc'
[332.437s] Level 1:colcon.colcon_core.environment:checking '/home/zhang/rosprc_ws/install/examples_rclpy_minimal_action_server/lib/python3.12/site-packages'
[332.438s] Level 1:colcon.colcon_core.shell:create_environment_hook('examples_rclpy_minimal_action_server', 'pythonpath')
[332.438s] INFO:colcon.colcon_core.shell:Creating environment hook '/home/zhang/rosprc_ws/install/examples_rclpy_minimal_action_server/share/examples_rclpy_minimal_action_server/hook/pythonpath.ps1'
[332.438s] INFO:colcon.colcon_core.shell:Creating environment descriptor '/home/zhang/rosprc_ws/install/examples_rclpy_minimal_action_server/share/examples_rclpy_minimal_action_server/hook/pythonpath.dsv'
[332.439s] INFO:colcon.colcon_core.shell:Creating environment hook '/home/zhang/rosprc_ws/install/examples_rclpy_minimal_action_server/share/examples_rclpy_minimal_action_server/hook/pythonpath.sh'
[332.440s] Level 1:colcon.colcon_core.environment:checking '/home/zhang/rosprc_ws/install/examples_rclpy_minimal_action_server/bin'
[332.440s] Level 1:colcon.colcon_core.environment:create_environment_scripts_only(examples_rclpy_minimal_action_server)
[332.440s] INFO:colcon.colcon_core.shell:Creating package script '/home/zhang/rosprc_ws/install/examples_rclpy_minimal_action_server/share/examples_rclpy_minimal_action_server/package.ps1'
[332.441s] INFO:colcon.colcon_core.shell:Creating package descriptor '/home/zhang/rosprc_ws/install/examples_rclpy_minimal_action_server/share/examples_rclpy_minimal_action_server/package.dsv'
[332.442s] INFO:colcon.colcon_core.shell:Creating package script '/home/zhang/rosprc_ws/install/examples_rclpy_minimal_action_server/share/examples_rclpy_minimal_action_server/package.sh'
[332.442s] INFO:colcon.colcon_core.shell:Creating package script '/home/zhang/rosprc_ws/install/examples_rclpy_minimal_action_server/share/examples_rclpy_minimal_action_server/package.bash'
[332.443s] INFO:colcon.colcon_core.shell:Creating package script '/home/zhang/rosprc_ws/install/examples_rclpy_minimal_action_server/share/examples_rclpy_minimal_action_server/package.zsh'
[332.443s] Level 1:colcon.colcon_core.environment:create_file_with_runtime_dependencies(/home/zhang/rosprc_ws/install/examples_rclpy_minimal_action_server/share/colcon-core/packages/examples_rclpy_minimal_action_server)
[332.445s] DEBUG:colcon.colcon_core.executor.sequential:run_until_complete 'examples_rclpy_minimal_action_server' finished with '0'
[332.445s] DEBUG:colcon.colcon_core.executor.sequential:run_until_complete 'examples_rclpy_minimal_client'
[332.445s] INFO:colcon.colcon_ros.task.ament_python.build:Building ROS package in '/home/zhang/rosprc_ws/src/examples/rclpy/services/minimal_client' with build type 'ament_python'
[332.446s] Level 1:colcon.colcon_core.shell:create_environment_hook('examples_rclpy_minimal_client', 'ament_prefix_path')
[332.448s] INFO:colcon.colcon_core.shell:Creating environment hook '/home/zhang/rosprc_ws/install/examples_rclpy_minimal_client/share/examples_rclpy_minimal_client/hook/ament_prefix_path.ps1'
[332.450s] INFO:colcon.colcon_core.shell:Creating environment descriptor '/home/zhang/rosprc_ws/install/examples_rclpy_minimal_client/share/examples_rclpy_minimal_client/hook/ament_prefix_path.dsv'
[332.450s] INFO:colcon.colcon_core.shell:Creating environment hook '/home/zhang/rosprc_ws/install/examples_rclpy_minimal_client/share/examples_rclpy_minimal_client/hook/ament_prefix_path.sh'
[332.451s] INFO:colcon.colcon_core.shell:Skip shell extension 'powershell' for command environment: Not usable outside of PowerShell
[332.451s] DEBUG:colcon.colcon_core.shell:Skip shell extension 'dsv' for command environment
[332.848s] INFO:colcon.colcon_core.task.python.build:Building Python package in '/home/zhang/rosprc_ws/src/examples/rclpy/services/minimal_client'
[332.848s] INFO:colcon.colcon_core.shell:Skip shell extension 'powershell' for command environment: Not usable outside of PowerShell
[332.849s] DEBUG:colcon.colcon_core.shell:Skip shell extension 'dsv' for command environment
[333.917s] DEBUG:colcon.colcon_core.task.python.build:Available setuptools commands: easy_install, sdist, develop, egg_info, build_scripts, install_egg_info, build, dist_info, build_ext, compile_catalog, bdist, update_catalog, install_headers, build_py, init_catalog, alias, rotate, setopt, extract_messages, build_clib, bdist_wheel, bdist_rpm, saveopts, register, check, bdist_egg, install_data, clean, install, install_scripts, upload_docs, test, bdist_dumb, symlink_data, install_lib, upload, editable_wheel
[334.377s] DEBUG:colcon.colcon_core.task.python.build:Available setuptools 'develop' options: --site-dirs, --no-deps, --multi-version, --no-find-links, --user, --build-directory, --version, --script-dir, --verbose, --force-installation-into-system-dir, --prefix, --help, --install-layout, --local-snapshots-ok, --find-links, --egg-path, --dry-run, --always-copy, --install-dir, --no-user-cfg, --index-url, --record, --always-unzip, --allow-hosts, --exclude-scripts, --uninstall, --quiet, --optimize, --zip-ok, --upgrade, --editable
[334.384s] DEBUG:colcon.colcon_core.event_handler.log_command:Invoking command in '/home/zhang/rosprc_ws/build/examples_rclpy_minimal_client': PYTHONPATH=/home/zhang/rosprc_ws/build/examples_rclpy_minimal_client/prefix_override:/usr/lib/python3/dist-packages/colcon_core/task/python/colcon_distutils_commands:/home/zhang/rosprc_ws/install/examples_rclpy_minimal_client/lib/python3.12/site-packages:${PYTHONPATH} /usr/bin/python3 -W ignore:setup.py install is deprecated -W ignore:easy_install command is deprecated setup.py develop --editable --build-directory /home/zhang/rosprc_ws/build/examples_rclpy_minimal_client/build --no-deps symlink_data
[335.305s] Level 1:colcon.colcon_core.shell:create_environment_hook('examples_rclpy_minimal_client', 'pythonpath_develop')
[335.305s] INFO:colcon.colcon_core.shell:Creating environment hook '/home/zhang/rosprc_ws/build/examples_rclpy_minimal_client/share/examples_rclpy_minimal_client/hook/pythonpath_develop.ps1'
[335.307s] DEBUG:colcon.colcon_core.event_handler.log_command:Invoked command in '/home/zhang/rosprc_ws/build/examples_rclpy_minimal_client' returned '0': PYTHONPATH=/home/zhang/rosprc_ws/build/examples_rclpy_minimal_client/prefix_override:/usr/lib/python3/dist-packages/colcon_core/task/python/colcon_distutils_commands:/home/zhang/rosprc_ws/install/examples_rclpy_minimal_client/lib/python3.12/site-packages:${PYTHONPATH} /usr/bin/python3 -W ignore:setup.py install is deprecated -W ignore:easy_install command is deprecated setup.py develop --editable --build-directory /home/zhang/rosprc_ws/build/examples_rclpy_minimal_client/build --no-deps symlink_data
[335.307s] INFO:colcon.colcon_core.shell:Creating environment descriptor '/home/zhang/rosprc_ws/build/examples_rclpy_minimal_client/share/examples_rclpy_minimal_client/hook/pythonpath_develop.dsv'
[335.308s] INFO:colcon.colcon_core.shell:Creating environment hook '/home/zhang/rosprc_ws/build/examples_rclpy_minimal_client/share/examples_rclpy_minimal_client/hook/pythonpath_develop.sh'
[335.308s] Level 1:colcon.colcon_core.environment:checking '/home/zhang/rosprc_ws/install/examples_rclpy_minimal_client' for CMake module files
[335.310s] Level 1:colcon.colcon_core.environment:checking '/home/zhang/rosprc_ws/install/examples_rclpy_minimal_client' for CMake config files
[335.313s] Level 1:colcon.colcon_core.environment:checking '/home/zhang/rosprc_ws/install/examples_rclpy_minimal_client/lib'
[335.314s] Level 1:colcon.colcon_core.environment:checking '/home/zhang/rosprc_ws/install/examples_rclpy_minimal_client/bin'
[335.315s] Level 1:colcon.colcon_core.environment:checking '/home/zhang/rosprc_ws/install/examples_rclpy_minimal_client/lib/pkgconfig/examples_rclpy_minimal_client.pc'
[335.316s] Level 1:colcon.colcon_core.environment:checking '/home/zhang/rosprc_ws/install/examples_rclpy_minimal_client/lib/python3.12/site-packages'
[335.316s] Level 1:colcon.colcon_core.shell:create_environment_hook('examples_rclpy_minimal_client', 'pythonpath')
[335.317s] INFO:colcon.colcon_core.shell:Creating environment hook '/home/zhang/rosprc_ws/install/examples_rclpy_minimal_client/share/examples_rclpy_minimal_client/hook/pythonpath.ps1'
[335.319s] INFO:colcon.colcon_core.shell:Creating environment descriptor '/home/zhang/rosprc_ws/install/examples_rclpy_minimal_client/share/examples_rclpy_minimal_client/hook/pythonpath.dsv'
[335.321s] INFO:colcon.colcon_core.shell:Creating environment hook '/home/zhang/rosprc_ws/install/examples_rclpy_minimal_client/share/examples_rclpy_minimal_client/hook/pythonpath.sh'
[335.325s] Level 1:colcon.colcon_core.environment:checking '/home/zhang/rosprc_ws/install/examples_rclpy_minimal_client/bin'
[335.326s] Level 1:colcon.colcon_core.environment:create_environment_scripts_only(examples_rclpy_minimal_client)
[335.327s] INFO:colcon.colcon_core.shell:Creating package script '/home/zhang/rosprc_ws/install/examples_rclpy_minimal_client/share/examples_rclpy_minimal_client/package.ps1'
[335.329s] INFO:colcon.colcon_core.shell:Creating package descriptor '/home/zhang/rosprc_ws/install/examples_rclpy_minimal_client/share/examples_rclpy_minimal_client/package.dsv'
[335.331s] INFO:colcon.colcon_core.shell:Creating package script '/home/zhang/rosprc_ws/install/examples_rclpy_minimal_client/share/examples_rclpy_minimal_client/package.sh'
[335.332s] INFO:colcon.colcon_core.shell:Creating package script '/home/zhang/rosprc_ws/install/examples_rclpy_minimal_client/share/examples_rclpy_minimal_client/package.bash'
[335.332s] INFO:colcon.colcon_core.shell:Creating package script '/home/zhang/rosprc_ws/install/examples_rclpy_minimal_client/share/examples_rclpy_minimal_client/package.zsh'
[335.333s] Level 1:colcon.colcon_core.environment:create_file_with_runtime_dependencies(/home/zhang/rosprc_ws/install/examples_rclpy_minimal_client/share/colcon-core/packages/examples_rclpy_minimal_client)
[335.333s] DEBUG:colcon.colcon_core.executor.sequential:run_until_complete 'examples_rclpy_minimal_client' finished with '0'
[335.333s] DEBUG:colcon.colcon_core.executor.sequential:run_until_complete 'examples_rclpy_minimal_publisher'
[335.334s] INFO:colcon.colcon_ros.task.ament_python.build:Building ROS package in '/home/zhang/rosprc_ws/src/examples/rclpy/topics/minimal_publisher' with build type 'ament_python'
[335.334s] Level 1:colcon.colcon_core.shell:create_environment_hook('examples_rclpy_minimal_publisher', 'ament_prefix_path')
[335.335s] INFO:colcon.colcon_core.shell:Creating environment hook '/home/zhang/rosprc_ws/install/examples_rclpy_minimal_publisher/share/examples_rclpy_minimal_publisher/hook/ament_prefix_path.ps1'
[335.337s] INFO:colcon.colcon_core.shell:Creating environment descriptor '/home/zhang/rosprc_ws/install/examples_rclpy_minimal_publisher/share/examples_rclpy_minimal_publisher/hook/ament_prefix_path.dsv'
[335.340s] INFO:colcon.colcon_core.shell:Creating environment hook '/home/zhang/rosprc_ws/install/examples_rclpy_minimal_publisher/share/examples_rclpy_minimal_publisher/hook/ament_prefix_path.sh'
[335.341s] INFO:colcon.colcon_core.shell:Skip shell extension 'powershell' for command environment: Not usable outside of PowerShell
[335.341s] DEBUG:colcon.colcon_core.shell:Skip shell extension 'dsv' for command environment
[335.815s] INFO:colcon.colcon_core.task.python.build:Building Python package in '/home/zhang/rosprc_ws/src/examples/rclpy/topics/minimal_publisher'
[335.816s] INFO:colcon.colcon_core.shell:Skip shell extension 'powershell' for command environment: Not usable outside of PowerShell
[335.816s] DEBUG:colcon.colcon_core.shell:Skip shell extension 'dsv' for command environment
[336.748s] DEBUG:colcon.colcon_core.task.python.build:Available setuptools commands: easy_install, sdist, develop, egg_info, build_scripts, install_egg_info, build, dist_info, build_ext, compile_catalog, bdist, update_catalog, install_headers, build_py, init_catalog, alias, rotate, setopt, extract_messages, build_clib, bdist_wheel, bdist_rpm, saveopts, register, check, bdist_egg, install_data, clean, install, install_scripts, upload_docs, test, bdist_dumb, symlink_data, install_lib, upload, editable_wheel
[337.176s] DEBUG:colcon.colcon_core.task.python.build:Available setuptools 'develop' options: --site-dirs, --no-deps, --multi-version, --no-find-links, --user, --build-directory, --version, --script-dir, --verbose, --force-installation-into-system-dir, --prefix, --help, --install-layout, --local-snapshots-ok, --find-links, --egg-path, --dry-run, --always-copy, --install-dir, --no-user-cfg, --index-url, --record, --always-unzip, --allow-hosts, --exclude-scripts, --uninstall, --quiet, --optimize, --zip-ok, --upgrade, --editable
[337.180s] DEBUG:colcon.colcon_core.event_handler.log_command:Invoking command in '/home/zhang/rosprc_ws/build/examples_rclpy_minimal_publisher': PYTHONPATH=/home/zhang/rosprc_ws/build/examples_rclpy_minimal_publisher/prefix_override:/usr/lib/python3/dist-packages/colcon_core/task/python/colcon_distutils_commands:/home/zhang/rosprc_ws/install/examples_rclpy_minimal_publisher/lib/python3.12/site-packages:${PYTHONPATH} /usr/bin/python3 -W ignore:setup.py install is deprecated -W ignore:easy_install command is deprecated setup.py develop --editable --build-directory /home/zhang/rosprc_ws/build/examples_rclpy_minimal_publisher/build --no-deps symlink_data
[338.044s] Level 1:colcon.colcon_core.shell:create_environment_hook('examples_rclpy_minimal_publisher', 'pythonpath_develop')
[338.046s] INFO:colcon.colcon_core.shell:Creating environment hook '/home/zhang/rosprc_ws/build/examples_rclpy_minimal_publisher/share/examples_rclpy_minimal_publisher/hook/pythonpath_develop.ps1'
[338.049s] DEBUG:colcon.colcon_core.event_handler.log_command:Invoked command in '/home/zhang/rosprc_ws/build/examples_rclpy_minimal_publisher' returned '0': PYTHONPATH=/home/zhang/rosprc_ws/build/examples_rclpy_minimal_publisher/prefix_override:/usr/lib/python3/dist-packages/colcon_core/task/python/colcon_distutils_commands:/home/zhang/rosprc_ws/install/examples_rclpy_minimal_publisher/lib/python3.12/site-packages:${PYTHONPATH} /usr/bin/python3 -W ignore:setup.py install is deprecated -W ignore:easy_install command is deprecated setup.py develop --editable --build-directory /home/zhang/rosprc_ws/build/examples_rclpy_minimal_publisher/build --no-deps symlink_data
[338.051s] INFO:colcon.colcon_core.shell:Creating environment descriptor '/home/zhang/rosprc_ws/build/examples_rclpy_minimal_publisher/share/examples_rclpy_minimal_publisher/hook/pythonpath_develop.dsv'
[338.054s] INFO:colcon.colcon_core.shell:Creating environment hook '/home/zhang/rosprc_ws/build/examples_rclpy_minimal_publisher/share/examples_rclpy_minimal_publisher/hook/pythonpath_develop.sh'
[338.057s] Level 1:colcon.colcon_core.environment:checking '/home/zhang/rosprc_ws/install/examples_rclpy_minimal_publisher' for CMake module files
[338.060s] Level 1:colcon.colcon_core.environment:checking '/home/zhang/rosprc_ws/install/examples_rclpy_minimal_publisher' for CMake config files
[338.064s] Level 1:colcon.colcon_core.environment:checking '/home/zhang/rosprc_ws/install/examples_rclpy_minimal_publisher/lib'
[338.064s] Level 1:colcon.colcon_core.environment:checking '/home/zhang/rosprc_ws/install/examples_rclpy_minimal_publisher/bin'
[338.064s] Level 1:colcon.colcon_core.environment:checking '/home/zhang/rosprc_ws/install/examples_rclpy_minimal_publisher/lib/pkgconfig/examples_rclpy_minimal_publisher.pc'
[338.065s] Level 1:colcon.colcon_core.environment:checking '/home/zhang/rosprc_ws/install/examples_rclpy_minimal_publisher/lib/python3.12/site-packages'
[338.066s] Level 1:colcon.colcon_core.shell:create_environment_hook('examples_rclpy_minimal_publisher', 'pythonpath')
[338.067s] INFO:colcon.colcon_core.shell:Creating environment hook '/home/zhang/rosprc_ws/install/examples_rclpy_minimal_publisher/share/examples_rclpy_minimal_publisher/hook/pythonpath.ps1'
[338.069s] INFO:colcon.colcon_core.shell:Creating environment descriptor '/home/zhang/rosprc_ws/install/examples_rclpy_minimal_publisher/share/examples_rclpy_minimal_publisher/hook/pythonpath.dsv'
[338.071s] INFO:colcon.colcon_core.shell:Creating environment hook '/home/zhang/rosprc_ws/install/examples_rclpy_minimal_publisher/share/examples_rclpy_minimal_publisher/hook/pythonpath.sh'
[338.075s] Level 1:colcon.colcon_core.environment:checking '/home/zhang/rosprc_ws/install/examples_rclpy_minimal_publisher/bin'
[338.075s] Level 1:colcon.colcon_core.environment:create_environment_scripts_only(examples_rclpy_minimal_publisher)
[338.076s] INFO:colcon.colcon_core.shell:Creating package script '/home/zhang/rosprc_ws/install/examples_rclpy_minimal_publisher/share/examples_rclpy_minimal_publisher/package.ps1'
[338.079s] INFO:colcon.colcon_core.shell:Creating package descriptor '/home/zhang/rosprc_ws/install/examples_rclpy_minimal_publisher/share/examples_rclpy_minimal_publisher/package.dsv'
[338.080s] INFO:colcon.colcon_core.shell:Creating package script '/home/zhang/rosprc_ws/install/examples_rclpy_minimal_publisher/share/examples_rclpy_minimal_publisher/package.sh'
[338.083s] INFO:colcon.colcon_core.shell:Creating package script '/home/zhang/rosprc_ws/install/examples_rclpy_minimal_publisher/share/examples_rclpy_minimal_publisher/package.bash'
[338.084s] INFO:colcon.colcon_core.shell:Creating package script '/home/zhang/rosprc_ws/install/examples_rclpy_minimal_publisher/share/examples_rclpy_minimal_publisher/package.zsh'
[338.085s] Level 1:colcon.colcon_core.environment:create_file_with_runtime_dependencies(/home/zhang/rosprc_ws/install/examples_rclpy_minimal_publisher/share/colcon-core/packages/examples_rclpy_minimal_publisher)
[338.087s] DEBUG:colcon.colcon_core.executor.sequential:run_until_complete 'examples_rclpy_minimal_publisher' finished with '0'
[338.087s] DEBUG:colcon.colcon_core.executor.sequential:run_until_complete 'examples_rclpy_minimal_service'
[338.087s] INFO:colcon.colcon_ros.task.ament_python.build:Building ROS package in '/home/zhang/rosprc_ws/src/examples/rclpy/services/minimal_service' with build type 'ament_python'
[338.089s] Level 1:colcon.colcon_core.shell:create_environment_hook('examples_rclpy_minimal_service', 'ament_prefix_path')
[338.091s] INFO:colcon.colcon_core.shell:Creating environment hook '/home/zhang/rosprc_ws/install/examples_rclpy_minimal_service/share/examples_rclpy_minimal_service/hook/ament_prefix_path.ps1'
[338.097s] INFO:colcon.colcon_core.shell:Creating environment descriptor '/home/zhang/rosprc_ws/install/examples_rclpy_minimal_service/share/examples_rclpy_minimal_service/hook/ament_prefix_path.dsv'
[338.101s] INFO:colcon.colcon_core.shell:Creating environment hook '/home/zhang/rosprc_ws/install/examples_rclpy_minimal_service/share/examples_rclpy_minimal_service/hook/ament_prefix_path.sh'
[338.104s] INFO:colcon.colcon_core.shell:Skip shell extension 'powershell' for command environment: Not usable outside of PowerShell
[338.104s] DEBUG:colcon.colcon_core.shell:Skip shell extension 'dsv' for command environment
[338.504s] INFO:colcon.colcon_core.task.python.build:Building Python package in '/home/zhang/rosprc_ws/src/examples/rclpy/services/minimal_service'
[338.504s] INFO:colcon.colcon_core.shell:Skip shell extension 'powershell' for command environment: Not usable outside of PowerShell
[338.504s] DEBUG:colcon.colcon_core.shell:Skip shell extension 'dsv' for command environment
[339.449s] DEBUG:colcon.colcon_core.task.python.build:Available setuptools commands: easy_install, sdist, develop, egg_info, build_scripts, install_egg_info, build, dist_info, build_ext, compile_catalog, bdist, update_catalog, install_headers, build_py, init_catalog, alias, rotate, setopt, extract_messages, build_clib, bdist_wheel, bdist_rpm, saveopts, register, check, bdist_egg, install_data, clean, install, install_scripts, upload_docs, test, bdist_dumb, symlink_data, install_lib, upload, editable_wheel
[339.935s] DEBUG:colcon.colcon_core.task.python.build:Available setuptools 'develop' options: --site-dirs, --no-deps, --multi-version, --no-find-links, --user, --build-directory, --version, --script-dir, --verbose, --force-installation-into-system-dir, --prefix, --help, --install-layout, --local-snapshots-ok, --find-links, --egg-path, --dry-run, --always-copy, --install-dir, --no-user-cfg, --index-url, --record, --always-unzip, --allow-hosts, --exclude-scripts, --uninstall, --quiet, --optimize, --zip-ok, --upgrade, --editable
[339.941s] DEBUG:colcon.colcon_core.event_handler.log_command:Invoking command in '/home/zhang/rosprc_ws/build/examples_rclpy_minimal_service': PYTHONPATH=/home/zhang/rosprc_ws/build/examples_rclpy_minimal_service/prefix_override:/usr/lib/python3/dist-packages/colcon_core/task/python/colcon_distutils_commands:/home/zhang/rosprc_ws/install/examples_rclpy_minimal_service/lib/python3.12/site-packages:${PYTHONPATH} /usr/bin/python3 -W ignore:setup.py install is deprecated -W ignore:easy_install command is deprecated setup.py develop --editable --build-directory /home/zhang/rosprc_ws/build/examples_rclpy_minimal_service/build --no-deps symlink_data
[340.808s] Level 1:colcon.colcon_core.shell:create_environment_hook('examples_rclpy_minimal_service', 'pythonpath_develop')
[340.809s] DEBUG:colcon.colcon_core.event_handler.log_command:Invoked command in '/home/zhang/rosprc_ws/build/examples_rclpy_minimal_service' returned '0': PYTHONPATH=/home/zhang/rosprc_ws/build/examples_rclpy_minimal_service/prefix_override:/usr/lib/python3/dist-packages/colcon_core/task/python/colcon_distutils_commands:/home/zhang/rosprc_ws/install/examples_rclpy_minimal_service/lib/python3.12/site-packages:${PYTHONPATH} /usr/bin/python3 -W ignore:setup.py install is deprecated -W ignore:easy_install command is deprecated setup.py develop --editable --build-directory /home/zhang/rosprc_ws/build/examples_rclpy_minimal_service/build --no-deps symlink_data
[340.810s] INFO:colcon.colcon_core.shell:Creating environment hook '/home/zhang/rosprc_ws/build/examples_rclpy_minimal_service/share/examples_rclpy_minimal_service/hook/pythonpath_develop.ps1'
[340.811s] INFO:colcon.colcon_core.shell:Creating environment descriptor '/home/zhang/rosprc_ws/build/examples_rclpy_minimal_service/share/examples_rclpy_minimal_service/hook/pythonpath_develop.dsv'
[340.812s] INFO:colcon.colcon_core.shell:Creating environment hook '/home/zhang/rosprc_ws/build/examples_rclpy_minimal_service/share/examples_rclpy_minimal_service/hook/pythonpath_develop.sh'
[340.814s] Level 1:colcon.colcon_core.environment:checking '/home/zhang/rosprc_ws/install/examples_rclpy_minimal_service' for CMake module files
[340.816s] Level 1:colcon.colcon_core.environment:checking '/home/zhang/rosprc_ws/install/examples_rclpy_minimal_service' for CMake config files
[340.818s] Level 1:colcon.colcon_core.environment:checking '/home/zhang/rosprc_ws/install/examples_rclpy_minimal_service/lib'
[340.818s] Level 1:colcon.colcon_core.environment:checking '/home/zhang/rosprc_ws/install/examples_rclpy_minimal_service/bin'
[340.818s] Level 1:colcon.colcon_core.environment:checking '/home/zhang/rosprc_ws/install/examples_rclpy_minimal_service/lib/pkgconfig/examples_rclpy_minimal_service.pc'
[340.818s] Level 1:colcon.colcon_core.environment:checking '/home/zhang/rosprc_ws/install/examples_rclpy_minimal_service/lib/python3.12/site-packages'
[340.819s] Level 1:colcon.colcon_core.shell:create_environment_hook('examples_rclpy_minimal_service', 'pythonpath')
[340.819s] INFO:colcon.colcon_core.shell:Creating environment hook '/home/zhang/rosprc_ws/install/examples_rclpy_minimal_service/share/examples_rclpy_minimal_service/hook/pythonpath.ps1'
[340.820s] INFO:colcon.colcon_core.shell:Creating environment descriptor '/home/zhang/rosprc_ws/install/examples_rclpy_minimal_service/share/examples_rclpy_minimal_service/hook/pythonpath.dsv'
[340.821s] INFO:colcon.colcon_core.shell:Creating environment hook '/home/zhang/rosprc_ws/install/examples_rclpy_minimal_service/share/examples_rclpy_minimal_service/hook/pythonpath.sh'
[340.824s] Level 1:colcon.colcon_core.environment:checking '/home/zhang/rosprc_ws/install/examples_rclpy_minimal_service/bin'
[340.825s] Level 1:colcon.colcon_core.environment:create_environment_scripts_only(examples_rclpy_minimal_service)
[340.826s] INFO:colcon.colcon_core.shell:Creating package script '/home/zhang/rosprc_ws/install/examples_rclpy_minimal_service/share/examples_rclpy_minimal_service/package.ps1'
[340.829s] INFO:colcon.colcon_core.shell:Creating package descriptor '/home/zhang/rosprc_ws/install/examples_rclpy_minimal_service/share/examples_rclpy_minimal_service/package.dsv'
[340.831s] INFO:colcon.colcon_core.shell:Creating package script '/home/zhang/rosprc_ws/install/examples_rclpy_minimal_service/share/examples_rclpy_minimal_service/package.sh'
[340.832s] INFO:colcon.colcon_core.shell:Creating package script '/home/zhang/rosprc_ws/install/examples_rclpy_minimal_service/share/examples_rclpy_minimal_service/package.bash'
[340.834s] INFO:colcon.colcon_core.shell:Creating package script '/home/zhang/rosprc_ws/install/examples_rclpy_minimal_service/share/examples_rclpy_minimal_service/package.zsh'
[340.834s] Level 1:colcon.colcon_core.environment:create_file_with_runtime_dependencies(/home/zhang/rosprc_ws/install/examples_rclpy_minimal_service/share/colcon-core/packages/examples_rclpy_minimal_service)
[340.835s] DEBUG:colcon.colcon_core.executor.sequential:run_until_complete 'examples_rclpy_minimal_service' finished with '0'
[340.835s] DEBUG:colcon.colcon_core.executor.sequential:run_until_complete 'examples_rclpy_minimal_subscriber'
[340.836s] INFO:colcon.colcon_ros.task.ament_python.build:Building ROS package in '/home/zhang/rosprc_ws/src/examples/rclpy/topics/minimal_subscriber' with build type 'ament_python'
[340.836s] Level 1:colcon.colcon_core.shell:create_environment_hook('examples_rclpy_minimal_subscriber', 'ament_prefix_path')
[340.839s] INFO:colcon.colcon_core.shell:Creating environment hook '/home/zhang/rosprc_ws/install/examples_rclpy_minimal_subscriber/share/examples_rclpy_minimal_subscriber/hook/ament_prefix_path.ps1'
[340.844s] INFO:colcon.colcon_core.shell:Creating environment descriptor '/home/zhang/rosprc_ws/install/examples_rclpy_minimal_subscriber/share/examples_rclpy_minimal_subscriber/hook/ament_prefix_path.dsv'
[340.849s] INFO:colcon.colcon_core.shell:Creating environment hook '/home/zhang/rosprc_ws/install/examples_rclpy_minimal_subscriber/share/examples_rclpy_minimal_subscriber/hook/ament_prefix_path.sh'
[340.852s] INFO:colcon.colcon_core.shell:Skip shell extension 'powershell' for command environment: Not usable outside of PowerShell
[340.853s] DEBUG:colcon.colcon_core.shell:Skip shell extension 'dsv' for command environment
[341.321s] INFO:colcon.colcon_core.task.python.build:Building Python package in '/home/zhang/rosprc_ws/src/examples/rclpy/topics/minimal_subscriber'
[341.322s] INFO:colcon.colcon_core.shell:Skip shell extension 'powershell' for command environment: Not usable outside of PowerShell
[341.322s] DEBUG:colcon.colcon_core.shell:Skip shell extension 'dsv' for command environment
[342.260s] DEBUG:colcon.colcon_core.task.python.build:Available setuptools commands: easy_install, sdist, develop, egg_info, build_scripts, install_egg_info, build, dist_info, build_ext, compile_catalog, bdist, update_catalog, install_headers, build_py, init_catalog, alias, rotate, setopt, extract_messages, build_clib, bdist_wheel, bdist_rpm, saveopts, register, check, bdist_egg, install_data, clean, install, install_scripts, upload_docs, test, bdist_dumb, symlink_data, install_lib, upload, editable_wheel
[342.905s] DEBUG:colcon.colcon_core.task.python.build:Available setuptools 'develop' options: --site-dirs, --no-deps, --multi-version, --no-find-links, --user, --build-directory, --version, --script-dir, --verbose, --force-installation-into-system-dir, --prefix, --help, --install-layout, --local-snapshots-ok, --find-links, --egg-path, --dry-run, --always-copy, --install-dir, --no-user-cfg, --index-url, --record, --always-unzip, --allow-hosts, --exclude-scripts, --uninstall, --quiet, --optimize, --zip-ok, --upgrade, --editable
[342.920s] DEBUG:colcon.colcon_core.event_handler.log_command:Invoking command in '/home/zhang/rosprc_ws/build/examples_rclpy_minimal_subscriber': PYTHONPATH=/home/zhang/rosprc_ws/build/examples_rclpy_minimal_subscriber/prefix_override:/usr/lib/python3/dist-packages/colcon_core/task/python/colcon_distutils_commands:/home/zhang/rosprc_ws/install/examples_rclpy_minimal_subscriber/lib/python3.12/site-packages:${PYTHONPATH} /usr/bin/python3 -W ignore:setup.py install is deprecated -W ignore:easy_install command is deprecated setup.py develop --editable --build-directory /home/zhang/rosprc_ws/build/examples_rclpy_minimal_subscriber/build --no-deps symlink_data
[344.118s] Level 1:colcon.colcon_core.shell:create_environment_hook('examples_rclpy_minimal_subscriber', 'pythonpath_develop')
[344.119s] INFO:colcon.colcon_core.shell:Creating environment hook '/home/zhang/rosprc_ws/build/examples_rclpy_minimal_subscriber/share/examples_rclpy_minimal_subscriber/hook/pythonpath_develop.ps1'
[344.120s] DEBUG:colcon.colcon_core.event_handler.log_command:Invoked command in '/home/zhang/rosprc_ws/build/examples_rclpy_minimal_subscriber' returned '0': PYTHONPATH=/home/zhang/rosprc_ws/build/examples_rclpy_minimal_subscriber/prefix_override:/usr/lib/python3/dist-packages/colcon_core/task/python/colcon_distutils_commands:/home/zhang/rosprc_ws/install/examples_rclpy_minimal_subscriber/lib/python3.12/site-packages:${PYTHONPATH} /usr/bin/python3 -W ignore:setup.py install is deprecated -W ignore:easy_install command is deprecated setup.py develop --editable --build-directory /home/zhang/rosprc_ws/build/examples_rclpy_minimal_subscriber/build --no-deps symlink_data
[344.123s] INFO:colcon.colcon_core.shell:Creating environment descriptor '/home/zhang/rosprc_ws/build/examples_rclpy_minimal_subscriber/share/examples_rclpy_minimal_subscriber/hook/pythonpath_develop.dsv'
[344.126s] INFO:colcon.colcon_core.shell:Creating environment hook '/home/zhang/rosprc_ws/build/examples_rclpy_minimal_subscriber/share/examples_rclpy_minimal_subscriber/hook/pythonpath_develop.sh'
[344.130s] Level 1:colcon.colcon_core.environment:checking '/home/zhang/rosprc_ws/install/examples_rclpy_minimal_subscriber' for CMake module files
[344.134s] Level 1:colcon.colcon_core.environment:checking '/home/zhang/rosprc_ws/install/examples_rclpy_minimal_subscriber' for CMake config files
[344.137s] Level 1:colcon.colcon_core.environment:checking '/home/zhang/rosprc_ws/install/examples_rclpy_minimal_subscriber/lib'
[344.137s] Level 1:colcon.colcon_core.environment:checking '/home/zhang/rosprc_ws/install/examples_rclpy_minimal_subscriber/bin'
[344.138s] Level 1:colcon.colcon_core.environment:checking '/home/zhang/rosprc_ws/install/examples_rclpy_minimal_subscriber/lib/pkgconfig/examples_rclpy_minimal_subscriber.pc'
[344.138s] Level 1:colcon.colcon_core.environment:checking '/home/zhang/rosprc_ws/install/examples_rclpy_minimal_subscriber/lib/python3.12/site-packages'
[344.139s] Level 1:colcon.colcon_core.shell:create_environment_hook('examples_rclpy_minimal_subscriber', 'pythonpath')
[344.140s] INFO:colcon.colcon_core.shell:Creating environment hook '/home/zhang/rosprc_ws/install/examples_rclpy_minimal_subscriber/share/examples_rclpy_minimal_subscriber/hook/pythonpath.ps1'
[344.143s] INFO:colcon.colcon_core.shell:Creating environment descriptor '/home/zhang/rosprc_ws/install/examples_rclpy_minimal_subscriber/share/examples_rclpy_minimal_subscriber/hook/pythonpath.dsv'
[344.145s] INFO:colcon.colcon_core.shell:Creating environment hook '/home/zhang/rosprc_ws/install/examples_rclpy_minimal_subscriber/share/examples_rclpy_minimal_subscriber/hook/pythonpath.sh'
[344.148s] Level 1:colcon.colcon_core.environment:checking '/home/zhang/rosprc_ws/install/examples_rclpy_minimal_subscriber/bin'
[344.149s] Level 1:colcon.colcon_core.environment:create_environment_scripts_only(examples_rclpy_minimal_subscriber)
[344.150s] INFO:colcon.colcon_core.shell:Creating package script '/home/zhang/rosprc_ws/install/examples_rclpy_minimal_subscriber/share/examples_rclpy_minimal_subscriber/package.ps1'
[344.153s] INFO:colcon.colcon_core.shell:Creating package descriptor '/home/zhang/rosprc_ws/install/examples_rclpy_minimal_subscriber/share/examples_rclpy_minimal_subscriber/package.dsv'
[344.155s] INFO:colcon.colcon_core.shell:Creating package script '/home/zhang/rosprc_ws/install/examples_rclpy_minimal_subscriber/share/examples_rclpy_minimal_subscriber/package.sh'
[344.157s] INFO:colcon.colcon_core.shell:Creating package script '/home/zhang/rosprc_ws/install/examples_rclpy_minimal_subscriber/share/examples_rclpy_minimal_subscriber/package.bash'
[344.158s] INFO:colcon.colcon_core.shell:Creating package script '/home/zhang/rosprc_ws/install/examples_rclpy_minimal_subscriber/share/examples_rclpy_minimal_subscriber/package.zsh'
[344.159s] Level 1:colcon.colcon_core.environment:create_file_with_runtime_dependencies(/home/zhang/rosprc_ws/install/examples_rclpy_minimal_subscriber/share/colcon-core/packages/examples_rclpy_minimal_subscriber)
[344.160s] DEBUG:colcon.colcon_core.executor.sequential:run_until_complete 'examples_rclpy_minimal_subscriber' finished with '0'
[344.161s] DEBUG:colcon.colcon_core.executor.sequential:run_until_complete 'examples_rclpy_pointcloud_publisher'
[344.161s] INFO:colcon.colcon_ros.task.ament_python.build:Building ROS package in '/home/zhang/rosprc_ws/src/examples/rclpy/topics/pointcloud_publisher' with build type 'ament_python'
[344.162s] Level 1:colcon.colcon_core.shell:create_environment_hook('examples_rclpy_pointcloud_publisher', 'ament_prefix_path')
[344.162s] INFO:colcon.colcon_core.shell:Creating environment hook '/home/zhang/rosprc_ws/install/examples_rclpy_pointcloud_publisher/share/examples_rclpy_pointcloud_publisher/hook/ament_prefix_path.ps1'
[344.164s] INFO:colcon.colcon_core.shell:Creating environment descriptor '/home/zhang/rosprc_ws/install/examples_rclpy_pointcloud_publisher/share/examples_rclpy_pointcloud_publisher/hook/ament_prefix_path.dsv'
[344.164s] INFO:colcon.colcon_core.shell:Creating environment hook '/home/zhang/rosprc_ws/install/examples_rclpy_pointcloud_publisher/share/examples_rclpy_pointcloud_publisher/hook/ament_prefix_path.sh'
[344.165s] INFO:colcon.colcon_core.shell:Skip shell extension 'powershell' for command environment: Not usable outside of PowerShell
[344.165s] DEBUG:colcon.colcon_core.shell:Skip shell extension 'dsv' for command environment
[344.776s] INFO:colcon.colcon_core.task.python.build:Building Python package in '/home/zhang/rosprc_ws/src/examples/rclpy/topics/pointcloud_publisher'
[344.777s] INFO:colcon.colcon_core.shell:Skip shell extension 'powershell' for command environment: Not usable outside of PowerShell
[344.777s] DEBUG:colcon.colcon_core.shell:Skip shell extension 'dsv' for command environment
[345.854s] DEBUG:colcon.colcon_core.task.python.build:Available setuptools commands: easy_install, sdist, develop, egg_info, build_scripts, install_egg_info, build, dist_info, build_ext, compile_catalog, bdist, update_catalog, install_headers, build_py, init_catalog, alias, rotate, setopt, extract_messages, build_clib, bdist_wheel, bdist_rpm, saveopts, register, check, bdist_egg, install_data, clean, install, install_scripts, upload_docs, test, bdist_dumb, symlink_data, install_lib, upload, editable_wheel
[346.340s] DEBUG:colcon.colcon_core.task.python.build:Available setuptools 'develop' options: --site-dirs, --no-deps, --multi-version, --no-find-links, --user, --build-directory, --version, --script-dir, --verbose, --force-installation-into-system-dir, --prefix, --help, --install-layout, --local-snapshots-ok, --find-links, --egg-path, --dry-run, --always-copy, --install-dir, --no-user-cfg, --index-url, --record, --always-unzip, --allow-hosts, --exclude-scripts, --uninstall, --quiet, --optimize, --zip-ok, --upgrade, --editable
[346.346s] DEBUG:colcon.colcon_core.event_handler.log_command:Invoking command in '/home/zhang/rosprc_ws/build/examples_rclpy_pointcloud_publisher': PYTHONPATH=/home/zhang/rosprc_ws/build/examples_rclpy_pointcloud_publisher/prefix_override:/usr/lib/python3/dist-packages/colcon_core/task/python/colcon_distutils_commands:/home/zhang/rosprc_ws/install/examples_rclpy_pointcloud_publisher/lib/python3.12/site-packages:${PYTHONPATH} /usr/bin/python3 -W ignore:setup.py install is deprecated -W ignore:easy_install command is deprecated setup.py develop --editable --build-directory /home/zhang/rosprc_ws/build/examples_rclpy_pointcloud_publisher/build --no-deps symlink_data
[347.137s] Level 1:colcon.colcon_core.shell:create_environment_hook('examples_rclpy_pointcloud_publisher', 'pythonpath_develop')
[347.139s] INFO:colcon.colcon_core.shell:Creating environment hook '/home/zhang/rosprc_ws/build/examples_rclpy_pointcloud_publisher/share/examples_rclpy_pointcloud_publisher/hook/pythonpath_develop.ps1'
[347.139s] DEBUG:colcon.colcon_core.event_handler.log_command:Invoked command in '/home/zhang/rosprc_ws/build/examples_rclpy_pointcloud_publisher' returned '0': PYTHONPATH=/home/zhang/rosprc_ws/build/examples_rclpy_pointcloud_publisher/prefix_override:/usr/lib/python3/dist-packages/colcon_core/task/python/colcon_distutils_commands:/home/zhang/rosprc_ws/install/examples_rclpy_pointcloud_publisher/lib/python3.12/site-packages:${PYTHONPATH} /usr/bin/python3 -W ignore:setup.py install is deprecated -W ignore:easy_install command is deprecated setup.py develop --editable --build-directory /home/zhang/rosprc_ws/build/examples_rclpy_pointcloud_publisher/build --no-deps symlink_data
[347.142s] INFO:colcon.colcon_core.shell:Creating environment descriptor '/home/zhang/rosprc_ws/build/examples_rclpy_pointcloud_publisher/share/examples_rclpy_pointcloud_publisher/hook/pythonpath_develop.dsv'
[347.142s] INFO:colcon.colcon_core.shell:Creating environment hook '/home/zhang/rosprc_ws/build/examples_rclpy_pointcloud_publisher/share/examples_rclpy_pointcloud_publisher/hook/pythonpath_develop.sh'
[347.143s] Level 1:colcon.colcon_core.environment:checking '/home/zhang/rosprc_ws/install/examples_rclpy_pointcloud_publisher' for CMake module files
[347.144s] Level 1:colcon.colcon_core.environment:checking '/home/zhang/rosprc_ws/install/examples_rclpy_pointcloud_publisher' for CMake config files
[347.145s] Level 1:colcon.colcon_core.environment:checking '/home/zhang/rosprc_ws/install/examples_rclpy_pointcloud_publisher/lib'
[347.145s] Level 1:colcon.colcon_core.environment:checking '/home/zhang/rosprc_ws/install/examples_rclpy_pointcloud_publisher/bin'
[347.145s] Level 1:colcon.colcon_core.environment:checking '/home/zhang/rosprc_ws/install/examples_rclpy_pointcloud_publisher/lib/pkgconfig/examples_rclpy_pointcloud_publisher.pc'
[347.146s] Level 1:colcon.colcon_core.environment:checking '/home/zhang/rosprc_ws/install/examples_rclpy_pointcloud_publisher/lib/python3.12/site-packages'
[347.146s] Level 1:colcon.colcon_core.shell:create_environment_hook('examples_rclpy_pointcloud_publisher', 'pythonpath')
[347.146s] INFO:colcon.colcon_core.shell:Creating environment hook '/home/zhang/rosprc_ws/install/examples_rclpy_pointcloud_publisher/share/examples_rclpy_pointcloud_publisher/hook/pythonpath.ps1'
[347.147s] INFO:colcon.colcon_core.shell:Creating environment descriptor '/home/zhang/rosprc_ws/install/examples_rclpy_pointcloud_publisher/share/examples_rclpy_pointcloud_publisher/hook/pythonpath.dsv'
[347.148s] INFO:colcon.colcon_core.shell:Creating environment hook '/home/zhang/rosprc_ws/install/examples_rclpy_pointcloud_publisher/share/examples_rclpy_pointcloud_publisher/hook/pythonpath.sh'
[347.148s] Level 1:colcon.colcon_core.environment:checking '/home/zhang/rosprc_ws/install/examples_rclpy_pointcloud_publisher/bin'
[347.148s] Level 1:colcon.colcon_core.environment:create_environment_scripts_only(examples_rclpy_pointcloud_publisher)
[347.149s] INFO:colcon.colcon_core.shell:Creating package script '/home/zhang/rosprc_ws/install/examples_rclpy_pointcloud_publisher/share/examples_rclpy_pointcloud_publisher/package.ps1'
[347.150s] INFO:colcon.colcon_core.shell:Creating package descriptor '/home/zhang/rosprc_ws/install/examples_rclpy_pointcloud_publisher/share/examples_rclpy_pointcloud_publisher/package.dsv'
[347.151s] INFO:colcon.colcon_core.shell:Creating package script '/home/zhang/rosprc_ws/install/examples_rclpy_pointcloud_publisher/share/examples_rclpy_pointcloud_publisher/package.sh'
[347.151s] INFO:colcon.colcon_core.shell:Creating package script '/home/zhang/rosprc_ws/install/examples_rclpy_pointcloud_publisher/share/examples_rclpy_pointcloud_publisher/package.bash'
[347.152s] INFO:colcon.colcon_core.shell:Creating package script '/home/zhang/rosprc_ws/install/examples_rclpy_pointcloud_publisher/share/examples_rclpy_pointcloud_publisher/package.zsh'
[347.152s] Level 1:colcon.colcon_core.environment:create_file_with_runtime_dependencies(/home/zhang/rosprc_ws/install/examples_rclpy_pointcloud_publisher/share/colcon-core/packages/examples_rclpy_pointcloud_publisher)
[347.153s] DEBUG:colcon.colcon_core.executor.sequential:run_until_complete 'examples_rclpy_pointcloud_publisher' finished with '0'
[347.154s] DEBUG:colcon.colcon_core.executor.sequential:run_until_complete 'launch_testing_examples'
[347.154s] INFO:colcon.colcon_ros.task.ament_python.build:Building ROS package in '/home/zhang/rosprc_ws/src/examples/launch_testing/launch_testing_examples' with build type 'ament_python'
[347.154s] Level 1:colcon.colcon_core.shell:create_environment_hook('launch_testing_examples', 'ament_prefix_path')
[347.155s] INFO:colcon.colcon_core.shell:Creating environment hook '/home/zhang/rosprc_ws/install/launch_testing_examples/share/launch_testing_examples/hook/ament_prefix_path.ps1'
[347.156s] INFO:colcon.colcon_core.shell:Creating environment descriptor '/home/zhang/rosprc_ws/install/launch_testing_examples/share/launch_testing_examples/hook/ament_prefix_path.dsv'
[347.157s] INFO:colcon.colcon_core.shell:Creating environment hook '/home/zhang/rosprc_ws/install/launch_testing_examples/share/launch_testing_examples/hook/ament_prefix_path.sh'
[347.158s] INFO:colcon.colcon_core.shell:Skip shell extension 'powershell' for command environment: Not usable outside of PowerShell
[347.158s] DEBUG:colcon.colcon_core.shell:Skip shell extension 'dsv' for command environment
[347.444s] INFO:colcon.colcon_core.task.python.build:Building Python package in '/home/zhang/rosprc_ws/src/examples/launch_testing/launch_testing_examples'
[347.445s] INFO:colcon.colcon_core.shell:Skip shell extension 'powershell' for command environment: Not usable outside of PowerShell
[347.445s] DEBUG:colcon.colcon_core.shell:Skip shell extension 'dsv' for command environment
[348.290s] DEBUG:colcon.colcon_core.task.python.build:Available setuptools commands: easy_install, sdist, develop, egg_info, build_scripts, install_egg_info, build, dist_info, build_ext, compile_catalog, bdist, update_catalog, install_headers, build_py, init_catalog, alias, rotate, setopt, extract_messages, build_clib, bdist_wheel, bdist_rpm, saveopts, register, check, bdist_egg, install_data, clean, install, install_scripts, upload_docs, test, bdist_dumb, symlink_data, install_lib, upload, editable_wheel
[348.796s] DEBUG:colcon.colcon_core.task.python.build:Available setuptools 'develop' options: --site-dirs, --no-deps, --multi-version, --no-find-links, --user, --build-directory, --version, --script-dir, --verbose, --force-installation-into-system-dir, --prefix, --help, --install-layout, --local-snapshots-ok, --find-links, --egg-path, --dry-run, --always-copy, --install-dir, --no-user-cfg, --index-url, --record, --always-unzip, --allow-hosts, --exclude-scripts, --uninstall, --quiet, --optimize, --zip-ok, --upgrade, --editable
[348.815s] DEBUG:colcon.colcon_core.event_handler.log_command:Invoking command in '/home/zhang/rosprc_ws/build/launch_testing_examples': PYTHONPATH=/home/zhang/rosprc_ws/build/launch_testing_examples/prefix_override:/usr/lib/python3/dist-packages/colcon_core/task/python/colcon_distutils_commands:/home/zhang/rosprc_ws/install/launch_testing_examples/lib/python3.12/site-packages:${PYTHONPATH} /usr/bin/python3 -W ignore:setup.py install is deprecated -W ignore:easy_install command is deprecated setup.py develop --editable --build-directory /home/zhang/rosprc_ws/build/launch_testing_examples/build --no-deps symlink_data
[349.748s] Level 1:colcon.colcon_core.shell:create_environment_hook('launch_testing_examples', 'pythonpath_develop')
[349.750s] DEBUG:colcon.colcon_core.event_handler.log_command:Invoked command in '/home/zhang/rosprc_ws/build/launch_testing_examples' returned '0': PYTHONPATH=/home/zhang/rosprc_ws/build/launch_testing_examples/prefix_override:/usr/lib/python3/dist-packages/colcon_core/task/python/colcon_distutils_commands:/home/zhang/rosprc_ws/install/launch_testing_examples/lib/python3.12/site-packages:${PYTHONPATH} /usr/bin/python3 -W ignore:setup.py install is deprecated -W ignore:easy_install command is deprecated setup.py develop --editable --build-directory /home/zhang/rosprc_ws/build/launch_testing_examples/build --no-deps symlink_data
[349.752s] INFO:colcon.colcon_core.shell:Creating environment hook '/home/zhang/rosprc_ws/build/launch_testing_examples/share/launch_testing_examples/hook/pythonpath_develop.ps1'
[349.760s] INFO:colcon.colcon_core.shell:Creating environment descriptor '/home/zhang/rosprc_ws/build/launch_testing_examples/share/launch_testing_examples/hook/pythonpath_develop.dsv'
[349.762s] INFO:colcon.colcon_core.shell:Creating environment hook '/home/zhang/rosprc_ws/build/launch_testing_examples/share/launch_testing_examples/hook/pythonpath_develop.sh'
[349.765s] Level 1:colcon.colcon_core.environment:checking '/home/zhang/rosprc_ws/install/launch_testing_examples' for CMake module files
[349.766s] Level 1:colcon.colcon_core.environment:checking '/home/zhang/rosprc_ws/install/launch_testing_examples' for CMake config files
[349.768s] Level 1:colcon.colcon_core.environment:checking '/home/zhang/rosprc_ws/install/launch_testing_examples/lib'
[349.769s] Level 1:colcon.colcon_core.environment:checking '/home/zhang/rosprc_ws/install/launch_testing_examples/bin'
[349.769s] Level 1:colcon.colcon_core.environment:checking '/home/zhang/rosprc_ws/install/launch_testing_examples/lib/pkgconfig/launch_testing_examples.pc'
[349.770s] Level 1:colcon.colcon_core.environment:checking '/home/zhang/rosprc_ws/install/launch_testing_examples/lib/python3.12/site-packages'
[349.771s] Level 1:colcon.colcon_core.shell:create_environment_hook('launch_testing_examples', 'pythonpath')
[349.772s] INFO:colcon.colcon_core.shell:Creating environment hook '/home/zhang/rosprc_ws/install/launch_testing_examples/share/launch_testing_examples/hook/pythonpath.ps1'
[349.774s] INFO:colcon.colcon_core.shell:Creating environment descriptor '/home/zhang/rosprc_ws/install/launch_testing_examples/share/launch_testing_examples/hook/pythonpath.dsv'
[349.775s] INFO:colcon.colcon_core.shell:Creating environment hook '/home/zhang/rosprc_ws/install/launch_testing_examples/share/launch_testing_examples/hook/pythonpath.sh'
[349.777s] Level 1:colcon.colcon_core.environment:checking '/home/zhang/rosprc_ws/install/launch_testing_examples/bin'
[349.777s] Level 1:colcon.colcon_core.environment:create_environment_scripts_only(launch_testing_examples)
[349.778s] INFO:colcon.colcon_core.shell:Creating package script '/home/zhang/rosprc_ws/install/launch_testing_examples/share/launch_testing_examples/package.ps1'
[349.779s] INFO:colcon.colcon_core.shell:Creating package descriptor '/home/zhang/rosprc_ws/install/launch_testing_examples/share/launch_testing_examples/package.dsv'
[349.780s] INFO:colcon.colcon_core.shell:Creating package script '/home/zhang/rosprc_ws/install/launch_testing_examples/share/launch_testing_examples/package.sh'
[349.781s] INFO:colcon.colcon_core.shell:Creating package script '/home/zhang/rosprc_ws/install/launch_testing_examples/share/launch_testing_examples/package.bash'
[349.782s] INFO:colcon.colcon_core.shell:Creating package script '/home/zhang/rosprc_ws/install/launch_testing_examples/share/launch_testing_examples/package.zsh'
[349.783s] Level 1:colcon.colcon_core.environment:create_file_with_runtime_dependencies(/home/zhang/rosprc_ws/install/launch_testing_examples/share/colcon-core/packages/launch_testing_examples)
[349.784s] DEBUG:colcon.colcon_core.executor.sequential:run_until_complete 'launch_testing_examples' finished with '0'
[349.789s] DEBUG:colcon.colcon_core.executor.sequential:closing loop
[349.794s] DEBUG:colcon.colcon_core.executor.sequential:loop closed
[349.799s] DEBUG:colcon.colcon_core.event_reactor:joining thread
[350.287s] INFO:colcon.colcon_core.plugin_system:Skipping extension 'colcon_notification.desktop_notification.notify_send': Could not find 'notify-send'
[350.287s] INFO:colcon.colcon_core.plugin_system:Skipping extension 'colcon_notification.desktop_notification.terminal_notifier': Not used on non-Darwin systems
[350.287s] INFO:colcon.colcon_core.plugin_system:Skipping extension 'colcon_notification.desktop_notification.win32': Not used on non-Windows systems
[350.287s] INFO:colcon.colcon_notification.desktop_notification:Sending desktop notification using 'notify2'
[350.894s] DEBUG:colcon.colcon_notification.desktop_notification.notify2:Failed to initialize notify2: org.freedesktop.DBus.Error.ServiceUnknown: The name org.freedesktop.Notifications was not provided by any .service files
[350.896s] DEBUG:colcon.colcon_core.event_reactor:joined thread
[350.902s] INFO:colcon.colcon_core.shell:Creating prefix script '/home/zhang/rosprc_ws/install/local_setup.ps1'
[350.911s] INFO:colcon.colcon_core.shell:Creating prefix util module '/home/zhang/rosprc_ws/install/_local_setup_util_ps1.py'
[350.920s] INFO:colcon.colcon_core.shell:Creating prefix chain script '/home/zhang/rosprc_ws/install/setup.ps1'
[350.925s] INFO:colcon.colcon_core.shell:Creating prefix script '/home/zhang/rosprc_ws/install/local_setup.sh'
[350.930s] INFO:colcon.colcon_core.shell:Creating prefix util module '/home/zhang/rosprc_ws/install/_local_setup_util_sh.py'
[350.932s] INFO:colcon.colcon_core.shell:Creating prefix chain script '/home/zhang/rosprc_ws/install/setup.sh'
[350.939s] INFO:colcon.colcon_core.shell:Creating prefix script '/home/zhang/rosprc_ws/install/local_setup.bash'
[350.943s] INFO:colcon.colcon_core.shell:Creating prefix chain script '/home/zhang/rosprc_ws/install/setup.bash'
[350.948s] INFO:colcon.colcon_core.shell:Creating prefix script '/home/zhang/rosprc_ws/install/local_setup.zsh'
[350.952s] INFO:colcon.colcon_core.shell:Creating prefix chain script '/home/zhang/rosprc_ws/install/setup.zsh'
