[0.633s] DEBUG:colcon:Command line arguments: ['/usr/bin/colcon', 'build']
[0.633s] DEBUG:colcon:Parsed command line arguments: Namespace(log_base=None, log_level=None, verb_name='build', build_base='build', install_base='install', merge_install=False, symlink_install=False, test_result_base=None, continue_on_error=False, executor='parallel', parallel_workers=20, event_handlers=None, ignore_user_meta=False, metas=['./colcon.meta'], base_paths=['.'], packages_ignore=None, packages_ignore_regex=None, paths=None, packages_up_to=None, packages_up_to_regex=None, packages_above=None, packages_above_and_dependencies=None, packages_above_depth=None, packages_select_by_dep=None, packages_skip_by_dep=None, packages_skip_up_to=None, packages_select_build_failed=False, packages_skip_build_finished=False, packages_select_test_failures=False, packages_skip_test_passed=False, packages_select=None, packages_skip=None, packages_select_regex=None, packages_skip_regex=None, packages_start=None, packages_end=None, allow_overriding=[], cmake_args=None, cmake_target=None, cmake_target_skip_unavailable=False, cmake_clean_cache=False, cmake_clean_first=False, cmake_force_configure=False, ament_cmake_args=None, catkin_cmake_args=None, catkin_skip_building_tests=False, mixin_files=None, mixin=None, verb_parser=<colcon_mixin.mixin.mixin_argument.MixinArgumentDecorator object at 0x77a33c882480>, verb_extension=<colcon_core.verb.build.BuildVerb object at 0x77a33c9aef30>, main=<bound method BuildVerb.main of <colcon_core.verb.build.BuildVerb object at 0x77a33c9aef30>>, mixin_verb=('build',))
[0.813s] Level 1:colcon.colcon_core.package_discovery:discover_packages(colcon_meta) check parameters
[0.813s] Level 1:colcon.colcon_core.package_discovery:discover_packages(recursive) check parameters
[0.813s] Level 1:colcon.colcon_core.package_discovery:discover_packages(ignore) check parameters
[0.813s] Level 1:colcon.colcon_core.package_discovery:discover_packages(path) check parameters
[0.814s] Level 1:colcon.colcon_core.package_discovery:discover_packages(colcon_meta) discover
[0.814s] Level 1:colcon.colcon_core.package_discovery:discover_packages(recursive) discover
[0.814s] INFO:colcon.colcon_core.package_discovery:Crawling recursively for packages in '/home/zhang/rosprc_ws'
[0.814s] Level 1:colcon.colcon_core.package_identification:_identify(.) by extensions ['ignore', 'ignore_ament_install']
[0.814s] Level 1:colcon.colcon_core.package_identification:_identify(.) by extension 'ignore'
[0.814s] Level 1:colcon.colcon_core.package_identification:_identify(.) by extension 'ignore_ament_install'
[0.814s] Level 1:colcon.colcon_core.package_identification:_identify(.) by extensions ['colcon_pkg']
[0.814s] Level 1:colcon.colcon_core.package_identification:_identify(.) by extension 'colcon_pkg'
[0.815s] Level 1:colcon.colcon_core.package_identification:_identify(.) by extensions ['colcon_meta']
[0.815s] Level 1:colcon.colcon_core.package_identification:_identify(.) by extension 'colcon_meta'
[0.815s] Level 1:colcon.colcon_core.package_identification:_identify(.) by extensions ['ros']
[0.815s] Level 1:colcon.colcon_core.package_identification:_identify(.) by extension 'ros'
[0.914s] Level 1:colcon.colcon_core.package_identification:_identify(.) by extensions ['cmake', 'python']
[0.914s] Level 1:colcon.colcon_core.package_identification:_identify(.) by extension 'cmake'
[0.915s] Level 1:colcon.colcon_core.package_identification:_identify(.) by extension 'python'
[0.915s] Level 1:colcon.colcon_core.package_identification:_identify(.) by extensions ['python_setup_py']
[0.916s] Level 1:colcon.colcon_core.package_identification:_identify(.) by extension 'python_setup_py'
[0.918s] Level 1:colcon.colcon_core.package_identification:_identify(build) by extensions ['ignore', 'ignore_ament_install']
[0.919s] Level 1:colcon.colcon_core.package_identification:_identify(build) by extension 'ignore'
[0.919s] Level 1:colcon.colcon_core.package_identification:_identify(build) ignored
[0.921s] Level 1:colcon.colcon_core.package_identification:_identify(install) by extensions ['ignore', 'ignore_ament_install']
[0.922s] Level 1:colcon.colcon_core.package_identification:_identify(install) by extension 'ignore'
[0.923s] Level 1:colcon.colcon_core.package_identification:_identify(install) ignored
[0.923s] Level 1:colcon.colcon_core.package_identification:_identify(log) by extensions ['ignore', 'ignore_ament_install']
[0.924s] Level 1:colcon.colcon_core.package_identification:_identify(log) by extension 'ignore'
[0.924s] Level 1:colcon.colcon_core.package_identification:_identify(log) ignored
[0.924s] Level 1:colcon.colcon_core.package_identification:_identify(src) by extensions ['ignore', 'ignore_ament_install']
[0.925s] Level 1:colcon.colcon_core.package_identification:_identify(src) by extension 'ignore'
[0.925s] Level 1:colcon.colcon_core.package_identification:_identify(src) by extension 'ignore_ament_install'
[0.925s] Level 1:colcon.colcon_core.package_identification:_identify(src) by extensions ['colcon_pkg']
[0.925s] Level 1:colcon.colcon_core.package_identification:_identify(src) by extension 'colcon_pkg'
[0.926s] Level 1:colcon.colcon_core.package_identification:_identify(src) by extensions ['colcon_meta']
[0.926s] Level 1:colcon.colcon_core.package_identification:_identify(src) by extension 'colcon_meta'
[0.926s] Level 1:colcon.colcon_core.package_identification:_identify(src) by extensions ['ros']
[0.926s] Level 1:colcon.colcon_core.package_identification:_identify(src) by extension 'ros'
[0.926s] Level 1:colcon.colcon_core.package_identification:_identify(src) by extensions ['cmake', 'python']
[0.926s] Level 1:colcon.colcon_core.package_identification:_identify(src) by extension 'cmake'
[0.927s] Level 1:colcon.colcon_core.package_identification:_identify(src) by extension 'python'
[0.927s] Level 1:colcon.colcon_core.package_identification:_identify(src) by extensions ['python_setup_py']
[0.927s] Level 1:colcon.colcon_core.package_identification:_identify(src) by extension 'python_setup_py'
[0.929s] Level 1:colcon.colcon_core.package_identification:_identify(src/build) by extensions ['ignore', 'ignore_ament_install']
[0.930s] Level 1:colcon.colcon_core.package_identification:_identify(src/build) by extension 'ignore'
[0.930s] Level 1:colcon.colcon_core.package_identification:_identify(src/build) ignored
[0.932s] Level 1:colcon.colcon_core.package_identification:_identify(src/cpp_pubsub) by extensions ['ignore', 'ignore_ament_install']
[0.933s] Level 1:colcon.colcon_core.package_identification:_identify(src/cpp_pubsub) by extension 'ignore'
[0.933s] Level 1:colcon.colcon_core.package_identification:_identify(src/cpp_pubsub) by extension 'ignore_ament_install'
[0.934s] Level 1:colcon.colcon_core.package_identification:_identify(src/cpp_pubsub) by extensions ['colcon_pkg']
[0.934s] Level 1:colcon.colcon_core.package_identification:_identify(src/cpp_pubsub) by extension 'colcon_pkg'
[0.934s] Level 1:colcon.colcon_core.package_identification:_identify(src/cpp_pubsub) by extensions ['colcon_meta']
[0.935s] Level 1:colcon.colcon_core.package_identification:_identify(src/cpp_pubsub) by extension 'colcon_meta'
[0.935s] Level 1:colcon.colcon_core.package_identification:_identify(src/cpp_pubsub) by extensions ['ros']
[0.935s] Level 1:colcon.colcon_core.package_identification:_identify(src/cpp_pubsub) by extension 'ros'
[0.958s] DEBUG:colcon.colcon_core.package_identification:Package 'src/cpp_pubsub' with type 'ros.ament_cmake' and name 'cpp_pubsub'
[0.959s] Level 1:colcon.colcon_core.package_identification:_identify(src/cpp_srvcli) by extensions ['ignore', 'ignore_ament_install']
[0.960s] Level 1:colcon.colcon_core.package_identification:_identify(src/cpp_srvcli) by extension 'ignore'
[0.960s] Level 1:colcon.colcon_core.package_identification:_identify(src/cpp_srvcli) by extension 'ignore_ament_install'
[0.961s] Level 1:colcon.colcon_core.package_identification:_identify(src/cpp_srvcli) by extensions ['colcon_pkg']
[0.962s] Level 1:colcon.colcon_core.package_identification:_identify(src/cpp_srvcli) by extension 'colcon_pkg'
[0.962s] Level 1:colcon.colcon_core.package_identification:_identify(src/cpp_srvcli) by extensions ['colcon_meta']
[0.963s] Level 1:colcon.colcon_core.package_identification:_identify(src/cpp_srvcli) by extension 'colcon_meta'
[0.963s] Level 1:colcon.colcon_core.package_identification:_identify(src/cpp_srvcli) by extensions ['ros']
[0.963s] Level 1:colcon.colcon_core.package_identification:_identify(src/cpp_srvcli) by extension 'ros'
[0.971s] DEBUG:colcon.colcon_core.package_identification:Package 'src/cpp_srvcli' with type 'ros.ament_cmake' and name 'cpp_srvcli'
[0.973s] Level 1:colcon.colcon_core.package_identification:_identify(src/examples) by extensions ['ignore', 'ignore_ament_install']
[0.973s] Level 1:colcon.colcon_core.package_identification:_identify(src/examples) by extension 'ignore'
[0.974s] Level 1:colcon.colcon_core.package_identification:_identify(src/examples) by extension 'ignore_ament_install'
[0.975s] Level 1:colcon.colcon_core.package_identification:_identify(src/examples) by extensions ['colcon_pkg']
[0.975s] Level 1:colcon.colcon_core.package_identification:_identify(src/examples) by extension 'colcon_pkg'
[0.975s] Level 1:colcon.colcon_core.package_identification:_identify(src/examples) by extensions ['colcon_meta']
[0.976s] Level 1:colcon.colcon_core.package_identification:_identify(src/examples) by extension 'colcon_meta'
[0.976s] Level 1:colcon.colcon_core.package_identification:_identify(src/examples) by extensions ['ros']
[0.976s] Level 1:colcon.colcon_core.package_identification:_identify(src/examples) by extension 'ros'
[0.977s] Level 1:colcon.colcon_core.package_identification:_identify(src/examples) by extensions ['cmake', 'python']
[0.977s] Level 1:colcon.colcon_core.package_identification:_identify(src/examples) by extension 'cmake'
[0.977s] Level 1:colcon.colcon_core.package_identification:_identify(src/examples) by extension 'python'
[0.977s] Level 1:colcon.colcon_core.package_identification:_identify(src/examples) by extensions ['python_setup_py']
[0.977s] Level 1:colcon.colcon_core.package_identification:_identify(src/examples) by extension 'python_setup_py'
[0.980s] Level 1:colcon.colcon_core.package_identification:_identify(src/examples/launch_testing) by extensions ['ignore', 'ignore_ament_install']
[0.980s] Level 1:colcon.colcon_core.package_identification:_identify(src/examples/launch_testing) by extension 'ignore'
[0.981s] Level 1:colcon.colcon_core.package_identification:_identify(src/examples/launch_testing) by extension 'ignore_ament_install'
[0.981s] Level 1:colcon.colcon_core.package_identification:_identify(src/examples/launch_testing) by extensions ['colcon_pkg']
[0.982s] Level 1:colcon.colcon_core.package_identification:_identify(src/examples/launch_testing) by extension 'colcon_pkg'
[0.982s] Level 1:colcon.colcon_core.package_identification:_identify(src/examples/launch_testing) by extensions ['colcon_meta']
[0.982s] Level 1:colcon.colcon_core.package_identification:_identify(src/examples/launch_testing) by extension 'colcon_meta'
[0.982s] Level 1:colcon.colcon_core.package_identification:_identify(src/examples/launch_testing) by extensions ['ros']
[0.983s] Level 1:colcon.colcon_core.package_identification:_identify(src/examples/launch_testing) by extension 'ros'
[0.983s] Level 1:colcon.colcon_core.package_identification:_identify(src/examples/launch_testing) by extensions ['cmake', 'python']
[0.983s] Level 1:colcon.colcon_core.package_identification:_identify(src/examples/launch_testing) by extension 'cmake'
[0.983s] Level 1:colcon.colcon_core.package_identification:_identify(src/examples/launch_testing) by extension 'python'
[0.984s] Level 1:colcon.colcon_core.package_identification:_identify(src/examples/launch_testing) by extensions ['python_setup_py']
[0.984s] Level 1:colcon.colcon_core.package_identification:_identify(src/examples/launch_testing) by extension 'python_setup_py'
[0.986s] Level 1:colcon.colcon_core.package_identification:_identify(src/examples/launch_testing/launch_testing_examples) by extensions ['ignore', 'ignore_ament_install']
[0.986s] Level 1:colcon.colcon_core.package_identification:_identify(src/examples/launch_testing/launch_testing_examples) by extension 'ignore'
[0.987s] Level 1:colcon.colcon_core.package_identification:_identify(src/examples/launch_testing/launch_testing_examples) by extension 'ignore_ament_install'
[0.987s] Level 1:colcon.colcon_core.package_identification:_identify(src/examples/launch_testing/launch_testing_examples) by extensions ['colcon_pkg']
[0.987s] Level 1:colcon.colcon_core.package_identification:_identify(src/examples/launch_testing/launch_testing_examples) by extension 'colcon_pkg'
[0.987s] Level 1:colcon.colcon_core.package_identification:_identify(src/examples/launch_testing/launch_testing_examples) by extensions ['colcon_meta']
[0.987s] Level 1:colcon.colcon_core.package_identification:_identify(src/examples/launch_testing/launch_testing_examples) by extension 'colcon_meta'
[0.987s] Level 1:colcon.colcon_core.package_identification:_identify(src/examples/launch_testing/launch_testing_examples) by extensions ['ros']
[0.987s] Level 1:colcon.colcon_core.package_identification:_identify(src/examples/launch_testing/launch_testing_examples) by extension 'ros'
[0.991s] DEBUG:colcon.colcon_core.package_identification:Package 'src/examples/launch_testing/launch_testing_examples' with type 'ros.ament_python' and name 'launch_testing_examples'
[0.992s] Level 1:colcon.colcon_core.package_identification:_identify(src/examples/rclcpp) by extensions ['ignore', 'ignore_ament_install']
[0.993s] Level 1:colcon.colcon_core.package_identification:_identify(src/examples/rclcpp) by extension 'ignore'
[0.993s] Level 1:colcon.colcon_core.package_identification:_identify(src/examples/rclcpp) by extension 'ignore_ament_install'
[0.995s] Level 1:colcon.colcon_core.package_identification:_identify(src/examples/rclcpp) by extensions ['colcon_pkg']
[0.995s] Level 1:colcon.colcon_core.package_identification:_identify(src/examples/rclcpp) by extension 'colcon_pkg'
[0.995s] Level 1:colcon.colcon_core.package_identification:_identify(src/examples/rclcpp) by extensions ['colcon_meta']
[0.995s] Level 1:colcon.colcon_core.package_identification:_identify(src/examples/rclcpp) by extension 'colcon_meta'
[0.996s] Level 1:colcon.colcon_core.package_identification:_identify(src/examples/rclcpp) by extensions ['ros']
[0.996s] Level 1:colcon.colcon_core.package_identification:_identify(src/examples/rclcpp) by extension 'ros'
[0.996s] Level 1:colcon.colcon_core.package_identification:_identify(src/examples/rclcpp) by extensions ['cmake', 'python']
[0.996s] Level 1:colcon.colcon_core.package_identification:_identify(src/examples/rclcpp) by extension 'cmake'
[0.996s] Level 1:colcon.colcon_core.package_identification:_identify(src/examples/rclcpp) by extension 'python'
[0.997s] Level 1:colcon.colcon_core.package_identification:_identify(src/examples/rclcpp) by extensions ['python_setup_py']
[0.997s] Level 1:colcon.colcon_core.package_identification:_identify(src/examples/rclcpp) by extension 'python_setup_py'
[0.999s] Level 1:colcon.colcon_core.package_identification:_identify(src/examples/rclcpp/actions) by extensions ['ignore', 'ignore_ament_install']
[0.999s] Level 1:colcon.colcon_core.package_identification:_identify(src/examples/rclcpp/actions) by extension 'ignore'
[1.000s] Level 1:colcon.colcon_core.package_identification:_identify(src/examples/rclcpp/actions) by extension 'ignore_ament_install'
[1.000s] Level 1:colcon.colcon_core.package_identification:_identify(src/examples/rclcpp/actions) by extensions ['colcon_pkg']
[1.000s] Level 1:colcon.colcon_core.package_identification:_identify(src/examples/rclcpp/actions) by extension 'colcon_pkg'
[1.000s] Level 1:colcon.colcon_core.package_identification:_identify(src/examples/rclcpp/actions) by extensions ['colcon_meta']
[1.001s] Level 1:colcon.colcon_core.package_identification:_identify(src/examples/rclcpp/actions) by extension 'colcon_meta'
[1.001s] Level 1:colcon.colcon_core.package_identification:_identify(src/examples/rclcpp/actions) by extensions ['ros']
[1.001s] Level 1:colcon.colcon_core.package_identification:_identify(src/examples/rclcpp/actions) by extension 'ros'
[1.001s] Level 1:colcon.colcon_core.package_identification:_identify(src/examples/rclcpp/actions) by extensions ['cmake', 'python']
[1.002s] Level 1:colcon.colcon_core.package_identification:_identify(src/examples/rclcpp/actions) by extension 'cmake'
[1.002s] Level 1:colcon.colcon_core.package_identification:_identify(src/examples/rclcpp/actions) by extension 'python'
[1.002s] Level 1:colcon.colcon_core.package_identification:_identify(src/examples/rclcpp/actions) by extensions ['python_setup_py']
[1.002s] Level 1:colcon.colcon_core.package_identification:_identify(src/examples/rclcpp/actions) by extension 'python_setup_py'
[1.004s] Level 1:colcon.colcon_core.package_identification:_identify(src/examples/rclcpp/actions/minimal_action_client) by extensions ['ignore', 'ignore_ament_install']
[1.004s] Level 1:colcon.colcon_core.package_identification:_identify(src/examples/rclcpp/actions/minimal_action_client) by extension 'ignore'
[1.005s] Level 1:colcon.colcon_core.package_identification:_identify(src/examples/rclcpp/actions/minimal_action_client) by extension 'ignore_ament_install'
[1.005s] Level 1:colcon.colcon_core.package_identification:_identify(src/examples/rclcpp/actions/minimal_action_client) by extensions ['colcon_pkg']
[1.005s] Level 1:colcon.colcon_core.package_identification:_identify(src/examples/rclcpp/actions/minimal_action_client) by extension 'colcon_pkg'
[1.005s] Level 1:colcon.colcon_core.package_identification:_identify(src/examples/rclcpp/actions/minimal_action_client) by extensions ['colcon_meta']
[1.005s] Level 1:colcon.colcon_core.package_identification:_identify(src/examples/rclcpp/actions/minimal_action_client) by extension 'colcon_meta'
[1.006s] Level 1:colcon.colcon_core.package_identification:_identify(src/examples/rclcpp/actions/minimal_action_client) by extensions ['ros']
[1.006s] Level 1:colcon.colcon_core.package_identification:_identify(src/examples/rclcpp/actions/minimal_action_client) by extension 'ros'
[1.010s] DEBUG:colcon.colcon_core.package_identification:Package 'src/examples/rclcpp/actions/minimal_action_client' with type 'ros.ament_cmake' and name 'examples_rclcpp_minimal_action_client'
[1.011s] Level 1:colcon.colcon_core.package_identification:_identify(src/examples/rclcpp/actions/minimal_action_server) by extensions ['ignore', 'ignore_ament_install']
[1.012s] Level 1:colcon.colcon_core.package_identification:_identify(src/examples/rclcpp/actions/minimal_action_server) by extension 'ignore'
[1.012s] Level 1:colcon.colcon_core.package_identification:_identify(src/examples/rclcpp/actions/minimal_action_server) by extension 'ignore_ament_install'
[1.013s] Level 1:colcon.colcon_core.package_identification:_identify(src/examples/rclcpp/actions/minimal_action_server) by extensions ['colcon_pkg']
[1.013s] Level 1:colcon.colcon_core.package_identification:_identify(src/examples/rclcpp/actions/minimal_action_server) by extension 'colcon_pkg'
[1.013s] Level 1:colcon.colcon_core.package_identification:_identify(src/examples/rclcpp/actions/minimal_action_server) by extensions ['colcon_meta']
[1.014s] Level 1:colcon.colcon_core.package_identification:_identify(src/examples/rclcpp/actions/minimal_action_server) by extension 'colcon_meta'
[1.014s] Level 1:colcon.colcon_core.package_identification:_identify(src/examples/rclcpp/actions/minimal_action_server) by extensions ['ros']
[1.014s] Level 1:colcon.colcon_core.package_identification:_identify(src/examples/rclcpp/actions/minimal_action_server) by extension 'ros'
[1.017s] DEBUG:colcon.colcon_core.package_identification:Package 'src/examples/rclcpp/actions/minimal_action_server' with type 'ros.ament_cmake' and name 'examples_rclcpp_minimal_action_server'
[1.017s] Level 1:colcon.colcon_core.package_identification:_identify(src/examples/rclcpp/composition) by extensions ['ignore', 'ignore_ament_install']
[1.018s] Level 1:colcon.colcon_core.package_identification:_identify(src/examples/rclcpp/composition) by extension 'ignore'
[1.018s] Level 1:colcon.colcon_core.package_identification:_identify(src/examples/rclcpp/composition) by extension 'ignore_ament_install'
[1.018s] Level 1:colcon.colcon_core.package_identification:_identify(src/examples/rclcpp/composition) by extensions ['colcon_pkg']
[1.018s] Level 1:colcon.colcon_core.package_identification:_identify(src/examples/rclcpp/composition) by extension 'colcon_pkg'
[1.019s] Level 1:colcon.colcon_core.package_identification:_identify(src/examples/rclcpp/composition) by extensions ['colcon_meta']
[1.019s] Level 1:colcon.colcon_core.package_identification:_identify(src/examples/rclcpp/composition) by extension 'colcon_meta'
[1.019s] Level 1:colcon.colcon_core.package_identification:_identify(src/examples/rclcpp/composition) by extensions ['ros']
[1.019s] Level 1:colcon.colcon_core.package_identification:_identify(src/examples/rclcpp/composition) by extension 'ros'
[1.020s] Level 1:colcon.colcon_core.package_identification:_identify(src/examples/rclcpp/composition) by extensions ['cmake', 'python']
[1.020s] Level 1:colcon.colcon_core.package_identification:_identify(src/examples/rclcpp/composition) by extension 'cmake'
[1.020s] Level 1:colcon.colcon_core.package_identification:_identify(src/examples/rclcpp/composition) by extension 'python'
[1.020s] Level 1:colcon.colcon_core.package_identification:_identify(src/examples/rclcpp/composition) by extensions ['python_setup_py']
[1.020s] Level 1:colcon.colcon_core.package_identification:_identify(src/examples/rclcpp/composition) by extension 'python_setup_py'
[1.022s] Level 1:colcon.colcon_core.package_identification:_identify(src/examples/rclcpp/composition/minimal_composition) by extensions ['ignore', 'ignore_ament_install']
[1.023s] Level 1:colcon.colcon_core.package_identification:_identify(src/examples/rclcpp/composition/minimal_composition) by extension 'ignore'
[1.023s] Level 1:colcon.colcon_core.package_identification:_identify(src/examples/rclcpp/composition/minimal_composition) by extension 'ignore_ament_install'
[1.023s] Level 1:colcon.colcon_core.package_identification:_identify(src/examples/rclcpp/composition/minimal_composition) by extensions ['colcon_pkg']
[1.023s] Level 1:colcon.colcon_core.package_identification:_identify(src/examples/rclcpp/composition/minimal_composition) by extension 'colcon_pkg'
[1.023s] Level 1:colcon.colcon_core.package_identification:_identify(src/examples/rclcpp/composition/minimal_composition) by extensions ['colcon_meta']
[1.023s] Level 1:colcon.colcon_core.package_identification:_identify(src/examples/rclcpp/composition/minimal_composition) by extension 'colcon_meta'
[1.023s] Level 1:colcon.colcon_core.package_identification:_identify(src/examples/rclcpp/composition/minimal_composition) by extensions ['ros']
[1.023s] Level 1:colcon.colcon_core.package_identification:_identify(src/examples/rclcpp/composition/minimal_composition) by extension 'ros'
[1.025s] DEBUG:colcon.colcon_core.package_identification:Package 'src/examples/rclcpp/composition/minimal_composition' with type 'ros.ament_cmake' and name 'examples_rclcpp_minimal_composition'
[1.026s] Level 1:colcon.colcon_core.package_identification:_identify(src/examples/rclcpp/executors) by extensions ['ignore', 'ignore_ament_install']
[1.027s] Level 1:colcon.colcon_core.package_identification:_identify(src/examples/rclcpp/executors) by extension 'ignore'
[1.027s] Level 1:colcon.colcon_core.package_identification:_identify(src/examples/rclcpp/executors) by extension 'ignore_ament_install'
[1.028s] Level 1:colcon.colcon_core.package_identification:_identify(src/examples/rclcpp/executors) by extensions ['colcon_pkg']
[1.028s] Level 1:colcon.colcon_core.package_identification:_identify(src/examples/rclcpp/executors) by extension 'colcon_pkg'
[1.028s] Level 1:colcon.colcon_core.package_identification:_identify(src/examples/rclcpp/executors) by extensions ['colcon_meta']
[1.029s] Level 1:colcon.colcon_core.package_identification:_identify(src/examples/rclcpp/executors) by extension 'colcon_meta'
[1.029s] Level 1:colcon.colcon_core.package_identification:_identify(src/examples/rclcpp/executors) by extensions ['ros']
[1.029s] Level 1:colcon.colcon_core.package_identification:_identify(src/examples/rclcpp/executors) by extension 'ros'
[1.029s] Level 1:colcon.colcon_core.package_identification:_identify(src/examples/rclcpp/executors) by extensions ['cmake', 'python']
[1.029s] Level 1:colcon.colcon_core.package_identification:_identify(src/examples/rclcpp/executors) by extension 'cmake'
[1.029s] Level 1:colcon.colcon_core.package_identification:_identify(src/examples/rclcpp/executors) by extension 'python'
[1.030s] Level 1:colcon.colcon_core.package_identification:_identify(src/examples/rclcpp/executors) by extensions ['python_setup_py']
[1.030s] Level 1:colcon.colcon_core.package_identification:_identify(src/examples/rclcpp/executors) by extension 'python_setup_py'
[1.031s] Level 1:colcon.colcon_core.package_identification:_identify(src/examples/rclcpp/executors/cbg_executor) by extensions ['ignore', 'ignore_ament_install']
[1.032s] Level 1:colcon.colcon_core.package_identification:_identify(src/examples/rclcpp/executors/cbg_executor) by extension 'ignore'
[1.032s] Level 1:colcon.colcon_core.package_identification:_identify(src/examples/rclcpp/executors/cbg_executor) by extension 'ignore_ament_install'
[1.033s] Level 1:colcon.colcon_core.package_identification:_identify(src/examples/rclcpp/executors/cbg_executor) by extensions ['colcon_pkg']
[1.033s] Level 1:colcon.colcon_core.package_identification:_identify(src/examples/rclcpp/executors/cbg_executor) by extension 'colcon_pkg'
[1.033s] Level 1:colcon.colcon_core.package_identification:_identify(src/examples/rclcpp/executors/cbg_executor) by extensions ['colcon_meta']
[1.033s] Level 1:colcon.colcon_core.package_identification:_identify(src/examples/rclcpp/executors/cbg_executor) by extension 'colcon_meta'
[1.033s] Level 1:colcon.colcon_core.package_identification:_identify(src/examples/rclcpp/executors/cbg_executor) by extensions ['ros']
[1.034s] Level 1:colcon.colcon_core.package_identification:_identify(src/examples/rclcpp/executors/cbg_executor) by extension 'ros'
[1.037s] DEBUG:colcon.colcon_core.package_identification:Package 'src/examples/rclcpp/executors/cbg_executor' with type 'ros.ament_cmake' and name 'examples_rclcpp_cbg_executor'
[1.038s] Level 1:colcon.colcon_core.package_identification:_identify(src/examples/rclcpp/executors/multithreaded_executor) by extensions ['ignore', 'ignore_ament_install']
[1.039s] Level 1:colcon.colcon_core.package_identification:_identify(src/examples/rclcpp/executors/multithreaded_executor) by extension 'ignore'
[1.039s] Level 1:colcon.colcon_core.package_identification:_identify(src/examples/rclcpp/executors/multithreaded_executor) by extension 'ignore_ament_install'
[1.040s] Level 1:colcon.colcon_core.package_identification:_identify(src/examples/rclcpp/executors/multithreaded_executor) by extensions ['colcon_pkg']
[1.040s] Level 1:colcon.colcon_core.package_identification:_identify(src/examples/rclcpp/executors/multithreaded_executor) by extension 'colcon_pkg'
[1.040s] Level 1:colcon.colcon_core.package_identification:_identify(src/examples/rclcpp/executors/multithreaded_executor) by extensions ['colcon_meta']
[1.040s] Level 1:colcon.colcon_core.package_identification:_identify(src/examples/rclcpp/executors/multithreaded_executor) by extension 'colcon_meta'
[1.040s] Level 1:colcon.colcon_core.package_identification:_identify(src/examples/rclcpp/executors/multithreaded_executor) by extensions ['ros']
[1.041s] Level 1:colcon.colcon_core.package_identification:_identify(src/examples/rclcpp/executors/multithreaded_executor) by extension 'ros'
[1.044s] DEBUG:colcon.colcon_core.package_identification:Package 'src/examples/rclcpp/executors/multithreaded_executor' with type 'ros.ament_cmake' and name 'examples_rclcpp_multithreaded_executor'
[1.045s] Level 1:colcon.colcon_core.package_identification:_identify(src/examples/rclcpp/services) by extensions ['ignore', 'ignore_ament_install']
[1.045s] Level 1:colcon.colcon_core.package_identification:_identify(src/examples/rclcpp/services) by extension 'ignore'
[1.046s] Level 1:colcon.colcon_core.package_identification:_identify(src/examples/rclcpp/services) by extension 'ignore_ament_install'
[1.046s] Level 1:colcon.colcon_core.package_identification:_identify(src/examples/rclcpp/services) by extensions ['colcon_pkg']
[1.047s] Level 1:colcon.colcon_core.package_identification:_identify(src/examples/rclcpp/services) by extension 'colcon_pkg'
[1.047s] Level 1:colcon.colcon_core.package_identification:_identify(src/examples/rclcpp/services) by extensions ['colcon_meta']
[1.047s] Level 1:colcon.colcon_core.package_identification:_identify(src/examples/rclcpp/services) by extension 'colcon_meta'
[1.047s] Level 1:colcon.colcon_core.package_identification:_identify(src/examples/rclcpp/services) by extensions ['ros']
[1.047s] Level 1:colcon.colcon_core.package_identification:_identify(src/examples/rclcpp/services) by extension 'ros'
[1.048s] Level 1:colcon.colcon_core.package_identification:_identify(src/examples/rclcpp/services) by extensions ['cmake', 'python']
[1.048s] Level 1:colcon.colcon_core.package_identification:_identify(src/examples/rclcpp/services) by extension 'cmake'
[1.048s] Level 1:colcon.colcon_core.package_identification:_identify(src/examples/rclcpp/services) by extension 'python'
[1.049s] Level 1:colcon.colcon_core.package_identification:_identify(src/examples/rclcpp/services) by extensions ['python_setup_py']
[1.049s] Level 1:colcon.colcon_core.package_identification:_identify(src/examples/rclcpp/services) by extension 'python_setup_py'
[1.051s] Level 1:colcon.colcon_core.package_identification:_identify(src/examples/rclcpp/services/async_client) by extensions ['ignore', 'ignore_ament_install']
[1.051s] Level 1:colcon.colcon_core.package_identification:_identify(src/examples/rclcpp/services/async_client) by extension 'ignore'
[1.052s] Level 1:colcon.colcon_core.package_identification:_identify(src/examples/rclcpp/services/async_client) by extension 'ignore_ament_install'
[1.052s] Level 1:colcon.colcon_core.package_identification:_identify(src/examples/rclcpp/services/async_client) by extensions ['colcon_pkg']
[1.052s] Level 1:colcon.colcon_core.package_identification:_identify(src/examples/rclcpp/services/async_client) by extension 'colcon_pkg'
[1.052s] Level 1:colcon.colcon_core.package_identification:_identify(src/examples/rclcpp/services/async_client) by extensions ['colcon_meta']
[1.053s] Level 1:colcon.colcon_core.package_identification:_identify(src/examples/rclcpp/services/async_client) by extension 'colcon_meta'
[1.053s] Level 1:colcon.colcon_core.package_identification:_identify(src/examples/rclcpp/services/async_client) by extensions ['ros']
[1.053s] Level 1:colcon.colcon_core.package_identification:_identify(src/examples/rclcpp/services/async_client) by extension 'ros'
[1.057s] DEBUG:colcon.colcon_core.package_identification:Package 'src/examples/rclcpp/services/async_client' with type 'ros.ament_cmake' and name 'examples_rclcpp_async_client'
[1.059s] Level 1:colcon.colcon_core.package_identification:_identify(src/examples/rclcpp/services/minimal_client) by extensions ['ignore', 'ignore_ament_install']
[1.059s] Level 1:colcon.colcon_core.package_identification:_identify(src/examples/rclcpp/services/minimal_client) by extension 'ignore'
[1.060s] Level 1:colcon.colcon_core.package_identification:_identify(src/examples/rclcpp/services/minimal_client) by extension 'ignore_ament_install'
[1.060s] Level 1:colcon.colcon_core.package_identification:_identify(src/examples/rclcpp/services/minimal_client) by extensions ['colcon_pkg']
[1.060s] Level 1:colcon.colcon_core.package_identification:_identify(src/examples/rclcpp/services/minimal_client) by extension 'colcon_pkg'
[1.061s] Level 1:colcon.colcon_core.package_identification:_identify(src/examples/rclcpp/services/minimal_client) by extensions ['colcon_meta']
[1.062s] Level 1:colcon.colcon_core.package_identification:_identify(src/examples/rclcpp/services/minimal_client) by extension 'colcon_meta'
[1.062s] Level 1:colcon.colcon_core.package_identification:_identify(src/examples/rclcpp/services/minimal_client) by extensions ['ros']
[1.062s] Level 1:colcon.colcon_core.package_identification:_identify(src/examples/rclcpp/services/minimal_client) by extension 'ros'
[1.065s] DEBUG:colcon.colcon_core.package_identification:Package 'src/examples/rclcpp/services/minimal_client' with type 'ros.ament_cmake' and name 'examples_rclcpp_minimal_client'
[1.067s] Level 1:colcon.colcon_core.package_identification:_identify(src/examples/rclcpp/services/minimal_service) by extensions ['ignore', 'ignore_ament_install']
[1.067s] Level 1:colcon.colcon_core.package_identification:_identify(src/examples/rclcpp/services/minimal_service) by extension 'ignore'
[1.067s] Level 1:colcon.colcon_core.package_identification:_identify(src/examples/rclcpp/services/minimal_service) by extension 'ignore_ament_install'
[1.067s] Level 1:colcon.colcon_core.package_identification:_identify(src/examples/rclcpp/services/minimal_service) by extensions ['colcon_pkg']
[1.068s] Level 1:colcon.colcon_core.package_identification:_identify(src/examples/rclcpp/services/minimal_service) by extension 'colcon_pkg'
[1.068s] Level 1:colcon.colcon_core.package_identification:_identify(src/examples/rclcpp/services/minimal_service) by extensions ['colcon_meta']
[1.068s] Level 1:colcon.colcon_core.package_identification:_identify(src/examples/rclcpp/services/minimal_service) by extension 'colcon_meta'
[1.068s] Level 1:colcon.colcon_core.package_identification:_identify(src/examples/rclcpp/services/minimal_service) by extensions ['ros']
[1.068s] Level 1:colcon.colcon_core.package_identification:_identify(src/examples/rclcpp/services/minimal_service) by extension 'ros'
[1.070s] DEBUG:colcon.colcon_core.package_identification:Package 'src/examples/rclcpp/services/minimal_service' with type 'ros.ament_cmake' and name 'examples_rclcpp_minimal_service'
[1.071s] Level 1:colcon.colcon_core.package_identification:_identify(src/examples/rclcpp/timers) by extensions ['ignore', 'ignore_ament_install']
[1.071s] Level 1:colcon.colcon_core.package_identification:_identify(src/examples/rclcpp/timers) by extension 'ignore'
[1.071s] Level 1:colcon.colcon_core.package_identification:_identify(src/examples/rclcpp/timers) by extension 'ignore_ament_install'
[1.071s] Level 1:colcon.colcon_core.package_identification:_identify(src/examples/rclcpp/timers) by extensions ['colcon_pkg']
[1.071s] Level 1:colcon.colcon_core.package_identification:_identify(src/examples/rclcpp/timers) by extension 'colcon_pkg'
[1.071s] Level 1:colcon.colcon_core.package_identification:_identify(src/examples/rclcpp/timers) by extensions ['colcon_meta']
[1.071s] Level 1:colcon.colcon_core.package_identification:_identify(src/examples/rclcpp/timers) by extension 'colcon_meta'
[1.072s] Level 1:colcon.colcon_core.package_identification:_identify(src/examples/rclcpp/timers) by extensions ['ros']
[1.072s] Level 1:colcon.colcon_core.package_identification:_identify(src/examples/rclcpp/timers) by extension 'ros'
[1.072s] Level 1:colcon.colcon_core.package_identification:_identify(src/examples/rclcpp/timers) by extensions ['cmake', 'python']
[1.072s] Level 1:colcon.colcon_core.package_identification:_identify(src/examples/rclcpp/timers) by extension 'cmake'
[1.072s] Level 1:colcon.colcon_core.package_identification:_identify(src/examples/rclcpp/timers) by extension 'python'
[1.072s] Level 1:colcon.colcon_core.package_identification:_identify(src/examples/rclcpp/timers) by extensions ['python_setup_py']
[1.072s] Level 1:colcon.colcon_core.package_identification:_identify(src/examples/rclcpp/timers) by extension 'python_setup_py'
[1.074s] Level 1:colcon.colcon_core.package_identification:_identify(src/examples/rclcpp/timers/minimal_timer) by extensions ['ignore', 'ignore_ament_install']
[1.075s] Level 1:colcon.colcon_core.package_identification:_identify(src/examples/rclcpp/timers/minimal_timer) by extension 'ignore'
[1.075s] Level 1:colcon.colcon_core.package_identification:_identify(src/examples/rclcpp/timers/minimal_timer) by extension 'ignore_ament_install'
[1.076s] Level 1:colcon.colcon_core.package_identification:_identify(src/examples/rclcpp/timers/minimal_timer) by extensions ['colcon_pkg']
[1.076s] Level 1:colcon.colcon_core.package_identification:_identify(src/examples/rclcpp/timers/minimal_timer) by extension 'colcon_pkg'
[1.076s] Level 1:colcon.colcon_core.package_identification:_identify(src/examples/rclcpp/timers/minimal_timer) by extensions ['colcon_meta']
[1.076s] Level 1:colcon.colcon_core.package_identification:_identify(src/examples/rclcpp/timers/minimal_timer) by extension 'colcon_meta'
[1.076s] Level 1:colcon.colcon_core.package_identification:_identify(src/examples/rclcpp/timers/minimal_timer) by extensions ['ros']
[1.077s] Level 1:colcon.colcon_core.package_identification:_identify(src/examples/rclcpp/timers/minimal_timer) by extension 'ros'
[1.080s] DEBUG:colcon.colcon_core.package_identification:Package 'src/examples/rclcpp/timers/minimal_timer' with type 'ros.ament_cmake' and name 'examples_rclcpp_minimal_timer'
[1.081s] Level 1:colcon.colcon_core.package_identification:_identify(src/examples/rclcpp/topics) by extensions ['ignore', 'ignore_ament_install']
[1.081s] Level 1:colcon.colcon_core.package_identification:_identify(src/examples/rclcpp/topics) by extension 'ignore'
[1.082s] Level 1:colcon.colcon_core.package_identification:_identify(src/examples/rclcpp/topics) by extension 'ignore_ament_install'
[1.082s] Level 1:colcon.colcon_core.package_identification:_identify(src/examples/rclcpp/topics) by extensions ['colcon_pkg']
[1.082s] Level 1:colcon.colcon_core.package_identification:_identify(src/examples/rclcpp/topics) by extension 'colcon_pkg'
[1.083s] Level 1:colcon.colcon_core.package_identification:_identify(src/examples/rclcpp/topics) by extensions ['colcon_meta']
[1.083s] Level 1:colcon.colcon_core.package_identification:_identify(src/examples/rclcpp/topics) by extension 'colcon_meta'
[1.083s] Level 1:colcon.colcon_core.package_identification:_identify(src/examples/rclcpp/topics) by extensions ['ros']
[1.083s] Level 1:colcon.colcon_core.package_identification:_identify(src/examples/rclcpp/topics) by extension 'ros'
[1.083s] Level 1:colcon.colcon_core.package_identification:_identify(src/examples/rclcpp/topics) by extensions ['cmake', 'python']
[1.083s] Level 1:colcon.colcon_core.package_identification:_identify(src/examples/rclcpp/topics) by extension 'cmake'
[1.083s] Level 1:colcon.colcon_core.package_identification:_identify(src/examples/rclcpp/topics) by extension 'python'
[1.084s] Level 1:colcon.colcon_core.package_identification:_identify(src/examples/rclcpp/topics) by extensions ['python_setup_py']
[1.084s] Level 1:colcon.colcon_core.package_identification:_identify(src/examples/rclcpp/topics) by extension 'python_setup_py'
[1.086s] Level 1:colcon.colcon_core.package_identification:_identify(src/examples/rclcpp/topics/minimal_publisher) by extensions ['ignore', 'ignore_ament_install']
[1.086s] Level 1:colcon.colcon_core.package_identification:_identify(src/examples/rclcpp/topics/minimal_publisher) by extension 'ignore'
[1.087s] Level 1:colcon.colcon_core.package_identification:_identify(src/examples/rclcpp/topics/minimal_publisher) by extension 'ignore_ament_install'
[1.087s] Level 1:colcon.colcon_core.package_identification:_identify(src/examples/rclcpp/topics/minimal_publisher) by extensions ['colcon_pkg']
[1.087s] Level 1:colcon.colcon_core.package_identification:_identify(src/examples/rclcpp/topics/minimal_publisher) by extension 'colcon_pkg'
[1.087s] Level 1:colcon.colcon_core.package_identification:_identify(src/examples/rclcpp/topics/minimal_publisher) by extensions ['colcon_meta']
[1.087s] Level 1:colcon.colcon_core.package_identification:_identify(src/examples/rclcpp/topics/minimal_publisher) by extension 'colcon_meta'
[1.088s] Level 1:colcon.colcon_core.package_identification:_identify(src/examples/rclcpp/topics/minimal_publisher) by extensions ['ros']
[1.088s] Level 1:colcon.colcon_core.package_identification:_identify(src/examples/rclcpp/topics/minimal_publisher) by extension 'ros'
[1.091s] DEBUG:colcon.colcon_core.package_identification:Package 'src/examples/rclcpp/topics/minimal_publisher' with type 'ros.ament_cmake' and name 'examples_rclcpp_minimal_publisher'
[1.093s] Level 1:colcon.colcon_core.package_identification:_identify(src/examples/rclcpp/topics/minimal_subscriber) by extensions ['ignore', 'ignore_ament_install']
[1.095s] Level 1:colcon.colcon_core.package_identification:_identify(src/examples/rclcpp/topics/minimal_subscriber) by extension 'ignore'
[1.095s] Level 1:colcon.colcon_core.package_identification:_identify(src/examples/rclcpp/topics/minimal_subscriber) by extension 'ignore_ament_install'
[1.096s] Level 1:colcon.colcon_core.package_identification:_identify(src/examples/rclcpp/topics/minimal_subscriber) by extensions ['colcon_pkg']
[1.096s] Level 1:colcon.colcon_core.package_identification:_identify(src/examples/rclcpp/topics/minimal_subscriber) by extension 'colcon_pkg'
[1.096s] Level 1:colcon.colcon_core.package_identification:_identify(src/examples/rclcpp/topics/minimal_subscriber) by extensions ['colcon_meta']
[1.096s] Level 1:colcon.colcon_core.package_identification:_identify(src/examples/rclcpp/topics/minimal_subscriber) by extension 'colcon_meta'
[1.097s] Level 1:colcon.colcon_core.package_identification:_identify(src/examples/rclcpp/topics/minimal_subscriber) by extensions ['ros']
[1.097s] Level 1:colcon.colcon_core.package_identification:_identify(src/examples/rclcpp/topics/minimal_subscriber) by extension 'ros'
[1.100s] DEBUG:colcon.colcon_core.package_identification:Package 'src/examples/rclcpp/topics/minimal_subscriber' with type 'ros.ament_cmake' and name 'examples_rclcpp_minimal_subscriber'
[1.102s] Level 1:colcon.colcon_core.package_identification:_identify(src/examples/rclcpp/wait_set) by extensions ['ignore', 'ignore_ament_install']
[1.102s] Level 1:colcon.colcon_core.package_identification:_identify(src/examples/rclcpp/wait_set) by extension 'ignore'
[1.102s] Level 1:colcon.colcon_core.package_identification:_identify(src/examples/rclcpp/wait_set) by extension 'ignore_ament_install'
[1.103s] Level 1:colcon.colcon_core.package_identification:_identify(src/examples/rclcpp/wait_set) by extensions ['colcon_pkg']
[1.103s] Level 1:colcon.colcon_core.package_identification:_identify(src/examples/rclcpp/wait_set) by extension 'colcon_pkg'
[1.103s] Level 1:colcon.colcon_core.package_identification:_identify(src/examples/rclcpp/wait_set) by extensions ['colcon_meta']
[1.103s] Level 1:colcon.colcon_core.package_identification:_identify(src/examples/rclcpp/wait_set) by extension 'colcon_meta'
[1.104s] Level 1:colcon.colcon_core.package_identification:_identify(src/examples/rclcpp/wait_set) by extensions ['ros']
[1.104s] Level 1:colcon.colcon_core.package_identification:_identify(src/examples/rclcpp/wait_set) by extension 'ros'
[1.107s] DEBUG:colcon.colcon_core.package_identification:Package 'src/examples/rclcpp/wait_set' with type 'ros.ament_cmake' and name 'examples_rclcpp_wait_set'
[1.109s] Level 1:colcon.colcon_core.package_identification:_identify(src/examples/rclpy) by extensions ['ignore', 'ignore_ament_install']
[1.109s] Level 1:colcon.colcon_core.package_identification:_identify(src/examples/rclpy) by extension 'ignore'
[1.110s] Level 1:colcon.colcon_core.package_identification:_identify(src/examples/rclpy) by extension 'ignore_ament_install'
[1.110s] Level 1:colcon.colcon_core.package_identification:_identify(src/examples/rclpy) by extensions ['colcon_pkg']
[1.111s] Level 1:colcon.colcon_core.package_identification:_identify(src/examples/rclpy) by extension 'colcon_pkg'
[1.111s] Level 1:colcon.colcon_core.package_identification:_identify(src/examples/rclpy) by extensions ['colcon_meta']
[1.111s] Level 1:colcon.colcon_core.package_identification:_identify(src/examples/rclpy) by extension 'colcon_meta'
[1.112s] Level 1:colcon.colcon_core.package_identification:_identify(src/examples/rclpy) by extensions ['ros']
[1.112s] Level 1:colcon.colcon_core.package_identification:_identify(src/examples/rclpy) by extension 'ros'
[1.112s] Level 1:colcon.colcon_core.package_identification:_identify(src/examples/rclpy) by extensions ['cmake', 'python']
[1.113s] Level 1:colcon.colcon_core.package_identification:_identify(src/examples/rclpy) by extension 'cmake'
[1.113s] Level 1:colcon.colcon_core.package_identification:_identify(src/examples/rclpy) by extension 'python'
[1.113s] Level 1:colcon.colcon_core.package_identification:_identify(src/examples/rclpy) by extensions ['python_setup_py']
[1.113s] Level 1:colcon.colcon_core.package_identification:_identify(src/examples/rclpy) by extension 'python_setup_py'
[1.115s] Level 1:colcon.colcon_core.package_identification:_identify(src/examples/rclpy/actions) by extensions ['ignore', 'ignore_ament_install']
[1.116s] Level 1:colcon.colcon_core.package_identification:_identify(src/examples/rclpy/actions) by extension 'ignore'
[1.116s] Level 1:colcon.colcon_core.package_identification:_identify(src/examples/rclpy/actions) by extension 'ignore_ament_install'
[1.116s] Level 1:colcon.colcon_core.package_identification:_identify(src/examples/rclpy/actions) by extensions ['colcon_pkg']
[1.117s] Level 1:colcon.colcon_core.package_identification:_identify(src/examples/rclpy/actions) by extension 'colcon_pkg'
[1.117s] Level 1:colcon.colcon_core.package_identification:_identify(src/examples/rclpy/actions) by extensions ['colcon_meta']
[1.117s] Level 1:colcon.colcon_core.package_identification:_identify(src/examples/rclpy/actions) by extension 'colcon_meta'
[1.118s] Level 1:colcon.colcon_core.package_identification:_identify(src/examples/rclpy/actions) by extensions ['ros']
[1.118s] Level 1:colcon.colcon_core.package_identification:_identify(src/examples/rclpy/actions) by extension 'ros'
[1.119s] Level 1:colcon.colcon_core.package_identification:_identify(src/examples/rclpy/actions) by extensions ['cmake', 'python']
[1.119s] Level 1:colcon.colcon_core.package_identification:_identify(src/examples/rclpy/actions) by extension 'cmake'
[1.119s] Level 1:colcon.colcon_core.package_identification:_identify(src/examples/rclpy/actions) by extension 'python'
[1.119s] Level 1:colcon.colcon_core.package_identification:_identify(src/examples/rclpy/actions) by extensions ['python_setup_py']
[1.119s] Level 1:colcon.colcon_core.package_identification:_identify(src/examples/rclpy/actions) by extension 'python_setup_py'
[1.122s] Level 1:colcon.colcon_core.package_identification:_identify(src/examples/rclpy/actions/minimal_action_client) by extensions ['ignore', 'ignore_ament_install']
[1.122s] Level 1:colcon.colcon_core.package_identification:_identify(src/examples/rclpy/actions/minimal_action_client) by extension 'ignore'
[1.123s] Level 1:colcon.colcon_core.package_identification:_identify(src/examples/rclpy/actions/minimal_action_client) by extension 'ignore_ament_install'
[1.124s] Level 1:colcon.colcon_core.package_identification:_identify(src/examples/rclpy/actions/minimal_action_client) by extensions ['colcon_pkg']
[1.124s] Level 1:colcon.colcon_core.package_identification:_identify(src/examples/rclpy/actions/minimal_action_client) by extension 'colcon_pkg'
[1.125s] Level 1:colcon.colcon_core.package_identification:_identify(src/examples/rclpy/actions/minimal_action_client) by extensions ['colcon_meta']
[1.125s] Level 1:colcon.colcon_core.package_identification:_identify(src/examples/rclpy/actions/minimal_action_client) by extension 'colcon_meta'
[1.125s] Level 1:colcon.colcon_core.package_identification:_identify(src/examples/rclpy/actions/minimal_action_client) by extensions ['ros']
[1.125s] Level 1:colcon.colcon_core.package_identification:_identify(src/examples/rclpy/actions/minimal_action_client) by extension 'ros'
[1.129s] DEBUG:colcon.colcon_core.package_identification:Package 'src/examples/rclpy/actions/minimal_action_client' with type 'ros.ament_python' and name 'examples_rclpy_minimal_action_client'
[1.131s] Level 1:colcon.colcon_core.package_identification:_identify(src/examples/rclpy/actions/minimal_action_server) by extensions ['ignore', 'ignore_ament_install']
[1.131s] Level 1:colcon.colcon_core.package_identification:_identify(src/examples/rclpy/actions/minimal_action_server) by extension 'ignore'
[1.132s] Level 1:colcon.colcon_core.package_identification:_identify(src/examples/rclpy/actions/minimal_action_server) by extension 'ignore_ament_install'
[1.132s] Level 1:colcon.colcon_core.package_identification:_identify(src/examples/rclpy/actions/minimal_action_server) by extensions ['colcon_pkg']
[1.132s] Level 1:colcon.colcon_core.package_identification:_identify(src/examples/rclpy/actions/minimal_action_server) by extension 'colcon_pkg'
[1.133s] Level 1:colcon.colcon_core.package_identification:_identify(src/examples/rclpy/actions/minimal_action_server) by extensions ['colcon_meta']
[1.133s] Level 1:colcon.colcon_core.package_identification:_identify(src/examples/rclpy/actions/minimal_action_server) by extension 'colcon_meta'
[1.133s] Level 1:colcon.colcon_core.package_identification:_identify(src/examples/rclpy/actions/minimal_action_server) by extensions ['ros']
[1.133s] Level 1:colcon.colcon_core.package_identification:_identify(src/examples/rclpy/actions/minimal_action_server) by extension 'ros'
[1.137s] DEBUG:colcon.colcon_core.package_identification:Package 'src/examples/rclpy/actions/minimal_action_server' with type 'ros.ament_python' and name 'examples_rclpy_minimal_action_server'
[1.139s] Level 1:colcon.colcon_core.package_identification:_identify(src/examples/rclpy/executors) by extensions ['ignore', 'ignore_ament_install']
[1.140s] Level 1:colcon.colcon_core.package_identification:_identify(src/examples/rclpy/executors) by extension 'ignore'
[1.140s] Level 1:colcon.colcon_core.package_identification:_identify(src/examples/rclpy/executors) by extension 'ignore_ament_install'
[1.141s] Level 1:colcon.colcon_core.package_identification:_identify(src/examples/rclpy/executors) by extensions ['colcon_pkg']
[1.141s] Level 1:colcon.colcon_core.package_identification:_identify(src/examples/rclpy/executors) by extension 'colcon_pkg'
[1.141s] Level 1:colcon.colcon_core.package_identification:_identify(src/examples/rclpy/executors) by extensions ['colcon_meta']
[1.142s] Level 1:colcon.colcon_core.package_identification:_identify(src/examples/rclpy/executors) by extension 'colcon_meta'
[1.142s] Level 1:colcon.colcon_core.package_identification:_identify(src/examples/rclpy/executors) by extensions ['ros']
[1.142s] Level 1:colcon.colcon_core.package_identification:_identify(src/examples/rclpy/executors) by extension 'ros'
[1.146s] DEBUG:colcon.colcon_core.package_identification:Package 'src/examples/rclpy/executors' with type 'ros.ament_python' and name 'examples_rclpy_executors'
[1.148s] Level 1:colcon.colcon_core.package_identification:_identify(src/examples/rclpy/guard_conditions) by extensions ['ignore', 'ignore_ament_install']
[1.149s] Level 1:colcon.colcon_core.package_identification:_identify(src/examples/rclpy/guard_conditions) by extension 'ignore'
[1.150s] Level 1:colcon.colcon_core.package_identification:_identify(src/examples/rclpy/guard_conditions) by extension 'ignore_ament_install'
[1.151s] Level 1:colcon.colcon_core.package_identification:_identify(src/examples/rclpy/guard_conditions) by extensions ['colcon_pkg']
[1.152s] Level 1:colcon.colcon_core.package_identification:_identify(src/examples/rclpy/guard_conditions) by extension 'colcon_pkg'
[1.152s] Level 1:colcon.colcon_core.package_identification:_identify(src/examples/rclpy/guard_conditions) by extensions ['colcon_meta']
[1.153s] Level 1:colcon.colcon_core.package_identification:_identify(src/examples/rclpy/guard_conditions) by extension 'colcon_meta'
[1.153s] Level 1:colcon.colcon_core.package_identification:_identify(src/examples/rclpy/guard_conditions) by extensions ['ros']
[1.154s] Level 1:colcon.colcon_core.package_identification:_identify(src/examples/rclpy/guard_conditions) by extension 'ros'
[1.158s] DEBUG:colcon.colcon_core.package_identification:Package 'src/examples/rclpy/guard_conditions' with type 'ros.ament_python' and name 'examples_rclpy_guard_conditions'
[1.160s] Level 1:colcon.colcon_core.package_identification:_identify(src/examples/rclpy/services) by extensions ['ignore', 'ignore_ament_install']
[1.161s] Level 1:colcon.colcon_core.package_identification:_identify(src/examples/rclpy/services) by extension 'ignore'
[1.162s] Level 1:colcon.colcon_core.package_identification:_identify(src/examples/rclpy/services) by extension 'ignore_ament_install'
[1.162s] Level 1:colcon.colcon_core.package_identification:_identify(src/examples/rclpy/services) by extensions ['colcon_pkg']
[1.163s] Level 1:colcon.colcon_core.package_identification:_identify(src/examples/rclpy/services) by extension 'colcon_pkg'
[1.163s] Level 1:colcon.colcon_core.package_identification:_identify(src/examples/rclpy/services) by extensions ['colcon_meta']
[1.163s] Level 1:colcon.colcon_core.package_identification:_identify(src/examples/rclpy/services) by extension 'colcon_meta'
[1.164s] Level 1:colcon.colcon_core.package_identification:_identify(src/examples/rclpy/services) by extensions ['ros']
[1.164s] Level 1:colcon.colcon_core.package_identification:_identify(src/examples/rclpy/services) by extension 'ros'
[1.164s] Level 1:colcon.colcon_core.package_identification:_identify(src/examples/rclpy/services) by extensions ['cmake', 'python']
[1.164s] Level 1:colcon.colcon_core.package_identification:_identify(src/examples/rclpy/services) by extension 'cmake'
[1.164s] Level 1:colcon.colcon_core.package_identification:_identify(src/examples/rclpy/services) by extension 'python'
[1.165s] Level 1:colcon.colcon_core.package_identification:_identify(src/examples/rclpy/services) by extensions ['python_setup_py']
[1.165s] Level 1:colcon.colcon_core.package_identification:_identify(src/examples/rclpy/services) by extension 'python_setup_py'
[1.167s] Level 1:colcon.colcon_core.package_identification:_identify(src/examples/rclpy/services/minimal_client) by extensions ['ignore', 'ignore_ament_install']
[1.168s] Level 1:colcon.colcon_core.package_identification:_identify(src/examples/rclpy/services/minimal_client) by extension 'ignore'
[1.169s] Level 1:colcon.colcon_core.package_identification:_identify(src/examples/rclpy/services/minimal_client) by extension 'ignore_ament_install'
[1.170s] Level 1:colcon.colcon_core.package_identification:_identify(src/examples/rclpy/services/minimal_client) by extensions ['colcon_pkg']
[1.170s] Level 1:colcon.colcon_core.package_identification:_identify(src/examples/rclpy/services/minimal_client) by extension 'colcon_pkg'
[1.171s] Level 1:colcon.colcon_core.package_identification:_identify(src/examples/rclpy/services/minimal_client) by extensions ['colcon_meta']
[1.171s] Level 1:colcon.colcon_core.package_identification:_identify(src/examples/rclpy/services/minimal_client) by extension 'colcon_meta'
[1.171s] Level 1:colcon.colcon_core.package_identification:_identify(src/examples/rclpy/services/minimal_client) by extensions ['ros']
[1.172s] Level 1:colcon.colcon_core.package_identification:_identify(src/examples/rclpy/services/minimal_client) by extension 'ros'
[1.175s] DEBUG:colcon.colcon_core.package_identification:Package 'src/examples/rclpy/services/minimal_client' with type 'ros.ament_python' and name 'examples_rclpy_minimal_client'
[1.178s] Level 1:colcon.colcon_core.package_identification:_identify(src/examples/rclpy/services/minimal_service) by extensions ['ignore', 'ignore_ament_install']
[1.178s] Level 1:colcon.colcon_core.package_identification:_identify(src/examples/rclpy/services/minimal_service) by extension 'ignore'
[1.179s] Level 1:colcon.colcon_core.package_identification:_identify(src/examples/rclpy/services/minimal_service) by extension 'ignore_ament_install'
[1.180s] Level 1:colcon.colcon_core.package_identification:_identify(src/examples/rclpy/services/minimal_service) by extensions ['colcon_pkg']
[1.180s] Level 1:colcon.colcon_core.package_identification:_identify(src/examples/rclpy/services/minimal_service) by extension 'colcon_pkg'
[1.180s] Level 1:colcon.colcon_core.package_identification:_identify(src/examples/rclpy/services/minimal_service) by extensions ['colcon_meta']
[1.180s] Level 1:colcon.colcon_core.package_identification:_identify(src/examples/rclpy/services/minimal_service) by extension 'colcon_meta'
[1.180s] Level 1:colcon.colcon_core.package_identification:_identify(src/examples/rclpy/services/minimal_service) by extensions ['ros']
[1.180s] Level 1:colcon.colcon_core.package_identification:_identify(src/examples/rclpy/services/minimal_service) by extension 'ros'
[1.185s] DEBUG:colcon.colcon_core.package_identification:Package 'src/examples/rclpy/services/minimal_service' with type 'ros.ament_python' and name 'examples_rclpy_minimal_service'
[1.187s] Level 1:colcon.colcon_core.package_identification:_identify(src/examples/rclpy/topics) by extensions ['ignore', 'ignore_ament_install']
[1.188s] Level 1:colcon.colcon_core.package_identification:_identify(src/examples/rclpy/topics) by extension 'ignore'
[1.189s] Level 1:colcon.colcon_core.package_identification:_identify(src/examples/rclpy/topics) by extension 'ignore_ament_install'
[1.189s] Level 1:colcon.colcon_core.package_identification:_identify(src/examples/rclpy/topics) by extensions ['colcon_pkg']
[1.189s] Level 1:colcon.colcon_core.package_identification:_identify(src/examples/rclpy/topics) by extension 'colcon_pkg'
[1.190s] Level 1:colcon.colcon_core.package_identification:_identify(src/examples/rclpy/topics) by extensions ['colcon_meta']
[1.190s] Level 1:colcon.colcon_core.package_identification:_identify(src/examples/rclpy/topics) by extension 'colcon_meta'
[1.190s] Level 1:colcon.colcon_core.package_identification:_identify(src/examples/rclpy/topics) by extensions ['ros']
[1.190s] Level 1:colcon.colcon_core.package_identification:_identify(src/examples/rclpy/topics) by extension 'ros'
[1.191s] Level 1:colcon.colcon_core.package_identification:_identify(src/examples/rclpy/topics) by extensions ['cmake', 'python']
[1.191s] Level 1:colcon.colcon_core.package_identification:_identify(src/examples/rclpy/topics) by extension 'cmake'
[1.192s] Level 1:colcon.colcon_core.package_identification:_identify(src/examples/rclpy/topics) by extension 'python'
[1.192s] Level 1:colcon.colcon_core.package_identification:_identify(src/examples/rclpy/topics) by extensions ['python_setup_py']
[1.192s] Level 1:colcon.colcon_core.package_identification:_identify(src/examples/rclpy/topics) by extension 'python_setup_py'
[1.194s] Level 1:colcon.colcon_core.package_identification:_identify(src/examples/rclpy/topics/minimal_publisher) by extensions ['ignore', 'ignore_ament_install']
[1.195s] Level 1:colcon.colcon_core.package_identification:_identify(src/examples/rclpy/topics/minimal_publisher) by extension 'ignore'
[1.196s] Level 1:colcon.colcon_core.package_identification:_identify(src/examples/rclpy/topics/minimal_publisher) by extension 'ignore_ament_install'
[1.197s] Level 1:colcon.colcon_core.package_identification:_identify(src/examples/rclpy/topics/minimal_publisher) by extensions ['colcon_pkg']
[1.197s] Level 1:colcon.colcon_core.package_identification:_identify(src/examples/rclpy/topics/minimal_publisher) by extension 'colcon_pkg'
[1.198s] Level 1:colcon.colcon_core.package_identification:_identify(src/examples/rclpy/topics/minimal_publisher) by extensions ['colcon_meta']
[1.198s] Level 1:colcon.colcon_core.package_identification:_identify(src/examples/rclpy/topics/minimal_publisher) by extension 'colcon_meta'
[1.198s] Level 1:colcon.colcon_core.package_identification:_identify(src/examples/rclpy/topics/minimal_publisher) by extensions ['ros']
[1.198s] Level 1:colcon.colcon_core.package_identification:_identify(src/examples/rclpy/topics/minimal_publisher) by extension 'ros'
[1.202s] DEBUG:colcon.colcon_core.package_identification:Package 'src/examples/rclpy/topics/minimal_publisher' with type 'ros.ament_python' and name 'examples_rclpy_minimal_publisher'
[1.205s] Level 1:colcon.colcon_core.package_identification:_identify(src/examples/rclpy/topics/minimal_subscriber) by extensions ['ignore', 'ignore_ament_install']
[1.205s] Level 1:colcon.colcon_core.package_identification:_identify(src/examples/rclpy/topics/minimal_subscriber) by extension 'ignore'
[1.206s] Level 1:colcon.colcon_core.package_identification:_identify(src/examples/rclpy/topics/minimal_subscriber) by extension 'ignore_ament_install'
[1.206s] Level 1:colcon.colcon_core.package_identification:_identify(src/examples/rclpy/topics/minimal_subscriber) by extensions ['colcon_pkg']
[1.207s] Level 1:colcon.colcon_core.package_identification:_identify(src/examples/rclpy/topics/minimal_subscriber) by extension 'colcon_pkg'
[1.207s] Level 1:colcon.colcon_core.package_identification:_identify(src/examples/rclpy/topics/minimal_subscriber) by extensions ['colcon_meta']
[1.207s] Level 1:colcon.colcon_core.package_identification:_identify(src/examples/rclpy/topics/minimal_subscriber) by extension 'colcon_meta'
[1.207s] Level 1:colcon.colcon_core.package_identification:_identify(src/examples/rclpy/topics/minimal_subscriber) by extensions ['ros']
[1.208s] Level 1:colcon.colcon_core.package_identification:_identify(src/examples/rclpy/topics/minimal_subscriber) by extension 'ros'
[1.212s] DEBUG:colcon.colcon_core.package_identification:Package 'src/examples/rclpy/topics/minimal_subscriber' with type 'ros.ament_python' and name 'examples_rclpy_minimal_subscriber'
[1.214s] Level 1:colcon.colcon_core.package_identification:_identify(src/examples/rclpy/topics/pointcloud_publisher) by extensions ['ignore', 'ignore_ament_install']
[1.215s] Level 1:colcon.colcon_core.package_identification:_identify(src/examples/rclpy/topics/pointcloud_publisher) by extension 'ignore'
[1.215s] Level 1:colcon.colcon_core.package_identification:_identify(src/examples/rclpy/topics/pointcloud_publisher) by extension 'ignore_ament_install'
[1.216s] Level 1:colcon.colcon_core.package_identification:_identify(src/examples/rclpy/topics/pointcloud_publisher) by extensions ['colcon_pkg']
[1.216s] Level 1:colcon.colcon_core.package_identification:_identify(src/examples/rclpy/topics/pointcloud_publisher) by extension 'colcon_pkg'
[1.216s] Level 1:colcon.colcon_core.package_identification:_identify(src/examples/rclpy/topics/pointcloud_publisher) by extensions ['colcon_meta']
[1.216s] Level 1:colcon.colcon_core.package_identification:_identify(src/examples/rclpy/topics/pointcloud_publisher) by extension 'colcon_meta'
[1.217s] Level 1:colcon.colcon_core.package_identification:_identify(src/examples/rclpy/topics/pointcloud_publisher) by extensions ['ros']
[1.217s] Level 1:colcon.colcon_core.package_identification:_identify(src/examples/rclpy/topics/pointcloud_publisher) by extension 'ros'
[1.221s] DEBUG:colcon.colcon_core.package_identification:Package 'src/examples/rclpy/topics/pointcloud_publisher' with type 'ros.ament_python' and name 'examples_rclpy_pointcloud_publisher'
[1.223s] Level 1:colcon.colcon_core.package_identification:_identify(src/install) by extensions ['ignore', 'ignore_ament_install']
[1.223s] Level 1:colcon.colcon_core.package_identification:_identify(src/install) by extension 'ignore'
[1.224s] Level 1:colcon.colcon_core.package_identification:_identify(src/install) ignored
[1.226s] Level 1:colcon.colcon_core.package_identification:_identify(src/log) by extensions ['ignore', 'ignore_ament_install']
[1.227s] Level 1:colcon.colcon_core.package_identification:_identify(src/log) by extension 'ignore'
[1.227s] Level 1:colcon.colcon_core.package_identification:_identify(src/log) ignored
[1.229s] Level 1:colcon.colcon_core.package_identification:_identify(src/more_interfaces) by extensions ['ignore', 'ignore_ament_install']
[1.230s] Level 1:colcon.colcon_core.package_identification:_identify(src/more_interfaces) by extension 'ignore'
[1.230s] Level 1:colcon.colcon_core.package_identification:_identify(src/more_interfaces) by extension 'ignore_ament_install'
[1.231s] Level 1:colcon.colcon_core.package_identification:_identify(src/more_interfaces) by extensions ['colcon_pkg']
[1.231s] Level 1:colcon.colcon_core.package_identification:_identify(src/more_interfaces) by extension 'colcon_pkg'
[1.231s] Level 1:colcon.colcon_core.package_identification:_identify(src/more_interfaces) by extensions ['colcon_meta']
[1.231s] Level 1:colcon.colcon_core.package_identification:_identify(src/more_interfaces) by extension 'colcon_meta'
[1.232s] Level 1:colcon.colcon_core.package_identification:_identify(src/more_interfaces) by extensions ['ros']
[1.232s] Level 1:colcon.colcon_core.package_identification:_identify(src/more_interfaces) by extension 'ros'
[1.236s] DEBUG:colcon.colcon_core.package_identification:Package 'src/more_interfaces' with type 'ros.ament_cmake' and name 'more_interfaces'
[1.237s] Level 1:colcon.colcon_core.package_identification:_identify(src/my_package) by extensions ['ignore', 'ignore_ament_install']
[1.238s] Level 1:colcon.colcon_core.package_identification:_identify(src/my_package) by extension 'ignore'
[1.238s] Level 1:colcon.colcon_core.package_identification:_identify(src/my_package) by extension 'ignore_ament_install'
[1.239s] Level 1:colcon.colcon_core.package_identification:_identify(src/my_package) by extensions ['colcon_pkg']
[1.239s] Level 1:colcon.colcon_core.package_identification:_identify(src/my_package) by extension 'colcon_pkg'
[1.240s] Level 1:colcon.colcon_core.package_identification:_identify(src/my_package) by extensions ['colcon_meta']
[1.240s] Level 1:colcon.colcon_core.package_identification:_identify(src/my_package) by extension 'colcon_meta'
[1.240s] Level 1:colcon.colcon_core.package_identification:_identify(src/my_package) by extensions ['ros']
[1.240s] Level 1:colcon.colcon_core.package_identification:_identify(src/my_package) by extension 'ros'
[1.245s] DEBUG:colcon.colcon_core.package_identification:Package 'src/my_package' with type 'ros.ament_cmake' and name 'my_package'
[1.247s] Level 1:colcon.colcon_core.package_identification:_identify(src/py_pubsub) by extensions ['ignore', 'ignore_ament_install']
[1.248s] Level 1:colcon.colcon_core.package_identification:_identify(src/py_pubsub) by extension 'ignore'
[1.248s] Level 1:colcon.colcon_core.package_identification:_identify(src/py_pubsub) by extension 'ignore_ament_install'
[1.249s] Level 1:colcon.colcon_core.package_identification:_identify(src/py_pubsub) by extensions ['colcon_pkg']
[1.249s] Level 1:colcon.colcon_core.package_identification:_identify(src/py_pubsub) by extension 'colcon_pkg'
[1.250s] Level 1:colcon.colcon_core.package_identification:_identify(src/py_pubsub) by extensions ['colcon_meta']
[1.250s] Level 1:colcon.colcon_core.package_identification:_identify(src/py_pubsub) by extension 'colcon_meta'
[1.250s] Level 1:colcon.colcon_core.package_identification:_identify(src/py_pubsub) by extensions ['ros']
[1.250s] Level 1:colcon.colcon_core.package_identification:_identify(src/py_pubsub) by extension 'ros'
[1.254s] DEBUG:colcon.colcon_core.package_identification:Package 'src/py_pubsub' with type 'ros.ament_python' and name 'py_pubsub'
[1.256s] Level 1:colcon.colcon_core.package_identification:_identify(src/py_srvcli) by extensions ['ignore', 'ignore_ament_install']
[1.257s] Level 1:colcon.colcon_core.package_identification:_identify(src/py_srvcli) by extension 'ignore'
[1.258s] Level 1:colcon.colcon_core.package_identification:_identify(src/py_srvcli) by extension 'ignore_ament_install'
[1.258s] Level 1:colcon.colcon_core.package_identification:_identify(src/py_srvcli) by extensions ['colcon_pkg']
[1.258s] Level 1:colcon.colcon_core.package_identification:_identify(src/py_srvcli) by extension 'colcon_pkg'
[1.259s] Level 1:colcon.colcon_core.package_identification:_identify(src/py_srvcli) by extensions ['colcon_meta']
[1.259s] Level 1:colcon.colcon_core.package_identification:_identify(src/py_srvcli) by extension 'colcon_meta'
[1.259s] Level 1:colcon.colcon_core.package_identification:_identify(src/py_srvcli) by extensions ['ros']
[1.259s] Level 1:colcon.colcon_core.package_identification:_identify(src/py_srvcli) by extension 'ros'
[1.262s] DEBUG:colcon.colcon_core.package_identification:Package 'src/py_srvcli' with type 'ros.ament_python' and name 'py_srvcli'
[1.262s] Level 1:colcon.colcon_core.package_identification:_identify(src/python_parameters) by extensions ['ignore', 'ignore_ament_install']
[1.263s] Level 1:colcon.colcon_core.package_identification:_identify(src/python_parameters) by extension 'ignore'
[1.263s] Level 1:colcon.colcon_core.package_identification:_identify(src/python_parameters) by extension 'ignore_ament_install'
[1.264s] Level 1:colcon.colcon_core.package_identification:_identify(src/python_parameters) by extensions ['colcon_pkg']
[1.264s] Level 1:colcon.colcon_core.package_identification:_identify(src/python_parameters) by extension 'colcon_pkg'
[1.264s] Level 1:colcon.colcon_core.package_identification:_identify(src/python_parameters) by extensions ['colcon_meta']
[1.265s] Level 1:colcon.colcon_core.package_identification:_identify(src/python_parameters) by extension 'colcon_meta'
[1.265s] Level 1:colcon.colcon_core.package_identification:_identify(src/python_parameters) by extensions ['ros']
[1.265s] Level 1:colcon.colcon_core.package_identification:_identify(src/python_parameters) by extension 'ros'
[1.269s] DEBUG:colcon.colcon_core.package_identification:Package 'src/python_parameters' with type 'ros.ament_python' and name 'python_parameters'
[1.271s] Level 1:colcon.colcon_core.package_identification:_identify(src/ros_tutorials) by extensions ['ignore', 'ignore_ament_install']
[1.272s] Level 1:colcon.colcon_core.package_identification:_identify(src/ros_tutorials) by extension 'ignore'
[1.272s] Level 1:colcon.colcon_core.package_identification:_identify(src/ros_tutorials) by extension 'ignore_ament_install'
[1.273s] Level 1:colcon.colcon_core.package_identification:_identify(src/ros_tutorials) by extensions ['colcon_pkg']
[1.273s] Level 1:colcon.colcon_core.package_identification:_identify(src/ros_tutorials) by extension 'colcon_pkg'
[1.273s] Level 1:colcon.colcon_core.package_identification:_identify(src/ros_tutorials) by extensions ['colcon_meta']
[1.273s] Level 1:colcon.colcon_core.package_identification:_identify(src/ros_tutorials) by extension 'colcon_meta'
[1.273s] Level 1:colcon.colcon_core.package_identification:_identify(src/ros_tutorials) by extensions ['ros']
[1.273s] Level 1:colcon.colcon_core.package_identification:_identify(src/ros_tutorials) by extension 'ros'
[1.274s] Level 1:colcon.colcon_core.package_identification:_identify(src/ros_tutorials) by extensions ['cmake', 'python']
[1.275s] Level 1:colcon.colcon_core.package_identification:_identify(src/ros_tutorials) by extension 'cmake'
[1.275s] Level 1:colcon.colcon_core.package_identification:_identify(src/ros_tutorials) by extension 'python'
[1.275s] Level 1:colcon.colcon_core.package_identification:_identify(src/ros_tutorials) by extensions ['python_setup_py']
[1.276s] Level 1:colcon.colcon_core.package_identification:_identify(src/ros_tutorials) by extension 'python_setup_py'
[1.277s] Level 1:colcon.colcon_core.package_identification:_identify(src/ros_tutorials/turtlesim) by extensions ['ignore', 'ignore_ament_install']
[1.278s] Level 1:colcon.colcon_core.package_identification:_identify(src/ros_tutorials/turtlesim) by extension 'ignore'
[1.279s] Level 1:colcon.colcon_core.package_identification:_identify(src/ros_tutorials/turtlesim) by extension 'ignore_ament_install'
[1.280s] Level 1:colcon.colcon_core.package_identification:_identify(src/ros_tutorials/turtlesim) by extensions ['colcon_pkg']
[1.280s] Level 1:colcon.colcon_core.package_identification:_identify(src/ros_tutorials/turtlesim) by extension 'colcon_pkg'
[1.280s] Level 1:colcon.colcon_core.package_identification:_identify(src/ros_tutorials/turtlesim) by extensions ['colcon_meta']
[1.280s] Level 1:colcon.colcon_core.package_identification:_identify(src/ros_tutorials/turtlesim) by extension 'colcon_meta'
[1.281s] Level 1:colcon.colcon_core.package_identification:_identify(src/ros_tutorials/turtlesim) by extensions ['ros']
[1.281s] Level 1:colcon.colcon_core.package_identification:_identify(src/ros_tutorials/turtlesim) by extension 'ros'
[1.287s] DEBUG:colcon.colcon_core.package_identification:Package 'src/ros_tutorials/turtlesim' with type 'ros.ament_cmake' and name 'turtlesim'
[1.290s] Level 1:colcon.colcon_core.package_identification:_identify(src/tutorial_interfaces) by extensions ['ignore', 'ignore_ament_install']
[1.291s] Level 1:colcon.colcon_core.package_identification:_identify(src/tutorial_interfaces) by extension 'ignore'
[1.292s] Level 1:colcon.colcon_core.package_identification:_identify(src/tutorial_interfaces) by extension 'ignore_ament_install'
[1.292s] Level 1:colcon.colcon_core.package_identification:_identify(src/tutorial_interfaces) by extensions ['colcon_pkg']
[1.292s] Level 1:colcon.colcon_core.package_identification:_identify(src/tutorial_interfaces) by extension 'colcon_pkg'
[1.292s] Level 1:colcon.colcon_core.package_identification:_identify(src/tutorial_interfaces) by extensions ['colcon_meta']
[1.292s] Level 1:colcon.colcon_core.package_identification:_identify(src/tutorial_interfaces) by extension 'colcon_meta'
[1.293s] Level 1:colcon.colcon_core.package_identification:_identify(src/tutorial_interfaces) by extensions ['ros']
[1.293s] Level 1:colcon.colcon_core.package_identification:_identify(src/tutorial_interfaces) by extension 'ros'
[1.296s] DEBUG:colcon.colcon_core.package_identification:Package 'src/tutorial_interfaces' with type 'ros.ament_cmake' and name 'tutorial_interfaces'
[1.297s] Level 1:colcon.colcon_core.package_discovery:discover_packages(recursive) using defaults
[1.297s] Level 1:colcon.colcon_core.package_discovery:discover_packages(ignore) discover
[1.297s] Level 1:colcon.colcon_core.package_discovery:discover_packages(ignore) using defaults
[1.298s] Level 1:colcon.colcon_core.package_discovery:discover_packages(path) discover
[1.298s] Level 1:colcon.colcon_core.package_discovery:discover_packages(path) using defaults
[1.510s] Level 1:colcon.colcon_core.package_discovery:discover_packages(prefix_path) check parameters
[1.511s] Level 1:colcon.colcon_core.package_discovery:discover_packages(prefix_path) discover
[1.562s] DEBUG:colcon.colcon_installed_package_information.package_discovery:Found 407 installed packages in /opt/ros/jazzy
[1.566s] Level 1:colcon.colcon_core.package_discovery:discover_packages(prefix_path) using defaults
[1.773s] WARNING:colcon.colcon_core.package_selection:Some selected packages are already built in one or more underlay workspaces:
	'examples_rclcpp_minimal_composition' is in: /opt/ros/jazzy
	'examples_rclcpp_minimal_action_server' is in: /opt/ros/jazzy
	'turtlesim' is in: /opt/ros/jazzy
	'examples_rclcpp_minimal_timer' is in: /opt/ros/jazzy
	'examples_rclcpp_minimal_action_client' is in: /opt/ros/jazzy
	'examples_rclcpp_minimal_service' is in: /opt/ros/jazzy
	'examples_rclpy_minimal_action_server' is in: /opt/ros/jazzy
	'examples_rclpy_executors' is in: /opt/ros/jazzy
	'examples_rclpy_minimal_publisher' is in: /opt/ros/jazzy
	'examples_rclpy_minimal_action_client' is in: /opt/ros/jazzy
	'examples_rclcpp_minimal_subscriber' is in: /opt/ros/jazzy
	'examples_rclpy_minimal_client' is in: /opt/ros/jazzy
	'examples_rclcpp_minimal_client' is in: /opt/ros/jazzy
	'examples_rclpy_minimal_service' is in: /opt/ros/jazzy
	'examples_rclcpp_minimal_publisher' is in: /opt/ros/jazzy
	'examples_rclpy_minimal_subscriber' is in: /opt/ros/jazzy
	'examples_rclcpp_multithreaded_executor' is in: /opt/ros/jazzy
If a package in a merged underlay workspace is overridden and it installs headers, then all packages in the overlay must sort their include directories by workspace order. Failure to do so may result in build failures or undefined behavior at run time.
If the overridden package is used by another package in any underlay, then the overriding package in the overlay must be API and ABI compatible or undefined behavior at run time may occur.

If you understand the risks and want to override a package anyways, add the following to the command line:
	--allow-overriding examples_rclcpp_minimal_action_client examples_rclcpp_minimal_action_server examples_rclcpp_minimal_client examples_rclcpp_minimal_composition examples_rclcpp_minimal_publisher examples_rclcpp_minimal_service examples_rclcpp_minimal_subscriber examples_rclcpp_minimal_timer examples_rclcpp_multithreaded_executor examples_rclpy_executors examples_rclpy_minimal_action_client examples_rclpy_minimal_action_server examples_rclpy_minimal_client examples_rclpy_minimal_publisher examples_rclpy_minimal_service examples_rclpy_minimal_subscriber turtlesim

This may be promoted to an error in a future release of colcon-override-check.
[1.777s] Level 5:colcon.colcon_core.verb:set package 'cpp_pubsub' build argument 'cmake_args' from command line to 'None'
[1.778s] Level 5:colcon.colcon_core.verb:set package 'cpp_pubsub' build argument 'cmake_target' from command line to 'None'
[1.778s] Level 5:colcon.colcon_core.verb:set package 'cpp_pubsub' build argument 'cmake_target_skip_unavailable' from command line to 'False'
[1.778s] Level 5:colcon.colcon_core.verb:set package 'cpp_pubsub' build argument 'cmake_clean_cache' from command line to 'False'
[1.778s] Level 5:colcon.colcon_core.verb:set package 'cpp_pubsub' build argument 'cmake_clean_first' from command line to 'False'
[1.778s] Level 5:colcon.colcon_core.verb:set package 'cpp_pubsub' build argument 'cmake_force_configure' from command line to 'False'
[1.778s] Level 5:colcon.colcon_core.verb:set package 'cpp_pubsub' build argument 'ament_cmake_args' from command line to 'None'
[1.779s] Level 5:colcon.colcon_core.verb:set package 'cpp_pubsub' build argument 'catkin_cmake_args' from command line to 'None'
[1.779s] Level 5:colcon.colcon_core.verb:set package 'cpp_pubsub' build argument 'catkin_skip_building_tests' from command line to 'False'
[1.779s] DEBUG:colcon.colcon_core.verb:Building package 'cpp_pubsub' with the following arguments: {'ament_cmake_args': None, 'build_base': '/home/zhang/rosprc_ws/build/cpp_pubsub', 'catkin_cmake_args': None, 'catkin_skip_building_tests': False, 'cmake_args': None, 'cmake_clean_cache': False, 'cmake_clean_first': False, 'cmake_force_configure': False, 'cmake_target': None, 'cmake_target_skip_unavailable': False, 'install_base': '/home/zhang/rosprc_ws/install/cpp_pubsub', 'merge_install': False, 'path': '/home/zhang/rosprc_ws/src/cpp_pubsub', 'symlink_install': False, 'test_result_base': None}
[1.780s] Level 5:colcon.colcon_core.verb:set package 'examples_rclcpp_async_client' build argument 'cmake_args' from command line to 'None'
[1.780s] Level 5:colcon.colcon_core.verb:set package 'examples_rclcpp_async_client' build argument 'cmake_target' from command line to 'None'
[1.780s] Level 5:colcon.colcon_core.verb:set package 'examples_rclcpp_async_client' build argument 'cmake_target_skip_unavailable' from command line to 'False'
[1.780s] Level 5:colcon.colcon_core.verb:set package 'examples_rclcpp_async_client' build argument 'cmake_clean_cache' from command line to 'False'
[1.780s] Level 5:colcon.colcon_core.verb:set package 'examples_rclcpp_async_client' build argument 'cmake_clean_first' from command line to 'False'
[1.781s] Level 5:colcon.colcon_core.verb:set package 'examples_rclcpp_async_client' build argument 'cmake_force_configure' from command line to 'False'
[1.781s] Level 5:colcon.colcon_core.verb:set package 'examples_rclcpp_async_client' build argument 'ament_cmake_args' from command line to 'None'
[1.781s] Level 5:colcon.colcon_core.verb:set package 'examples_rclcpp_async_client' build argument 'catkin_cmake_args' from command line to 'None'
[1.781s] Level 5:colcon.colcon_core.verb:set package 'examples_rclcpp_async_client' build argument 'catkin_skip_building_tests' from command line to 'False'
[1.781s] DEBUG:colcon.colcon_core.verb:Building package 'examples_rclcpp_async_client' with the following arguments: {'ament_cmake_args': None, 'build_base': '/home/zhang/rosprc_ws/build/examples_rclcpp_async_client', 'catkin_cmake_args': None, 'catkin_skip_building_tests': False, 'cmake_args': None, 'cmake_clean_cache': False, 'cmake_clean_first': False, 'cmake_force_configure': False, 'cmake_target': None, 'cmake_target_skip_unavailable': False, 'install_base': '/home/zhang/rosprc_ws/install/examples_rclcpp_async_client', 'merge_install': False, 'path': '/home/zhang/rosprc_ws/src/examples/rclcpp/services/async_client', 'symlink_install': False, 'test_result_base': None}
[1.782s] Level 5:colcon.colcon_core.verb:set package 'examples_rclcpp_cbg_executor' build argument 'cmake_args' from command line to 'None'
[1.782s] Level 5:colcon.colcon_core.verb:set package 'examples_rclcpp_cbg_executor' build argument 'cmake_target' from command line to 'None'
[1.782s] Level 5:colcon.colcon_core.verb:set package 'examples_rclcpp_cbg_executor' build argument 'cmake_target_skip_unavailable' from command line to 'False'
[1.783s] Level 5:colcon.colcon_core.verb:set package 'examples_rclcpp_cbg_executor' build argument 'cmake_clean_cache' from command line to 'False'
[1.783s] Level 5:colcon.colcon_core.verb:set package 'examples_rclcpp_cbg_executor' build argument 'cmake_clean_first' from command line to 'False'
[1.783s] Level 5:colcon.colcon_core.verb:set package 'examples_rclcpp_cbg_executor' build argument 'cmake_force_configure' from command line to 'False'
[1.783s] Level 5:colcon.colcon_core.verb:set package 'examples_rclcpp_cbg_executor' build argument 'ament_cmake_args' from command line to 'None'
[1.783s] Level 5:colcon.colcon_core.verb:set package 'examples_rclcpp_cbg_executor' build argument 'catkin_cmake_args' from command line to 'None'
[1.784s] Level 5:colcon.colcon_core.verb:set package 'examples_rclcpp_cbg_executor' build argument 'catkin_skip_building_tests' from command line to 'False'
[1.784s] DEBUG:colcon.colcon_core.verb:Building package 'examples_rclcpp_cbg_executor' with the following arguments: {'ament_cmake_args': None, 'build_base': '/home/zhang/rosprc_ws/build/examples_rclcpp_cbg_executor', 'catkin_cmake_args': None, 'catkin_skip_building_tests': False, 'cmake_args': None, 'cmake_clean_cache': False, 'cmake_clean_first': False, 'cmake_force_configure': False, 'cmake_target': None, 'cmake_target_skip_unavailable': False, 'install_base': '/home/zhang/rosprc_ws/install/examples_rclcpp_cbg_executor', 'merge_install': False, 'path': '/home/zhang/rosprc_ws/src/examples/rclcpp/executors/cbg_executor', 'symlink_install': False, 'test_result_base': None}
[1.785s] Level 5:colcon.colcon_core.verb:set package 'examples_rclcpp_minimal_action_client' build argument 'cmake_args' from command line to 'None'
[1.785s] Level 5:colcon.colcon_core.verb:set package 'examples_rclcpp_minimal_action_client' build argument 'cmake_target' from command line to 'None'
[1.785s] Level 5:colcon.colcon_core.verb:set package 'examples_rclcpp_minimal_action_client' build argument 'cmake_target_skip_unavailable' from command line to 'False'
[1.785s] Level 5:colcon.colcon_core.verb:set package 'examples_rclcpp_minimal_action_client' build argument 'cmake_clean_cache' from command line to 'False'
[1.785s] Level 5:colcon.colcon_core.verb:set package 'examples_rclcpp_minimal_action_client' build argument 'cmake_clean_first' from command line to 'False'
[1.785s] Level 5:colcon.colcon_core.verb:set package 'examples_rclcpp_minimal_action_client' build argument 'cmake_force_configure' from command line to 'False'
[1.785s] Level 5:colcon.colcon_core.verb:set package 'examples_rclcpp_minimal_action_client' build argument 'ament_cmake_args' from command line to 'None'
[1.786s] Level 5:colcon.colcon_core.verb:set package 'examples_rclcpp_minimal_action_client' build argument 'catkin_cmake_args' from command line to 'None'
[1.786s] Level 5:colcon.colcon_core.verb:set package 'examples_rclcpp_minimal_action_client' build argument 'catkin_skip_building_tests' from command line to 'False'
[1.786s] DEBUG:colcon.colcon_core.verb:Building package 'examples_rclcpp_minimal_action_client' with the following arguments: {'ament_cmake_args': None, 'build_base': '/home/zhang/rosprc_ws/build/examples_rclcpp_minimal_action_client', 'catkin_cmake_args': None, 'catkin_skip_building_tests': False, 'cmake_args': None, 'cmake_clean_cache': False, 'cmake_clean_first': False, 'cmake_force_configure': False, 'cmake_target': None, 'cmake_target_skip_unavailable': False, 'install_base': '/home/zhang/rosprc_ws/install/examples_rclcpp_minimal_action_client', 'merge_install': False, 'path': '/home/zhang/rosprc_ws/src/examples/rclcpp/actions/minimal_action_client', 'symlink_install': False, 'test_result_base': None}
[1.787s] Level 5:colcon.colcon_core.verb:set package 'examples_rclcpp_minimal_action_server' build argument 'cmake_args' from command line to 'None'
[1.787s] Level 5:colcon.colcon_core.verb:set package 'examples_rclcpp_minimal_action_server' build argument 'cmake_target' from command line to 'None'
[1.787s] Level 5:colcon.colcon_core.verb:set package 'examples_rclcpp_minimal_action_server' build argument 'cmake_target_skip_unavailable' from command line to 'False'
[1.787s] Level 5:colcon.colcon_core.verb:set package 'examples_rclcpp_minimal_action_server' build argument 'cmake_clean_cache' from command line to 'False'
[1.787s] Level 5:colcon.colcon_core.verb:set package 'examples_rclcpp_minimal_action_server' build argument 'cmake_clean_first' from command line to 'False'
[1.787s] Level 5:colcon.colcon_core.verb:set package 'examples_rclcpp_minimal_action_server' build argument 'cmake_force_configure' from command line to 'False'
[1.787s] Level 5:colcon.colcon_core.verb:set package 'examples_rclcpp_minimal_action_server' build argument 'ament_cmake_args' from command line to 'None'
[1.787s] Level 5:colcon.colcon_core.verb:set package 'examples_rclcpp_minimal_action_server' build argument 'catkin_cmake_args' from command line to 'None'
[1.787s] Level 5:colcon.colcon_core.verb:set package 'examples_rclcpp_minimal_action_server' build argument 'catkin_skip_building_tests' from command line to 'False'
[1.787s] DEBUG:colcon.colcon_core.verb:Building package 'examples_rclcpp_minimal_action_server' with the following arguments: {'ament_cmake_args': None, 'build_base': '/home/zhang/rosprc_ws/build/examples_rclcpp_minimal_action_server', 'catkin_cmake_args': None, 'catkin_skip_building_tests': False, 'cmake_args': None, 'cmake_clean_cache': False, 'cmake_clean_first': False, 'cmake_force_configure': False, 'cmake_target': None, 'cmake_target_skip_unavailable': False, 'install_base': '/home/zhang/rosprc_ws/install/examples_rclcpp_minimal_action_server', 'merge_install': False, 'path': '/home/zhang/rosprc_ws/src/examples/rclcpp/actions/minimal_action_server', 'symlink_install': False, 'test_result_base': None}
[1.788s] Level 5:colcon.colcon_core.verb:set package 'examples_rclcpp_minimal_client' build argument 'cmake_args' from command line to 'None'
[1.789s] Level 5:colcon.colcon_core.verb:set package 'examples_rclcpp_minimal_client' build argument 'cmake_target' from command line to 'None'
[1.789s] Level 5:colcon.colcon_core.verb:set package 'examples_rclcpp_minimal_client' build argument 'cmake_target_skip_unavailable' from command line to 'False'
[1.789s] Level 5:colcon.colcon_core.verb:set package 'examples_rclcpp_minimal_client' build argument 'cmake_clean_cache' from command line to 'False'
[1.789s] Level 5:colcon.colcon_core.verb:set package 'examples_rclcpp_minimal_client' build argument 'cmake_clean_first' from command line to 'False'
[1.789s] Level 5:colcon.colcon_core.verb:set package 'examples_rclcpp_minimal_client' build argument 'cmake_force_configure' from command line to 'False'
[1.789s] Level 5:colcon.colcon_core.verb:set package 'examples_rclcpp_minimal_client' build argument 'ament_cmake_args' from command line to 'None'
[1.789s] Level 5:colcon.colcon_core.verb:set package 'examples_rclcpp_minimal_client' build argument 'catkin_cmake_args' from command line to 'None'
[1.789s] Level 5:colcon.colcon_core.verb:set package 'examples_rclcpp_minimal_client' build argument 'catkin_skip_building_tests' from command line to 'False'
[1.790s] DEBUG:colcon.colcon_core.verb:Building package 'examples_rclcpp_minimal_client' with the following arguments: {'ament_cmake_args': None, 'build_base': '/home/zhang/rosprc_ws/build/examples_rclcpp_minimal_client', 'catkin_cmake_args': None, 'catkin_skip_building_tests': False, 'cmake_args': None, 'cmake_clean_cache': False, 'cmake_clean_first': False, 'cmake_force_configure': False, 'cmake_target': None, 'cmake_target_skip_unavailable': False, 'install_base': '/home/zhang/rosprc_ws/install/examples_rclcpp_minimal_client', 'merge_install': False, 'path': '/home/zhang/rosprc_ws/src/examples/rclcpp/services/minimal_client', 'symlink_install': False, 'test_result_base': None}
[1.791s] Level 5:colcon.colcon_core.verb:set package 'examples_rclcpp_minimal_composition' build argument 'cmake_args' from command line to 'None'
[1.791s] Level 5:colcon.colcon_core.verb:set package 'examples_rclcpp_minimal_composition' build argument 'cmake_target' from command line to 'None'
[1.791s] Level 5:colcon.colcon_core.verb:set package 'examples_rclcpp_minimal_composition' build argument 'cmake_target_skip_unavailable' from command line to 'False'
[1.791s] Level 5:colcon.colcon_core.verb:set package 'examples_rclcpp_minimal_composition' build argument 'cmake_clean_cache' from command line to 'False'
[1.792s] Level 5:colcon.colcon_core.verb:set package 'examples_rclcpp_minimal_composition' build argument 'cmake_clean_first' from command line to 'False'
[1.792s] Level 5:colcon.colcon_core.verb:set package 'examples_rclcpp_minimal_composition' build argument 'cmake_force_configure' from command line to 'False'
[1.792s] Level 5:colcon.colcon_core.verb:set package 'examples_rclcpp_minimal_composition' build argument 'ament_cmake_args' from command line to 'None'
[1.792s] Level 5:colcon.colcon_core.verb:set package 'examples_rclcpp_minimal_composition' build argument 'catkin_cmake_args' from command line to 'None'
[1.792s] Level 5:colcon.colcon_core.verb:set package 'examples_rclcpp_minimal_composition' build argument 'catkin_skip_building_tests' from command line to 'False'
[1.792s] DEBUG:colcon.colcon_core.verb:Building package 'examples_rclcpp_minimal_composition' with the following arguments: {'ament_cmake_args': None, 'build_base': '/home/zhang/rosprc_ws/build/examples_rclcpp_minimal_composition', 'catkin_cmake_args': None, 'catkin_skip_building_tests': False, 'cmake_args': None, 'cmake_clean_cache': False, 'cmake_clean_first': False, 'cmake_force_configure': False, 'cmake_target': None, 'cmake_target_skip_unavailable': False, 'install_base': '/home/zhang/rosprc_ws/install/examples_rclcpp_minimal_composition', 'merge_install': False, 'path': '/home/zhang/rosprc_ws/src/examples/rclcpp/composition/minimal_composition', 'symlink_install': False, 'test_result_base': None}
[1.793s] Level 5:colcon.colcon_core.verb:set package 'examples_rclcpp_minimal_publisher' build argument 'cmake_args' from command line to 'None'
[1.793s] Level 5:colcon.colcon_core.verb:set package 'examples_rclcpp_minimal_publisher' build argument 'cmake_target' from command line to 'None'
[1.793s] Level 5:colcon.colcon_core.verb:set package 'examples_rclcpp_minimal_publisher' build argument 'cmake_target_skip_unavailable' from command line to 'False'
[1.793s] Level 5:colcon.colcon_core.verb:set package 'examples_rclcpp_minimal_publisher' build argument 'cmake_clean_cache' from command line to 'False'
[1.793s] Level 5:colcon.colcon_core.verb:set package 'examples_rclcpp_minimal_publisher' build argument 'cmake_clean_first' from command line to 'False'
[1.794s] Level 5:colcon.colcon_core.verb:set package 'examples_rclcpp_minimal_publisher' build argument 'cmake_force_configure' from command line to 'False'
[1.794s] Level 5:colcon.colcon_core.verb:set package 'examples_rclcpp_minimal_publisher' build argument 'ament_cmake_args' from command line to 'None'
[1.794s] Level 5:colcon.colcon_core.verb:set package 'examples_rclcpp_minimal_publisher' build argument 'catkin_cmake_args' from command line to 'None'
[1.794s] Level 5:colcon.colcon_core.verb:set package 'examples_rclcpp_minimal_publisher' build argument 'catkin_skip_building_tests' from command line to 'False'
[1.794s] DEBUG:colcon.colcon_core.verb:Building package 'examples_rclcpp_minimal_publisher' with the following arguments: {'ament_cmake_args': None, 'build_base': '/home/zhang/rosprc_ws/build/examples_rclcpp_minimal_publisher', 'catkin_cmake_args': None, 'catkin_skip_building_tests': False, 'cmake_args': None, 'cmake_clean_cache': False, 'cmake_clean_first': False, 'cmake_force_configure': False, 'cmake_target': None, 'cmake_target_skip_unavailable': False, 'install_base': '/home/zhang/rosprc_ws/install/examples_rclcpp_minimal_publisher', 'merge_install': False, 'path': '/home/zhang/rosprc_ws/src/examples/rclcpp/topics/minimal_publisher', 'symlink_install': False, 'test_result_base': None}
[1.795s] Level 5:colcon.colcon_core.verb:set package 'examples_rclcpp_minimal_service' build argument 'cmake_args' from command line to 'None'
[1.795s] Level 5:colcon.colcon_core.verb:set package 'examples_rclcpp_minimal_service' build argument 'cmake_target' from command line to 'None'
[1.795s] Level 5:colcon.colcon_core.verb:set package 'examples_rclcpp_minimal_service' build argument 'cmake_target_skip_unavailable' from command line to 'False'
[1.795s] Level 5:colcon.colcon_core.verb:set package 'examples_rclcpp_minimal_service' build argument 'cmake_clean_cache' from command line to 'False'
[1.795s] Level 5:colcon.colcon_core.verb:set package 'examples_rclcpp_minimal_service' build argument 'cmake_clean_first' from command line to 'False'
[1.795s] Level 5:colcon.colcon_core.verb:set package 'examples_rclcpp_minimal_service' build argument 'cmake_force_configure' from command line to 'False'
[1.796s] Level 5:colcon.colcon_core.verb:set package 'examples_rclcpp_minimal_service' build argument 'ament_cmake_args' from command line to 'None'
[1.796s] Level 5:colcon.colcon_core.verb:set package 'examples_rclcpp_minimal_service' build argument 'catkin_cmake_args' from command line to 'None'
[1.796s] Level 5:colcon.colcon_core.verb:set package 'examples_rclcpp_minimal_service' build argument 'catkin_skip_building_tests' from command line to 'False'
[1.796s] DEBUG:colcon.colcon_core.verb:Building package 'examples_rclcpp_minimal_service' with the following arguments: {'ament_cmake_args': None, 'build_base': '/home/zhang/rosprc_ws/build/examples_rclcpp_minimal_service', 'catkin_cmake_args': None, 'catkin_skip_building_tests': False, 'cmake_args': None, 'cmake_clean_cache': False, 'cmake_clean_first': False, 'cmake_force_configure': False, 'cmake_target': None, 'cmake_target_skip_unavailable': False, 'install_base': '/home/zhang/rosprc_ws/install/examples_rclcpp_minimal_service', 'merge_install': False, 'path': '/home/zhang/rosprc_ws/src/examples/rclcpp/services/minimal_service', 'symlink_install': False, 'test_result_base': None}
[1.796s] Level 5:colcon.colcon_core.verb:set package 'examples_rclcpp_minimal_subscriber' build argument 'cmake_args' from command line to 'None'
[1.796s] Level 5:colcon.colcon_core.verb:set package 'examples_rclcpp_minimal_subscriber' build argument 'cmake_target' from command line to 'None'
[1.796s] Level 5:colcon.colcon_core.verb:set package 'examples_rclcpp_minimal_subscriber' build argument 'cmake_target_skip_unavailable' from command line to 'False'
[1.796s] Level 5:colcon.colcon_core.verb:set package 'examples_rclcpp_minimal_subscriber' build argument 'cmake_clean_cache' from command line to 'False'
[1.796s] Level 5:colcon.colcon_core.verb:set package 'examples_rclcpp_minimal_subscriber' build argument 'cmake_clean_first' from command line to 'False'
[1.796s] Level 5:colcon.colcon_core.verb:set package 'examples_rclcpp_minimal_subscriber' build argument 'cmake_force_configure' from command line to 'False'
[1.796s] Level 5:colcon.colcon_core.verb:set package 'examples_rclcpp_minimal_subscriber' build argument 'ament_cmake_args' from command line to 'None'
[1.796s] Level 5:colcon.colcon_core.verb:set package 'examples_rclcpp_minimal_subscriber' build argument 'catkin_cmake_args' from command line to 'None'
[1.796s] Level 5:colcon.colcon_core.verb:set package 'examples_rclcpp_minimal_subscriber' build argument 'catkin_skip_building_tests' from command line to 'False'
[1.796s] DEBUG:colcon.colcon_core.verb:Building package 'examples_rclcpp_minimal_subscriber' with the following arguments: {'ament_cmake_args': None, 'build_base': '/home/zhang/rosprc_ws/build/examples_rclcpp_minimal_subscriber', 'catkin_cmake_args': None, 'catkin_skip_building_tests': False, 'cmake_args': None, 'cmake_clean_cache': False, 'cmake_clean_first': False, 'cmake_force_configure': False, 'cmake_target': None, 'cmake_target_skip_unavailable': False, 'install_base': '/home/zhang/rosprc_ws/install/examples_rclcpp_minimal_subscriber', 'merge_install': False, 'path': '/home/zhang/rosprc_ws/src/examples/rclcpp/topics/minimal_subscriber', 'symlink_install': False, 'test_result_base': None}
[1.797s] Level 5:colcon.colcon_core.verb:set package 'examples_rclcpp_minimal_timer' build argument 'cmake_args' from command line to 'None'
[1.797s] Level 5:colcon.colcon_core.verb:set package 'examples_rclcpp_minimal_timer' build argument 'cmake_target' from command line to 'None'
[1.797s] Level 5:colcon.colcon_core.verb:set package 'examples_rclcpp_minimal_timer' build argument 'cmake_target_skip_unavailable' from command line to 'False'
[1.797s] Level 5:colcon.colcon_core.verb:set package 'examples_rclcpp_minimal_timer' build argument 'cmake_clean_cache' from command line to 'False'
[1.797s] Level 5:colcon.colcon_core.verb:set package 'examples_rclcpp_minimal_timer' build argument 'cmake_clean_first' from command line to 'False'
[1.797s] Level 5:colcon.colcon_core.verb:set package 'examples_rclcpp_minimal_timer' build argument 'cmake_force_configure' from command line to 'False'
[1.797s] Level 5:colcon.colcon_core.verb:set package 'examples_rclcpp_minimal_timer' build argument 'ament_cmake_args' from command line to 'None'
[1.797s] Level 5:colcon.colcon_core.verb:set package 'examples_rclcpp_minimal_timer' build argument 'catkin_cmake_args' from command line to 'None'
[1.797s] Level 5:colcon.colcon_core.verb:set package 'examples_rclcpp_minimal_timer' build argument 'catkin_skip_building_tests' from command line to 'False'
[1.797s] DEBUG:colcon.colcon_core.verb:Building package 'examples_rclcpp_minimal_timer' with the following arguments: {'ament_cmake_args': None, 'build_base': '/home/zhang/rosprc_ws/build/examples_rclcpp_minimal_timer', 'catkin_cmake_args': None, 'catkin_skip_building_tests': False, 'cmake_args': None, 'cmake_clean_cache': False, 'cmake_clean_first': False, 'cmake_force_configure': False, 'cmake_target': None, 'cmake_target_skip_unavailable': False, 'install_base': '/home/zhang/rosprc_ws/install/examples_rclcpp_minimal_timer', 'merge_install': False, 'path': '/home/zhang/rosprc_ws/src/examples/rclcpp/timers/minimal_timer', 'symlink_install': False, 'test_result_base': None}
[1.798s] Level 5:colcon.colcon_core.verb:set package 'examples_rclcpp_multithreaded_executor' build argument 'cmake_args' from command line to 'None'
[1.798s] Level 5:colcon.colcon_core.verb:set package 'examples_rclcpp_multithreaded_executor' build argument 'cmake_target' from command line to 'None'
[1.798s] Level 5:colcon.colcon_core.verb:set package 'examples_rclcpp_multithreaded_executor' build argument 'cmake_target_skip_unavailable' from command line to 'False'
[1.798s] Level 5:colcon.colcon_core.verb:set package 'examples_rclcpp_multithreaded_executor' build argument 'cmake_clean_cache' from command line to 'False'
[1.798s] Level 5:colcon.colcon_core.verb:set package 'examples_rclcpp_multithreaded_executor' build argument 'cmake_clean_first' from command line to 'False'
[1.798s] Level 5:colcon.colcon_core.verb:set package 'examples_rclcpp_multithreaded_executor' build argument 'cmake_force_configure' from command line to 'False'
[1.798s] Level 5:colcon.colcon_core.verb:set package 'examples_rclcpp_multithreaded_executor' build argument 'ament_cmake_args' from command line to 'None'
[1.798s] Level 5:colcon.colcon_core.verb:set package 'examples_rclcpp_multithreaded_executor' build argument 'catkin_cmake_args' from command line to 'None'
[1.798s] Level 5:colcon.colcon_core.verb:set package 'examples_rclcpp_multithreaded_executor' build argument 'catkin_skip_building_tests' from command line to 'False'
[1.799s] DEBUG:colcon.colcon_core.verb:Building package 'examples_rclcpp_multithreaded_executor' with the following arguments: {'ament_cmake_args': None, 'build_base': '/home/zhang/rosprc_ws/build/examples_rclcpp_multithreaded_executor', 'catkin_cmake_args': None, 'catkin_skip_building_tests': False, 'cmake_args': None, 'cmake_clean_cache': False, 'cmake_clean_first': False, 'cmake_force_configure': False, 'cmake_target': None, 'cmake_target_skip_unavailable': False, 'install_base': '/home/zhang/rosprc_ws/install/examples_rclcpp_multithreaded_executor', 'merge_install': False, 'path': '/home/zhang/rosprc_ws/src/examples/rclcpp/executors/multithreaded_executor', 'symlink_install': False, 'test_result_base': None}
[1.799s] Level 5:colcon.colcon_core.verb:set package 'examples_rclcpp_wait_set' build argument 'cmake_args' from command line to 'None'
[1.800s] Level 5:colcon.colcon_core.verb:set package 'examples_rclcpp_wait_set' build argument 'cmake_target' from command line to 'None'
[1.800s] Level 5:colcon.colcon_core.verb:set package 'examples_rclcpp_wait_set' build argument 'cmake_target_skip_unavailable' from command line to 'False'
[1.800s] Level 5:colcon.colcon_core.verb:set package 'examples_rclcpp_wait_set' build argument 'cmake_clean_cache' from command line to 'False'
[1.800s] Level 5:colcon.colcon_core.verb:set package 'examples_rclcpp_wait_set' build argument 'cmake_clean_first' from command line to 'False'
[1.800s] Level 5:colcon.colcon_core.verb:set package 'examples_rclcpp_wait_set' build argument 'cmake_force_configure' from command line to 'False'
[1.800s] Level 5:colcon.colcon_core.verb:set package 'examples_rclcpp_wait_set' build argument 'ament_cmake_args' from command line to 'None'
[1.800s] Level 5:colcon.colcon_core.verb:set package 'examples_rclcpp_wait_set' build argument 'catkin_cmake_args' from command line to 'None'
[1.800s] Level 5:colcon.colcon_core.verb:set package 'examples_rclcpp_wait_set' build argument 'catkin_skip_building_tests' from command line to 'False'
[1.800s] DEBUG:colcon.colcon_core.verb:Building package 'examples_rclcpp_wait_set' with the following arguments: {'ament_cmake_args': None, 'build_base': '/home/zhang/rosprc_ws/build/examples_rclcpp_wait_set', 'catkin_cmake_args': None, 'catkin_skip_building_tests': False, 'cmake_args': None, 'cmake_clean_cache': False, 'cmake_clean_first': False, 'cmake_force_configure': False, 'cmake_target': None, 'cmake_target_skip_unavailable': False, 'install_base': '/home/zhang/rosprc_ws/install/examples_rclcpp_wait_set', 'merge_install': False, 'path': '/home/zhang/rosprc_ws/src/examples/rclcpp/wait_set', 'symlink_install': False, 'test_result_base': None}
[1.801s] Level 5:colcon.colcon_core.verb:set package 'examples_rclpy_executors' build argument 'cmake_args' from command line to 'None'
[1.802s] Level 5:colcon.colcon_core.verb:set package 'examples_rclpy_executors' build argument 'cmake_target' from command line to 'None'
[1.802s] Level 5:colcon.colcon_core.verb:set package 'examples_rclpy_executors' build argument 'cmake_target_skip_unavailable' from command line to 'False'
[1.802s] Level 5:colcon.colcon_core.verb:set package 'examples_rclpy_executors' build argument 'cmake_clean_cache' from command line to 'False'
[1.802s] Level 5:colcon.colcon_core.verb:set package 'examples_rclpy_executors' build argument 'cmake_clean_first' from command line to 'False'
[1.802s] Level 5:colcon.colcon_core.verb:set package 'examples_rclpy_executors' build argument 'cmake_force_configure' from command line to 'False'
[1.802s] Level 5:colcon.colcon_core.verb:set package 'examples_rclpy_executors' build argument 'ament_cmake_args' from command line to 'None'
[1.802s] Level 5:colcon.colcon_core.verb:set package 'examples_rclpy_executors' build argument 'catkin_cmake_args' from command line to 'None'
[1.802s] Level 5:colcon.colcon_core.verb:set package 'examples_rclpy_executors' build argument 'catkin_skip_building_tests' from command line to 'False'
[1.803s] DEBUG:colcon.colcon_core.verb:Building package 'examples_rclpy_executors' with the following arguments: {'ament_cmake_args': None, 'build_base': '/home/zhang/rosprc_ws/build/examples_rclpy_executors', 'catkin_cmake_args': None, 'catkin_skip_building_tests': False, 'cmake_args': None, 'cmake_clean_cache': False, 'cmake_clean_first': False, 'cmake_force_configure': False, 'cmake_target': None, 'cmake_target_skip_unavailable': False, 'install_base': '/home/zhang/rosprc_ws/install/examples_rclpy_executors', 'merge_install': False, 'path': '/home/zhang/rosprc_ws/src/examples/rclpy/executors', 'symlink_install': False, 'test_result_base': None}
[1.803s] Level 5:colcon.colcon_core.verb:set package 'examples_rclpy_guard_conditions' build argument 'cmake_args' from command line to 'None'
[1.804s] Level 5:colcon.colcon_core.verb:set package 'examples_rclpy_guard_conditions' build argument 'cmake_target' from command line to 'None'
[1.804s] Level 5:colcon.colcon_core.verb:set package 'examples_rclpy_guard_conditions' build argument 'cmake_target_skip_unavailable' from command line to 'False'
[1.804s] Level 5:colcon.colcon_core.verb:set package 'examples_rclpy_guard_conditions' build argument 'cmake_clean_cache' from command line to 'False'
[1.804s] Level 5:colcon.colcon_core.verb:set package 'examples_rclpy_guard_conditions' build argument 'cmake_clean_first' from command line to 'False'
[1.804s] Level 5:colcon.colcon_core.verb:set package 'examples_rclpy_guard_conditions' build argument 'cmake_force_configure' from command line to 'False'
[1.804s] Level 5:colcon.colcon_core.verb:set package 'examples_rclpy_guard_conditions' build argument 'ament_cmake_args' from command line to 'None'
[1.804s] Level 5:colcon.colcon_core.verb:set package 'examples_rclpy_guard_conditions' build argument 'catkin_cmake_args' from command line to 'None'
[1.804s] Level 5:colcon.colcon_core.verb:set package 'examples_rclpy_guard_conditions' build argument 'catkin_skip_building_tests' from command line to 'False'
[1.804s] DEBUG:colcon.colcon_core.verb:Building package 'examples_rclpy_guard_conditions' with the following arguments: {'ament_cmake_args': None, 'build_base': '/home/zhang/rosprc_ws/build/examples_rclpy_guard_conditions', 'catkin_cmake_args': None, 'catkin_skip_building_tests': False, 'cmake_args': None, 'cmake_clean_cache': False, 'cmake_clean_first': False, 'cmake_force_configure': False, 'cmake_target': None, 'cmake_target_skip_unavailable': False, 'install_base': '/home/zhang/rosprc_ws/install/examples_rclpy_guard_conditions', 'merge_install': False, 'path': '/home/zhang/rosprc_ws/src/examples/rclpy/guard_conditions', 'symlink_install': False, 'test_result_base': None}
[1.805s] Level 5:colcon.colcon_core.verb:set package 'examples_rclpy_minimal_action_client' build argument 'cmake_args' from command line to 'None'
[1.805s] Level 5:colcon.colcon_core.verb:set package 'examples_rclpy_minimal_action_client' build argument 'cmake_target' from command line to 'None'
[1.805s] Level 5:colcon.colcon_core.verb:set package 'examples_rclpy_minimal_action_client' build argument 'cmake_target_skip_unavailable' from command line to 'False'
[1.805s] Level 5:colcon.colcon_core.verb:set package 'examples_rclpy_minimal_action_client' build argument 'cmake_clean_cache' from command line to 'False'
[1.805s] Level 5:colcon.colcon_core.verb:set package 'examples_rclpy_minimal_action_client' build argument 'cmake_clean_first' from command line to 'False'
[1.805s] Level 5:colcon.colcon_core.verb:set package 'examples_rclpy_minimal_action_client' build argument 'cmake_force_configure' from command line to 'False'
[1.806s] Level 5:colcon.colcon_core.verb:set package 'examples_rclpy_minimal_action_client' build argument 'ament_cmake_args' from command line to 'None'
[1.806s] Level 5:colcon.colcon_core.verb:set package 'examples_rclpy_minimal_action_client' build argument 'catkin_cmake_args' from command line to 'None'
[1.806s] Level 5:colcon.colcon_core.verb:set package 'examples_rclpy_minimal_action_client' build argument 'catkin_skip_building_tests' from command line to 'False'
[1.806s] DEBUG:colcon.colcon_core.verb:Building package 'examples_rclpy_minimal_action_client' with the following arguments: {'ament_cmake_args': None, 'build_base': '/home/zhang/rosprc_ws/build/examples_rclpy_minimal_action_client', 'catkin_cmake_args': None, 'catkin_skip_building_tests': False, 'cmake_args': None, 'cmake_clean_cache': False, 'cmake_clean_first': False, 'cmake_force_configure': False, 'cmake_target': None, 'cmake_target_skip_unavailable': False, 'install_base': '/home/zhang/rosprc_ws/install/examples_rclpy_minimal_action_client', 'merge_install': False, 'path': '/home/zhang/rosprc_ws/src/examples/rclpy/actions/minimal_action_client', 'symlink_install': False, 'test_result_base': None}
[1.807s] Level 5:colcon.colcon_core.verb:set package 'examples_rclpy_minimal_action_server' build argument 'cmake_args' from command line to 'None'
[1.807s] Level 5:colcon.colcon_core.verb:set package 'examples_rclpy_minimal_action_server' build argument 'cmake_target' from command line to 'None'
[1.807s] Level 5:colcon.colcon_core.verb:set package 'examples_rclpy_minimal_action_server' build argument 'cmake_target_skip_unavailable' from command line to 'False'
[1.807s] Level 5:colcon.colcon_core.verb:set package 'examples_rclpy_minimal_action_server' build argument 'cmake_clean_cache' from command line to 'False'
[1.808s] Level 5:colcon.colcon_core.verb:set package 'examples_rclpy_minimal_action_server' build argument 'cmake_clean_first' from command line to 'False'
[1.808s] Level 5:colcon.colcon_core.verb:set package 'examples_rclpy_minimal_action_server' build argument 'cmake_force_configure' from command line to 'False'
[1.808s] Level 5:colcon.colcon_core.verb:set package 'examples_rclpy_minimal_action_server' build argument 'ament_cmake_args' from command line to 'None'
[1.808s] Level 5:colcon.colcon_core.verb:set package 'examples_rclpy_minimal_action_server' build argument 'catkin_cmake_args' from command line to 'None'
[1.808s] Level 5:colcon.colcon_core.verb:set package 'examples_rclpy_minimal_action_server' build argument 'catkin_skip_building_tests' from command line to 'False'
[1.808s] DEBUG:colcon.colcon_core.verb:Building package 'examples_rclpy_minimal_action_server' with the following arguments: {'ament_cmake_args': None, 'build_base': '/home/zhang/rosprc_ws/build/examples_rclpy_minimal_action_server', 'catkin_cmake_args': None, 'catkin_skip_building_tests': False, 'cmake_args': None, 'cmake_clean_cache': False, 'cmake_clean_first': False, 'cmake_force_configure': False, 'cmake_target': None, 'cmake_target_skip_unavailable': False, 'install_base': '/home/zhang/rosprc_ws/install/examples_rclpy_minimal_action_server', 'merge_install': False, 'path': '/home/zhang/rosprc_ws/src/examples/rclpy/actions/minimal_action_server', 'symlink_install': False, 'test_result_base': None}
[1.809s] Level 5:colcon.colcon_core.verb:set package 'examples_rclpy_minimal_client' build argument 'cmake_args' from command line to 'None'
[1.809s] Level 5:colcon.colcon_core.verb:set package 'examples_rclpy_minimal_client' build argument 'cmake_target' from command line to 'None'
[1.809s] Level 5:colcon.colcon_core.verb:set package 'examples_rclpy_minimal_client' build argument 'cmake_target_skip_unavailable' from command line to 'False'
[1.809s] Level 5:colcon.colcon_core.verb:set package 'examples_rclpy_minimal_client' build argument 'cmake_clean_cache' from command line to 'False'
[1.809s] Level 5:colcon.colcon_core.verb:set package 'examples_rclpy_minimal_client' build argument 'cmake_clean_first' from command line to 'False'
[1.809s] Level 5:colcon.colcon_core.verb:set package 'examples_rclpy_minimal_client' build argument 'cmake_force_configure' from command line to 'False'
[1.809s] Level 5:colcon.colcon_core.verb:set package 'examples_rclpy_minimal_client' build argument 'ament_cmake_args' from command line to 'None'
[1.809s] Level 5:colcon.colcon_core.verb:set package 'examples_rclpy_minimal_client' build argument 'catkin_cmake_args' from command line to 'None'
[1.809s] Level 5:colcon.colcon_core.verb:set package 'examples_rclpy_minimal_client' build argument 'catkin_skip_building_tests' from command line to 'False'
[1.809s] DEBUG:colcon.colcon_core.verb:Building package 'examples_rclpy_minimal_client' with the following arguments: {'ament_cmake_args': None, 'build_base': '/home/zhang/rosprc_ws/build/examples_rclpy_minimal_client', 'catkin_cmake_args': None, 'catkin_skip_building_tests': False, 'cmake_args': None, 'cmake_clean_cache': False, 'cmake_clean_first': False, 'cmake_force_configure': False, 'cmake_target': None, 'cmake_target_skip_unavailable': False, 'install_base': '/home/zhang/rosprc_ws/install/examples_rclpy_minimal_client', 'merge_install': False, 'path': '/home/zhang/rosprc_ws/src/examples/rclpy/services/minimal_client', 'symlink_install': False, 'test_result_base': None}
[1.809s] Level 5:colcon.colcon_core.verb:set package 'examples_rclpy_minimal_publisher' build argument 'cmake_args' from command line to 'None'
[1.809s] Level 5:colcon.colcon_core.verb:set package 'examples_rclpy_minimal_publisher' build argument 'cmake_target' from command line to 'None'
[1.810s] Level 5:colcon.colcon_core.verb:set package 'examples_rclpy_minimal_publisher' build argument 'cmake_target_skip_unavailable' from command line to 'False'
[1.810s] Level 5:colcon.colcon_core.verb:set package 'examples_rclpy_minimal_publisher' build argument 'cmake_clean_cache' from command line to 'False'
[1.810s] Level 5:colcon.colcon_core.verb:set package 'examples_rclpy_minimal_publisher' build argument 'cmake_clean_first' from command line to 'False'
[1.810s] Level 5:colcon.colcon_core.verb:set package 'examples_rclpy_minimal_publisher' build argument 'cmake_force_configure' from command line to 'False'
[1.810s] Level 5:colcon.colcon_core.verb:set package 'examples_rclpy_minimal_publisher' build argument 'ament_cmake_args' from command line to 'None'
[1.810s] Level 5:colcon.colcon_core.verb:set package 'examples_rclpy_minimal_publisher' build argument 'catkin_cmake_args' from command line to 'None'
[1.810s] Level 5:colcon.colcon_core.verb:set package 'examples_rclpy_minimal_publisher' build argument 'catkin_skip_building_tests' from command line to 'False'
[1.810s] DEBUG:colcon.colcon_core.verb:Building package 'examples_rclpy_minimal_publisher' with the following arguments: {'ament_cmake_args': None, 'build_base': '/home/zhang/rosprc_ws/build/examples_rclpy_minimal_publisher', 'catkin_cmake_args': None, 'catkin_skip_building_tests': False, 'cmake_args': None, 'cmake_clean_cache': False, 'cmake_clean_first': False, 'cmake_force_configure': False, 'cmake_target': None, 'cmake_target_skip_unavailable': False, 'install_base': '/home/zhang/rosprc_ws/install/examples_rclpy_minimal_publisher', 'merge_install': False, 'path': '/home/zhang/rosprc_ws/src/examples/rclpy/topics/minimal_publisher', 'symlink_install': False, 'test_result_base': None}
[1.810s] Level 5:colcon.colcon_core.verb:set package 'examples_rclpy_minimal_service' build argument 'cmake_args' from command line to 'None'
[1.810s] Level 5:colcon.colcon_core.verb:set package 'examples_rclpy_minimal_service' build argument 'cmake_target' from command line to 'None'
[1.810s] Level 5:colcon.colcon_core.verb:set package 'examples_rclpy_minimal_service' build argument 'cmake_target_skip_unavailable' from command line to 'False'
[1.810s] Level 5:colcon.colcon_core.verb:set package 'examples_rclpy_minimal_service' build argument 'cmake_clean_cache' from command line to 'False'
[1.810s] Level 5:colcon.colcon_core.verb:set package 'examples_rclpy_minimal_service' build argument 'cmake_clean_first' from command line to 'False'
[1.811s] Level 5:colcon.colcon_core.verb:set package 'examples_rclpy_minimal_service' build argument 'cmake_force_configure' from command line to 'False'
[1.811s] Level 5:colcon.colcon_core.verb:set package 'examples_rclpy_minimal_service' build argument 'ament_cmake_args' from command line to 'None'
[1.811s] Level 5:colcon.colcon_core.verb:set package 'examples_rclpy_minimal_service' build argument 'catkin_cmake_args' from command line to 'None'
[1.811s] Level 5:colcon.colcon_core.verb:set package 'examples_rclpy_minimal_service' build argument 'catkin_skip_building_tests' from command line to 'False'
[1.811s] DEBUG:colcon.colcon_core.verb:Building package 'examples_rclpy_minimal_service' with the following arguments: {'ament_cmake_args': None, 'build_base': '/home/zhang/rosprc_ws/build/examples_rclpy_minimal_service', 'catkin_cmake_args': None, 'catkin_skip_building_tests': False, 'cmake_args': None, 'cmake_clean_cache': False, 'cmake_clean_first': False, 'cmake_force_configure': False, 'cmake_target': None, 'cmake_target_skip_unavailable': False, 'install_base': '/home/zhang/rosprc_ws/install/examples_rclpy_minimal_service', 'merge_install': False, 'path': '/home/zhang/rosprc_ws/src/examples/rclpy/services/minimal_service', 'symlink_install': False, 'test_result_base': None}
[1.812s] Level 5:colcon.colcon_core.verb:set package 'examples_rclpy_minimal_subscriber' build argument 'cmake_args' from command line to 'None'
[1.812s] Level 5:colcon.colcon_core.verb:set package 'examples_rclpy_minimal_subscriber' build argument 'cmake_target' from command line to 'None'
[1.812s] Level 5:colcon.colcon_core.verb:set package 'examples_rclpy_minimal_subscriber' build argument 'cmake_target_skip_unavailable' from command line to 'False'
[1.812s] Level 5:colcon.colcon_core.verb:set package 'examples_rclpy_minimal_subscriber' build argument 'cmake_clean_cache' from command line to 'False'
[1.812s] Level 5:colcon.colcon_core.verb:set package 'examples_rclpy_minimal_subscriber' build argument 'cmake_clean_first' from command line to 'False'
[1.812s] Level 5:colcon.colcon_core.verb:set package 'examples_rclpy_minimal_subscriber' build argument 'cmake_force_configure' from command line to 'False'
[1.812s] Level 5:colcon.colcon_core.verb:set package 'examples_rclpy_minimal_subscriber' build argument 'ament_cmake_args' from command line to 'None'
[1.812s] Level 5:colcon.colcon_core.verb:set package 'examples_rclpy_minimal_subscriber' build argument 'catkin_cmake_args' from command line to 'None'
[1.812s] Level 5:colcon.colcon_core.verb:set package 'examples_rclpy_minimal_subscriber' build argument 'catkin_skip_building_tests' from command line to 'False'
[1.812s] DEBUG:colcon.colcon_core.verb:Building package 'examples_rclpy_minimal_subscriber' with the following arguments: {'ament_cmake_args': None, 'build_base': '/home/zhang/rosprc_ws/build/examples_rclpy_minimal_subscriber', 'catkin_cmake_args': None, 'catkin_skip_building_tests': False, 'cmake_args': None, 'cmake_clean_cache': False, 'cmake_clean_first': False, 'cmake_force_configure': False, 'cmake_target': None, 'cmake_target_skip_unavailable': False, 'install_base': '/home/zhang/rosprc_ws/install/examples_rclpy_minimal_subscriber', 'merge_install': False, 'path': '/home/zhang/rosprc_ws/src/examples/rclpy/topics/minimal_subscriber', 'symlink_install': False, 'test_result_base': None}
[1.813s] Level 5:colcon.colcon_core.verb:set package 'examples_rclpy_pointcloud_publisher' build argument 'cmake_args' from command line to 'None'
[1.813s] Level 5:colcon.colcon_core.verb:set package 'examples_rclpy_pointcloud_publisher' build argument 'cmake_target' from command line to 'None'
[1.813s] Level 5:colcon.colcon_core.verb:set package 'examples_rclpy_pointcloud_publisher' build argument 'cmake_target_skip_unavailable' from command line to 'False'
[1.813s] Level 5:colcon.colcon_core.verb:set package 'examples_rclpy_pointcloud_publisher' build argument 'cmake_clean_cache' from command line to 'False'
[1.813s] Level 5:colcon.colcon_core.verb:set package 'examples_rclpy_pointcloud_publisher' build argument 'cmake_clean_first' from command line to 'False'
[1.813s] Level 5:colcon.colcon_core.verb:set package 'examples_rclpy_pointcloud_publisher' build argument 'cmake_force_configure' from command line to 'False'
[1.813s] Level 5:colcon.colcon_core.verb:set package 'examples_rclpy_pointcloud_publisher' build argument 'ament_cmake_args' from command line to 'None'
[1.813s] Level 5:colcon.colcon_core.verb:set package 'examples_rclpy_pointcloud_publisher' build argument 'catkin_cmake_args' from command line to 'None'
[1.813s] Level 5:colcon.colcon_core.verb:set package 'examples_rclpy_pointcloud_publisher' build argument 'catkin_skip_building_tests' from command line to 'False'
[1.813s] DEBUG:colcon.colcon_core.verb:Building package 'examples_rclpy_pointcloud_publisher' with the following arguments: {'ament_cmake_args': None, 'build_base': '/home/zhang/rosprc_ws/build/examples_rclpy_pointcloud_publisher', 'catkin_cmake_args': None, 'catkin_skip_building_tests': False, 'cmake_args': None, 'cmake_clean_cache': False, 'cmake_clean_first': False, 'cmake_force_configure': False, 'cmake_target': None, 'cmake_target_skip_unavailable': False, 'install_base': '/home/zhang/rosprc_ws/install/examples_rclpy_pointcloud_publisher', 'merge_install': False, 'path': '/home/zhang/rosprc_ws/src/examples/rclpy/topics/pointcloud_publisher', 'symlink_install': False, 'test_result_base': None}
[1.814s] Level 5:colcon.colcon_core.verb:set package 'launch_testing_examples' build argument 'cmake_args' from command line to 'None'
[1.814s] Level 5:colcon.colcon_core.verb:set package 'launch_testing_examples' build argument 'cmake_target' from command line to 'None'
[1.814s] Level 5:colcon.colcon_core.verb:set package 'launch_testing_examples' build argument 'cmake_target_skip_unavailable' from command line to 'False'
[1.814s] Level 5:colcon.colcon_core.verb:set package 'launch_testing_examples' build argument 'cmake_clean_cache' from command line to 'False'
[1.814s] Level 5:colcon.colcon_core.verb:set package 'launch_testing_examples' build argument 'cmake_clean_first' from command line to 'False'
[1.814s] Level 5:colcon.colcon_core.verb:set package 'launch_testing_examples' build argument 'cmake_force_configure' from command line to 'False'
[1.814s] Level 5:colcon.colcon_core.verb:set package 'launch_testing_examples' build argument 'ament_cmake_args' from command line to 'None'
[1.814s] Level 5:colcon.colcon_core.verb:set package 'launch_testing_examples' build argument 'catkin_cmake_args' from command line to 'None'
[1.814s] Level 5:colcon.colcon_core.verb:set package 'launch_testing_examples' build argument 'catkin_skip_building_tests' from command line to 'False'
[1.814s] DEBUG:colcon.colcon_core.verb:Building package 'launch_testing_examples' with the following arguments: {'ament_cmake_args': None, 'build_base': '/home/zhang/rosprc_ws/build/launch_testing_examples', 'catkin_cmake_args': None, 'catkin_skip_building_tests': False, 'cmake_args': None, 'cmake_clean_cache': False, 'cmake_clean_first': False, 'cmake_force_configure': False, 'cmake_target': None, 'cmake_target_skip_unavailable': False, 'install_base': '/home/zhang/rosprc_ws/install/launch_testing_examples', 'merge_install': False, 'path': '/home/zhang/rosprc_ws/src/examples/launch_testing/launch_testing_examples', 'symlink_install': False, 'test_result_base': None}
[1.815s] Level 5:colcon.colcon_core.verb:set package 'more_interfaces' build argument 'cmake_args' from command line to 'None'
[1.815s] Level 5:colcon.colcon_core.verb:set package 'more_interfaces' build argument 'cmake_target' from command line to 'None'
[1.815s] Level 5:colcon.colcon_core.verb:set package 'more_interfaces' build argument 'cmake_target_skip_unavailable' from command line to 'False'
[1.815s] Level 5:colcon.colcon_core.verb:set package 'more_interfaces' build argument 'cmake_clean_cache' from command line to 'False'
[1.815s] Level 5:colcon.colcon_core.verb:set package 'more_interfaces' build argument 'cmake_clean_first' from command line to 'False'
[1.815s] Level 5:colcon.colcon_core.verb:set package 'more_interfaces' build argument 'cmake_force_configure' from command line to 'False'
[1.815s] Level 5:colcon.colcon_core.verb:set package 'more_interfaces' build argument 'ament_cmake_args' from command line to 'None'
[1.815s] Level 5:colcon.colcon_core.verb:set package 'more_interfaces' build argument 'catkin_cmake_args' from command line to 'None'
[1.815s] Level 5:colcon.colcon_core.verb:set package 'more_interfaces' build argument 'catkin_skip_building_tests' from command line to 'False'
[1.815s] DEBUG:colcon.colcon_core.verb:Building package 'more_interfaces' with the following arguments: {'ament_cmake_args': None, 'build_base': '/home/zhang/rosprc_ws/build/more_interfaces', 'catkin_cmake_args': None, 'catkin_skip_building_tests': False, 'cmake_args': None, 'cmake_clean_cache': False, 'cmake_clean_first': False, 'cmake_force_configure': False, 'cmake_target': None, 'cmake_target_skip_unavailable': False, 'install_base': '/home/zhang/rosprc_ws/install/more_interfaces', 'merge_install': False, 'path': '/home/zhang/rosprc_ws/src/more_interfaces', 'symlink_install': False, 'test_result_base': None}
[1.816s] Level 5:colcon.colcon_core.verb:set package 'my_package' build argument 'cmake_args' from command line to 'None'
[1.816s] Level 5:colcon.colcon_core.verb:set package 'my_package' build argument 'cmake_target' from command line to 'None'
[1.816s] Level 5:colcon.colcon_core.verb:set package 'my_package' build argument 'cmake_target_skip_unavailable' from command line to 'False'
[1.816s] Level 5:colcon.colcon_core.verb:set package 'my_package' build argument 'cmake_clean_cache' from command line to 'False'
[1.816s] Level 5:colcon.colcon_core.verb:set package 'my_package' build argument 'cmake_clean_first' from command line to 'False'
[1.816s] Level 5:colcon.colcon_core.verb:set package 'my_package' build argument 'cmake_force_configure' from command line to 'False'
[1.816s] Level 5:colcon.colcon_core.verb:set package 'my_package' build argument 'ament_cmake_args' from command line to 'None'
[1.816s] Level 5:colcon.colcon_core.verb:set package 'my_package' build argument 'catkin_cmake_args' from command line to 'None'
[1.816s] Level 5:colcon.colcon_core.verb:set package 'my_package' build argument 'catkin_skip_building_tests' from command line to 'False'
[1.816s] DEBUG:colcon.colcon_core.verb:Building package 'my_package' with the following arguments: {'ament_cmake_args': None, 'build_base': '/home/zhang/rosprc_ws/build/my_package', 'catkin_cmake_args': None, 'catkin_skip_building_tests': False, 'cmake_args': None, 'cmake_clean_cache': False, 'cmake_clean_first': False, 'cmake_force_configure': False, 'cmake_target': None, 'cmake_target_skip_unavailable': False, 'install_base': '/home/zhang/rosprc_ws/install/my_package', 'merge_install': False, 'path': '/home/zhang/rosprc_ws/src/my_package', 'symlink_install': False, 'test_result_base': None}
[1.817s] Level 5:colcon.colcon_core.verb:set package 'py_pubsub' build argument 'cmake_args' from command line to 'None'
[1.817s] Level 5:colcon.colcon_core.verb:set package 'py_pubsub' build argument 'cmake_target' from command line to 'None'
[1.817s] Level 5:colcon.colcon_core.verb:set package 'py_pubsub' build argument 'cmake_target_skip_unavailable' from command line to 'False'
[1.817s] Level 5:colcon.colcon_core.verb:set package 'py_pubsub' build argument 'cmake_clean_cache' from command line to 'False'
[1.817s] Level 5:colcon.colcon_core.verb:set package 'py_pubsub' build argument 'cmake_clean_first' from command line to 'False'
[1.817s] Level 5:colcon.colcon_core.verb:set package 'py_pubsub' build argument 'cmake_force_configure' from command line to 'False'
[1.818s] Level 5:colcon.colcon_core.verb:set package 'py_pubsub' build argument 'ament_cmake_args' from command line to 'None'
[1.818s] Level 5:colcon.colcon_core.verb:set package 'py_pubsub' build argument 'catkin_cmake_args' from command line to 'None'
[1.818s] Level 5:colcon.colcon_core.verb:set package 'py_pubsub' build argument 'catkin_skip_building_tests' from command line to 'False'
[1.818s] DEBUG:colcon.colcon_core.verb:Building package 'py_pubsub' with the following arguments: {'ament_cmake_args': None, 'build_base': '/home/zhang/rosprc_ws/build/py_pubsub', 'catkin_cmake_args': None, 'catkin_skip_building_tests': False, 'cmake_args': None, 'cmake_clean_cache': False, 'cmake_clean_first': False, 'cmake_force_configure': False, 'cmake_target': None, 'cmake_target_skip_unavailable': False, 'install_base': '/home/zhang/rosprc_ws/install/py_pubsub', 'merge_install': False, 'path': '/home/zhang/rosprc_ws/src/py_pubsub', 'symlink_install': False, 'test_result_base': None}
[1.819s] Level 5:colcon.colcon_core.verb:set package 'py_srvcli' build argument 'cmake_args' from command line to 'None'
[1.819s] Level 5:colcon.colcon_core.verb:set package 'py_srvcli' build argument 'cmake_target' from command line to 'None'
[1.819s] Level 5:colcon.colcon_core.verb:set package 'py_srvcli' build argument 'cmake_target_skip_unavailable' from command line to 'False'
[1.819s] Level 5:colcon.colcon_core.verb:set package 'py_srvcli' build argument 'cmake_clean_cache' from command line to 'False'
[1.819s] Level 5:colcon.colcon_core.verb:set package 'py_srvcli' build argument 'cmake_clean_first' from command line to 'False'
[1.819s] Level 5:colcon.colcon_core.verb:set package 'py_srvcli' build argument 'cmake_force_configure' from command line to 'False'
[1.819s] Level 5:colcon.colcon_core.verb:set package 'py_srvcli' build argument 'ament_cmake_args' from command line to 'None'
[1.819s] Level 5:colcon.colcon_core.verb:set package 'py_srvcli' build argument 'catkin_cmake_args' from command line to 'None'
[1.819s] Level 5:colcon.colcon_core.verb:set package 'py_srvcli' build argument 'catkin_skip_building_tests' from command line to 'False'
[1.819s] DEBUG:colcon.colcon_core.verb:Building package 'py_srvcli' with the following arguments: {'ament_cmake_args': None, 'build_base': '/home/zhang/rosprc_ws/build/py_srvcli', 'catkin_cmake_args': None, 'catkin_skip_building_tests': False, 'cmake_args': None, 'cmake_clean_cache': False, 'cmake_clean_first': False, 'cmake_force_configure': False, 'cmake_target': None, 'cmake_target_skip_unavailable': False, 'install_base': '/home/zhang/rosprc_ws/install/py_srvcli', 'merge_install': False, 'path': '/home/zhang/rosprc_ws/src/py_srvcli', 'symlink_install': False, 'test_result_base': None}
[1.820s] Level 5:colcon.colcon_core.verb:set package 'python_parameters' build argument 'cmake_args' from command line to 'None'
[1.820s] Level 5:colcon.colcon_core.verb:set package 'python_parameters' build argument 'cmake_target' from command line to 'None'
[1.820s] Level 5:colcon.colcon_core.verb:set package 'python_parameters' build argument 'cmake_target_skip_unavailable' from command line to 'False'
[1.821s] Level 5:colcon.colcon_core.verb:set package 'python_parameters' build argument 'cmake_clean_cache' from command line to 'False'
[1.821s] Level 5:colcon.colcon_core.verb:set package 'python_parameters' build argument 'cmake_clean_first' from command line to 'False'
[1.821s] Level 5:colcon.colcon_core.verb:set package 'python_parameters' build argument 'cmake_force_configure' from command line to 'False'
[1.821s] Level 5:colcon.colcon_core.verb:set package 'python_parameters' build argument 'ament_cmake_args' from command line to 'None'
[1.821s] Level 5:colcon.colcon_core.verb:set package 'python_parameters' build argument 'catkin_cmake_args' from command line to 'None'
[1.821s] Level 5:colcon.colcon_core.verb:set package 'python_parameters' build argument 'catkin_skip_building_tests' from command line to 'False'
[1.821s] DEBUG:colcon.colcon_core.verb:Building package 'python_parameters' with the following arguments: {'ament_cmake_args': None, 'build_base': '/home/zhang/rosprc_ws/build/python_parameters', 'catkin_cmake_args': None, 'catkin_skip_building_tests': False, 'cmake_args': None, 'cmake_clean_cache': False, 'cmake_clean_first': False, 'cmake_force_configure': False, 'cmake_target': None, 'cmake_target_skip_unavailable': False, 'install_base': '/home/zhang/rosprc_ws/install/python_parameters', 'merge_install': False, 'path': '/home/zhang/rosprc_ws/src/python_parameters', 'symlink_install': False, 'test_result_base': None}
[1.822s] Level 5:colcon.colcon_core.verb:set package 'turtlesim' build argument 'cmake_args' from command line to 'None'
[1.822s] Level 5:colcon.colcon_core.verb:set package 'turtlesim' build argument 'cmake_target' from command line to 'None'
[1.822s] Level 5:colcon.colcon_core.verb:set package 'turtlesim' build argument 'cmake_target_skip_unavailable' from command line to 'False'
[1.822s] Level 5:colcon.colcon_core.verb:set package 'turtlesim' build argument 'cmake_clean_cache' from command line to 'False'
[1.822s] Level 5:colcon.colcon_core.verb:set package 'turtlesim' build argument 'cmake_clean_first' from command line to 'False'
[1.822s] Level 5:colcon.colcon_core.verb:set package 'turtlesim' build argument 'cmake_force_configure' from command line to 'False'
[1.822s] Level 5:colcon.colcon_core.verb:set package 'turtlesim' build argument 'ament_cmake_args' from command line to 'None'
[1.822s] Level 5:colcon.colcon_core.verb:set package 'turtlesim' build argument 'catkin_cmake_args' from command line to 'None'
[1.822s] Level 5:colcon.colcon_core.verb:set package 'turtlesim' build argument 'catkin_skip_building_tests' from command line to 'False'
[1.823s] DEBUG:colcon.colcon_core.verb:Building package 'turtlesim' with the following arguments: {'ament_cmake_args': None, 'build_base': '/home/zhang/rosprc_ws/build/turtlesim', 'catkin_cmake_args': None, 'catkin_skip_building_tests': False, 'cmake_args': None, 'cmake_clean_cache': False, 'cmake_clean_first': False, 'cmake_force_configure': False, 'cmake_target': None, 'cmake_target_skip_unavailable': False, 'install_base': '/home/zhang/rosprc_ws/install/turtlesim', 'merge_install': False, 'path': '/home/zhang/rosprc_ws/src/ros_tutorials/turtlesim', 'symlink_install': False, 'test_result_base': None}
[1.824s] Level 5:colcon.colcon_core.verb:set package 'tutorial_interfaces' build argument 'cmake_args' from command line to 'None'
[1.824s] Level 5:colcon.colcon_core.verb:set package 'tutorial_interfaces' build argument 'cmake_target' from command line to 'None'
[1.824s] Level 5:colcon.colcon_core.verb:set package 'tutorial_interfaces' build argument 'cmake_target_skip_unavailable' from command line to 'False'
[1.824s] Level 5:colcon.colcon_core.verb:set package 'tutorial_interfaces' build argument 'cmake_clean_cache' from command line to 'False'
[1.825s] Level 5:colcon.colcon_core.verb:set package 'tutorial_interfaces' build argument 'cmake_clean_first' from command line to 'False'
[1.825s] Level 5:colcon.colcon_core.verb:set package 'tutorial_interfaces' build argument 'cmake_force_configure' from command line to 'False'
[1.825s] Level 5:colcon.colcon_core.verb:set package 'tutorial_interfaces' build argument 'ament_cmake_args' from command line to 'None'
[1.825s] Level 5:colcon.colcon_core.verb:set package 'tutorial_interfaces' build argument 'catkin_cmake_args' from command line to 'None'
[1.825s] Level 5:colcon.colcon_core.verb:set package 'tutorial_interfaces' build argument 'catkin_skip_building_tests' from command line to 'False'
[1.825s] DEBUG:colcon.colcon_core.verb:Building package 'tutorial_interfaces' with the following arguments: {'ament_cmake_args': None, 'build_base': '/home/zhang/rosprc_ws/build/tutorial_interfaces', 'catkin_cmake_args': None, 'catkin_skip_building_tests': False, 'cmake_args': None, 'cmake_clean_cache': False, 'cmake_clean_first': False, 'cmake_force_configure': False, 'cmake_target': None, 'cmake_target_skip_unavailable': False, 'install_base': '/home/zhang/rosprc_ws/install/tutorial_interfaces', 'merge_install': False, 'path': '/home/zhang/rosprc_ws/src/tutorial_interfaces', 'symlink_install': False, 'test_result_base': None}
[1.826s] Level 5:colcon.colcon_core.verb:set package 'cpp_srvcli' build argument 'cmake_args' from command line to 'None'
[1.826s] Level 5:colcon.colcon_core.verb:set package 'cpp_srvcli' build argument 'cmake_target' from command line to 'None'
[1.826s] Level 5:colcon.colcon_core.verb:set package 'cpp_srvcli' build argument 'cmake_target_skip_unavailable' from command line to 'False'
[1.826s] Level 5:colcon.colcon_core.verb:set package 'cpp_srvcli' build argument 'cmake_clean_cache' from command line to 'False'
[1.826s] Level 5:colcon.colcon_core.verb:set package 'cpp_srvcli' build argument 'cmake_clean_first' from command line to 'False'
[1.826s] Level 5:colcon.colcon_core.verb:set package 'cpp_srvcli' build argument 'cmake_force_configure' from command line to 'False'
[1.826s] Level 5:colcon.colcon_core.verb:set package 'cpp_srvcli' build argument 'ament_cmake_args' from command line to 'None'
[1.826s] Level 5:colcon.colcon_core.verb:set package 'cpp_srvcli' build argument 'catkin_cmake_args' from command line to 'None'
[1.826s] Level 5:colcon.colcon_core.verb:set package 'cpp_srvcli' build argument 'catkin_skip_building_tests' from command line to 'False'
[1.826s] DEBUG:colcon.colcon_core.verb:Building package 'cpp_srvcli' with the following arguments: {'ament_cmake_args': None, 'build_base': '/home/zhang/rosprc_ws/build/cpp_srvcli', 'catkin_cmake_args': None, 'catkin_skip_building_tests': False, 'cmake_args': None, 'cmake_clean_cache': False, 'cmake_clean_first': False, 'cmake_force_configure': False, 'cmake_target': None, 'cmake_target_skip_unavailable': False, 'install_base': '/home/zhang/rosprc_ws/install/cpp_srvcli', 'merge_install': False, 'path': '/home/zhang/rosprc_ws/src/cpp_srvcli', 'symlink_install': False, 'test_result_base': None}
[1.826s] INFO:colcon.colcon_core.executor:Executing jobs using 'parallel' executor
[1.828s] DEBUG:colcon.colcon_parallel_executor.executor.parallel:run_until_complete
[1.829s] INFO:colcon.colcon_ros.task.ament_cmake.build:Building ROS package in '/home/zhang/rosprc_ws/src/tutorial_interfaces' with build type 'ament_cmake'
[1.829s] INFO:colcon.colcon_cmake.task.cmake.build:Building CMake package in '/home/zhang/rosprc_ws/src/tutorial_interfaces'
[1.853s] INFO:colcon.colcon_core.plugin_system:Skipping extension 'colcon_core.shell.bat': Not used on non-Windows systems
[1.855s] INFO:colcon.colcon_core.shell:Skip shell extension 'powershell' for command environment: Not usable outside of PowerShell
[1.855s] DEBUG:colcon.colcon_core.shell:Skip shell extension 'dsv' for command environment
[1.865s] INFO:colcon.colcon_ros.task.ament_cmake.build:Building ROS package in '/home/zhang/rosprc_ws/src/cpp_pubsub' with build type 'ament_cmake'
[1.865s] INFO:colcon.colcon_cmake.task.cmake.build:Building CMake package in '/home/zhang/rosprc_ws/src/cpp_pubsub'
[1.865s] INFO:colcon.colcon_core.shell:Skip shell extension 'powershell' for command environment: Not usable outside of PowerShell
[1.866s] DEBUG:colcon.colcon_core.shell:Skip shell extension 'dsv' for command environment
[1.875s] INFO:colcon.colcon_ros.task.ament_cmake.build:Building ROS package in '/home/zhang/rosprc_ws/src/examples/rclcpp/services/async_client' with build type 'ament_cmake'
[1.875s] INFO:colcon.colcon_cmake.task.cmake.build:Building CMake package in '/home/zhang/rosprc_ws/src/examples/rclcpp/services/async_client'
[1.876s] INFO:colcon.colcon_core.shell:Skip shell extension 'powershell' for command environment: Not usable outside of PowerShell
[1.876s] DEBUG:colcon.colcon_core.shell:Skip shell extension 'dsv' for command environment
[1.884s] INFO:colcon.colcon_ros.task.ament_cmake.build:Building ROS package in '/home/zhang/rosprc_ws/src/examples/rclcpp/executors/cbg_executor' with build type 'ament_cmake'
[1.886s] INFO:colcon.colcon_cmake.task.cmake.build:Building CMake package in '/home/zhang/rosprc_ws/src/examples/rclcpp/executors/cbg_executor'
[1.887s] INFO:colcon.colcon_core.shell:Skip shell extension 'powershell' for command environment: Not usable outside of PowerShell
[1.887s] DEBUG:colcon.colcon_core.shell:Skip shell extension 'dsv' for command environment
[1.892s] INFO:colcon.colcon_ros.task.ament_cmake.build:Building ROS package in '/home/zhang/rosprc_ws/src/examples/rclcpp/actions/minimal_action_client' with build type 'ament_cmake'
[1.893s] INFO:colcon.colcon_cmake.task.cmake.build:Building CMake package in '/home/zhang/rosprc_ws/src/examples/rclcpp/actions/minimal_action_client'
[1.894s] INFO:colcon.colcon_core.shell:Skip shell extension 'powershell' for command environment: Not usable outside of PowerShell
[1.894s] DEBUG:colcon.colcon_core.shell:Skip shell extension 'dsv' for command environment
[1.900s] INFO:colcon.colcon_ros.task.ament_cmake.build:Building ROS package in '/home/zhang/rosprc_ws/src/examples/rclcpp/actions/minimal_action_server' with build type 'ament_cmake'
[1.900s] INFO:colcon.colcon_cmake.task.cmake.build:Building CMake package in '/home/zhang/rosprc_ws/src/examples/rclcpp/actions/minimal_action_server'
[1.901s] INFO:colcon.colcon_core.shell:Skip shell extension 'powershell' for command environment: Not usable outside of PowerShell
[1.901s] DEBUG:colcon.colcon_core.shell:Skip shell extension 'dsv' for command environment
[1.909s] INFO:colcon.colcon_ros.task.ament_cmake.build:Building ROS package in '/home/zhang/rosprc_ws/src/examples/rclcpp/services/minimal_client' with build type 'ament_cmake'
[1.910s] INFO:colcon.colcon_cmake.task.cmake.build:Building CMake package in '/home/zhang/rosprc_ws/src/examples/rclcpp/services/minimal_client'
[1.911s] INFO:colcon.colcon_core.shell:Skip shell extension 'powershell' for command environment: Not usable outside of PowerShell
[1.911s] DEBUG:colcon.colcon_core.shell:Skip shell extension 'dsv' for command environment
[1.915s] INFO:colcon.colcon_ros.task.ament_cmake.build:Building ROS package in '/home/zhang/rosprc_ws/src/examples/rclcpp/composition/minimal_composition' with build type 'ament_cmake'
[1.916s] INFO:colcon.colcon_cmake.task.cmake.build:Building CMake package in '/home/zhang/rosprc_ws/src/examples/rclcpp/composition/minimal_composition'
[1.917s] INFO:colcon.colcon_core.shell:Skip shell extension 'powershell' for command environment: Not usable outside of PowerShell
[1.917s] DEBUG:colcon.colcon_core.shell:Skip shell extension 'dsv' for command environment
[1.925s] INFO:colcon.colcon_ros.task.ament_cmake.build:Building ROS package in '/home/zhang/rosprc_ws/src/examples/rclcpp/topics/minimal_publisher' with build type 'ament_cmake'
[1.926s] INFO:colcon.colcon_cmake.task.cmake.build:Building CMake package in '/home/zhang/rosprc_ws/src/examples/rclcpp/topics/minimal_publisher'
[1.927s] INFO:colcon.colcon_core.shell:Skip shell extension 'powershell' for command environment: Not usable outside of PowerShell
[1.927s] DEBUG:colcon.colcon_core.shell:Skip shell extension 'dsv' for command environment
[1.935s] INFO:colcon.colcon_ros.task.ament_cmake.build:Building ROS package in '/home/zhang/rosprc_ws/src/examples/rclcpp/services/minimal_service' with build type 'ament_cmake'
[1.935s] INFO:colcon.colcon_cmake.task.cmake.build:Building CMake package in '/home/zhang/rosprc_ws/src/examples/rclcpp/services/minimal_service'
[1.936s] INFO:colcon.colcon_core.shell:Skip shell extension 'powershell' for command environment: Not usable outside of PowerShell
[1.936s] DEBUG:colcon.colcon_core.shell:Skip shell extension 'dsv' for command environment
[1.945s] INFO:colcon.colcon_ros.task.ament_cmake.build:Building ROS package in '/home/zhang/rosprc_ws/src/examples/rclcpp/topics/minimal_subscriber' with build type 'ament_cmake'
[1.946s] INFO:colcon.colcon_cmake.task.cmake.build:Building CMake package in '/home/zhang/rosprc_ws/src/examples/rclcpp/topics/minimal_subscriber'
[1.947s] INFO:colcon.colcon_core.shell:Skip shell extension 'powershell' for command environment: Not usable outside of PowerShell
[1.948s] DEBUG:colcon.colcon_core.shell:Skip shell extension 'dsv' for command environment
[1.958s] INFO:colcon.colcon_ros.task.ament_cmake.build:Building ROS package in '/home/zhang/rosprc_ws/src/examples/rclcpp/timers/minimal_timer' with build type 'ament_cmake'
[1.959s] INFO:colcon.colcon_cmake.task.cmake.build:Building CMake package in '/home/zhang/rosprc_ws/src/examples/rclcpp/timers/minimal_timer'
[1.960s] INFO:colcon.colcon_core.shell:Skip shell extension 'powershell' for command environment: Not usable outside of PowerShell
[1.960s] DEBUG:colcon.colcon_core.shell:Skip shell extension 'dsv' for command environment
[1.977s] INFO:colcon.colcon_ros.task.ament_cmake.build:Building ROS package in '/home/zhang/rosprc_ws/src/examples/rclcpp/executors/multithreaded_executor' with build type 'ament_cmake'
[1.978s] INFO:colcon.colcon_cmake.task.cmake.build:Building CMake package in '/home/zhang/rosprc_ws/src/examples/rclcpp/executors/multithreaded_executor'
[1.982s] INFO:colcon.colcon_core.shell:Skip shell extension 'powershell' for command environment: Not usable outside of PowerShell
[1.984s] DEBUG:colcon.colcon_core.shell:Skip shell extension 'dsv' for command environment
[2.003s] INFO:colcon.colcon_ros.task.ament_cmake.build:Building ROS package in '/home/zhang/rosprc_ws/src/examples/rclcpp/wait_set' with build type 'ament_cmake'
[2.004s] INFO:colcon.colcon_cmake.task.cmake.build:Building CMake package in '/home/zhang/rosprc_ws/src/examples/rclcpp/wait_set'
[2.006s] INFO:colcon.colcon_core.shell:Skip shell extension 'powershell' for command environment: Not usable outside of PowerShell
[2.007s] DEBUG:colcon.colcon_core.shell:Skip shell extension 'dsv' for command environment
[2.024s] INFO:colcon.colcon_ros.task.ament_python.build:Building ROS package in '/home/zhang/rosprc_ws/src/examples/rclpy/executors' with build type 'ament_python'
[2.025s] Level 1:colcon.colcon_core.shell:create_environment_hook('examples_rclpy_executors', 'ament_prefix_path')
[2.026s] INFO:colcon.colcon_core.shell:Creating environment hook '/home/zhang/rosprc_ws/install/examples_rclpy_executors/share/examples_rclpy_executors/hook/ament_prefix_path.ps1'
[2.032s] INFO:colcon.colcon_core.shell:Creating environment descriptor '/home/zhang/rosprc_ws/install/examples_rclpy_executors/share/examples_rclpy_executors/hook/ament_prefix_path.dsv'
[2.035s] INFO:colcon.colcon_core.shell:Creating environment hook '/home/zhang/rosprc_ws/install/examples_rclpy_executors/share/examples_rclpy_executors/hook/ament_prefix_path.sh'
[2.040s] INFO:colcon.colcon_core.shell:Skip shell extension 'powershell' for command environment: Not usable outside of PowerShell
[2.040s] DEBUG:colcon.colcon_core.shell:Skip shell extension 'dsv' for command environment
[2.051s] INFO:colcon.colcon_ros.task.ament_python.build:Building ROS package in '/home/zhang/rosprc_ws/src/examples/rclpy/guard_conditions' with build type 'ament_python'
[2.051s] Level 1:colcon.colcon_core.shell:create_environment_hook('examples_rclpy_guard_conditions', 'ament_prefix_path')
[2.052s] INFO:colcon.colcon_core.shell:Creating environment hook '/home/zhang/rosprc_ws/install/examples_rclpy_guard_conditions/share/examples_rclpy_guard_conditions/hook/ament_prefix_path.ps1'
[2.054s] INFO:colcon.colcon_core.shell:Creating environment descriptor '/home/zhang/rosprc_ws/install/examples_rclpy_guard_conditions/share/examples_rclpy_guard_conditions/hook/ament_prefix_path.dsv'
[2.055s] INFO:colcon.colcon_core.shell:Creating environment hook '/home/zhang/rosprc_ws/install/examples_rclpy_guard_conditions/share/examples_rclpy_guard_conditions/hook/ament_prefix_path.sh'
[2.056s] INFO:colcon.colcon_core.shell:Skip shell extension 'powershell' for command environment: Not usable outside of PowerShell
[2.056s] DEBUG:colcon.colcon_core.shell:Skip shell extension 'dsv' for command environment
[2.063s] INFO:colcon.colcon_ros.task.ament_python.build:Building ROS package in '/home/zhang/rosprc_ws/src/examples/rclpy/actions/minimal_action_client' with build type 'ament_python'
[2.063s] Level 1:colcon.colcon_core.shell:create_environment_hook('examples_rclpy_minimal_action_client', 'ament_prefix_path')
[2.063s] INFO:colcon.colcon_core.shell:Creating environment hook '/home/zhang/rosprc_ws/install/examples_rclpy_minimal_action_client/share/examples_rclpy_minimal_action_client/hook/ament_prefix_path.ps1'
[2.065s] INFO:colcon.colcon_core.shell:Creating environment descriptor '/home/zhang/rosprc_ws/install/examples_rclpy_minimal_action_client/share/examples_rclpy_minimal_action_client/hook/ament_prefix_path.dsv'
[2.065s] INFO:colcon.colcon_core.shell:Creating environment hook '/home/zhang/rosprc_ws/install/examples_rclpy_minimal_action_client/share/examples_rclpy_minimal_action_client/hook/ament_prefix_path.sh'
[2.066s] INFO:colcon.colcon_core.shell:Skip shell extension 'powershell' for command environment: Not usable outside of PowerShell
[2.066s] DEBUG:colcon.colcon_core.shell:Skip shell extension 'dsv' for command environment
[2.072s] INFO:colcon.colcon_ros.task.ament_python.build:Building ROS package in '/home/zhang/rosprc_ws/src/examples/rclpy/actions/minimal_action_server' with build type 'ament_python'
[2.074s] Level 1:colcon.colcon_core.shell:create_environment_hook('examples_rclpy_minimal_action_server', 'ament_prefix_path')
[2.075s] INFO:colcon.colcon_core.shell:Creating environment hook '/home/zhang/rosprc_ws/install/examples_rclpy_minimal_action_server/share/examples_rclpy_minimal_action_server/hook/ament_prefix_path.ps1'
[2.077s] INFO:colcon.colcon_core.shell:Creating environment descriptor '/home/zhang/rosprc_ws/install/examples_rclpy_minimal_action_server/share/examples_rclpy_minimal_action_server/hook/ament_prefix_path.dsv'
[2.079s] INFO:colcon.colcon_core.shell:Creating environment hook '/home/zhang/rosprc_ws/install/examples_rclpy_minimal_action_server/share/examples_rclpy_minimal_action_server/hook/ament_prefix_path.sh'
[2.080s] INFO:colcon.colcon_core.shell:Skip shell extension 'powershell' for command environment: Not usable outside of PowerShell
[2.080s] DEBUG:colcon.colcon_core.shell:Skip shell extension 'dsv' for command environment
[2.087s] INFO:colcon.colcon_ros.task.ament_python.build:Building ROS package in '/home/zhang/rosprc_ws/src/examples/rclpy/services/minimal_client' with build type 'ament_python'
[2.088s] Level 1:colcon.colcon_core.shell:create_environment_hook('examples_rclpy_minimal_client', 'ament_prefix_path')
[2.089s] INFO:colcon.colcon_core.shell:Creating environment hook '/home/zhang/rosprc_ws/install/examples_rclpy_minimal_client/share/examples_rclpy_minimal_client/hook/ament_prefix_path.ps1'
[2.090s] INFO:colcon.colcon_core.shell:Creating environment descriptor '/home/zhang/rosprc_ws/install/examples_rclpy_minimal_client/share/examples_rclpy_minimal_client/hook/ament_prefix_path.dsv'
[2.091s] INFO:colcon.colcon_core.shell:Creating environment hook '/home/zhang/rosprc_ws/install/examples_rclpy_minimal_client/share/examples_rclpy_minimal_client/hook/ament_prefix_path.sh'
[2.093s] INFO:colcon.colcon_core.shell:Skip shell extension 'powershell' for command environment: Not usable outside of PowerShell
[2.093s] DEBUG:colcon.colcon_core.shell:Skip shell extension 'dsv' for command environment
[2.103s] INFO:colcon.colcon_ros.task.ament_python.build:Building ROS package in '/home/zhang/rosprc_ws/src/examples/rclpy/topics/minimal_publisher' with build type 'ament_python'
[2.104s] Level 1:colcon.colcon_core.shell:create_environment_hook('examples_rclpy_minimal_publisher', 'ament_prefix_path')
[2.104s] INFO:colcon.colcon_core.shell:Creating environment hook '/home/zhang/rosprc_ws/install/examples_rclpy_minimal_publisher/share/examples_rclpy_minimal_publisher/hook/ament_prefix_path.ps1'
[2.107s] INFO:colcon.colcon_core.shell:Creating environment descriptor '/home/zhang/rosprc_ws/install/examples_rclpy_minimal_publisher/share/examples_rclpy_minimal_publisher/hook/ament_prefix_path.dsv'
[2.108s] INFO:colcon.colcon_core.shell:Creating environment hook '/home/zhang/rosprc_ws/install/examples_rclpy_minimal_publisher/share/examples_rclpy_minimal_publisher/hook/ament_prefix_path.sh'
[2.111s] INFO:colcon.colcon_core.shell:Skip shell extension 'powershell' for command environment: Not usable outside of PowerShell
[2.111s] DEBUG:colcon.colcon_core.shell:Skip shell extension 'dsv' for command environment
[2.168s] DEBUG:colcon.colcon_core.event_handler.log_command:Invoking command in '/home/zhang/rosprc_ws/build/tutorial_interfaces': CMAKE_PREFIX_PATH=${CMAKE_PREFIX_PATH}:/opt/ros/jazzy /usr/bin/cmake --build /home/zhang/rosprc_ws/build/tutorial_interfaces -- -j20 -l20
[2.190s] DEBUG:colcon.colcon_core.event_handler.log_command:Invoking command in '/home/zhang/rosprc_ws/build/cpp_pubsub': CMAKE_PREFIX_PATH=${CMAKE_PREFIX_PATH}:/opt/ros/jazzy /usr/bin/cmake --build /home/zhang/rosprc_ws/build/cpp_pubsub -- -j20 -l20
[2.207s] DEBUG:colcon.colcon_core.event_handler.log_command:Invoking command in '/home/zhang/rosprc_ws/build/examples_rclcpp_async_client': CMAKE_PREFIX_PATH=${CMAKE_PREFIX_PATH}:/opt/ros/jazzy /usr/bin/cmake --build /home/zhang/rosprc_ws/build/examples_rclcpp_async_client -- -j20 -l20
[2.227s] DEBUG:colcon.colcon_core.event_handler.log_command:Invoking command in '/home/zhang/rosprc_ws/build/examples_rclcpp_cbg_executor': CMAKE_PREFIX_PATH=${CMAKE_PREFIX_PATH}:/opt/ros/jazzy /usr/bin/cmake --build /home/zhang/rosprc_ws/build/examples_rclcpp_cbg_executor -- -j20 -l20
[2.241s] DEBUG:colcon.colcon_core.event_handler.log_command:Invoking command in '/home/zhang/rosprc_ws/build/examples_rclcpp_minimal_action_client': CMAKE_PREFIX_PATH=${CMAKE_PREFIX_PATH}:/opt/ros/jazzy /usr/bin/cmake --build /home/zhang/rosprc_ws/build/examples_rclcpp_minimal_action_client -- -j20 -l20
[2.259s] DEBUG:colcon.colcon_core.event_handler.log_command:Invoking command in '/home/zhang/rosprc_ws/build/examples_rclcpp_minimal_action_server': CMAKE_PREFIX_PATH=${CMAKE_PREFIX_PATH}:/opt/ros/jazzy /usr/bin/cmake --build /home/zhang/rosprc_ws/build/examples_rclcpp_minimal_action_server -- -j20 -l20
[2.278s] DEBUG:colcon.colcon_core.event_handler.log_command:Invoking command in '/home/zhang/rosprc_ws/build/examples_rclcpp_minimal_client': CMAKE_PREFIX_PATH=${CMAKE_PREFIX_PATH}:/opt/ros/jazzy /usr/bin/cmake --build /home/zhang/rosprc_ws/build/examples_rclcpp_minimal_client -- -j20 -l20
[2.282s] DEBUG:colcon.colcon_core.event_handler.log_command:Invoking command in '/home/zhang/rosprc_ws/build/examples_rclcpp_minimal_composition': CMAKE_PREFIX_PATH=${CMAKE_PREFIX_PATH}:/opt/ros/jazzy /usr/bin/cmake --build /home/zhang/rosprc_ws/build/examples_rclcpp_minimal_composition -- -j20 -l20
[2.290s] DEBUG:colcon.colcon_core.event_handler.log_command:Invoking command in '/home/zhang/rosprc_ws/build/examples_rclcpp_minimal_publisher': CMAKE_PREFIX_PATH=${CMAKE_PREFIX_PATH}:/opt/ros/jazzy /usr/bin/cmake --build /home/zhang/rosprc_ws/build/examples_rclcpp_minimal_publisher -- -j20 -l20
[2.296s] DEBUG:colcon.colcon_core.event_handler.log_command:Invoking command in '/home/zhang/rosprc_ws/build/examples_rclcpp_minimal_service': CMAKE_PREFIX_PATH=${CMAKE_PREFIX_PATH}:/opt/ros/jazzy /usr/bin/cmake --build /home/zhang/rosprc_ws/build/examples_rclcpp_minimal_service -- -j20 -l20
[2.305s] DEBUG:colcon.colcon_core.event_handler.log_command:Invoking command in '/home/zhang/rosprc_ws/build/examples_rclcpp_minimal_subscriber': CMAKE_PREFIX_PATH=${CMAKE_PREFIX_PATH}:/opt/ros/jazzy /usr/bin/cmake --build /home/zhang/rosprc_ws/build/examples_rclcpp_minimal_subscriber -- -j20 -l20
[2.314s] DEBUG:colcon.colcon_core.event_handler.log_command:Invoking command in '/home/zhang/rosprc_ws/build/examples_rclcpp_minimal_timer': CMAKE_PREFIX_PATH=${CMAKE_PREFIX_PATH}:/opt/ros/jazzy /usr/bin/cmake --build /home/zhang/rosprc_ws/build/examples_rclcpp_minimal_timer -- -j20 -l20
[2.326s] DEBUG:colcon.colcon_core.event_handler.log_command:Invoking command in '/home/zhang/rosprc_ws/build/examples_rclcpp_multithreaded_executor': CMAKE_PREFIX_PATH=${CMAKE_PREFIX_PATH}:/opt/ros/jazzy /usr/bin/cmake --build /home/zhang/rosprc_ws/build/examples_rclcpp_multithreaded_executor -- -j20 -l20
[2.337s] DEBUG:colcon.colcon_core.event_handler.log_command:Invoking command in '/home/zhang/rosprc_ws/build/examples_rclcpp_wait_set': CMAKE_PREFIX_PATH=${CMAKE_PREFIX_PATH}:/opt/ros/jazzy /usr/bin/cmake --build /home/zhang/rosprc_ws/build/examples_rclcpp_wait_set -- -j20 -l20
[2.923s] INFO:colcon.colcon_core.task.python.build:Building Python package in '/home/zhang/rosprc_ws/src/examples/rclpy/executors'
[2.924s] INFO:colcon.colcon_core.shell:Skip shell extension 'powershell' for command environment: Not usable outside of PowerShell
[2.924s] DEBUG:colcon.colcon_core.shell:Skip shell extension 'dsv' for command environment
[3.316s] INFO:colcon.colcon_core.task.python.build:Building Python package in '/home/zhang/rosprc_ws/src/examples/rclpy/guard_conditions'
[3.316s] INFO:colcon.colcon_core.shell:Skip shell extension 'powershell' for command environment: Not usable outside of PowerShell
[3.316s] DEBUG:colcon.colcon_core.shell:Skip shell extension 'dsv' for command environment
[3.695s] INFO:colcon.colcon_core.task.python.build:Building Python package in '/home/zhang/rosprc_ws/src/examples/rclpy/actions/minimal_action_client'
[3.695s] INFO:colcon.colcon_core.shell:Skip shell extension 'powershell' for command environment: Not usable outside of PowerShell
[3.696s] DEBUG:colcon.colcon_core.shell:Skip shell extension 'dsv' for command environment
[4.141s] INFO:colcon.colcon_core.task.python.build:Building Python package in '/home/zhang/rosprc_ws/src/examples/rclpy/actions/minimal_action_server'
[4.142s] INFO:colcon.colcon_core.shell:Skip shell extension 'powershell' for command environment: Not usable outside of PowerShell
[4.142s] DEBUG:colcon.colcon_core.shell:Skip shell extension 'dsv' for command environment
[4.548s] INFO:colcon.colcon_core.task.python.build:Building Python package in '/home/zhang/rosprc_ws/src/examples/rclpy/services/minimal_client'
[4.548s] INFO:colcon.colcon_core.shell:Skip shell extension 'powershell' for command environment: Not usable outside of PowerShell
[4.548s] DEBUG:colcon.colcon_core.shell:Skip shell extension 'dsv' for command environment
[4.910s] INFO:colcon.colcon_core.task.python.build:Building Python package in '/home/zhang/rosprc_ws/src/examples/rclpy/topics/minimal_publisher'
[4.911s] INFO:colcon.colcon_core.shell:Skip shell extension 'powershell' for command environment: Not usable outside of PowerShell
[4.911s] DEBUG:colcon.colcon_core.shell:Skip shell extension 'dsv' for command environment
[4.968s] DEBUG:colcon.colcon_core.event_handler.log_command:Invoked command in '/home/zhang/rosprc_ws/build/tutorial_interfaces' returned '0': CMAKE_PREFIX_PATH=${CMAKE_PREFIX_PATH}:/opt/ros/jazzy /usr/bin/cmake --build /home/zhang/rosprc_ws/build/tutorial_interfaces -- -j20 -l20
[4.980s] DEBUG:colcon.colcon_core.event_handler.log_command:Invoking command in '/home/zhang/rosprc_ws/build/tutorial_interfaces': CMAKE_PREFIX_PATH=${CMAKE_PREFIX_PATH}:/opt/ros/jazzy /usr/bin/cmake --install /home/zhang/rosprc_ws/build/tutorial_interfaces
[4.981s] DEBUG:colcon.colcon_core.event_handler.log_command:Invoked command in '/home/zhang/rosprc_ws/build/cpp_pubsub' returned '0': CMAKE_PREFIX_PATH=${CMAKE_PREFIX_PATH}:/opt/ros/jazzy /usr/bin/cmake --build /home/zhang/rosprc_ws/build/cpp_pubsub -- -j20 -l20
[4.984s] DEBUG:colcon.colcon_core.event_handler.log_command:Invoking command in '/home/zhang/rosprc_ws/build/cpp_pubsub': CMAKE_PREFIX_PATH=${CMAKE_PREFIX_PATH}:/opt/ros/jazzy /usr/bin/cmake --install /home/zhang/rosprc_ws/build/cpp_pubsub
[4.985s] DEBUG:colcon.colcon_core.event_handler.log_command:Invoked command in '/home/zhang/rosprc_ws/build/examples_rclcpp_async_client' returned '0': CMAKE_PREFIX_PATH=${CMAKE_PREFIX_PATH}:/opt/ros/jazzy /usr/bin/cmake --build /home/zhang/rosprc_ws/build/examples_rclcpp_async_client -- -j20 -l20
[4.988s] DEBUG:colcon.colcon_core.event_handler.log_command:Invoking command in '/home/zhang/rosprc_ws/build/examples_rclcpp_async_client': CMAKE_PREFIX_PATH=${CMAKE_PREFIX_PATH}:/opt/ros/jazzy /usr/bin/cmake --install /home/zhang/rosprc_ws/build/examples_rclcpp_async_client
[4.990s] DEBUG:colcon.colcon_core.event_handler.log_command:Invoked command in '/home/zhang/rosprc_ws/build/examples_rclcpp_cbg_executor' returned '0': CMAKE_PREFIX_PATH=${CMAKE_PREFIX_PATH}:/opt/ros/jazzy /usr/bin/cmake --build /home/zhang/rosprc_ws/build/examples_rclcpp_cbg_executor -- -j20 -l20
[4.995s] DEBUG:colcon.colcon_core.event_handler.log_command:Invoking command in '/home/zhang/rosprc_ws/build/examples_rclcpp_cbg_executor': CMAKE_PREFIX_PATH=${CMAKE_PREFIX_PATH}:/opt/ros/jazzy /usr/bin/cmake --install /home/zhang/rosprc_ws/build/examples_rclcpp_cbg_executor
[4.996s] DEBUG:colcon.colcon_core.event_handler.log_command:Invoked command in '/home/zhang/rosprc_ws/build/examples_rclcpp_minimal_action_client' returned '0': CMAKE_PREFIX_PATH=${CMAKE_PREFIX_PATH}:/opt/ros/jazzy /usr/bin/cmake --build /home/zhang/rosprc_ws/build/examples_rclcpp_minimal_action_client -- -j20 -l20
[4.999s] DEBUG:colcon.colcon_core.event_handler.log_command:Invoking command in '/home/zhang/rosprc_ws/build/examples_rclcpp_minimal_action_client': CMAKE_PREFIX_PATH=${CMAKE_PREFIX_PATH}:/opt/ros/jazzy /usr/bin/cmake --install /home/zhang/rosprc_ws/build/examples_rclcpp_minimal_action_client
[5.001s] DEBUG:colcon.colcon_core.event_handler.log_command:Invoked command in '/home/zhang/rosprc_ws/build/examples_rclcpp_minimal_client' returned '0': CMAKE_PREFIX_PATH=${CMAKE_PREFIX_PATH}:/opt/ros/jazzy /usr/bin/cmake --build /home/zhang/rosprc_ws/build/examples_rclcpp_minimal_client -- -j20 -l20
[5.005s] DEBUG:colcon.colcon_core.event_handler.log_command:Invoking command in '/home/zhang/rosprc_ws/build/examples_rclcpp_minimal_client': CMAKE_PREFIX_PATH=${CMAKE_PREFIX_PATH}:/opt/ros/jazzy /usr/bin/cmake --install /home/zhang/rosprc_ws/build/examples_rclcpp_minimal_client
[5.005s] DEBUG:colcon.colcon_core.event_handler.log_command:Invoked command in '/home/zhang/rosprc_ws/build/examples_rclcpp_minimal_action_server' returned '0': CMAKE_PREFIX_PATH=${CMAKE_PREFIX_PATH}:/opt/ros/jazzy /usr/bin/cmake --build /home/zhang/rosprc_ws/build/examples_rclcpp_minimal_action_server -- -j20 -l20
[5.009s] DEBUG:colcon.colcon_core.event_handler.log_command:Invoking command in '/home/zhang/rosprc_ws/build/examples_rclcpp_minimal_action_server': CMAKE_PREFIX_PATH=${CMAKE_PREFIX_PATH}:/opt/ros/jazzy /usr/bin/cmake --install /home/zhang/rosprc_ws/build/examples_rclcpp_minimal_action_server
[5.010s] DEBUG:colcon.colcon_core.event_handler.log_command:Invoked command in '/home/zhang/rosprc_ws/build/examples_rclcpp_minimal_composition' returned '0': CMAKE_PREFIX_PATH=${CMAKE_PREFIX_PATH}:/opt/ros/jazzy /usr/bin/cmake --build /home/zhang/rosprc_ws/build/examples_rclcpp_minimal_composition -- -j20 -l20
[5.015s] DEBUG:colcon.colcon_core.event_handler.log_command:Invoking command in '/home/zhang/rosprc_ws/build/examples_rclcpp_minimal_composition': CMAKE_PREFIX_PATH=${CMAKE_PREFIX_PATH}:/opt/ros/jazzy /usr/bin/cmake --install /home/zhang/rosprc_ws/build/examples_rclcpp_minimal_composition
[5.015s] DEBUG:colcon.colcon_core.event_handler.log_command:Invoked command in '/home/zhang/rosprc_ws/build/examples_rclcpp_minimal_service' returned '0': CMAKE_PREFIX_PATH=${CMAKE_PREFIX_PATH}:/opt/ros/jazzy /usr/bin/cmake --build /home/zhang/rosprc_ws/build/examples_rclcpp_minimal_service -- -j20 -l20
[5.019s] DEBUG:colcon.colcon_core.event_handler.log_command:Invoking command in '/home/zhang/rosprc_ws/build/examples_rclcpp_minimal_service': CMAKE_PREFIX_PATH=${CMAKE_PREFIX_PATH}:/opt/ros/jazzy /usr/bin/cmake --install /home/zhang/rosprc_ws/build/examples_rclcpp_minimal_service
[5.020s] DEBUG:colcon.colcon_core.event_handler.log_command:Invoked command in '/home/zhang/rosprc_ws/build/examples_rclcpp_minimal_publisher' returned '0': CMAKE_PREFIX_PATH=${CMAKE_PREFIX_PATH}:/opt/ros/jazzy /usr/bin/cmake --build /home/zhang/rosprc_ws/build/examples_rclcpp_minimal_publisher -- -j20 -l20
[5.024s] DEBUG:colcon.colcon_core.event_handler.log_command:Invoking command in '/home/zhang/rosprc_ws/build/examples_rclcpp_minimal_publisher': CMAKE_PREFIX_PATH=${CMAKE_PREFIX_PATH}:/opt/ros/jazzy /usr/bin/cmake --install /home/zhang/rosprc_ws/build/examples_rclcpp_minimal_publisher
[5.025s] DEBUG:colcon.colcon_core.event_handler.log_command:Invoked command in '/home/zhang/rosprc_ws/build/examples_rclcpp_multithreaded_executor' returned '0': CMAKE_PREFIX_PATH=${CMAKE_PREFIX_PATH}:/opt/ros/jazzy /usr/bin/cmake --build /home/zhang/rosprc_ws/build/examples_rclcpp_multithreaded_executor -- -j20 -l20
[5.029s] DEBUG:colcon.colcon_core.event_handler.log_command:Invoking command in '/home/zhang/rosprc_ws/build/examples_rclcpp_multithreaded_executor': CMAKE_PREFIX_PATH=${CMAKE_PREFIX_PATH}:/opt/ros/jazzy /usr/bin/cmake --install /home/zhang/rosprc_ws/build/examples_rclcpp_multithreaded_executor
[5.030s] DEBUG:colcon.colcon_core.event_handler.log_command:Invoked command in '/home/zhang/rosprc_ws/build/examples_rclcpp_minimal_timer' returned '0': CMAKE_PREFIX_PATH=${CMAKE_PREFIX_PATH}:/opt/ros/jazzy /usr/bin/cmake --build /home/zhang/rosprc_ws/build/examples_rclcpp_minimal_timer -- -j20 -l20
[5.033s] DEBUG:colcon.colcon_core.event_handler.log_command:Invoking command in '/home/zhang/rosprc_ws/build/examples_rclcpp_minimal_timer': CMAKE_PREFIX_PATH=${CMAKE_PREFIX_PATH}:/opt/ros/jazzy /usr/bin/cmake --install /home/zhang/rosprc_ws/build/examples_rclcpp_minimal_timer
[5.034s] DEBUG:colcon.colcon_core.event_handler.log_command:Invoked command in '/home/zhang/rosprc_ws/build/examples_rclcpp_minimal_subscriber' returned '0': CMAKE_PREFIX_PATH=${CMAKE_PREFIX_PATH}:/opt/ros/jazzy /usr/bin/cmake --build /home/zhang/rosprc_ws/build/examples_rclcpp_minimal_subscriber -- -j20 -l20
[5.038s] DEBUG:colcon.colcon_core.event_handler.log_command:Invoking command in '/home/zhang/rosprc_ws/build/examples_rclcpp_minimal_subscriber': CMAKE_PREFIX_PATH=${CMAKE_PREFIX_PATH}:/opt/ros/jazzy /usr/bin/cmake --install /home/zhang/rosprc_ws/build/examples_rclcpp_minimal_subscriber
[5.039s] DEBUG:colcon.colcon_core.event_handler.log_command:Invoked command in '/home/zhang/rosprc_ws/build/examples_rclcpp_wait_set' returned '0': CMAKE_PREFIX_PATH=${CMAKE_PREFIX_PATH}:/opt/ros/jazzy /usr/bin/cmake --build /home/zhang/rosprc_ws/build/examples_rclcpp_wait_set -- -j20 -l20
[5.043s] DEBUG:colcon.colcon_core.event_handler.log_command:Invoking command in '/home/zhang/rosprc_ws/build/examples_rclcpp_wait_set': CMAKE_PREFIX_PATH=${CMAKE_PREFIX_PATH}:/opt/ros/jazzy /usr/bin/cmake --install /home/zhang/rosprc_ws/build/examples_rclcpp_wait_set
[5.121s] Level 1:colcon.colcon_core.environment:create_environment_scripts_only(cpp_pubsub)
[5.161s] Level 1:colcon.colcon_core.environment:checking '/home/zhang/rosprc_ws/install/cpp_pubsub' for CMake module files
[5.170s] Level 1:colcon.colcon_core.environment:checking '/home/zhang/rosprc_ws/install/cpp_pubsub' for CMake config files
[5.179s] Level 1:colcon.colcon_core.shell:create_environment_hook('cpp_pubsub', 'cmake_prefix_path')
[5.179s] INFO:colcon.colcon_core.shell:Creating environment hook '/home/zhang/rosprc_ws/install/cpp_pubsub/share/cpp_pubsub/hook/cmake_prefix_path.ps1'
[5.182s] INFO:colcon.colcon_core.shell:Creating environment descriptor '/home/zhang/rosprc_ws/install/cpp_pubsub/share/cpp_pubsub/hook/cmake_prefix_path.dsv'
[5.184s] INFO:colcon.colcon_core.shell:Creating environment hook '/home/zhang/rosprc_ws/install/cpp_pubsub/share/cpp_pubsub/hook/cmake_prefix_path.sh'
[5.190s] Level 1:colcon.colcon_core.environment:checking '/home/zhang/rosprc_ws/install/cpp_pubsub/lib'
[5.191s] Level 1:colcon.colcon_core.environment:checking '/home/zhang/rosprc_ws/install/cpp_pubsub/bin'
[5.192s] Level 1:colcon.colcon_core.environment:checking '/home/zhang/rosprc_ws/install/cpp_pubsub/lib/pkgconfig/cpp_pubsub.pc'
[5.194s] Level 1:colcon.colcon_core.environment:checking '/home/zhang/rosprc_ws/install/cpp_pubsub/lib/python3.12/site-packages'
[5.196s] Level 1:colcon.colcon_core.environment:checking '/home/zhang/rosprc_ws/install/cpp_pubsub/bin'
[5.198s] INFO:colcon.colcon_core.shell:Creating package script '/home/zhang/rosprc_ws/install/cpp_pubsub/share/cpp_pubsub/package.ps1'
[5.204s] INFO:colcon.colcon_core.shell:Creating package descriptor '/home/zhang/rosprc_ws/install/cpp_pubsub/share/cpp_pubsub/package.dsv'
[5.206s] INFO:colcon.colcon_core.shell:Creating package script '/home/zhang/rosprc_ws/install/cpp_pubsub/share/cpp_pubsub/package.sh'
[5.212s] INFO:colcon.colcon_core.shell:Creating package script '/home/zhang/rosprc_ws/install/cpp_pubsub/share/cpp_pubsub/package.bash'
[5.216s] INFO:colcon.colcon_core.shell:Creating package script '/home/zhang/rosprc_ws/install/cpp_pubsub/share/cpp_pubsub/package.zsh'
[5.220s] Level 1:colcon.colcon_core.environment:create_file_with_runtime_dependencies(/home/zhang/rosprc_ws/install/cpp_pubsub/share/colcon-core/packages/cpp_pubsub)
[5.225s] Level 1:colcon.colcon_core.environment:create_environment_scripts_only(cpp_pubsub)
[5.227s] Level 1:colcon.colcon_core.environment:checking '/home/zhang/rosprc_ws/install/cpp_pubsub' for CMake module files
[5.231s] Level 1:colcon.colcon_core.environment:checking '/home/zhang/rosprc_ws/install/cpp_pubsub' for CMake config files
[5.233s] Level 1:colcon.colcon_core.shell:create_environment_hook('cpp_pubsub', 'cmake_prefix_path')
[5.234s] INFO:colcon.colcon_core.shell:Creating environment hook '/home/zhang/rosprc_ws/install/cpp_pubsub/share/cpp_pubsub/hook/cmake_prefix_path.ps1'
[5.236s] INFO:colcon.colcon_core.shell:Creating environment descriptor '/home/zhang/rosprc_ws/install/cpp_pubsub/share/cpp_pubsub/hook/cmake_prefix_path.dsv'
[5.240s] INFO:colcon.colcon_core.shell:Creating environment hook '/home/zhang/rosprc_ws/install/cpp_pubsub/share/cpp_pubsub/hook/cmake_prefix_path.sh'
[5.244s] Level 1:colcon.colcon_core.environment:checking '/home/zhang/rosprc_ws/install/cpp_pubsub/lib'
[5.244s] Level 1:colcon.colcon_core.environment:checking '/home/zhang/rosprc_ws/install/cpp_pubsub/bin'
[5.245s] Level 1:colcon.colcon_core.environment:checking '/home/zhang/rosprc_ws/install/cpp_pubsub/lib/pkgconfig/cpp_pubsub.pc'
[5.245s] Level 1:colcon.colcon_core.environment:checking '/home/zhang/rosprc_ws/install/cpp_pubsub/lib/python3.12/site-packages'
[5.247s] Level 1:colcon.colcon_core.environment:checking '/home/zhang/rosprc_ws/install/cpp_pubsub/bin'
[5.248s] INFO:colcon.colcon_core.shell:Creating package script '/home/zhang/rosprc_ws/install/cpp_pubsub/share/cpp_pubsub/package.ps1'
[5.252s] INFO:colcon.colcon_core.shell:Creating package descriptor '/home/zhang/rosprc_ws/install/cpp_pubsub/share/cpp_pubsub/package.dsv'
[5.254s] INFO:colcon.colcon_core.shell:Creating package script '/home/zhang/rosprc_ws/install/cpp_pubsub/share/cpp_pubsub/package.sh'
[5.255s] INFO:colcon.colcon_core.shell:Creating package script '/home/zhang/rosprc_ws/install/cpp_pubsub/share/cpp_pubsub/package.bash'
[5.256s] INFO:colcon.colcon_core.shell:Creating package script '/home/zhang/rosprc_ws/install/cpp_pubsub/share/cpp_pubsub/package.zsh'
[5.258s] Level 1:colcon.colcon_core.environment:create_file_with_runtime_dependencies(/home/zhang/rosprc_ws/install/cpp_pubsub/share/colcon-core/packages/cpp_pubsub)
[5.259s] Level 1:colcon.colcon_core.environment:create_environment_scripts_only(examples_rclcpp_async_client)
[5.260s] Level 1:colcon.colcon_core.environment:checking '/home/zhang/rosprc_ws/install/examples_rclcpp_async_client' for CMake module files
[5.268s] Level 1:colcon.colcon_core.environment:checking '/home/zhang/rosprc_ws/install/examples_rclcpp_async_client' for CMake config files
[5.275s] Level 1:colcon.colcon_core.shell:create_environment_hook('examples_rclcpp_async_client', 'cmake_prefix_path')
[5.276s] INFO:colcon.colcon_core.shell:Creating environment hook '/home/zhang/rosprc_ws/install/examples_rclcpp_async_client/share/examples_rclcpp_async_client/hook/cmake_prefix_path.ps1'
[5.279s] INFO:colcon.colcon_core.shell:Creating environment descriptor '/home/zhang/rosprc_ws/install/examples_rclcpp_async_client/share/examples_rclcpp_async_client/hook/cmake_prefix_path.dsv'
[5.282s] INFO:colcon.colcon_core.shell:Creating environment hook '/home/zhang/rosprc_ws/install/examples_rclcpp_async_client/share/examples_rclcpp_async_client/hook/cmake_prefix_path.sh'
[5.289s] Level 1:colcon.colcon_core.environment:checking '/home/zhang/rosprc_ws/install/examples_rclcpp_async_client/lib'
[5.290s] Level 1:colcon.colcon_core.environment:checking '/home/zhang/rosprc_ws/install/examples_rclcpp_async_client/bin'
[5.291s] Level 1:colcon.colcon_core.environment:checking '/home/zhang/rosprc_ws/install/examples_rclcpp_async_client/lib/pkgconfig/examples_rclcpp_async_client.pc'
[5.291s] Level 1:colcon.colcon_core.environment:checking '/home/zhang/rosprc_ws/install/examples_rclcpp_async_client/lib/python3.12/site-packages'
[5.292s] Level 1:colcon.colcon_core.environment:checking '/home/zhang/rosprc_ws/install/examples_rclcpp_async_client/bin'
[5.293s] INFO:colcon.colcon_core.shell:Creating package script '/home/zhang/rosprc_ws/install/examples_rclcpp_async_client/share/examples_rclcpp_async_client/package.ps1'
[5.299s] INFO:colcon.colcon_core.shell:Creating package descriptor '/home/zhang/rosprc_ws/install/examples_rclcpp_async_client/share/examples_rclcpp_async_client/package.dsv'
[5.302s] INFO:colcon.colcon_core.shell:Creating package script '/home/zhang/rosprc_ws/install/examples_rclcpp_async_client/share/examples_rclcpp_async_client/package.sh'
[5.305s] INFO:colcon.colcon_core.shell:Creating package script '/home/zhang/rosprc_ws/install/examples_rclcpp_async_client/share/examples_rclcpp_async_client/package.bash'
[5.306s] INFO:colcon.colcon_core.shell:Creating package script '/home/zhang/rosprc_ws/install/examples_rclcpp_async_client/share/examples_rclcpp_async_client/package.zsh'
[5.308s] Level 1:colcon.colcon_core.environment:create_file_with_runtime_dependencies(/home/zhang/rosprc_ws/install/examples_rclcpp_async_client/share/colcon-core/packages/examples_rclcpp_async_client)
[5.311s] Level 1:colcon.colcon_core.environment:create_environment_scripts_only(examples_rclcpp_async_client)
[5.312s] Level 1:colcon.colcon_core.environment:checking '/home/zhang/rosprc_ws/install/examples_rclcpp_async_client' for CMake module files
[5.314s] DEBUG:colcon.colcon_core.event_handler.log_command:Invoked command in '/home/zhang/rosprc_ws/build/cpp_pubsub' returned '0': CMAKE_PREFIX_PATH=${CMAKE_PREFIX_PATH}:/opt/ros/jazzy /usr/bin/cmake --install /home/zhang/rosprc_ws/build/cpp_pubsub
[5.317s] Level 1:colcon.colcon_core.environment:checking '/home/zhang/rosprc_ws/install/examples_rclcpp_async_client' for CMake config files
[5.323s] Level 1:colcon.colcon_core.shell:create_environment_hook('examples_rclcpp_async_client', 'cmake_prefix_path')
[5.324s] INFO:colcon.colcon_core.shell:Creating environment hook '/home/zhang/rosprc_ws/install/examples_rclcpp_async_client/share/examples_rclcpp_async_client/hook/cmake_prefix_path.ps1'
[5.326s] INFO:colcon.colcon_core.shell:Creating environment descriptor '/home/zhang/rosprc_ws/install/examples_rclcpp_async_client/share/examples_rclcpp_async_client/hook/cmake_prefix_path.dsv'
[5.327s] INFO:colcon.colcon_core.shell:Creating environment hook '/home/zhang/rosprc_ws/install/examples_rclcpp_async_client/share/examples_rclcpp_async_client/hook/cmake_prefix_path.sh'
[5.331s] Level 1:colcon.colcon_core.environment:checking '/home/zhang/rosprc_ws/install/examples_rclcpp_async_client/lib'
[5.332s] Level 1:colcon.colcon_core.environment:checking '/home/zhang/rosprc_ws/install/examples_rclcpp_async_client/bin'
[5.332s] Level 1:colcon.colcon_core.environment:checking '/home/zhang/rosprc_ws/install/examples_rclcpp_async_client/lib/pkgconfig/examples_rclcpp_async_client.pc'
[5.333s] Level 1:colcon.colcon_core.environment:checking '/home/zhang/rosprc_ws/install/examples_rclcpp_async_client/lib/python3.12/site-packages'
[5.333s] Level 1:colcon.colcon_core.environment:checking '/home/zhang/rosprc_ws/install/examples_rclcpp_async_client/bin'
[5.333s] INFO:colcon.colcon_core.shell:Creating package script '/home/zhang/rosprc_ws/install/examples_rclcpp_async_client/share/examples_rclcpp_async_client/package.ps1'
[5.336s] INFO:colcon.colcon_core.shell:Creating package descriptor '/home/zhang/rosprc_ws/install/examples_rclcpp_async_client/share/examples_rclcpp_async_client/package.dsv'
[5.339s] INFO:colcon.colcon_core.shell:Creating package script '/home/zhang/rosprc_ws/install/examples_rclcpp_async_client/share/examples_rclcpp_async_client/package.sh'
[5.340s] INFO:colcon.colcon_core.shell:Creating package script '/home/zhang/rosprc_ws/install/examples_rclcpp_async_client/share/examples_rclcpp_async_client/package.bash'
[5.342s] INFO:colcon.colcon_core.shell:Creating package script '/home/zhang/rosprc_ws/install/examples_rclcpp_async_client/share/examples_rclcpp_async_client/package.zsh'
[5.345s] Level 1:colcon.colcon_core.environment:create_file_with_runtime_dependencies(/home/zhang/rosprc_ws/install/examples_rclcpp_async_client/share/colcon-core/packages/examples_rclcpp_async_client)
[5.358s] DEBUG:colcon.colcon_core.event_handler.log_command:Invoked command in '/home/zhang/rosprc_ws/build/examples_rclcpp_async_client' returned '0': CMAKE_PREFIX_PATH=${CMAKE_PREFIX_PATH}:/opt/ros/jazzy /usr/bin/cmake --install /home/zhang/rosprc_ws/build/examples_rclcpp_async_client
[5.363s] INFO:colcon.colcon_ros.task.ament_python.build:Building ROS package in '/home/zhang/rosprc_ws/src/examples/rclpy/services/minimal_service' with build type 'ament_python'
[5.364s] Level 1:colcon.colcon_core.shell:create_environment_hook('examples_rclpy_minimal_service', 'ament_prefix_path')
[5.365s] INFO:colcon.colcon_core.shell:Creating environment hook '/home/zhang/rosprc_ws/install/examples_rclpy_minimal_service/share/examples_rclpy_minimal_service/hook/ament_prefix_path.ps1'
[5.366s] INFO:colcon.colcon_core.shell:Creating environment descriptor '/home/zhang/rosprc_ws/install/examples_rclpy_minimal_service/share/examples_rclpy_minimal_service/hook/ament_prefix_path.dsv'
[5.368s] INFO:colcon.colcon_core.shell:Creating environment hook '/home/zhang/rosprc_ws/install/examples_rclpy_minimal_service/share/examples_rclpy_minimal_service/hook/ament_prefix_path.sh'
[5.368s] INFO:colcon.colcon_core.shell:Skip shell extension 'powershell' for command environment: Not usable outside of PowerShell
[5.368s] DEBUG:colcon.colcon_core.shell:Skip shell extension 'dsv' for command environment
[5.375s] INFO:colcon.colcon_ros.task.ament_python.build:Building ROS package in '/home/zhang/rosprc_ws/src/examples/rclpy/topics/minimal_subscriber' with build type 'ament_python'
[5.375s] Level 1:colcon.colcon_core.shell:create_environment_hook('examples_rclpy_minimal_subscriber', 'ament_prefix_path')
[5.376s] INFO:colcon.colcon_core.shell:Creating environment hook '/home/zhang/rosprc_ws/install/examples_rclpy_minimal_subscriber/share/examples_rclpy_minimal_subscriber/hook/ament_prefix_path.ps1'
[5.377s] INFO:colcon.colcon_core.shell:Creating environment descriptor '/home/zhang/rosprc_ws/install/examples_rclpy_minimal_subscriber/share/examples_rclpy_minimal_subscriber/hook/ament_prefix_path.dsv'
[5.379s] INFO:colcon.colcon_core.shell:Creating environment hook '/home/zhang/rosprc_ws/install/examples_rclpy_minimal_subscriber/share/examples_rclpy_minimal_subscriber/hook/ament_prefix_path.sh'
[5.380s] INFO:colcon.colcon_core.shell:Skip shell extension 'powershell' for command environment: Not usable outside of PowerShell
[5.381s] DEBUG:colcon.colcon_core.shell:Skip shell extension 'dsv' for command environment
[5.392s] Level 1:colcon.colcon_core.environment:create_environment_scripts_only(examples_rclcpp_minimal_action_client)
[5.392s] Level 1:colcon.colcon_core.environment:checking '/home/zhang/rosprc_ws/install/examples_rclcpp_minimal_action_client' for CMake module files
[5.393s] DEBUG:colcon.colcon_core.event_handler.log_command:Invoked command in '/home/zhang/rosprc_ws/build/examples_rclcpp_minimal_action_client' returned '0': CMAKE_PREFIX_PATH=${CMAKE_PREFIX_PATH}:/opt/ros/jazzy /usr/bin/cmake --install /home/zhang/rosprc_ws/build/examples_rclcpp_minimal_action_client
[5.396s] Level 1:colcon.colcon_core.environment:checking '/home/zhang/rosprc_ws/install/examples_rclcpp_minimal_action_client' for CMake config files
[5.397s] Level 1:colcon.colcon_core.shell:create_environment_hook('examples_rclcpp_minimal_action_client', 'cmake_prefix_path')
[5.398s] INFO:colcon.colcon_core.shell:Creating environment hook '/home/zhang/rosprc_ws/install/examples_rclcpp_minimal_action_client/share/examples_rclcpp_minimal_action_client/hook/cmake_prefix_path.ps1'
[5.399s] INFO:colcon.colcon_core.shell:Creating environment descriptor '/home/zhang/rosprc_ws/install/examples_rclcpp_minimal_action_client/share/examples_rclcpp_minimal_action_client/hook/cmake_prefix_path.dsv'
[5.399s] INFO:colcon.colcon_core.shell:Creating environment hook '/home/zhang/rosprc_ws/install/examples_rclcpp_minimal_action_client/share/examples_rclcpp_minimal_action_client/hook/cmake_prefix_path.sh'
[5.401s] Level 1:colcon.colcon_core.environment:checking '/home/zhang/rosprc_ws/install/examples_rclcpp_minimal_action_client/lib'
[5.401s] Level 1:colcon.colcon_core.environment:checking '/home/zhang/rosprc_ws/install/examples_rclcpp_minimal_action_client/bin'
[5.401s] Level 1:colcon.colcon_core.environment:checking '/home/zhang/rosprc_ws/install/examples_rclcpp_minimal_action_client/lib/pkgconfig/examples_rclcpp_minimal_action_client.pc'
[5.401s] Level 1:colcon.colcon_core.environment:checking '/home/zhang/rosprc_ws/install/examples_rclcpp_minimal_action_client/lib/python3.12/site-packages'
[5.402s] Level 1:colcon.colcon_core.environment:checking '/home/zhang/rosprc_ws/install/examples_rclcpp_minimal_action_client/bin'
[5.402s] INFO:colcon.colcon_core.shell:Creating package script '/home/zhang/rosprc_ws/install/examples_rclcpp_minimal_action_client/share/examples_rclcpp_minimal_action_client/package.ps1'
[5.404s] INFO:colcon.colcon_core.shell:Creating package descriptor '/home/zhang/rosprc_ws/install/examples_rclcpp_minimal_action_client/share/examples_rclcpp_minimal_action_client/package.dsv'
[5.404s] INFO:colcon.colcon_core.shell:Creating package script '/home/zhang/rosprc_ws/install/examples_rclcpp_minimal_action_client/share/examples_rclcpp_minimal_action_client/package.sh'
[5.405s] INFO:colcon.colcon_core.shell:Creating package script '/home/zhang/rosprc_ws/install/examples_rclcpp_minimal_action_client/share/examples_rclcpp_minimal_action_client/package.bash'
[5.406s] INFO:colcon.colcon_core.shell:Creating package script '/home/zhang/rosprc_ws/install/examples_rclcpp_minimal_action_client/share/examples_rclcpp_minimal_action_client/package.zsh'
[5.407s] Level 1:colcon.colcon_core.environment:create_file_with_runtime_dependencies(/home/zhang/rosprc_ws/install/examples_rclcpp_minimal_action_client/share/colcon-core/packages/examples_rclcpp_minimal_action_client)
[5.409s] Level 1:colcon.colcon_core.environment:create_environment_scripts_only(examples_rclcpp_minimal_action_client)
[5.410s] Level 1:colcon.colcon_core.environment:checking '/home/zhang/rosprc_ws/install/examples_rclcpp_minimal_action_client' for CMake module files
[5.411s] Level 1:colcon.colcon_core.environment:checking '/home/zhang/rosprc_ws/install/examples_rclcpp_minimal_action_client' for CMake config files
[5.412s] Level 1:colcon.colcon_core.shell:create_environment_hook('examples_rclcpp_minimal_action_client', 'cmake_prefix_path')
[5.412s] INFO:colcon.colcon_core.shell:Creating environment hook '/home/zhang/rosprc_ws/install/examples_rclcpp_minimal_action_client/share/examples_rclcpp_minimal_action_client/hook/cmake_prefix_path.ps1'
[5.413s] INFO:colcon.colcon_core.shell:Creating environment descriptor '/home/zhang/rosprc_ws/install/examples_rclcpp_minimal_action_client/share/examples_rclcpp_minimal_action_client/hook/cmake_prefix_path.dsv'
[5.414s] INFO:colcon.colcon_core.shell:Creating environment hook '/home/zhang/rosprc_ws/install/examples_rclcpp_minimal_action_client/share/examples_rclcpp_minimal_action_client/hook/cmake_prefix_path.sh'
[5.415s] Level 1:colcon.colcon_core.environment:checking '/home/zhang/rosprc_ws/install/examples_rclcpp_minimal_action_client/lib'
[5.415s] Level 1:colcon.colcon_core.environment:checking '/home/zhang/rosprc_ws/install/examples_rclcpp_minimal_action_client/bin'
[5.416s] Level 1:colcon.colcon_core.environment:checking '/home/zhang/rosprc_ws/install/examples_rclcpp_minimal_action_client/lib/pkgconfig/examples_rclcpp_minimal_action_client.pc'
[5.416s] Level 1:colcon.colcon_core.environment:checking '/home/zhang/rosprc_ws/install/examples_rclcpp_minimal_action_client/lib/python3.12/site-packages'
[5.416s] Level 1:colcon.colcon_core.environment:checking '/home/zhang/rosprc_ws/install/examples_rclcpp_minimal_action_client/bin'
[5.417s] INFO:colcon.colcon_core.shell:Creating package script '/home/zhang/rosprc_ws/install/examples_rclcpp_minimal_action_client/share/examples_rclcpp_minimal_action_client/package.ps1'
[5.418s] INFO:colcon.colcon_core.shell:Creating package descriptor '/home/zhang/rosprc_ws/install/examples_rclcpp_minimal_action_client/share/examples_rclcpp_minimal_action_client/package.dsv'
[5.419s] INFO:colcon.colcon_core.shell:Creating package script '/home/zhang/rosprc_ws/install/examples_rclcpp_minimal_action_client/share/examples_rclcpp_minimal_action_client/package.sh'
[5.420s] INFO:colcon.colcon_core.shell:Creating package script '/home/zhang/rosprc_ws/install/examples_rclcpp_minimal_action_client/share/examples_rclcpp_minimal_action_client/package.bash'
[5.420s] INFO:colcon.colcon_core.shell:Creating package script '/home/zhang/rosprc_ws/install/examples_rclcpp_minimal_action_client/share/examples_rclcpp_minimal_action_client/package.zsh'
[5.421s] Level 1:colcon.colcon_core.environment:create_file_with_runtime_dependencies(/home/zhang/rosprc_ws/install/examples_rclcpp_minimal_action_client/share/colcon-core/packages/examples_rclcpp_minimal_action_client)
[5.422s] Level 1:colcon.colcon_core.environment:create_environment_scripts_only(examples_rclcpp_cbg_executor)
[5.422s] Level 1:colcon.colcon_core.environment:checking '/home/zhang/rosprc_ws/install/examples_rclcpp_cbg_executor' for CMake module files
[5.425s] DEBUG:colcon.colcon_core.event_handler.log_command:Invoked command in '/home/zhang/rosprc_ws/build/examples_rclcpp_cbg_executor' returned '0': CMAKE_PREFIX_PATH=${CMAKE_PREFIX_PATH}:/opt/ros/jazzy /usr/bin/cmake --install /home/zhang/rosprc_ws/build/examples_rclcpp_cbg_executor
[5.428s] Level 1:colcon.colcon_core.environment:checking '/home/zhang/rosprc_ws/install/examples_rclcpp_cbg_executor' for CMake config files
[5.429s] Level 1:colcon.colcon_core.shell:create_environment_hook('examples_rclcpp_cbg_executor', 'cmake_prefix_path')
[5.429s] INFO:colcon.colcon_core.shell:Creating environment hook '/home/zhang/rosprc_ws/install/examples_rclcpp_cbg_executor/share/examples_rclcpp_cbg_executor/hook/cmake_prefix_path.ps1'
[5.431s] INFO:colcon.colcon_core.shell:Creating environment descriptor '/home/zhang/rosprc_ws/install/examples_rclcpp_cbg_executor/share/examples_rclcpp_cbg_executor/hook/cmake_prefix_path.dsv'
[5.433s] INFO:colcon.colcon_core.shell:Creating environment hook '/home/zhang/rosprc_ws/install/examples_rclcpp_cbg_executor/share/examples_rclcpp_cbg_executor/hook/cmake_prefix_path.sh'
[5.434s] Level 1:colcon.colcon_core.environment:checking '/home/zhang/rosprc_ws/install/examples_rclcpp_cbg_executor/lib'
[5.435s] Level 1:colcon.colcon_core.environment:checking '/home/zhang/rosprc_ws/install/examples_rclcpp_cbg_executor/bin'
[5.435s] Level 1:colcon.colcon_core.environment:checking '/home/zhang/rosprc_ws/install/examples_rclcpp_cbg_executor/lib/pkgconfig/examples_rclcpp_cbg_executor.pc'
[5.435s] Level 1:colcon.colcon_core.environment:checking '/home/zhang/rosprc_ws/install/examples_rclcpp_cbg_executor/lib/python3.12/site-packages'
[5.436s] Level 1:colcon.colcon_core.environment:checking '/home/zhang/rosprc_ws/install/examples_rclcpp_cbg_executor/bin'
[5.436s] INFO:colcon.colcon_core.shell:Creating package script '/home/zhang/rosprc_ws/install/examples_rclcpp_cbg_executor/share/examples_rclcpp_cbg_executor/package.ps1'
[5.438s] INFO:colcon.colcon_core.shell:Creating package descriptor '/home/zhang/rosprc_ws/install/examples_rclcpp_cbg_executor/share/examples_rclcpp_cbg_executor/package.dsv'
[5.439s] INFO:colcon.colcon_core.shell:Creating package script '/home/zhang/rosprc_ws/install/examples_rclcpp_cbg_executor/share/examples_rclcpp_cbg_executor/package.sh'
[5.440s] INFO:colcon.colcon_core.shell:Creating package script '/home/zhang/rosprc_ws/install/examples_rclcpp_cbg_executor/share/examples_rclcpp_cbg_executor/package.bash'
[5.441s] INFO:colcon.colcon_core.shell:Creating package script '/home/zhang/rosprc_ws/install/examples_rclcpp_cbg_executor/share/examples_rclcpp_cbg_executor/package.zsh'
[5.442s] Level 1:colcon.colcon_core.environment:create_file_with_runtime_dependencies(/home/zhang/rosprc_ws/install/examples_rclcpp_cbg_executor/share/colcon-core/packages/examples_rclcpp_cbg_executor)
[5.443s] Level 1:colcon.colcon_core.environment:create_environment_scripts_only(examples_rclcpp_cbg_executor)
[5.443s] Level 1:colcon.colcon_core.environment:checking '/home/zhang/rosprc_ws/install/examples_rclcpp_cbg_executor' for CMake module files
[5.444s] Level 1:colcon.colcon_core.environment:checking '/home/zhang/rosprc_ws/install/examples_rclcpp_cbg_executor' for CMake config files
[5.444s] Level 1:colcon.colcon_core.shell:create_environment_hook('examples_rclcpp_cbg_executor', 'cmake_prefix_path')
[5.445s] INFO:colcon.colcon_core.shell:Creating environment hook '/home/zhang/rosprc_ws/install/examples_rclcpp_cbg_executor/share/examples_rclcpp_cbg_executor/hook/cmake_prefix_path.ps1'
[5.446s] INFO:colcon.colcon_core.shell:Creating environment descriptor '/home/zhang/rosprc_ws/install/examples_rclcpp_cbg_executor/share/examples_rclcpp_cbg_executor/hook/cmake_prefix_path.dsv'
[5.447s] INFO:colcon.colcon_core.shell:Creating environment hook '/home/zhang/rosprc_ws/install/examples_rclcpp_cbg_executor/share/examples_rclcpp_cbg_executor/hook/cmake_prefix_path.sh'
[5.448s] Level 1:colcon.colcon_core.environment:checking '/home/zhang/rosprc_ws/install/examples_rclcpp_cbg_executor/lib'
[5.448s] Level 1:colcon.colcon_core.environment:checking '/home/zhang/rosprc_ws/install/examples_rclcpp_cbg_executor/bin'
[5.448s] Level 1:colcon.colcon_core.environment:checking '/home/zhang/rosprc_ws/install/examples_rclcpp_cbg_executor/lib/pkgconfig/examples_rclcpp_cbg_executor.pc'
[5.448s] Level 1:colcon.colcon_core.environment:checking '/home/zhang/rosprc_ws/install/examples_rclcpp_cbg_executor/lib/python3.12/site-packages'
[5.449s] Level 1:colcon.colcon_core.environment:checking '/home/zhang/rosprc_ws/install/examples_rclcpp_cbg_executor/bin'
[5.449s] INFO:colcon.colcon_core.shell:Creating package script '/home/zhang/rosprc_ws/install/examples_rclcpp_cbg_executor/share/examples_rclcpp_cbg_executor/package.ps1'
[5.451s] INFO:colcon.colcon_core.shell:Creating package descriptor '/home/zhang/rosprc_ws/install/examples_rclcpp_cbg_executor/share/examples_rclcpp_cbg_executor/package.dsv'
[5.452s] INFO:colcon.colcon_core.shell:Creating package script '/home/zhang/rosprc_ws/install/examples_rclcpp_cbg_executor/share/examples_rclcpp_cbg_executor/package.sh'
[5.453s] INFO:colcon.colcon_core.shell:Creating package script '/home/zhang/rosprc_ws/install/examples_rclcpp_cbg_executor/share/examples_rclcpp_cbg_executor/package.bash'
[5.454s] INFO:colcon.colcon_core.shell:Creating package script '/home/zhang/rosprc_ws/install/examples_rclcpp_cbg_executor/share/examples_rclcpp_cbg_executor/package.zsh'
[5.454s] Level 1:colcon.colcon_core.environment:create_file_with_runtime_dependencies(/home/zhang/rosprc_ws/install/examples_rclcpp_cbg_executor/share/colcon-core/packages/examples_rclcpp_cbg_executor)
[5.455s] Level 1:colcon.colcon_core.environment:create_environment_scripts_only(examples_rclcpp_minimal_client)
[5.456s] Level 1:colcon.colcon_core.environment:checking '/home/zhang/rosprc_ws/install/examples_rclcpp_minimal_client' for CMake module files
[5.458s] DEBUG:colcon.colcon_core.event_handler.log_command:Invoked command in '/home/zhang/rosprc_ws/build/examples_rclcpp_minimal_client' returned '0': CMAKE_PREFIX_PATH=${CMAKE_PREFIX_PATH}:/opt/ros/jazzy /usr/bin/cmake --install /home/zhang/rosprc_ws/build/examples_rclcpp_minimal_client
[5.460s] Level 1:colcon.colcon_core.environment:checking '/home/zhang/rosprc_ws/install/examples_rclcpp_minimal_client' for CMake config files
[5.462s] Level 1:colcon.colcon_core.shell:create_environment_hook('examples_rclcpp_minimal_client', 'cmake_prefix_path')
[5.462s] INFO:colcon.colcon_core.shell:Creating environment hook '/home/zhang/rosprc_ws/install/examples_rclcpp_minimal_client/share/examples_rclcpp_minimal_client/hook/cmake_prefix_path.ps1'
[5.463s] INFO:colcon.colcon_core.shell:Creating environment descriptor '/home/zhang/rosprc_ws/install/examples_rclcpp_minimal_client/share/examples_rclcpp_minimal_client/hook/cmake_prefix_path.dsv'
[5.465s] INFO:colcon.colcon_core.shell:Creating environment hook '/home/zhang/rosprc_ws/install/examples_rclcpp_minimal_client/share/examples_rclcpp_minimal_client/hook/cmake_prefix_path.sh'
[5.467s] Level 1:colcon.colcon_core.environment:checking '/home/zhang/rosprc_ws/install/examples_rclcpp_minimal_client/lib'
[5.467s] Level 1:colcon.colcon_core.environment:checking '/home/zhang/rosprc_ws/install/examples_rclcpp_minimal_client/bin'
[5.467s] Level 1:colcon.colcon_core.environment:checking '/home/zhang/rosprc_ws/install/examples_rclcpp_minimal_client/lib/pkgconfig/examples_rclcpp_minimal_client.pc'
[5.467s] Level 1:colcon.colcon_core.environment:checking '/home/zhang/rosprc_ws/install/examples_rclcpp_minimal_client/lib/python3.12/site-packages'
[5.468s] Level 1:colcon.colcon_core.environment:checking '/home/zhang/rosprc_ws/install/examples_rclcpp_minimal_client/bin'
[5.468s] INFO:colcon.colcon_core.shell:Creating package script '/home/zhang/rosprc_ws/install/examples_rclcpp_minimal_client/share/examples_rclcpp_minimal_client/package.ps1'
[5.469s] INFO:colcon.colcon_core.shell:Creating package descriptor '/home/zhang/rosprc_ws/install/examples_rclcpp_minimal_client/share/examples_rclcpp_minimal_client/package.dsv'
[5.469s] INFO:colcon.colcon_core.shell:Creating package script '/home/zhang/rosprc_ws/install/examples_rclcpp_minimal_client/share/examples_rclcpp_minimal_client/package.sh'
[5.470s] INFO:colcon.colcon_core.shell:Creating package script '/home/zhang/rosprc_ws/install/examples_rclcpp_minimal_client/share/examples_rclcpp_minimal_client/package.bash'
[5.471s] INFO:colcon.colcon_core.shell:Creating package script '/home/zhang/rosprc_ws/install/examples_rclcpp_minimal_client/share/examples_rclcpp_minimal_client/package.zsh'
[5.471s] Level 1:colcon.colcon_core.environment:create_file_with_runtime_dependencies(/home/zhang/rosprc_ws/install/examples_rclcpp_minimal_client/share/colcon-core/packages/examples_rclcpp_minimal_client)
[5.472s] Level 1:colcon.colcon_core.environment:create_environment_scripts_only(examples_rclcpp_minimal_client)
[5.472s] Level 1:colcon.colcon_core.environment:checking '/home/zhang/rosprc_ws/install/examples_rclcpp_minimal_client' for CMake module files
[5.472s] Level 1:colcon.colcon_core.environment:checking '/home/zhang/rosprc_ws/install/examples_rclcpp_minimal_client' for CMake config files
[5.473s] Level 1:colcon.colcon_core.shell:create_environment_hook('examples_rclcpp_minimal_client', 'cmake_prefix_path')
[5.473s] INFO:colcon.colcon_core.shell:Creating environment hook '/home/zhang/rosprc_ws/install/examples_rclcpp_minimal_client/share/examples_rclcpp_minimal_client/hook/cmake_prefix_path.ps1'
[5.473s] INFO:colcon.colcon_core.shell:Creating environment descriptor '/home/zhang/rosprc_ws/install/examples_rclcpp_minimal_client/share/examples_rclcpp_minimal_client/hook/cmake_prefix_path.dsv'
[5.474s] INFO:colcon.colcon_core.shell:Creating environment hook '/home/zhang/rosprc_ws/install/examples_rclcpp_minimal_client/share/examples_rclcpp_minimal_client/hook/cmake_prefix_path.sh'
[5.475s] Level 1:colcon.colcon_core.environment:checking '/home/zhang/rosprc_ws/install/examples_rclcpp_minimal_client/lib'
[5.475s] Level 1:colcon.colcon_core.environment:checking '/home/zhang/rosprc_ws/install/examples_rclcpp_minimal_client/bin'
[5.475s] Level 1:colcon.colcon_core.environment:checking '/home/zhang/rosprc_ws/install/examples_rclcpp_minimal_client/lib/pkgconfig/examples_rclcpp_minimal_client.pc'
[5.476s] Level 1:colcon.colcon_core.environment:checking '/home/zhang/rosprc_ws/install/examples_rclcpp_minimal_client/lib/python3.12/site-packages'
[5.476s] Level 1:colcon.colcon_core.environment:checking '/home/zhang/rosprc_ws/install/examples_rclcpp_minimal_client/bin'
[5.477s] INFO:colcon.colcon_core.shell:Creating package script '/home/zhang/rosprc_ws/install/examples_rclcpp_minimal_client/share/examples_rclcpp_minimal_client/package.ps1'
[5.479s] INFO:colcon.colcon_core.shell:Creating package descriptor '/home/zhang/rosprc_ws/install/examples_rclcpp_minimal_client/share/examples_rclcpp_minimal_client/package.dsv'
[5.480s] INFO:colcon.colcon_core.shell:Creating package script '/home/zhang/rosprc_ws/install/examples_rclcpp_minimal_client/share/examples_rclcpp_minimal_client/package.sh'
[5.481s] INFO:colcon.colcon_core.shell:Creating package script '/home/zhang/rosprc_ws/install/examples_rclcpp_minimal_client/share/examples_rclcpp_minimal_client/package.bash'
[5.482s] INFO:colcon.colcon_core.shell:Creating package script '/home/zhang/rosprc_ws/install/examples_rclcpp_minimal_client/share/examples_rclcpp_minimal_client/package.zsh'
[5.484s] Level 1:colcon.colcon_core.environment:create_file_with_runtime_dependencies(/home/zhang/rosprc_ws/install/examples_rclcpp_minimal_client/share/colcon-core/packages/examples_rclcpp_minimal_client)
[5.485s] Level 1:colcon.colcon_core.environment:create_environment_scripts_only(examples_rclcpp_minimal_action_server)
[5.486s] Level 1:colcon.colcon_core.environment:checking '/home/zhang/rosprc_ws/install/examples_rclcpp_minimal_action_server' for CMake module files
[5.488s] DEBUG:colcon.colcon_core.event_handler.log_command:Invoked command in '/home/zhang/rosprc_ws/build/examples_rclcpp_minimal_action_server' returned '0': CMAKE_PREFIX_PATH=${CMAKE_PREFIX_PATH}:/opt/ros/jazzy /usr/bin/cmake --install /home/zhang/rosprc_ws/build/examples_rclcpp_minimal_action_server
[5.491s] Level 1:colcon.colcon_core.environment:checking '/home/zhang/rosprc_ws/install/examples_rclcpp_minimal_action_server' for CMake config files
[5.495s] Level 1:colcon.colcon_core.shell:create_environment_hook('examples_rclcpp_minimal_action_server', 'cmake_prefix_path')
[5.496s] INFO:colcon.colcon_core.shell:Creating environment hook '/home/zhang/rosprc_ws/install/examples_rclcpp_minimal_action_server/share/examples_rclcpp_minimal_action_server/hook/cmake_prefix_path.ps1'
[5.497s] INFO:colcon.colcon_core.shell:Creating environment descriptor '/home/zhang/rosprc_ws/install/examples_rclcpp_minimal_action_server/share/examples_rclcpp_minimal_action_server/hook/cmake_prefix_path.dsv'
[5.498s] INFO:colcon.colcon_core.shell:Creating environment hook '/home/zhang/rosprc_ws/install/examples_rclcpp_minimal_action_server/share/examples_rclcpp_minimal_action_server/hook/cmake_prefix_path.sh'
[5.498s] Level 1:colcon.colcon_core.environment:checking '/home/zhang/rosprc_ws/install/examples_rclcpp_minimal_action_server/lib'
[5.499s] Level 1:colcon.colcon_core.environment:checking '/home/zhang/rosprc_ws/install/examples_rclcpp_minimal_action_server/bin'
[5.499s] Level 1:colcon.colcon_core.environment:checking '/home/zhang/rosprc_ws/install/examples_rclcpp_minimal_action_server/lib/pkgconfig/examples_rclcpp_minimal_action_server.pc'
[5.499s] Level 1:colcon.colcon_core.environment:checking '/home/zhang/rosprc_ws/install/examples_rclcpp_minimal_action_server/lib/python3.12/site-packages'
[5.500s] Level 1:colcon.colcon_core.environment:checking '/home/zhang/rosprc_ws/install/examples_rclcpp_minimal_action_server/bin'
[5.500s] INFO:colcon.colcon_core.shell:Creating package script '/home/zhang/rosprc_ws/install/examples_rclcpp_minimal_action_server/share/examples_rclcpp_minimal_action_server/package.ps1'
[5.501s] INFO:colcon.colcon_core.shell:Creating package descriptor '/home/zhang/rosprc_ws/install/examples_rclcpp_minimal_action_server/share/examples_rclcpp_minimal_action_server/package.dsv'
[5.502s] INFO:colcon.colcon_core.shell:Creating package script '/home/zhang/rosprc_ws/install/examples_rclcpp_minimal_action_server/share/examples_rclcpp_minimal_action_server/package.sh'
[5.503s] INFO:colcon.colcon_core.shell:Creating package script '/home/zhang/rosprc_ws/install/examples_rclcpp_minimal_action_server/share/examples_rclcpp_minimal_action_server/package.bash'
[5.503s] INFO:colcon.colcon_core.shell:Creating package script '/home/zhang/rosprc_ws/install/examples_rclcpp_minimal_action_server/share/examples_rclcpp_minimal_action_server/package.zsh'
[5.504s] Level 1:colcon.colcon_core.environment:create_file_with_runtime_dependencies(/home/zhang/rosprc_ws/install/examples_rclcpp_minimal_action_server/share/colcon-core/packages/examples_rclcpp_minimal_action_server)
[5.505s] Level 1:colcon.colcon_core.environment:create_environment_scripts_only(examples_rclcpp_minimal_action_server)
[5.505s] Level 1:colcon.colcon_core.environment:checking '/home/zhang/rosprc_ws/install/examples_rclcpp_minimal_action_server' for CMake module files
[5.506s] Level 1:colcon.colcon_core.environment:checking '/home/zhang/rosprc_ws/install/examples_rclcpp_minimal_action_server' for CMake config files
[5.507s] Level 1:colcon.colcon_core.shell:create_environment_hook('examples_rclcpp_minimal_action_server', 'cmake_prefix_path')
[5.507s] INFO:colcon.colcon_core.shell:Creating environment hook '/home/zhang/rosprc_ws/install/examples_rclcpp_minimal_action_server/share/examples_rclcpp_minimal_action_server/hook/cmake_prefix_path.ps1'
[5.508s] INFO:colcon.colcon_core.shell:Creating environment descriptor '/home/zhang/rosprc_ws/install/examples_rclcpp_minimal_action_server/share/examples_rclcpp_minimal_action_server/hook/cmake_prefix_path.dsv'
[5.509s] INFO:colcon.colcon_core.shell:Creating environment hook '/home/zhang/rosprc_ws/install/examples_rclcpp_minimal_action_server/share/examples_rclcpp_minimal_action_server/hook/cmake_prefix_path.sh'
[5.510s] Level 1:colcon.colcon_core.environment:checking '/home/zhang/rosprc_ws/install/examples_rclcpp_minimal_action_server/lib'
[5.510s] Level 1:colcon.colcon_core.environment:checking '/home/zhang/rosprc_ws/install/examples_rclcpp_minimal_action_server/bin'
[5.510s] Level 1:colcon.colcon_core.environment:checking '/home/zhang/rosprc_ws/install/examples_rclcpp_minimal_action_server/lib/pkgconfig/examples_rclcpp_minimal_action_server.pc'
[5.510s] Level 1:colcon.colcon_core.environment:checking '/home/zhang/rosprc_ws/install/examples_rclcpp_minimal_action_server/lib/python3.12/site-packages'
[5.511s] Level 1:colcon.colcon_core.environment:checking '/home/zhang/rosprc_ws/install/examples_rclcpp_minimal_action_server/bin'
[5.511s] INFO:colcon.colcon_core.shell:Creating package script '/home/zhang/rosprc_ws/install/examples_rclcpp_minimal_action_server/share/examples_rclcpp_minimal_action_server/package.ps1'
[5.512s] INFO:colcon.colcon_core.shell:Creating package descriptor '/home/zhang/rosprc_ws/install/examples_rclcpp_minimal_action_server/share/examples_rclcpp_minimal_action_server/package.dsv'
[5.513s] INFO:colcon.colcon_core.shell:Creating package script '/home/zhang/rosprc_ws/install/examples_rclcpp_minimal_action_server/share/examples_rclcpp_minimal_action_server/package.sh'
[5.513s] INFO:colcon.colcon_core.shell:Creating package script '/home/zhang/rosprc_ws/install/examples_rclcpp_minimal_action_server/share/examples_rclcpp_minimal_action_server/package.bash'
[5.514s] INFO:colcon.colcon_core.shell:Creating package script '/home/zhang/rosprc_ws/install/examples_rclcpp_minimal_action_server/share/examples_rclcpp_minimal_action_server/package.zsh'
[5.515s] Level 1:colcon.colcon_core.environment:create_file_with_runtime_dependencies(/home/zhang/rosprc_ws/install/examples_rclcpp_minimal_action_server/share/colcon-core/packages/examples_rclcpp_minimal_action_server)
[5.515s] Level 1:colcon.colcon_core.environment:create_environment_scripts_only(examples_rclcpp_minimal_composition)
[5.516s] Level 1:colcon.colcon_core.environment:checking '/home/zhang/rosprc_ws/install/examples_rclcpp_minimal_composition' for CMake module files
[5.518s] DEBUG:colcon.colcon_core.event_handler.log_command:Invoked command in '/home/zhang/rosprc_ws/build/examples_rclcpp_minimal_composition' returned '0': CMAKE_PREFIX_PATH=${CMAKE_PREFIX_PATH}:/opt/ros/jazzy /usr/bin/cmake --install /home/zhang/rosprc_ws/build/examples_rclcpp_minimal_composition
[5.520s] Level 1:colcon.colcon_core.environment:checking '/home/zhang/rosprc_ws/install/examples_rclcpp_minimal_composition' for CMake config files
[5.521s] Level 1:colcon.colcon_core.shell:create_environment_hook('examples_rclcpp_minimal_composition', 'cmake_prefix_path')
[5.522s] INFO:colcon.colcon_core.shell:Creating environment hook '/home/zhang/rosprc_ws/install/examples_rclcpp_minimal_composition/share/examples_rclcpp_minimal_composition/hook/cmake_prefix_path.ps1'
[5.523s] INFO:colcon.colcon_core.shell:Creating environment descriptor '/home/zhang/rosprc_ws/install/examples_rclcpp_minimal_composition/share/examples_rclcpp_minimal_composition/hook/cmake_prefix_path.dsv'
[5.524s] INFO:colcon.colcon_core.shell:Creating environment hook '/home/zhang/rosprc_ws/install/examples_rclcpp_minimal_composition/share/examples_rclcpp_minimal_composition/hook/cmake_prefix_path.sh'
[5.525s] Level 1:colcon.colcon_core.environment:checking '/home/zhang/rosprc_ws/install/examples_rclcpp_minimal_composition/lib'
[5.525s] Level 1:colcon.colcon_core.shell:create_environment_hook('examples_rclcpp_minimal_composition', 'ld_library_path_lib')
[5.525s] INFO:colcon.colcon_core.shell:Creating environment hook '/home/zhang/rosprc_ws/install/examples_rclcpp_minimal_composition/share/examples_rclcpp_minimal_composition/hook/ld_library_path_lib.ps1'
[5.526s] INFO:colcon.colcon_core.shell:Creating environment descriptor '/home/zhang/rosprc_ws/install/examples_rclcpp_minimal_composition/share/examples_rclcpp_minimal_composition/hook/ld_library_path_lib.dsv'
[5.527s] INFO:colcon.colcon_core.shell:Creating environment hook '/home/zhang/rosprc_ws/install/examples_rclcpp_minimal_composition/share/examples_rclcpp_minimal_composition/hook/ld_library_path_lib.sh'
[5.527s] Level 1:colcon.colcon_core.environment:checking '/home/zhang/rosprc_ws/install/examples_rclcpp_minimal_composition/bin'
[5.527s] Level 1:colcon.colcon_core.environment:checking '/home/zhang/rosprc_ws/install/examples_rclcpp_minimal_composition/lib/pkgconfig/examples_rclcpp_minimal_composition.pc'
[5.527s] Level 1:colcon.colcon_core.environment:checking '/home/zhang/rosprc_ws/install/examples_rclcpp_minimal_composition/lib/python3.12/site-packages'
[5.528s] Level 1:colcon.colcon_core.environment:checking '/home/zhang/rosprc_ws/install/examples_rclcpp_minimal_composition/bin'
[5.528s] INFO:colcon.colcon_core.shell:Creating package script '/home/zhang/rosprc_ws/install/examples_rclcpp_minimal_composition/share/examples_rclcpp_minimal_composition/package.ps1'
[5.529s] INFO:colcon.colcon_core.shell:Creating package descriptor '/home/zhang/rosprc_ws/install/examples_rclcpp_minimal_composition/share/examples_rclcpp_minimal_composition/package.dsv'
[5.530s] INFO:colcon.colcon_core.shell:Creating package script '/home/zhang/rosprc_ws/install/examples_rclcpp_minimal_composition/share/examples_rclcpp_minimal_composition/package.sh'
[5.530s] INFO:colcon.colcon_core.shell:Creating package script '/home/zhang/rosprc_ws/install/examples_rclcpp_minimal_composition/share/examples_rclcpp_minimal_composition/package.bash'
[5.531s] INFO:colcon.colcon_core.shell:Creating package script '/home/zhang/rosprc_ws/install/examples_rclcpp_minimal_composition/share/examples_rclcpp_minimal_composition/package.zsh'
[5.532s] Level 1:colcon.colcon_core.environment:create_file_with_runtime_dependencies(/home/zhang/rosprc_ws/install/examples_rclcpp_minimal_composition/share/colcon-core/packages/examples_rclcpp_minimal_composition)
[5.533s] Level 1:colcon.colcon_core.environment:create_environment_scripts_only(examples_rclcpp_minimal_composition)
[5.533s] Level 1:colcon.colcon_core.environment:checking '/home/zhang/rosprc_ws/install/examples_rclcpp_minimal_composition' for CMake module files
[5.534s] Level 1:colcon.colcon_core.environment:checking '/home/zhang/rosprc_ws/install/examples_rclcpp_minimal_composition' for CMake config files
[5.534s] Level 1:colcon.colcon_core.shell:create_environment_hook('examples_rclcpp_minimal_composition', 'cmake_prefix_path')
[5.535s] INFO:colcon.colcon_core.shell:Creating environment hook '/home/zhang/rosprc_ws/install/examples_rclcpp_minimal_composition/share/examples_rclcpp_minimal_composition/hook/cmake_prefix_path.ps1'
[5.536s] INFO:colcon.colcon_core.shell:Creating environment descriptor '/home/zhang/rosprc_ws/install/examples_rclcpp_minimal_composition/share/examples_rclcpp_minimal_composition/hook/cmake_prefix_path.dsv'
[5.536s] INFO:colcon.colcon_core.shell:Creating environment hook '/home/zhang/rosprc_ws/install/examples_rclcpp_minimal_composition/share/examples_rclcpp_minimal_composition/hook/cmake_prefix_path.sh'
[5.537s] Level 1:colcon.colcon_core.environment:checking '/home/zhang/rosprc_ws/install/examples_rclcpp_minimal_composition/lib'
[5.538s] Level 1:colcon.colcon_core.shell:create_environment_hook('examples_rclcpp_minimal_composition', 'ld_library_path_lib')
[5.538s] INFO:colcon.colcon_core.shell:Creating environment hook '/home/zhang/rosprc_ws/install/examples_rclcpp_minimal_composition/share/examples_rclcpp_minimal_composition/hook/ld_library_path_lib.ps1'
[5.539s] INFO:colcon.colcon_core.shell:Creating environment descriptor '/home/zhang/rosprc_ws/install/examples_rclcpp_minimal_composition/share/examples_rclcpp_minimal_composition/hook/ld_library_path_lib.dsv'
[5.539s] INFO:colcon.colcon_core.shell:Creating environment hook '/home/zhang/rosprc_ws/install/examples_rclcpp_minimal_composition/share/examples_rclcpp_minimal_composition/hook/ld_library_path_lib.sh'
[5.540s] Level 1:colcon.colcon_core.environment:checking '/home/zhang/rosprc_ws/install/examples_rclcpp_minimal_composition/bin'
[5.540s] Level 1:colcon.colcon_core.environment:checking '/home/zhang/rosprc_ws/install/examples_rclcpp_minimal_composition/lib/pkgconfig/examples_rclcpp_minimal_composition.pc'
[5.540s] Level 1:colcon.colcon_core.environment:checking '/home/zhang/rosprc_ws/install/examples_rclcpp_minimal_composition/lib/python3.12/site-packages'
[5.541s] Level 1:colcon.colcon_core.environment:checking '/home/zhang/rosprc_ws/install/examples_rclcpp_minimal_composition/bin'
[5.541s] INFO:colcon.colcon_core.shell:Creating package script '/home/zhang/rosprc_ws/install/examples_rclcpp_minimal_composition/share/examples_rclcpp_minimal_composition/package.ps1'
[5.543s] INFO:colcon.colcon_core.shell:Creating package descriptor '/home/zhang/rosprc_ws/install/examples_rclcpp_minimal_composition/share/examples_rclcpp_minimal_composition/package.dsv'
[5.544s] INFO:colcon.colcon_core.shell:Creating package script '/home/zhang/rosprc_ws/install/examples_rclcpp_minimal_composition/share/examples_rclcpp_minimal_composition/package.sh'
[5.545s] INFO:colcon.colcon_core.shell:Creating package script '/home/zhang/rosprc_ws/install/examples_rclcpp_minimal_composition/share/examples_rclcpp_minimal_composition/package.bash'
[5.545s] INFO:colcon.colcon_core.shell:Creating package script '/home/zhang/rosprc_ws/install/examples_rclcpp_minimal_composition/share/examples_rclcpp_minimal_composition/package.zsh'
[5.546s] Level 1:colcon.colcon_core.environment:create_file_with_runtime_dependencies(/home/zhang/rosprc_ws/install/examples_rclcpp_minimal_composition/share/colcon-core/packages/examples_rclcpp_minimal_composition)
[5.546s] Level 1:colcon.colcon_core.environment:create_environment_scripts_only(examples_rclcpp_multithreaded_executor)
[5.547s] Level 1:colcon.colcon_core.environment:checking '/home/zhang/rosprc_ws/install/examples_rclcpp_multithreaded_executor' for CMake module files
[5.549s] DEBUG:colcon.colcon_core.event_handler.log_command:Invoked command in '/home/zhang/rosprc_ws/build/examples_rclcpp_multithreaded_executor' returned '0': CMAKE_PREFIX_PATH=${CMAKE_PREFIX_PATH}:/opt/ros/jazzy /usr/bin/cmake --install /home/zhang/rosprc_ws/build/examples_rclcpp_multithreaded_executor
[5.551s] Level 1:colcon.colcon_core.environment:checking '/home/zhang/rosprc_ws/install/examples_rclcpp_multithreaded_executor' for CMake config files
[5.554s] Level 1:colcon.colcon_core.shell:create_environment_hook('examples_rclcpp_multithreaded_executor', 'cmake_prefix_path')
[5.555s] INFO:colcon.colcon_core.shell:Creating environment hook '/home/zhang/rosprc_ws/install/examples_rclcpp_multithreaded_executor/share/examples_rclcpp_multithreaded_executor/hook/cmake_prefix_path.ps1'
[5.556s] INFO:colcon.colcon_core.shell:Creating environment descriptor '/home/zhang/rosprc_ws/install/examples_rclcpp_multithreaded_executor/share/examples_rclcpp_multithreaded_executor/hook/cmake_prefix_path.dsv'
[5.556s] INFO:colcon.colcon_core.shell:Creating environment hook '/home/zhang/rosprc_ws/install/examples_rclcpp_multithreaded_executor/share/examples_rclcpp_multithreaded_executor/hook/cmake_prefix_path.sh'
[5.557s] Level 1:colcon.colcon_core.environment:checking '/home/zhang/rosprc_ws/install/examples_rclcpp_multithreaded_executor/lib'
[5.557s] Level 1:colcon.colcon_core.environment:checking '/home/zhang/rosprc_ws/install/examples_rclcpp_multithreaded_executor/bin'
[5.558s] Level 1:colcon.colcon_core.environment:checking '/home/zhang/rosprc_ws/install/examples_rclcpp_multithreaded_executor/lib/pkgconfig/examples_rclcpp_multithreaded_executor.pc'
[5.558s] Level 1:colcon.colcon_core.environment:checking '/home/zhang/rosprc_ws/install/examples_rclcpp_multithreaded_executor/lib/python3.12/site-packages'
[5.558s] Level 1:colcon.colcon_core.environment:checking '/home/zhang/rosprc_ws/install/examples_rclcpp_multithreaded_executor/bin'
[5.559s] INFO:colcon.colcon_core.shell:Creating package script '/home/zhang/rosprc_ws/install/examples_rclcpp_multithreaded_executor/share/examples_rclcpp_multithreaded_executor/package.ps1'
[5.559s] INFO:colcon.colcon_core.shell:Creating package descriptor '/home/zhang/rosprc_ws/install/examples_rclcpp_multithreaded_executor/share/examples_rclcpp_multithreaded_executor/package.dsv'
[5.560s] INFO:colcon.colcon_core.shell:Creating package script '/home/zhang/rosprc_ws/install/examples_rclcpp_multithreaded_executor/share/examples_rclcpp_multithreaded_executor/package.sh'
[5.561s] INFO:colcon.colcon_core.shell:Creating package script '/home/zhang/rosprc_ws/install/examples_rclcpp_multithreaded_executor/share/examples_rclcpp_multithreaded_executor/package.bash'
[5.561s] INFO:colcon.colcon_core.shell:Creating package script '/home/zhang/rosprc_ws/install/examples_rclcpp_multithreaded_executor/share/examples_rclcpp_multithreaded_executor/package.zsh'
[5.562s] Level 1:colcon.colcon_core.environment:create_file_with_runtime_dependencies(/home/zhang/rosprc_ws/install/examples_rclcpp_multithreaded_executor/share/colcon-core/packages/examples_rclcpp_multithreaded_executor)
[5.562s] Level 1:colcon.colcon_core.environment:create_environment_scripts_only(examples_rclcpp_multithreaded_executor)
[5.562s] Level 1:colcon.colcon_core.environment:checking '/home/zhang/rosprc_ws/install/examples_rclcpp_multithreaded_executor' for CMake module files
[5.563s] Level 1:colcon.colcon_core.environment:checking '/home/zhang/rosprc_ws/install/examples_rclcpp_multithreaded_executor' for CMake config files
[5.563s] Level 1:colcon.colcon_core.shell:create_environment_hook('examples_rclcpp_multithreaded_executor', 'cmake_prefix_path')
[5.564s] INFO:colcon.colcon_core.shell:Creating environment hook '/home/zhang/rosprc_ws/install/examples_rclcpp_multithreaded_executor/share/examples_rclcpp_multithreaded_executor/hook/cmake_prefix_path.ps1'
[5.564s] INFO:colcon.colcon_core.shell:Creating environment descriptor '/home/zhang/rosprc_ws/install/examples_rclcpp_multithreaded_executor/share/examples_rclcpp_multithreaded_executor/hook/cmake_prefix_path.dsv'
[5.565s] INFO:colcon.colcon_core.shell:Creating environment hook '/home/zhang/rosprc_ws/install/examples_rclcpp_multithreaded_executor/share/examples_rclcpp_multithreaded_executor/hook/cmake_prefix_path.sh'
[5.566s] Level 1:colcon.colcon_core.environment:checking '/home/zhang/rosprc_ws/install/examples_rclcpp_multithreaded_executor/lib'
[5.566s] Level 1:colcon.colcon_core.environment:checking '/home/zhang/rosprc_ws/install/examples_rclcpp_multithreaded_executor/bin'
[5.566s] Level 1:colcon.colcon_core.environment:checking '/home/zhang/rosprc_ws/install/examples_rclcpp_multithreaded_executor/lib/pkgconfig/examples_rclcpp_multithreaded_executor.pc'
[5.566s] Level 1:colcon.colcon_core.environment:checking '/home/zhang/rosprc_ws/install/examples_rclcpp_multithreaded_executor/lib/python3.12/site-packages'
[5.567s] Level 1:colcon.colcon_core.environment:checking '/home/zhang/rosprc_ws/install/examples_rclcpp_multithreaded_executor/bin'
[5.567s] INFO:colcon.colcon_core.shell:Creating package script '/home/zhang/rosprc_ws/install/examples_rclcpp_multithreaded_executor/share/examples_rclcpp_multithreaded_executor/package.ps1'
[5.568s] INFO:colcon.colcon_core.shell:Creating package descriptor '/home/zhang/rosprc_ws/install/examples_rclcpp_multithreaded_executor/share/examples_rclcpp_multithreaded_executor/package.dsv'
[5.569s] INFO:colcon.colcon_core.shell:Creating package script '/home/zhang/rosprc_ws/install/examples_rclcpp_multithreaded_executor/share/examples_rclcpp_multithreaded_executor/package.sh'
[5.569s] INFO:colcon.colcon_core.shell:Creating package script '/home/zhang/rosprc_ws/install/examples_rclcpp_multithreaded_executor/share/examples_rclcpp_multithreaded_executor/package.bash'
[5.570s] INFO:colcon.colcon_core.shell:Creating package script '/home/zhang/rosprc_ws/install/examples_rclcpp_multithreaded_executor/share/examples_rclcpp_multithreaded_executor/package.zsh'
[5.570s] Level 1:colcon.colcon_core.environment:create_file_with_runtime_dependencies(/home/zhang/rosprc_ws/install/examples_rclcpp_multithreaded_executor/share/colcon-core/packages/examples_rclcpp_multithreaded_executor)
[5.571s] Level 1:colcon.colcon_core.environment:create_environment_scripts_only(examples_rclcpp_minimal_service)
[5.572s] Level 1:colcon.colcon_core.environment:checking '/home/zhang/rosprc_ws/install/examples_rclcpp_minimal_service' for CMake module files
[5.573s] DEBUG:colcon.colcon_core.event_handler.log_command:Invoked command in '/home/zhang/rosprc_ws/build/examples_rclcpp_minimal_service' returned '0': CMAKE_PREFIX_PATH=${CMAKE_PREFIX_PATH}:/opt/ros/jazzy /usr/bin/cmake --install /home/zhang/rosprc_ws/build/examples_rclcpp_minimal_service
[5.576s] Level 1:colcon.colcon_core.environment:checking '/home/zhang/rosprc_ws/install/examples_rclcpp_minimal_service' for CMake config files
[5.577s] Level 1:colcon.colcon_core.shell:create_environment_hook('examples_rclcpp_minimal_service', 'cmake_prefix_path')
[5.577s] INFO:colcon.colcon_core.shell:Creating environment hook '/home/zhang/rosprc_ws/install/examples_rclcpp_minimal_service/share/examples_rclcpp_minimal_service/hook/cmake_prefix_path.ps1'
[5.578s] INFO:colcon.colcon_core.shell:Creating environment descriptor '/home/zhang/rosprc_ws/install/examples_rclcpp_minimal_service/share/examples_rclcpp_minimal_service/hook/cmake_prefix_path.dsv'
[5.579s] INFO:colcon.colcon_core.shell:Creating environment hook '/home/zhang/rosprc_ws/install/examples_rclcpp_minimal_service/share/examples_rclcpp_minimal_service/hook/cmake_prefix_path.sh'
[5.580s] Level 1:colcon.colcon_core.environment:checking '/home/zhang/rosprc_ws/install/examples_rclcpp_minimal_service/lib'
[5.580s] Level 1:colcon.colcon_core.environment:checking '/home/zhang/rosprc_ws/install/examples_rclcpp_minimal_service/bin'
[5.580s] Level 1:colcon.colcon_core.environment:checking '/home/zhang/rosprc_ws/install/examples_rclcpp_minimal_service/lib/pkgconfig/examples_rclcpp_minimal_service.pc'
[5.581s] Level 1:colcon.colcon_core.environment:checking '/home/zhang/rosprc_ws/install/examples_rclcpp_minimal_service/lib/python3.12/site-packages'
[5.581s] Level 1:colcon.colcon_core.environment:checking '/home/zhang/rosprc_ws/install/examples_rclcpp_minimal_service/bin'
[5.582s] INFO:colcon.colcon_core.shell:Creating package script '/home/zhang/rosprc_ws/install/examples_rclcpp_minimal_service/share/examples_rclcpp_minimal_service/package.ps1'
[5.583s] INFO:colcon.colcon_core.shell:Creating package descriptor '/home/zhang/rosprc_ws/install/examples_rclcpp_minimal_service/share/examples_rclcpp_minimal_service/package.dsv'
[5.583s] INFO:colcon.colcon_core.shell:Creating package script '/home/zhang/rosprc_ws/install/examples_rclcpp_minimal_service/share/examples_rclcpp_minimal_service/package.sh'
[5.584s] INFO:colcon.colcon_core.shell:Creating package script '/home/zhang/rosprc_ws/install/examples_rclcpp_minimal_service/share/examples_rclcpp_minimal_service/package.bash'
[5.584s] INFO:colcon.colcon_core.shell:Creating package script '/home/zhang/rosprc_ws/install/examples_rclcpp_minimal_service/share/examples_rclcpp_minimal_service/package.zsh'
[5.585s] Level 1:colcon.colcon_core.environment:create_file_with_runtime_dependencies(/home/zhang/rosprc_ws/install/examples_rclcpp_minimal_service/share/colcon-core/packages/examples_rclcpp_minimal_service)
[5.586s] Level 1:colcon.colcon_core.environment:create_environment_scripts_only(examples_rclcpp_minimal_service)
[5.586s] Level 1:colcon.colcon_core.environment:checking '/home/zhang/rosprc_ws/install/examples_rclcpp_minimal_service' for CMake module files
[5.589s] Level 1:colcon.colcon_core.environment:checking '/home/zhang/rosprc_ws/install/examples_rclcpp_minimal_service' for CMake config files
[5.589s] Level 1:colcon.colcon_core.shell:create_environment_hook('examples_rclcpp_minimal_service', 'cmake_prefix_path')
[5.589s] INFO:colcon.colcon_core.shell:Creating environment hook '/home/zhang/rosprc_ws/install/examples_rclcpp_minimal_service/share/examples_rclcpp_minimal_service/hook/cmake_prefix_path.ps1'
[5.590s] INFO:colcon.colcon_core.shell:Creating environment descriptor '/home/zhang/rosprc_ws/install/examples_rclcpp_minimal_service/share/examples_rclcpp_minimal_service/hook/cmake_prefix_path.dsv'
[5.591s] INFO:colcon.colcon_core.shell:Creating environment hook '/home/zhang/rosprc_ws/install/examples_rclcpp_minimal_service/share/examples_rclcpp_minimal_service/hook/cmake_prefix_path.sh'
[5.592s] Level 1:colcon.colcon_core.environment:checking '/home/zhang/rosprc_ws/install/examples_rclcpp_minimal_service/lib'
[5.592s] Level 1:colcon.colcon_core.environment:checking '/home/zhang/rosprc_ws/install/examples_rclcpp_minimal_service/bin'
[5.592s] Level 1:colcon.colcon_core.environment:checking '/home/zhang/rosprc_ws/install/examples_rclcpp_minimal_service/lib/pkgconfig/examples_rclcpp_minimal_service.pc'
[5.593s] Level 1:colcon.colcon_core.environment:checking '/home/zhang/rosprc_ws/install/examples_rclcpp_minimal_service/lib/python3.12/site-packages'
[5.593s] Level 1:colcon.colcon_core.environment:checking '/home/zhang/rosprc_ws/install/examples_rclcpp_minimal_service/bin'
[5.593s] INFO:colcon.colcon_core.shell:Creating package script '/home/zhang/rosprc_ws/install/examples_rclcpp_minimal_service/share/examples_rclcpp_minimal_service/package.ps1'
[5.595s] INFO:colcon.colcon_core.shell:Creating package descriptor '/home/zhang/rosprc_ws/install/examples_rclcpp_minimal_service/share/examples_rclcpp_minimal_service/package.dsv'
[5.595s] INFO:colcon.colcon_core.shell:Creating package script '/home/zhang/rosprc_ws/install/examples_rclcpp_minimal_service/share/examples_rclcpp_minimal_service/package.sh'
[5.596s] INFO:colcon.colcon_core.shell:Creating package script '/home/zhang/rosprc_ws/install/examples_rclcpp_minimal_service/share/examples_rclcpp_minimal_service/package.bash'
[5.597s] INFO:colcon.colcon_core.shell:Creating package script '/home/zhang/rosprc_ws/install/examples_rclcpp_minimal_service/share/examples_rclcpp_minimal_service/package.zsh'
[5.597s] Level 1:colcon.colcon_core.environment:create_file_with_runtime_dependencies(/home/zhang/rosprc_ws/install/examples_rclcpp_minimal_service/share/colcon-core/packages/examples_rclcpp_minimal_service)
[5.600s] Level 1:colcon.colcon_core.environment:create_environment_scripts_only(examples_rclcpp_minimal_publisher)
[5.601s] Level 1:colcon.colcon_core.environment:checking '/home/zhang/rosprc_ws/install/examples_rclcpp_minimal_publisher' for CMake module files
[5.602s] DEBUG:colcon.colcon_core.event_handler.log_command:Invoked command in '/home/zhang/rosprc_ws/build/examples_rclcpp_minimal_publisher' returned '0': CMAKE_PREFIX_PATH=${CMAKE_PREFIX_PATH}:/opt/ros/jazzy /usr/bin/cmake --install /home/zhang/rosprc_ws/build/examples_rclcpp_minimal_publisher
[5.605s] Level 1:colcon.colcon_core.environment:checking '/home/zhang/rosprc_ws/install/examples_rclcpp_minimal_publisher' for CMake config files
[5.608s] Level 1:colcon.colcon_core.shell:create_environment_hook('examples_rclcpp_minimal_publisher', 'cmake_prefix_path')
[5.608s] INFO:colcon.colcon_core.shell:Creating environment hook '/home/zhang/rosprc_ws/install/examples_rclcpp_minimal_publisher/share/examples_rclcpp_minimal_publisher/hook/cmake_prefix_path.ps1'
[5.609s] INFO:colcon.colcon_core.shell:Creating environment descriptor '/home/zhang/rosprc_ws/install/examples_rclcpp_minimal_publisher/share/examples_rclcpp_minimal_publisher/hook/cmake_prefix_path.dsv'
[5.609s] INFO:colcon.colcon_core.shell:Creating environment hook '/home/zhang/rosprc_ws/install/examples_rclcpp_minimal_publisher/share/examples_rclcpp_minimal_publisher/hook/cmake_prefix_path.sh'
[5.611s] Level 1:colcon.colcon_core.environment:checking '/home/zhang/rosprc_ws/install/examples_rclcpp_minimal_publisher/lib'
[5.611s] Level 1:colcon.colcon_core.environment:checking '/home/zhang/rosprc_ws/install/examples_rclcpp_minimal_publisher/bin'
[5.611s] Level 1:colcon.colcon_core.environment:checking '/home/zhang/rosprc_ws/install/examples_rclcpp_minimal_publisher/lib/pkgconfig/examples_rclcpp_minimal_publisher.pc'
[5.611s] Level 1:colcon.colcon_core.environment:checking '/home/zhang/rosprc_ws/install/examples_rclcpp_minimal_publisher/lib/python3.12/site-packages'
[5.612s] Level 1:colcon.colcon_core.environment:checking '/home/zhang/rosprc_ws/install/examples_rclcpp_minimal_publisher/bin'
[5.612s] INFO:colcon.colcon_core.shell:Creating package script '/home/zhang/rosprc_ws/install/examples_rclcpp_minimal_publisher/share/examples_rclcpp_minimal_publisher/package.ps1'
[5.613s] INFO:colcon.colcon_core.shell:Creating package descriptor '/home/zhang/rosprc_ws/install/examples_rclcpp_minimal_publisher/share/examples_rclcpp_minimal_publisher/package.dsv'
[5.614s] INFO:colcon.colcon_core.shell:Creating package script '/home/zhang/rosprc_ws/install/examples_rclcpp_minimal_publisher/share/examples_rclcpp_minimal_publisher/package.sh'
[5.614s] INFO:colcon.colcon_core.shell:Creating package script '/home/zhang/rosprc_ws/install/examples_rclcpp_minimal_publisher/share/examples_rclcpp_minimal_publisher/package.bash'
[5.615s] INFO:colcon.colcon_core.shell:Creating package script '/home/zhang/rosprc_ws/install/examples_rclcpp_minimal_publisher/share/examples_rclcpp_minimal_publisher/package.zsh'
[5.615s] Level 1:colcon.colcon_core.environment:create_file_with_runtime_dependencies(/home/zhang/rosprc_ws/install/examples_rclcpp_minimal_publisher/share/colcon-core/packages/examples_rclcpp_minimal_publisher)
[5.616s] Level 1:colcon.colcon_core.environment:create_environment_scripts_only(examples_rclcpp_minimal_publisher)
[5.616s] Level 1:colcon.colcon_core.environment:checking '/home/zhang/rosprc_ws/install/examples_rclcpp_minimal_publisher' for CMake module files
[5.617s] Level 1:colcon.colcon_core.environment:checking '/home/zhang/rosprc_ws/install/examples_rclcpp_minimal_publisher' for CMake config files
[5.617s] Level 1:colcon.colcon_core.shell:create_environment_hook('examples_rclcpp_minimal_publisher', 'cmake_prefix_path')
[5.618s] INFO:colcon.colcon_core.shell:Creating environment hook '/home/zhang/rosprc_ws/install/examples_rclcpp_minimal_publisher/share/examples_rclcpp_minimal_publisher/hook/cmake_prefix_path.ps1'
[5.619s] INFO:colcon.colcon_core.shell:Creating environment descriptor '/home/zhang/rosprc_ws/install/examples_rclcpp_minimal_publisher/share/examples_rclcpp_minimal_publisher/hook/cmake_prefix_path.dsv'
[5.619s] INFO:colcon.colcon_core.shell:Creating environment hook '/home/zhang/rosprc_ws/install/examples_rclcpp_minimal_publisher/share/examples_rclcpp_minimal_publisher/hook/cmake_prefix_path.sh'
[5.621s] Level 1:colcon.colcon_core.environment:checking '/home/zhang/rosprc_ws/install/examples_rclcpp_minimal_publisher/lib'
[5.621s] Level 1:colcon.colcon_core.environment:checking '/home/zhang/rosprc_ws/install/examples_rclcpp_minimal_publisher/bin'
[5.621s] Level 1:colcon.colcon_core.environment:checking '/home/zhang/rosprc_ws/install/examples_rclcpp_minimal_publisher/lib/pkgconfig/examples_rclcpp_minimal_publisher.pc'
[5.622s] Level 1:colcon.colcon_core.environment:checking '/home/zhang/rosprc_ws/install/examples_rclcpp_minimal_publisher/lib/python3.12/site-packages'
[5.623s] Level 1:colcon.colcon_core.environment:checking '/home/zhang/rosprc_ws/install/examples_rclcpp_minimal_publisher/bin'
[5.623s] INFO:colcon.colcon_core.shell:Creating package script '/home/zhang/rosprc_ws/install/examples_rclcpp_minimal_publisher/share/examples_rclcpp_minimal_publisher/package.ps1'
[5.624s] INFO:colcon.colcon_core.shell:Creating package descriptor '/home/zhang/rosprc_ws/install/examples_rclcpp_minimal_publisher/share/examples_rclcpp_minimal_publisher/package.dsv'
[5.625s] INFO:colcon.colcon_core.shell:Creating package script '/home/zhang/rosprc_ws/install/examples_rclcpp_minimal_publisher/share/examples_rclcpp_minimal_publisher/package.sh'
[5.626s] INFO:colcon.colcon_core.shell:Creating package script '/home/zhang/rosprc_ws/install/examples_rclcpp_minimal_publisher/share/examples_rclcpp_minimal_publisher/package.bash'
[5.627s] INFO:colcon.colcon_core.shell:Creating package script '/home/zhang/rosprc_ws/install/examples_rclcpp_minimal_publisher/share/examples_rclcpp_minimal_publisher/package.zsh'
[5.628s] Level 1:colcon.colcon_core.environment:create_file_with_runtime_dependencies(/home/zhang/rosprc_ws/install/examples_rclcpp_minimal_publisher/share/colcon-core/packages/examples_rclcpp_minimal_publisher)
[5.630s] Level 1:colcon.colcon_core.environment:create_environment_scripts_only(examples_rclcpp_minimal_timer)
[5.631s] Level 1:colcon.colcon_core.environment:checking '/home/zhang/rosprc_ws/install/examples_rclcpp_minimal_timer' for CMake module files
[5.633s] DEBUG:colcon.colcon_core.event_handler.log_command:Invoked command in '/home/zhang/rosprc_ws/build/examples_rclcpp_minimal_timer' returned '0': CMAKE_PREFIX_PATH=${CMAKE_PREFIX_PATH}:/opt/ros/jazzy /usr/bin/cmake --install /home/zhang/rosprc_ws/build/examples_rclcpp_minimal_timer
[5.638s] Level 1:colcon.colcon_core.environment:checking '/home/zhang/rosprc_ws/install/examples_rclcpp_minimal_timer' for CMake config files
[5.639s] Level 1:colcon.colcon_core.shell:create_environment_hook('examples_rclcpp_minimal_timer', 'cmake_prefix_path')
[5.639s] INFO:colcon.colcon_core.shell:Creating environment hook '/home/zhang/rosprc_ws/install/examples_rclcpp_minimal_timer/share/examples_rclcpp_minimal_timer/hook/cmake_prefix_path.ps1'
[5.641s] INFO:colcon.colcon_core.shell:Creating environment descriptor '/home/zhang/rosprc_ws/install/examples_rclcpp_minimal_timer/share/examples_rclcpp_minimal_timer/hook/cmake_prefix_path.dsv'
[5.642s] INFO:colcon.colcon_core.shell:Creating environment hook '/home/zhang/rosprc_ws/install/examples_rclcpp_minimal_timer/share/examples_rclcpp_minimal_timer/hook/cmake_prefix_path.sh'
[5.644s] Level 1:colcon.colcon_core.environment:checking '/home/zhang/rosprc_ws/install/examples_rclcpp_minimal_timer/lib'
[5.644s] Level 1:colcon.colcon_core.environment:checking '/home/zhang/rosprc_ws/install/examples_rclcpp_minimal_timer/bin'
[5.644s] Level 1:colcon.colcon_core.environment:checking '/home/zhang/rosprc_ws/install/examples_rclcpp_minimal_timer/lib/pkgconfig/examples_rclcpp_minimal_timer.pc'
[5.645s] Level 1:colcon.colcon_core.environment:checking '/home/zhang/rosprc_ws/install/examples_rclcpp_minimal_timer/lib/python3.12/site-packages'
[5.646s] Level 1:colcon.colcon_core.environment:checking '/home/zhang/rosprc_ws/install/examples_rclcpp_minimal_timer/bin'
[5.647s] INFO:colcon.colcon_core.shell:Creating package script '/home/zhang/rosprc_ws/install/examples_rclcpp_minimal_timer/share/examples_rclcpp_minimal_timer/package.ps1'
[5.649s] INFO:colcon.colcon_core.shell:Creating package descriptor '/home/zhang/rosprc_ws/install/examples_rclcpp_minimal_timer/share/examples_rclcpp_minimal_timer/package.dsv'
[5.650s] INFO:colcon.colcon_core.shell:Creating package script '/home/zhang/rosprc_ws/install/examples_rclcpp_minimal_timer/share/examples_rclcpp_minimal_timer/package.sh'
[5.651s] INFO:colcon.colcon_core.shell:Creating package script '/home/zhang/rosprc_ws/install/examples_rclcpp_minimal_timer/share/examples_rclcpp_minimal_timer/package.bash'
[5.652s] INFO:colcon.colcon_core.shell:Creating package script '/home/zhang/rosprc_ws/install/examples_rclcpp_minimal_timer/share/examples_rclcpp_minimal_timer/package.zsh'
[5.653s] Level 1:colcon.colcon_core.environment:create_file_with_runtime_dependencies(/home/zhang/rosprc_ws/install/examples_rclcpp_minimal_timer/share/colcon-core/packages/examples_rclcpp_minimal_timer)
[5.654s] Level 1:colcon.colcon_core.environment:create_environment_scripts_only(examples_rclcpp_minimal_timer)
[5.655s] Level 1:colcon.colcon_core.environment:checking '/home/zhang/rosprc_ws/install/examples_rclcpp_minimal_timer' for CMake module files
[5.656s] Level 1:colcon.colcon_core.environment:checking '/home/zhang/rosprc_ws/install/examples_rclcpp_minimal_timer' for CMake config files
[5.657s] Level 1:colcon.colcon_core.shell:create_environment_hook('examples_rclcpp_minimal_timer', 'cmake_prefix_path')
[5.657s] INFO:colcon.colcon_core.shell:Creating environment hook '/home/zhang/rosprc_ws/install/examples_rclcpp_minimal_timer/share/examples_rclcpp_minimal_timer/hook/cmake_prefix_path.ps1'
[5.659s] INFO:colcon.colcon_core.shell:Creating environment descriptor '/home/zhang/rosprc_ws/install/examples_rclcpp_minimal_timer/share/examples_rclcpp_minimal_timer/hook/cmake_prefix_path.dsv'
[5.660s] INFO:colcon.colcon_core.shell:Creating environment hook '/home/zhang/rosprc_ws/install/examples_rclcpp_minimal_timer/share/examples_rclcpp_minimal_timer/hook/cmake_prefix_path.sh'
[5.662s] Level 1:colcon.colcon_core.environment:checking '/home/zhang/rosprc_ws/install/examples_rclcpp_minimal_timer/lib'
[5.663s] Level 1:colcon.colcon_core.environment:checking '/home/zhang/rosprc_ws/install/examples_rclcpp_minimal_timer/bin'
[5.663s] Level 1:colcon.colcon_core.environment:checking '/home/zhang/rosprc_ws/install/examples_rclcpp_minimal_timer/lib/pkgconfig/examples_rclcpp_minimal_timer.pc'
[5.663s] Level 1:colcon.colcon_core.environment:checking '/home/zhang/rosprc_ws/install/examples_rclcpp_minimal_timer/lib/python3.12/site-packages'
[5.664s] Level 1:colcon.colcon_core.environment:checking '/home/zhang/rosprc_ws/install/examples_rclcpp_minimal_timer/bin'
[5.665s] INFO:colcon.colcon_core.shell:Creating package script '/home/zhang/rosprc_ws/install/examples_rclcpp_minimal_timer/share/examples_rclcpp_minimal_timer/package.ps1'
[5.667s] INFO:colcon.colcon_core.shell:Creating package descriptor '/home/zhang/rosprc_ws/install/examples_rclcpp_minimal_timer/share/examples_rclcpp_minimal_timer/package.dsv'
[5.669s] INFO:colcon.colcon_core.shell:Creating package script '/home/zhang/rosprc_ws/install/examples_rclcpp_minimal_timer/share/examples_rclcpp_minimal_timer/package.sh'
[5.669s] INFO:colcon.colcon_core.shell:Creating package script '/home/zhang/rosprc_ws/install/examples_rclcpp_minimal_timer/share/examples_rclcpp_minimal_timer/package.bash'
[5.671s] INFO:colcon.colcon_core.shell:Creating package script '/home/zhang/rosprc_ws/install/examples_rclcpp_minimal_timer/share/examples_rclcpp_minimal_timer/package.zsh'
[5.672s] Level 1:colcon.colcon_core.environment:create_file_with_runtime_dependencies(/home/zhang/rosprc_ws/install/examples_rclcpp_minimal_timer/share/colcon-core/packages/examples_rclcpp_minimal_timer)
[5.673s] Level 1:colcon.colcon_core.environment:create_environment_scripts_only(examples_rclcpp_minimal_subscriber)
[5.675s] Level 1:colcon.colcon_core.environment:checking '/home/zhang/rosprc_ws/install/examples_rclcpp_minimal_subscriber' for CMake module files
[5.679s] DEBUG:colcon.colcon_core.event_handler.log_command:Invoked command in '/home/zhang/rosprc_ws/build/examples_rclcpp_minimal_subscriber' returned '0': CMAKE_PREFIX_PATH=${CMAKE_PREFIX_PATH}:/opt/ros/jazzy /usr/bin/cmake --install /home/zhang/rosprc_ws/build/examples_rclcpp_minimal_subscriber
[5.682s] Level 1:colcon.colcon_core.environment:checking '/home/zhang/rosprc_ws/install/examples_rclcpp_minimal_subscriber' for CMake config files
[5.689s] Level 1:colcon.colcon_core.shell:create_environment_hook('examples_rclcpp_minimal_subscriber', 'cmake_prefix_path')
[5.690s] INFO:colcon.colcon_core.shell:Creating environment hook '/home/zhang/rosprc_ws/install/examples_rclcpp_minimal_subscriber/share/examples_rclcpp_minimal_subscriber/hook/cmake_prefix_path.ps1'
[5.691s] INFO:colcon.colcon_core.shell:Creating environment descriptor '/home/zhang/rosprc_ws/install/examples_rclcpp_minimal_subscriber/share/examples_rclcpp_minimal_subscriber/hook/cmake_prefix_path.dsv'
[5.693s] INFO:colcon.colcon_core.shell:Creating environment hook '/home/zhang/rosprc_ws/install/examples_rclcpp_minimal_subscriber/share/examples_rclcpp_minimal_subscriber/hook/cmake_prefix_path.sh'
[5.694s] Level 1:colcon.colcon_core.environment:checking '/home/zhang/rosprc_ws/install/examples_rclcpp_minimal_subscriber/lib'
[5.695s] Level 1:colcon.colcon_core.shell:create_environment_hook('examples_rclcpp_minimal_subscriber', 'ld_library_path_lib')
[5.708s] INFO:colcon.colcon_core.shell:Creating environment hook '/home/zhang/rosprc_ws/install/examples_rclcpp_minimal_subscriber/share/examples_rclcpp_minimal_subscriber/hook/ld_library_path_lib.ps1'
[5.709s] INFO:colcon.colcon_core.shell:Creating environment descriptor '/home/zhang/rosprc_ws/install/examples_rclcpp_minimal_subscriber/share/examples_rclcpp_minimal_subscriber/hook/ld_library_path_lib.dsv'
[5.711s] INFO:colcon.colcon_core.shell:Creating environment hook '/home/zhang/rosprc_ws/install/examples_rclcpp_minimal_subscriber/share/examples_rclcpp_minimal_subscriber/hook/ld_library_path_lib.sh'
[5.712s] Level 1:colcon.colcon_core.environment:checking '/home/zhang/rosprc_ws/install/examples_rclcpp_minimal_subscriber/bin'
[5.712s] Level 1:colcon.colcon_core.environment:checking '/home/zhang/rosprc_ws/install/examples_rclcpp_minimal_subscriber/lib/pkgconfig/examples_rclcpp_minimal_subscriber.pc'
[5.713s] Level 1:colcon.colcon_core.environment:checking '/home/zhang/rosprc_ws/install/examples_rclcpp_minimal_subscriber/lib/python3.12/site-packages'
[5.714s] Level 1:colcon.colcon_core.environment:checking '/home/zhang/rosprc_ws/install/examples_rclcpp_minimal_subscriber/bin'
[5.715s] INFO:colcon.colcon_core.shell:Creating package script '/home/zhang/rosprc_ws/install/examples_rclcpp_minimal_subscriber/share/examples_rclcpp_minimal_subscriber/package.ps1'
[5.716s] INFO:colcon.colcon_core.shell:Creating package descriptor '/home/zhang/rosprc_ws/install/examples_rclcpp_minimal_subscriber/share/examples_rclcpp_minimal_subscriber/package.dsv'
[5.717s] INFO:colcon.colcon_core.shell:Creating package script '/home/zhang/rosprc_ws/install/examples_rclcpp_minimal_subscriber/share/examples_rclcpp_minimal_subscriber/package.sh'
[5.719s] INFO:colcon.colcon_core.shell:Creating package script '/home/zhang/rosprc_ws/install/examples_rclcpp_minimal_subscriber/share/examples_rclcpp_minimal_subscriber/package.bash'
[5.721s] INFO:colcon.colcon_core.shell:Creating package script '/home/zhang/rosprc_ws/install/examples_rclcpp_minimal_subscriber/share/examples_rclcpp_minimal_subscriber/package.zsh'
[5.722s] Level 1:colcon.colcon_core.environment:create_file_with_runtime_dependencies(/home/zhang/rosprc_ws/install/examples_rclcpp_minimal_subscriber/share/colcon-core/packages/examples_rclcpp_minimal_subscriber)
[5.724s] Level 1:colcon.colcon_core.environment:create_environment_scripts_only(examples_rclcpp_minimal_subscriber)
[5.724s] Level 1:colcon.colcon_core.environment:checking '/home/zhang/rosprc_ws/install/examples_rclcpp_minimal_subscriber' for CMake module files
[5.726s] Level 1:colcon.colcon_core.environment:checking '/home/zhang/rosprc_ws/install/examples_rclcpp_minimal_subscriber' for CMake config files
[5.727s] Level 1:colcon.colcon_core.shell:create_environment_hook('examples_rclcpp_minimal_subscriber', 'cmake_prefix_path')
[5.728s] INFO:colcon.colcon_core.shell:Creating environment hook '/home/zhang/rosprc_ws/install/examples_rclcpp_minimal_subscriber/share/examples_rclcpp_minimal_subscriber/hook/cmake_prefix_path.ps1'
[5.729s] INFO:colcon.colcon_core.shell:Creating environment descriptor '/home/zhang/rosprc_ws/install/examples_rclcpp_minimal_subscriber/share/examples_rclcpp_minimal_subscriber/hook/cmake_prefix_path.dsv'
[5.730s] INFO:colcon.colcon_core.shell:Creating environment hook '/home/zhang/rosprc_ws/install/examples_rclcpp_minimal_subscriber/share/examples_rclcpp_minimal_subscriber/hook/cmake_prefix_path.sh'
[5.732s] Level 1:colcon.colcon_core.environment:checking '/home/zhang/rosprc_ws/install/examples_rclcpp_minimal_subscriber/lib'
[5.732s] Level 1:colcon.colcon_core.shell:create_environment_hook('examples_rclcpp_minimal_subscriber', 'ld_library_path_lib')
[5.733s] INFO:colcon.colcon_core.shell:Creating environment hook '/home/zhang/rosprc_ws/install/examples_rclcpp_minimal_subscriber/share/examples_rclcpp_minimal_subscriber/hook/ld_library_path_lib.ps1'
[5.734s] INFO:colcon.colcon_core.shell:Creating environment descriptor '/home/zhang/rosprc_ws/install/examples_rclcpp_minimal_subscriber/share/examples_rclcpp_minimal_subscriber/hook/ld_library_path_lib.dsv'
[5.736s] INFO:colcon.colcon_core.shell:Creating environment hook '/home/zhang/rosprc_ws/install/examples_rclcpp_minimal_subscriber/share/examples_rclcpp_minimal_subscriber/hook/ld_library_path_lib.sh'
[5.737s] Level 1:colcon.colcon_core.environment:checking '/home/zhang/rosprc_ws/install/examples_rclcpp_minimal_subscriber/bin'
[5.738s] Level 1:colcon.colcon_core.environment:checking '/home/zhang/rosprc_ws/install/examples_rclcpp_minimal_subscriber/lib/pkgconfig/examples_rclcpp_minimal_subscriber.pc'
[5.739s] Level 1:colcon.colcon_core.environment:checking '/home/zhang/rosprc_ws/install/examples_rclcpp_minimal_subscriber/lib/python3.12/site-packages'
[5.740s] Level 1:colcon.colcon_core.environment:checking '/home/zhang/rosprc_ws/install/examples_rclcpp_minimal_subscriber/bin'
[5.741s] INFO:colcon.colcon_core.shell:Creating package script '/home/zhang/rosprc_ws/install/examples_rclcpp_minimal_subscriber/share/examples_rclcpp_minimal_subscriber/package.ps1'
[5.743s] INFO:colcon.colcon_core.shell:Creating package descriptor '/home/zhang/rosprc_ws/install/examples_rclcpp_minimal_subscriber/share/examples_rclcpp_minimal_subscriber/package.dsv'
[5.745s] INFO:colcon.colcon_core.shell:Creating package script '/home/zhang/rosprc_ws/install/examples_rclcpp_minimal_subscriber/share/examples_rclcpp_minimal_subscriber/package.sh'
[5.747s] INFO:colcon.colcon_core.shell:Creating package script '/home/zhang/rosprc_ws/install/examples_rclcpp_minimal_subscriber/share/examples_rclcpp_minimal_subscriber/package.bash'
[5.748s] INFO:colcon.colcon_core.shell:Creating package script '/home/zhang/rosprc_ws/install/examples_rclcpp_minimal_subscriber/share/examples_rclcpp_minimal_subscriber/package.zsh'
[5.750s] Level 1:colcon.colcon_core.environment:create_file_with_runtime_dependencies(/home/zhang/rosprc_ws/install/examples_rclcpp_minimal_subscriber/share/colcon-core/packages/examples_rclcpp_minimal_subscriber)
[5.752s] Level 1:colcon.colcon_core.environment:create_environment_scripts_only(examples_rclcpp_wait_set)
[5.753s] Level 1:colcon.colcon_core.environment:checking '/home/zhang/rosprc_ws/install/examples_rclcpp_wait_set' for CMake module files
[5.756s] DEBUG:colcon.colcon_core.event_handler.log_command:Invoked command in '/home/zhang/rosprc_ws/build/examples_rclcpp_wait_set' returned '0': CMAKE_PREFIX_PATH=${CMAKE_PREFIX_PATH}:/opt/ros/jazzy /usr/bin/cmake --install /home/zhang/rosprc_ws/build/examples_rclcpp_wait_set
[5.758s] Level 1:colcon.colcon_core.environment:checking '/home/zhang/rosprc_ws/install/examples_rclcpp_wait_set' for CMake config files
[5.762s] Level 1:colcon.colcon_core.shell:create_environment_hook('examples_rclcpp_wait_set', 'cmake_prefix_path')
[5.763s] INFO:colcon.colcon_core.shell:Creating environment hook '/home/zhang/rosprc_ws/install/examples_rclcpp_wait_set/share/examples_rclcpp_wait_set/hook/cmake_prefix_path.ps1'
[5.764s] INFO:colcon.colcon_core.shell:Creating environment descriptor '/home/zhang/rosprc_ws/install/examples_rclcpp_wait_set/share/examples_rclcpp_wait_set/hook/cmake_prefix_path.dsv'
[5.764s] INFO:colcon.colcon_core.shell:Creating environment hook '/home/zhang/rosprc_ws/install/examples_rclcpp_wait_set/share/examples_rclcpp_wait_set/hook/cmake_prefix_path.sh'
[5.765s] Level 1:colcon.colcon_core.environment:checking '/home/zhang/rosprc_ws/install/examples_rclcpp_wait_set/lib'
[5.765s] Level 1:colcon.colcon_core.shell:create_environment_hook('examples_rclcpp_wait_set', 'ld_library_path_lib')
[5.765s] INFO:colcon.colcon_core.shell:Creating environment hook '/home/zhang/rosprc_ws/install/examples_rclcpp_wait_set/share/examples_rclcpp_wait_set/hook/ld_library_path_lib.ps1'
[5.766s] INFO:colcon.colcon_core.shell:Creating environment descriptor '/home/zhang/rosprc_ws/install/examples_rclcpp_wait_set/share/examples_rclcpp_wait_set/hook/ld_library_path_lib.dsv'
[5.766s] INFO:colcon.colcon_core.shell:Creating environment hook '/home/zhang/rosprc_ws/install/examples_rclcpp_wait_set/share/examples_rclcpp_wait_set/hook/ld_library_path_lib.sh'
[5.767s] Level 1:colcon.colcon_core.environment:checking '/home/zhang/rosprc_ws/install/examples_rclcpp_wait_set/bin'
[5.767s] Level 1:colcon.colcon_core.environment:checking '/home/zhang/rosprc_ws/install/examples_rclcpp_wait_set/lib/pkgconfig/examples_rclcpp_wait_set.pc'
[5.767s] Level 1:colcon.colcon_core.environment:checking '/home/zhang/rosprc_ws/install/examples_rclcpp_wait_set/lib/python3.12/site-packages'
[5.768s] Level 1:colcon.colcon_core.environment:checking '/home/zhang/rosprc_ws/install/examples_rclcpp_wait_set/bin'
[5.768s] INFO:colcon.colcon_core.shell:Creating package script '/home/zhang/rosprc_ws/install/examples_rclcpp_wait_set/share/examples_rclcpp_wait_set/package.ps1'
[5.769s] INFO:colcon.colcon_core.shell:Creating package descriptor '/home/zhang/rosprc_ws/install/examples_rclcpp_wait_set/share/examples_rclcpp_wait_set/package.dsv'
[5.771s] INFO:colcon.colcon_core.shell:Creating package script '/home/zhang/rosprc_ws/install/examples_rclcpp_wait_set/share/examples_rclcpp_wait_set/package.sh'
[5.772s] INFO:colcon.colcon_core.shell:Creating package script '/home/zhang/rosprc_ws/install/examples_rclcpp_wait_set/share/examples_rclcpp_wait_set/package.bash'
[5.773s] INFO:colcon.colcon_core.shell:Creating package script '/home/zhang/rosprc_ws/install/examples_rclcpp_wait_set/share/examples_rclcpp_wait_set/package.zsh'
[5.773s] Level 1:colcon.colcon_core.environment:create_file_with_runtime_dependencies(/home/zhang/rosprc_ws/install/examples_rclcpp_wait_set/share/colcon-core/packages/examples_rclcpp_wait_set)
[5.774s] Level 1:colcon.colcon_core.environment:create_environment_scripts_only(examples_rclcpp_wait_set)
[5.775s] Level 1:colcon.colcon_core.environment:checking '/home/zhang/rosprc_ws/install/examples_rclcpp_wait_set' for CMake module files
[5.776s] Level 1:colcon.colcon_core.environment:checking '/home/zhang/rosprc_ws/install/examples_rclcpp_wait_set' for CMake config files
[5.776s] Level 1:colcon.colcon_core.shell:create_environment_hook('examples_rclcpp_wait_set', 'cmake_prefix_path')
[5.777s] INFO:colcon.colcon_core.shell:Creating environment hook '/home/zhang/rosprc_ws/install/examples_rclcpp_wait_set/share/examples_rclcpp_wait_set/hook/cmake_prefix_path.ps1'
[5.777s] INFO:colcon.colcon_core.shell:Creating environment descriptor '/home/zhang/rosprc_ws/install/examples_rclcpp_wait_set/share/examples_rclcpp_wait_set/hook/cmake_prefix_path.dsv'
[5.778s] INFO:colcon.colcon_core.shell:Creating environment hook '/home/zhang/rosprc_ws/install/examples_rclcpp_wait_set/share/examples_rclcpp_wait_set/hook/cmake_prefix_path.sh'
[5.779s] Level 1:colcon.colcon_core.environment:checking '/home/zhang/rosprc_ws/install/examples_rclcpp_wait_set/lib'
[5.779s] Level 1:colcon.colcon_core.shell:create_environment_hook('examples_rclcpp_wait_set', 'ld_library_path_lib')
[5.779s] INFO:colcon.colcon_core.shell:Creating environment hook '/home/zhang/rosprc_ws/install/examples_rclcpp_wait_set/share/examples_rclcpp_wait_set/hook/ld_library_path_lib.ps1'
[5.780s] INFO:colcon.colcon_core.shell:Creating environment descriptor '/home/zhang/rosprc_ws/install/examples_rclcpp_wait_set/share/examples_rclcpp_wait_set/hook/ld_library_path_lib.dsv'
[5.780s] INFO:colcon.colcon_core.shell:Creating environment hook '/home/zhang/rosprc_ws/install/examples_rclcpp_wait_set/share/examples_rclcpp_wait_set/hook/ld_library_path_lib.sh'
[5.781s] Level 1:colcon.colcon_core.environment:checking '/home/zhang/rosprc_ws/install/examples_rclcpp_wait_set/bin'
[5.781s] Level 1:colcon.colcon_core.environment:checking '/home/zhang/rosprc_ws/install/examples_rclcpp_wait_set/lib/pkgconfig/examples_rclcpp_wait_set.pc'
[5.781s] Level 1:colcon.colcon_core.environment:checking '/home/zhang/rosprc_ws/install/examples_rclcpp_wait_set/lib/python3.12/site-packages'
[5.782s] Level 1:colcon.colcon_core.environment:checking '/home/zhang/rosprc_ws/install/examples_rclcpp_wait_set/bin'
[5.783s] INFO:colcon.colcon_core.shell:Creating package script '/home/zhang/rosprc_ws/install/examples_rclcpp_wait_set/share/examples_rclcpp_wait_set/package.ps1'
[5.784s] INFO:colcon.colcon_core.shell:Creating package descriptor '/home/zhang/rosprc_ws/install/examples_rclcpp_wait_set/share/examples_rclcpp_wait_set/package.dsv'
[5.785s] INFO:colcon.colcon_core.shell:Creating package script '/home/zhang/rosprc_ws/install/examples_rclcpp_wait_set/share/examples_rclcpp_wait_set/package.sh'
[5.786s] INFO:colcon.colcon_core.shell:Creating package script '/home/zhang/rosprc_ws/install/examples_rclcpp_wait_set/share/examples_rclcpp_wait_set/package.bash'
[5.787s] INFO:colcon.colcon_core.shell:Creating package script '/home/zhang/rosprc_ws/install/examples_rclcpp_wait_set/share/examples_rclcpp_wait_set/package.zsh'
[5.787s] Level 1:colcon.colcon_core.environment:create_file_with_runtime_dependencies(/home/zhang/rosprc_ws/install/examples_rclcpp_wait_set/share/colcon-core/packages/examples_rclcpp_wait_set)
[5.788s] INFO:colcon.colcon_ros.task.ament_python.build:Building ROS package in '/home/zhang/rosprc_ws/src/examples/rclpy/topics/pointcloud_publisher' with build type 'ament_python'
[5.789s] Level 1:colcon.colcon_core.shell:create_environment_hook('examples_rclpy_pointcloud_publisher', 'ament_prefix_path')
[5.790s] INFO:colcon.colcon_core.shell:Creating environment hook '/home/zhang/rosprc_ws/install/examples_rclpy_pointcloud_publisher/share/examples_rclpy_pointcloud_publisher/hook/ament_prefix_path.ps1'
[5.791s] INFO:colcon.colcon_core.shell:Creating environment descriptor '/home/zhang/rosprc_ws/install/examples_rclpy_pointcloud_publisher/share/examples_rclpy_pointcloud_publisher/hook/ament_prefix_path.dsv'
[5.792s] INFO:colcon.colcon_core.shell:Creating environment hook '/home/zhang/rosprc_ws/install/examples_rclpy_pointcloud_publisher/share/examples_rclpy_pointcloud_publisher/hook/ament_prefix_path.sh'
[5.793s] INFO:colcon.colcon_core.shell:Skip shell extension 'powershell' for command environment: Not usable outside of PowerShell
[5.793s] DEBUG:colcon.colcon_core.shell:Skip shell extension 'dsv' for command environment
[5.798s] INFO:colcon.colcon_ros.task.ament_python.build:Building ROS package in '/home/zhang/rosprc_ws/src/examples/launch_testing/launch_testing_examples' with build type 'ament_python'
[5.798s] Level 1:colcon.colcon_core.shell:create_environment_hook('launch_testing_examples', 'ament_prefix_path')
[5.799s] INFO:colcon.colcon_core.shell:Creating environment hook '/home/zhang/rosprc_ws/install/launch_testing_examples/share/launch_testing_examples/hook/ament_prefix_path.ps1'
[5.800s] INFO:colcon.colcon_core.shell:Creating environment descriptor '/home/zhang/rosprc_ws/install/launch_testing_examples/share/launch_testing_examples/hook/ament_prefix_path.dsv'
[5.801s] INFO:colcon.colcon_core.shell:Creating environment hook '/home/zhang/rosprc_ws/install/launch_testing_examples/share/launch_testing_examples/hook/ament_prefix_path.sh'
[5.802s] INFO:colcon.colcon_core.shell:Skip shell extension 'powershell' for command environment: Not usable outside of PowerShell
[5.802s] DEBUG:colcon.colcon_core.shell:Skip shell extension 'dsv' for command environment
[5.806s] INFO:colcon.colcon_ros.task.ament_cmake.build:Building ROS package in '/home/zhang/rosprc_ws/src/more_interfaces' with build type 'ament_cmake'
[5.807s] INFO:colcon.colcon_cmake.task.cmake.build:Building CMake package in '/home/zhang/rosprc_ws/src/more_interfaces'
[5.807s] INFO:colcon.colcon_core.shell:Skip shell extension 'powershell' for command environment: Not usable outside of PowerShell
[5.807s] DEBUG:colcon.colcon_core.shell:Skip shell extension 'dsv' for command environment
[5.814s] INFO:colcon.colcon_ros.task.ament_cmake.build:Building ROS package in '/home/zhang/rosprc_ws/src/my_package' with build type 'ament_cmake'
[5.814s] INFO:colcon.colcon_cmake.task.cmake.build:Building CMake package in '/home/zhang/rosprc_ws/src/my_package'
[5.814s] INFO:colcon.colcon_core.shell:Skip shell extension 'powershell' for command environment: Not usable outside of PowerShell
[5.814s] DEBUG:colcon.colcon_core.shell:Skip shell extension 'dsv' for command environment
[5.820s] INFO:colcon.colcon_ros.task.ament_python.build:Building ROS package in '/home/zhang/rosprc_ws/src/py_pubsub' with build type 'ament_python'
[5.821s] Level 1:colcon.colcon_core.shell:create_environment_hook('py_pubsub', 'ament_prefix_path')
[5.821s] INFO:colcon.colcon_core.shell:Creating environment hook '/home/zhang/rosprc_ws/install/py_pubsub/share/py_pubsub/hook/ament_prefix_path.ps1'
[5.823s] INFO:colcon.colcon_core.shell:Creating environment descriptor '/home/zhang/rosprc_ws/install/py_pubsub/share/py_pubsub/hook/ament_prefix_path.dsv'
[5.823s] INFO:colcon.colcon_core.shell:Creating environment hook '/home/zhang/rosprc_ws/install/py_pubsub/share/py_pubsub/hook/ament_prefix_path.sh'
[5.824s] INFO:colcon.colcon_core.shell:Skip shell extension 'powershell' for command environment: Not usable outside of PowerShell
[5.825s] DEBUG:colcon.colcon_core.shell:Skip shell extension 'dsv' for command environment
[5.830s] INFO:colcon.colcon_ros.task.ament_python.build:Building ROS package in '/home/zhang/rosprc_ws/src/py_srvcli' with build type 'ament_python'
[5.830s] Level 1:colcon.colcon_core.shell:create_environment_hook('py_srvcli', 'ament_prefix_path')
[5.831s] INFO:colcon.colcon_core.shell:Creating environment hook '/home/zhang/rosprc_ws/install/py_srvcli/share/py_srvcli/hook/ament_prefix_path.ps1'
[5.832s] INFO:colcon.colcon_core.shell:Creating environment descriptor '/home/zhang/rosprc_ws/install/py_srvcli/share/py_srvcli/hook/ament_prefix_path.dsv'
[5.833s] INFO:colcon.colcon_core.shell:Creating environment hook '/home/zhang/rosprc_ws/install/py_srvcli/share/py_srvcli/hook/ament_prefix_path.sh'
[5.834s] INFO:colcon.colcon_core.shell:Skip shell extension 'powershell' for command environment: Not usable outside of PowerShell
[5.835s] DEBUG:colcon.colcon_core.shell:Skip shell extension 'dsv' for command environment
[5.840s] INFO:colcon.colcon_ros.task.ament_python.build:Building ROS package in '/home/zhang/rosprc_ws/src/python_parameters' with build type 'ament_python'
[5.840s] Level 1:colcon.colcon_core.shell:create_environment_hook('python_parameters', 'ament_prefix_path')
[5.841s] INFO:colcon.colcon_core.shell:Creating environment hook '/home/zhang/rosprc_ws/install/python_parameters/share/python_parameters/hook/ament_prefix_path.ps1'
[5.844s] INFO:colcon.colcon_core.shell:Creating environment descriptor '/home/zhang/rosprc_ws/install/python_parameters/share/python_parameters/hook/ament_prefix_path.dsv'
[5.844s] INFO:colcon.colcon_core.shell:Creating environment hook '/home/zhang/rosprc_ws/install/python_parameters/share/python_parameters/hook/ament_prefix_path.sh'
[5.845s] INFO:colcon.colcon_core.shell:Skip shell extension 'powershell' for command environment: Not usable outside of PowerShell
[5.845s] DEBUG:colcon.colcon_core.shell:Skip shell extension 'dsv' for command environment
[5.851s] INFO:colcon.colcon_ros.task.ament_cmake.build:Building ROS package in '/home/zhang/rosprc_ws/src/ros_tutorials/turtlesim' with build type 'ament_cmake'
[5.851s] INFO:colcon.colcon_cmake.task.cmake.build:Building CMake package in '/home/zhang/rosprc_ws/src/ros_tutorials/turtlesim'
[5.852s] INFO:colcon.colcon_core.shell:Skip shell extension 'powershell' for command environment: Not usable outside of PowerShell
[5.852s] DEBUG:colcon.colcon_core.shell:Skip shell extension 'dsv' for command environment
[5.858s] Level 1:colcon.colcon_core.environment:create_environment_scripts_only(tutorial_interfaces)
[5.859s] Level 1:colcon.colcon_core.environment:checking '/home/zhang/rosprc_ws/install/tutorial_interfaces' for CMake module files
[5.861s] DEBUG:colcon.colcon_core.event_handler.log_command:Invoked command in '/home/zhang/rosprc_ws/build/tutorial_interfaces' returned '0': CMAKE_PREFIX_PATH=${CMAKE_PREFIX_PATH}:/opt/ros/jazzy /usr/bin/cmake --install /home/zhang/rosprc_ws/build/tutorial_interfaces
[5.864s] Level 1:colcon.colcon_core.environment:checking '/home/zhang/rosprc_ws/install/tutorial_interfaces' for CMake config files
[5.866s] Level 1:colcon.colcon_core.shell:create_environment_hook('tutorial_interfaces', 'cmake_prefix_path')
[5.866s] INFO:colcon.colcon_core.shell:Creating environment hook '/home/zhang/rosprc_ws/install/tutorial_interfaces/share/tutorial_interfaces/hook/cmake_prefix_path.ps1'
[5.867s] INFO:colcon.colcon_core.shell:Creating environment descriptor '/home/zhang/rosprc_ws/install/tutorial_interfaces/share/tutorial_interfaces/hook/cmake_prefix_path.dsv'
[5.868s] INFO:colcon.colcon_core.shell:Creating environment hook '/home/zhang/rosprc_ws/install/tutorial_interfaces/share/tutorial_interfaces/hook/cmake_prefix_path.sh'
[5.869s] Level 1:colcon.colcon_core.environment:checking '/home/zhang/rosprc_ws/install/tutorial_interfaces/lib'
[5.869s] Level 1:colcon.colcon_core.shell:create_environment_hook('tutorial_interfaces', 'ld_library_path_lib')
[5.870s] INFO:colcon.colcon_core.shell:Creating environment hook '/home/zhang/rosprc_ws/install/tutorial_interfaces/share/tutorial_interfaces/hook/ld_library_path_lib.ps1'
[5.871s] INFO:colcon.colcon_core.shell:Creating environment descriptor '/home/zhang/rosprc_ws/install/tutorial_interfaces/share/tutorial_interfaces/hook/ld_library_path_lib.dsv'
[5.871s] INFO:colcon.colcon_core.shell:Creating environment hook '/home/zhang/rosprc_ws/install/tutorial_interfaces/share/tutorial_interfaces/hook/ld_library_path_lib.sh'
[5.872s] Level 1:colcon.colcon_core.environment:checking '/home/zhang/rosprc_ws/install/tutorial_interfaces/bin'
[5.873s] Level 1:colcon.colcon_core.environment:checking '/home/zhang/rosprc_ws/install/tutorial_interfaces/lib/pkgconfig/tutorial_interfaces.pc'
[5.873s] Level 1:colcon.colcon_core.environment:checking '/home/zhang/rosprc_ws/install/tutorial_interfaces/lib/python3.12/site-packages'
[5.873s] Level 1:colcon.colcon_core.shell:create_environment_hook('tutorial_interfaces', 'pythonpath')
[5.874s] INFO:colcon.colcon_core.shell:Creating environment hook '/home/zhang/rosprc_ws/install/tutorial_interfaces/share/tutorial_interfaces/hook/pythonpath.ps1'
[5.875s] INFO:colcon.colcon_core.shell:Creating environment descriptor '/home/zhang/rosprc_ws/install/tutorial_interfaces/share/tutorial_interfaces/hook/pythonpath.dsv'
[5.875s] INFO:colcon.colcon_core.shell:Creating environment hook '/home/zhang/rosprc_ws/install/tutorial_interfaces/share/tutorial_interfaces/hook/pythonpath.sh'
[5.876s] Level 1:colcon.colcon_core.environment:checking '/home/zhang/rosprc_ws/install/tutorial_interfaces/bin'
[5.877s] INFO:colcon.colcon_core.shell:Creating package script '/home/zhang/rosprc_ws/install/tutorial_interfaces/share/tutorial_interfaces/package.ps1'
[5.878s] INFO:colcon.colcon_core.shell:Creating package descriptor '/home/zhang/rosprc_ws/install/tutorial_interfaces/share/tutorial_interfaces/package.dsv'
[5.880s] INFO:colcon.colcon_core.shell:Creating package script '/home/zhang/rosprc_ws/install/tutorial_interfaces/share/tutorial_interfaces/package.sh'
[5.880s] INFO:colcon.colcon_core.shell:Creating package script '/home/zhang/rosprc_ws/install/tutorial_interfaces/share/tutorial_interfaces/package.bash'
[5.881s] INFO:colcon.colcon_core.shell:Creating package script '/home/zhang/rosprc_ws/install/tutorial_interfaces/share/tutorial_interfaces/package.zsh'
[5.882s] Level 1:colcon.colcon_core.environment:create_file_with_runtime_dependencies(/home/zhang/rosprc_ws/install/tutorial_interfaces/share/colcon-core/packages/tutorial_interfaces)
[5.883s] Level 1:colcon.colcon_core.environment:create_environment_scripts_only(tutorial_interfaces)
[5.883s] Level 1:colcon.colcon_core.environment:checking '/home/zhang/rosprc_ws/install/tutorial_interfaces' for CMake module files
[5.884s] Level 1:colcon.colcon_core.environment:checking '/home/zhang/rosprc_ws/install/tutorial_interfaces' for CMake config files
[5.885s] Level 1:colcon.colcon_core.shell:create_environment_hook('tutorial_interfaces', 'cmake_prefix_path')
[5.885s] INFO:colcon.colcon_core.shell:Creating environment hook '/home/zhang/rosprc_ws/install/tutorial_interfaces/share/tutorial_interfaces/hook/cmake_prefix_path.ps1'
[5.886s] INFO:colcon.colcon_core.shell:Creating environment descriptor '/home/zhang/rosprc_ws/install/tutorial_interfaces/share/tutorial_interfaces/hook/cmake_prefix_path.dsv'
[5.886s] INFO:colcon.colcon_core.shell:Creating environment hook '/home/zhang/rosprc_ws/install/tutorial_interfaces/share/tutorial_interfaces/hook/cmake_prefix_path.sh'
[5.887s] Level 1:colcon.colcon_core.environment:checking '/home/zhang/rosprc_ws/install/tutorial_interfaces/lib'
[5.888s] Level 1:colcon.colcon_core.shell:create_environment_hook('tutorial_interfaces', 'ld_library_path_lib')
[5.888s] INFO:colcon.colcon_core.shell:Creating environment hook '/home/zhang/rosprc_ws/install/tutorial_interfaces/share/tutorial_interfaces/hook/ld_library_path_lib.ps1'
[5.889s] INFO:colcon.colcon_core.shell:Creating environment descriptor '/home/zhang/rosprc_ws/install/tutorial_interfaces/share/tutorial_interfaces/hook/ld_library_path_lib.dsv'
[5.890s] INFO:colcon.colcon_core.shell:Creating environment hook '/home/zhang/rosprc_ws/install/tutorial_interfaces/share/tutorial_interfaces/hook/ld_library_path_lib.sh'
[5.890s] Level 1:colcon.colcon_core.environment:checking '/home/zhang/rosprc_ws/install/tutorial_interfaces/bin'
[5.891s] Level 1:colcon.colcon_core.environment:checking '/home/zhang/rosprc_ws/install/tutorial_interfaces/lib/pkgconfig/tutorial_interfaces.pc'
[5.892s] Level 1:colcon.colcon_core.environment:checking '/home/zhang/rosprc_ws/install/tutorial_interfaces/lib/python3.12/site-packages'
[5.892s] Level 1:colcon.colcon_core.shell:create_environment_hook('tutorial_interfaces', 'pythonpath')
[5.892s] INFO:colcon.colcon_core.shell:Creating environment hook '/home/zhang/rosprc_ws/install/tutorial_interfaces/share/tutorial_interfaces/hook/pythonpath.ps1'
[5.893s] INFO:colcon.colcon_core.shell:Creating environment descriptor '/home/zhang/rosprc_ws/install/tutorial_interfaces/share/tutorial_interfaces/hook/pythonpath.dsv'
[5.894s] INFO:colcon.colcon_core.shell:Creating environment hook '/home/zhang/rosprc_ws/install/tutorial_interfaces/share/tutorial_interfaces/hook/pythonpath.sh'
[5.896s] Level 1:colcon.colcon_core.environment:checking '/home/zhang/rosprc_ws/install/tutorial_interfaces/bin'
[5.896s] INFO:colcon.colcon_core.shell:Creating package script '/home/zhang/rosprc_ws/install/tutorial_interfaces/share/tutorial_interfaces/package.ps1'
[5.898s] INFO:colcon.colcon_core.shell:Creating package descriptor '/home/zhang/rosprc_ws/install/tutorial_interfaces/share/tutorial_interfaces/package.dsv'
[5.899s] INFO:colcon.colcon_core.shell:Creating package script '/home/zhang/rosprc_ws/install/tutorial_interfaces/share/tutorial_interfaces/package.sh'
[5.900s] INFO:colcon.colcon_core.shell:Creating package script '/home/zhang/rosprc_ws/install/tutorial_interfaces/share/tutorial_interfaces/package.bash'
[5.901s] INFO:colcon.colcon_core.shell:Creating package script '/home/zhang/rosprc_ws/install/tutorial_interfaces/share/tutorial_interfaces/package.zsh'
[5.901s] Level 1:colcon.colcon_core.environment:create_file_with_runtime_dependencies(/home/zhang/rosprc_ws/install/tutorial_interfaces/share/colcon-core/packages/tutorial_interfaces)
[5.906s] INFO:colcon.colcon_ros.task.ament_cmake.build:Building ROS package in '/home/zhang/rosprc_ws/src/cpp_srvcli' with build type 'ament_cmake'
[5.906s] INFO:colcon.colcon_cmake.task.cmake.build:Building CMake package in '/home/zhang/rosprc_ws/src/cpp_srvcli'
[5.906s] INFO:colcon.colcon_core.shell:Skip shell extension 'powershell' for command environment: Not usable outside of PowerShell
[5.907s] DEBUG:colcon.colcon_core.shell:Skip shell extension 'dsv' for command environment
[6.244s] INFO:colcon.colcon_core.task.python.build:Building Python package in '/home/zhang/rosprc_ws/src/examples/rclpy/services/minimal_service'
[6.245s] INFO:colcon.colcon_core.shell:Skip shell extension 'powershell' for command environment: Not usable outside of PowerShell
[6.245s] DEBUG:colcon.colcon_core.shell:Skip shell extension 'dsv' for command environment
[6.669s] INFO:colcon.colcon_core.task.python.build:Building Python package in '/home/zhang/rosprc_ws/src/examples/rclpy/topics/minimal_subscriber'
[6.670s] INFO:colcon.colcon_core.shell:Skip shell extension 'powershell' for command environment: Not usable outside of PowerShell
[6.670s] DEBUG:colcon.colcon_core.shell:Skip shell extension 'dsv' for command environment
[7.030s] INFO:colcon.colcon_core.task.python.build:Building Python package in '/home/zhang/rosprc_ws/src/examples/rclpy/topics/pointcloud_publisher'
[7.030s] INFO:colcon.colcon_core.shell:Skip shell extension 'powershell' for command environment: Not usable outside of PowerShell
[7.030s] DEBUG:colcon.colcon_core.shell:Skip shell extension 'dsv' for command environment
[7.344s] INFO:colcon.colcon_core.task.python.build:Building Python package in '/home/zhang/rosprc_ws/src/examples/launch_testing/launch_testing_examples'
[7.344s] INFO:colcon.colcon_core.shell:Skip shell extension 'powershell' for command environment: Not usable outside of PowerShell
[7.344s] DEBUG:colcon.colcon_core.shell:Skip shell extension 'dsv' for command environment
[7.355s] DEBUG:colcon.colcon_core.event_handler.log_command:Invoking command in '/home/zhang/rosprc_ws/build/more_interfaces': CMAKE_PREFIX_PATH=${CMAKE_PREFIX_PATH}:/opt/ros/jazzy /usr/bin/cmake --build /home/zhang/rosprc_ws/build/more_interfaces -- -j20 -l20
[7.361s] DEBUG:colcon.colcon_core.event_handler.log_command:Invoking command in '/home/zhang/rosprc_ws/build/my_package': CMAKE_PREFIX_PATH=${CMAKE_PREFIX_PATH}:/opt/ros/jazzy /usr/bin/cmake --build /home/zhang/rosprc_ws/build/my_package -- -j20 -l20
[7.672s] INFO:colcon.colcon_core.task.python.build:Building Python package in '/home/zhang/rosprc_ws/src/py_pubsub'
[7.673s] INFO:colcon.colcon_core.shell:Skip shell extension 'powershell' for command environment: Not usable outside of PowerShell
[7.673s] DEBUG:colcon.colcon_core.shell:Skip shell extension 'dsv' for command environment
[7.961s] INFO:colcon.colcon_core.task.python.build:Building Python package in '/home/zhang/rosprc_ws/src/py_srvcli'
[7.961s] INFO:colcon.colcon_core.shell:Skip shell extension 'powershell' for command environment: Not usable outside of PowerShell
[7.962s] DEBUG:colcon.colcon_core.shell:Skip shell extension 'dsv' for command environment
[8.307s] INFO:colcon.colcon_core.task.python.build:Building Python package in '/home/zhang/rosprc_ws/src/python_parameters'
[8.307s] INFO:colcon.colcon_core.shell:Skip shell extension 'powershell' for command environment: Not usable outside of PowerShell
[8.308s] DEBUG:colcon.colcon_core.shell:Skip shell extension 'dsv' for command environment
[8.318s] DEBUG:colcon.colcon_core.event_handler.log_command:Invoking command in '/home/zhang/rosprc_ws/build/turtlesim': CMAKE_PREFIX_PATH=${CMAKE_PREFIX_PATH}:/opt/ros/jazzy /usr/bin/cmake --build /home/zhang/rosprc_ws/build/turtlesim -- -j20 -l20
[8.342s] DEBUG:colcon.colcon_core.task.python.build:Available setuptools commands: dist_info, install_headers, bdist, bdist_dumb, compile_catalog, build, check, clean, test, upload_docs, sdist, build_scripts, install_scripts, egg_info, install_lib, update_catalog, build_ext, register, editable_wheel, build_clib, rotate, upload, setopt, install_data, bdist_wheel, install_egg_info, extract_messages, init_catalog, build_py, saveopts, install, symlink_data, alias, develop, easy_install, bdist_egg, bdist_rpm
[8.350s] DEBUG:colcon.colcon_core.task.python.build:Available setuptools commands: dist_info, install_headers, bdist, bdist_dumb, compile_catalog, build, check, clean, test, upload_docs, sdist, build_scripts, install_scripts, egg_info, install_lib, update_catalog, build_ext, register, editable_wheel, build_clib, rotate, upload, setopt, install_data, bdist_wheel, install_egg_info, extract_messages, init_catalog, build_py, saveopts, install, symlink_data, alias, develop, easy_install, bdist_egg, bdist_rpm
[8.354s] DEBUG:colcon.colcon_core.event_handler.log_command:Invoking command in '/home/zhang/rosprc_ws/build/cpp_srvcli': AMENT_PREFIX_PATH=/home/zhang/rosprc_ws/install/tutorial_interfaces:${AMENT_PREFIX_PATH} CMAKE_PREFIX_PATH=/home/zhang/rosprc_ws/install/tutorial_interfaces:/opt/ros/jazzy/opt/gz_sim_vendor:/opt/ros/jazzy/opt/gz_sensors_vendor:/opt/ros/jazzy/opt/gz_physics_vendor:/opt/ros/jazzy/opt/sdformat_vendor:/opt/ros/jazzy/opt/gz_gui_vendor:/opt/ros/jazzy/opt/gz_transport_vendor:/opt/ros/jazzy/opt/gz_rendering_vendor:/opt/ros/jazzy/opt/gz_plugin_vendor:/opt/ros/jazzy/opt/gz_fuel_tools_vendor:/opt/ros/jazzy/opt/gz_msgs_vendor:/opt/ros/jazzy/opt/gz_common_vendor:/opt/ros/jazzy/opt/gz_math_vendor:/opt/ros/jazzy/opt/gz_utils_vendor:/opt/ros/jazzy/opt/gz_tools_vendor:/opt/ros/jazzy/opt/gz_ogre_next_vendor:/opt/ros/jazzy/opt/gz_dartsim_vendor:/opt/ros/jazzy/opt/gz_cmake_vendor:/opt/ros/jazzy LD_LIBRARY_PATH=/home/zhang/rosprc_ws/install/tutorial_interfaces/lib:${LD_LIBRARY_PATH} PYTHONPATH=/home/zhang/rosprc_ws/install/tutorial_interfaces/lib/python3.12/site-packages:${PYTHONPATH} /usr/bin/cmake --build /home/zhang/rosprc_ws/build/cpp_srvcli -- -j20 -l20
[8.355s] DEBUG:colcon.colcon_core.task.python.build:Available setuptools commands: dist_info, install_headers, bdist, bdist_dumb, compile_catalog, build, check, clean, test, upload_docs, sdist, build_scripts, install_scripts, egg_info, install_lib, update_catalog, build_ext, register, editable_wheel, build_clib, rotate, upload, setopt, install_data, bdist_wheel, install_egg_info, extract_messages, init_catalog, build_py, saveopts, install, symlink_data, alias, develop, easy_install, bdist_egg, bdist_rpm
[8.356s] DEBUG:colcon.colcon_core.event_handler.log_command:Invoking command in '/home/zhang/rosprc_ws/src/examples/rclpy/topics/minimal_publisher': PYTHONPATH=/home/zhang/rosprc_ws/build/examples_rclpy_minimal_publisher/prefix_override:/usr/lib/python3/dist-packages/colcon_core/task/python/colcon_distutils_commands:/home/zhang/rosprc_ws/install/examples_rclpy_minimal_publisher/lib/python3.12/site-packages:${PYTHONPATH} /usr/bin/python3 -W ignore:setup.py install is deprecated -W ignore:easy_install command is deprecated setup.py egg_info --egg-base ../../../../../build/examples_rclpy_minimal_publisher build --build-base /home/zhang/rosprc_ws/build/examples_rclpy_minimal_publisher/build install --record /home/zhang/rosprc_ws/build/examples_rclpy_minimal_publisher/install.log --install-scripts $base/lib/examples_rclpy_minimal_publisher --single-version-externally-managed install_data
[8.359s] DEBUG:colcon.colcon_core.task.python.build:Available setuptools commands: dist_info, install_headers, bdist, bdist_dumb, compile_catalog, build, check, clean, test, upload_docs, sdist, build_scripts, install_scripts, egg_info, install_lib, update_catalog, build_ext, register, editable_wheel, build_clib, rotate, upload, setopt, install_data, bdist_wheel, install_egg_info, extract_messages, init_catalog, build_py, saveopts, install, symlink_data, alias, develop, easy_install, bdist_egg, bdist_rpm
[8.360s] DEBUG:colcon.colcon_core.event_handler.log_command:Invoking command in '/home/zhang/rosprc_ws/src/examples/rclpy/guard_conditions': PYTHONPATH=/home/zhang/rosprc_ws/build/examples_rclpy_guard_conditions/prefix_override:/usr/lib/python3/dist-packages/colcon_core/task/python/colcon_distutils_commands:/home/zhang/rosprc_ws/install/examples_rclpy_guard_conditions/lib/python3.12/site-packages:${PYTHONPATH} /usr/bin/python3 -W ignore:setup.py install is deprecated -W ignore:easy_install command is deprecated setup.py egg_info --egg-base ../../../../build/examples_rclpy_guard_conditions build --build-base /home/zhang/rosprc_ws/build/examples_rclpy_guard_conditions/build install --record /home/zhang/rosprc_ws/build/examples_rclpy_guard_conditions/install.log --install-scripts $base/lib/examples_rclpy_guard_conditions --single-version-externally-managed install_data
[8.364s] DEBUG:colcon.colcon_core.event_handler.log_command:Invoking command in '/home/zhang/rosprc_ws/src/examples/rclpy/actions/minimal_action_server': PYTHONPATH=/home/zhang/rosprc_ws/build/examples_rclpy_minimal_action_server/prefix_override:/usr/lib/python3/dist-packages/colcon_core/task/python/colcon_distutils_commands:/home/zhang/rosprc_ws/install/examples_rclpy_minimal_action_server/lib/python3.12/site-packages:${PYTHONPATH} /usr/bin/python3 -W ignore:setup.py install is deprecated -W ignore:easy_install command is deprecated setup.py egg_info --egg-base ../../../../../build/examples_rclpy_minimal_action_server build --build-base /home/zhang/rosprc_ws/build/examples_rclpy_minimal_action_server/build install --record /home/zhang/rosprc_ws/build/examples_rclpy_minimal_action_server/install.log --install-scripts $base/lib/examples_rclpy_minimal_action_server --single-version-externally-managed install_data
[8.365s] DEBUG:colcon.colcon_core.task.python.build:Available setuptools commands: dist_info, install_headers, bdist, bdist_dumb, compile_catalog, build, check, clean, test, upload_docs, sdist, build_scripts, install_scripts, egg_info, install_lib, update_catalog, build_ext, register, editable_wheel, build_clib, rotate, upload, setopt, install_data, bdist_wheel, install_egg_info, extract_messages, init_catalog, build_py, saveopts, install, symlink_data, alias, develop, easy_install, bdist_egg, bdist_rpm
[8.368s] DEBUG:colcon.colcon_core.event_handler.log_command:Invoking command in '/home/zhang/rosprc_ws/src/examples/rclpy/executors': PYTHONPATH=/home/zhang/rosprc_ws/build/examples_rclpy_executors/prefix_override:/usr/lib/python3/dist-packages/colcon_core/task/python/colcon_distutils_commands:/home/zhang/rosprc_ws/install/examples_rclpy_executors/lib/python3.12/site-packages:${PYTHONPATH} /usr/bin/python3 -W ignore:setup.py install is deprecated -W ignore:easy_install command is deprecated setup.py egg_info --egg-base ../../../../build/examples_rclpy_executors build --build-base /home/zhang/rosprc_ws/build/examples_rclpy_executors/build install --record /home/zhang/rosprc_ws/build/examples_rclpy_executors/install.log --install-scripts $base/lib/examples_rclpy_executors --single-version-externally-managed install_data
[8.369s] DEBUG:colcon.colcon_core.task.python.build:Available setuptools commands: dist_info, install_headers, bdist, bdist_dumb, compile_catalog, build, check, clean, test, upload_docs, sdist, build_scripts, install_scripts, egg_info, install_lib, update_catalog, build_ext, register, editable_wheel, build_clib, rotate, upload, setopt, install_data, bdist_wheel, install_egg_info, extract_messages, init_catalog, build_py, saveopts, install, symlink_data, alias, develop, easy_install, bdist_egg, bdist_rpm
[8.371s] DEBUG:colcon.colcon_core.event_handler.log_command:Invoking command in '/home/zhang/rosprc_ws/src/examples/rclpy/services/minimal_client': PYTHONPATH=/home/zhang/rosprc_ws/build/examples_rclpy_minimal_client/prefix_override:/usr/lib/python3/dist-packages/colcon_core/task/python/colcon_distutils_commands:/home/zhang/rosprc_ws/install/examples_rclpy_minimal_client/lib/python3.12/site-packages:${PYTHONPATH} /usr/bin/python3 -W ignore:setup.py install is deprecated -W ignore:easy_install command is deprecated setup.py egg_info --egg-base ../../../../../build/examples_rclpy_minimal_client build --build-base /home/zhang/rosprc_ws/build/examples_rclpy_minimal_client/build install --record /home/zhang/rosprc_ws/build/examples_rclpy_minimal_client/install.log --install-scripts $base/lib/examples_rclpy_minimal_client --single-version-externally-managed install_data
[8.378s] DEBUG:colcon.colcon_core.event_handler.log_command:Invoking command in '/home/zhang/rosprc_ws/src/examples/rclpy/actions/minimal_action_client': PYTHONPATH=/home/zhang/rosprc_ws/build/examples_rclpy_minimal_action_client/prefix_override:/usr/lib/python3/dist-packages/colcon_core/task/python/colcon_distutils_commands:/home/zhang/rosprc_ws/install/examples_rclpy_minimal_action_client/lib/python3.12/site-packages:${PYTHONPATH} /usr/bin/python3 -W ignore:setup.py install is deprecated -W ignore:easy_install command is deprecated setup.py egg_info --egg-base ../../../../../build/examples_rclpy_minimal_action_client build --build-base /home/zhang/rosprc_ws/build/examples_rclpy_minimal_action_client/build install --record /home/zhang/rosprc_ws/build/examples_rclpy_minimal_action_client/install.log --install-scripts $base/lib/examples_rclpy_minimal_action_client --single-version-externally-managed install_data
[8.379s] DEBUG:colcon.colcon_core.event_handler.log_command:Invoked command in '/home/zhang/rosprc_ws/build/my_package' returned '0': CMAKE_PREFIX_PATH=${CMAKE_PREFIX_PATH}:/opt/ros/jazzy /usr/bin/cmake --build /home/zhang/rosprc_ws/build/my_package -- -j20 -l20
[8.381s] DEBUG:colcon.colcon_core.event_handler.log_command:Invoking command in '/home/zhang/rosprc_ws/build/my_package': CMAKE_PREFIX_PATH=${CMAKE_PREFIX_PATH}:/opt/ros/jazzy /usr/bin/cmake --install /home/zhang/rosprc_ws/build/my_package
[8.382s] DEBUG:colcon.colcon_core.event_handler.log_command:Invoked command in '/home/zhang/rosprc_ws/build/more_interfaces' returned '0': CMAKE_PREFIX_PATH=${CMAKE_PREFIX_PATH}:/opt/ros/jazzy /usr/bin/cmake --build /home/zhang/rosprc_ws/build/more_interfaces -- -j20 -l20
[8.387s] DEBUG:colcon.colcon_core.event_handler.log_command:Invoking command in '/home/zhang/rosprc_ws/build/more_interfaces': CMAKE_PREFIX_PATH=${CMAKE_PREFIX_PATH}:/opt/ros/jazzy /usr/bin/cmake --install /home/zhang/rosprc_ws/build/more_interfaces
[8.448s] Level 1:colcon.colcon_core.environment:create_environment_scripts_only(my_package)
[8.450s] Level 1:colcon.colcon_core.environment:checking '/home/zhang/rosprc_ws/install/my_package' for CMake module files
[8.452s] DEBUG:colcon.colcon_core.event_handler.log_command:Invoked command in '/home/zhang/rosprc_ws/build/my_package' returned '0': CMAKE_PREFIX_PATH=${CMAKE_PREFIX_PATH}:/opt/ros/jazzy /usr/bin/cmake --install /home/zhang/rosprc_ws/build/my_package
[8.460s] Level 1:colcon.colcon_core.environment:checking '/home/zhang/rosprc_ws/install/my_package' for CMake config files
[8.461s] Level 1:colcon.colcon_core.shell:create_environment_hook('my_package', 'cmake_prefix_path')
[8.461s] INFO:colcon.colcon_core.shell:Creating environment hook '/home/zhang/rosprc_ws/install/my_package/share/my_package/hook/cmake_prefix_path.ps1'
[8.462s] INFO:colcon.colcon_core.shell:Creating environment descriptor '/home/zhang/rosprc_ws/install/my_package/share/my_package/hook/cmake_prefix_path.dsv'
[8.463s] INFO:colcon.colcon_core.shell:Creating environment hook '/home/zhang/rosprc_ws/install/my_package/share/my_package/hook/cmake_prefix_path.sh'
[8.464s] Level 1:colcon.colcon_core.environment:checking '/home/zhang/rosprc_ws/install/my_package/lib'
[8.464s] Level 1:colcon.colcon_core.environment:checking '/home/zhang/rosprc_ws/install/my_package/bin'
[8.464s] Level 1:colcon.colcon_core.environment:checking '/home/zhang/rosprc_ws/install/my_package/lib/pkgconfig/my_package.pc'
[8.465s] Level 1:colcon.colcon_core.environment:checking '/home/zhang/rosprc_ws/install/my_package/lib/python3.12/site-packages'
[8.465s] Level 1:colcon.colcon_core.environment:checking '/home/zhang/rosprc_ws/install/my_package/bin'
[8.466s] INFO:colcon.colcon_core.shell:Creating package script '/home/zhang/rosprc_ws/install/my_package/share/my_package/package.ps1'
[8.468s] INFO:colcon.colcon_core.shell:Creating package descriptor '/home/zhang/rosprc_ws/install/my_package/share/my_package/package.dsv'
[8.469s] INFO:colcon.colcon_core.shell:Creating package script '/home/zhang/rosprc_ws/install/my_package/share/my_package/package.sh'
[8.470s] INFO:colcon.colcon_core.shell:Creating package script '/home/zhang/rosprc_ws/install/my_package/share/my_package/package.bash'
[8.471s] INFO:colcon.colcon_core.shell:Creating package script '/home/zhang/rosprc_ws/install/my_package/share/my_package/package.zsh'
[8.471s] Level 1:colcon.colcon_core.environment:create_file_with_runtime_dependencies(/home/zhang/rosprc_ws/install/my_package/share/colcon-core/packages/my_package)
[8.473s] Level 1:colcon.colcon_core.environment:create_environment_scripts_only(my_package)
[8.473s] Level 1:colcon.colcon_core.environment:checking '/home/zhang/rosprc_ws/install/my_package' for CMake module files
[8.474s] Level 1:colcon.colcon_core.environment:checking '/home/zhang/rosprc_ws/install/my_package' for CMake config files
[8.475s] Level 1:colcon.colcon_core.shell:create_environment_hook('my_package', 'cmake_prefix_path')
[8.476s] INFO:colcon.colcon_core.shell:Creating environment hook '/home/zhang/rosprc_ws/install/my_package/share/my_package/hook/cmake_prefix_path.ps1'
[8.476s] INFO:colcon.colcon_core.shell:Creating environment descriptor '/home/zhang/rosprc_ws/install/my_package/share/my_package/hook/cmake_prefix_path.dsv'
[8.477s] INFO:colcon.colcon_core.shell:Creating environment hook '/home/zhang/rosprc_ws/install/my_package/share/my_package/hook/cmake_prefix_path.sh'
[8.478s] Level 1:colcon.colcon_core.environment:checking '/home/zhang/rosprc_ws/install/my_package/lib'
[8.478s] Level 1:colcon.colcon_core.environment:checking '/home/zhang/rosprc_ws/install/my_package/bin'
[8.479s] Level 1:colcon.colcon_core.environment:checking '/home/zhang/rosprc_ws/install/my_package/lib/pkgconfig/my_package.pc'
[8.480s] Level 1:colcon.colcon_core.environment:checking '/home/zhang/rosprc_ws/install/my_package/lib/python3.12/site-packages'
[8.480s] Level 1:colcon.colcon_core.environment:checking '/home/zhang/rosprc_ws/install/my_package/bin'
[8.481s] INFO:colcon.colcon_core.shell:Creating package script '/home/zhang/rosprc_ws/install/my_package/share/my_package/package.ps1'
[8.485s] INFO:colcon.colcon_core.shell:Creating package descriptor '/home/zhang/rosprc_ws/install/my_package/share/my_package/package.dsv'
[8.486s] INFO:colcon.colcon_core.shell:Creating package script '/home/zhang/rosprc_ws/install/my_package/share/my_package/package.sh'
[8.487s] INFO:colcon.colcon_core.shell:Creating package script '/home/zhang/rosprc_ws/install/my_package/share/my_package/package.bash'
[8.488s] INFO:colcon.colcon_core.shell:Creating package script '/home/zhang/rosprc_ws/install/my_package/share/my_package/package.zsh'
[8.489s] Level 1:colcon.colcon_core.environment:create_file_with_runtime_dependencies(/home/zhang/rosprc_ws/install/my_package/share/colcon-core/packages/my_package)
[8.646s] Level 1:colcon.colcon_core.environment:create_environment_scripts_only(more_interfaces)
[8.647s] Level 1:colcon.colcon_core.environment:checking '/home/zhang/rosprc_ws/install/more_interfaces' for CMake module files
[8.648s] DEBUG:colcon.colcon_core.event_handler.log_command:Invoked command in '/home/zhang/rosprc_ws/build/more_interfaces' returned '0': CMAKE_PREFIX_PATH=${CMAKE_PREFIX_PATH}:/opt/ros/jazzy /usr/bin/cmake --install /home/zhang/rosprc_ws/build/more_interfaces
[8.653s] Level 1:colcon.colcon_core.environment:checking '/home/zhang/rosprc_ws/install/more_interfaces' for CMake config files
[8.655s] Level 1:colcon.colcon_core.shell:create_environment_hook('more_interfaces', 'cmake_prefix_path')
[8.655s] INFO:colcon.colcon_core.shell:Creating environment hook '/home/zhang/rosprc_ws/install/more_interfaces/share/more_interfaces/hook/cmake_prefix_path.ps1'
[8.657s] INFO:colcon.colcon_core.shell:Creating environment descriptor '/home/zhang/rosprc_ws/install/more_interfaces/share/more_interfaces/hook/cmake_prefix_path.dsv'
[8.663s] INFO:colcon.colcon_core.shell:Creating environment hook '/home/zhang/rosprc_ws/install/more_interfaces/share/more_interfaces/hook/cmake_prefix_path.sh'
[8.666s] Level 1:colcon.colcon_core.environment:checking '/home/zhang/rosprc_ws/install/more_interfaces/lib'
[8.666s] Level 1:colcon.colcon_core.shell:create_environment_hook('more_interfaces', 'ld_library_path_lib')
[8.667s] INFO:colcon.colcon_core.shell:Creating environment hook '/home/zhang/rosprc_ws/install/more_interfaces/share/more_interfaces/hook/ld_library_path_lib.ps1'
[8.669s] INFO:colcon.colcon_core.shell:Creating environment descriptor '/home/zhang/rosprc_ws/install/more_interfaces/share/more_interfaces/hook/ld_library_path_lib.dsv'
[8.670s] INFO:colcon.colcon_core.shell:Creating environment hook '/home/zhang/rosprc_ws/install/more_interfaces/share/more_interfaces/hook/ld_library_path_lib.sh'
[8.671s] Level 1:colcon.colcon_core.environment:checking '/home/zhang/rosprc_ws/install/more_interfaces/bin'
[8.671s] Level 1:colcon.colcon_core.environment:checking '/home/zhang/rosprc_ws/install/more_interfaces/lib/pkgconfig/more_interfaces.pc'
[8.672s] Level 1:colcon.colcon_core.environment:checking '/home/zhang/rosprc_ws/install/more_interfaces/lib/python3.12/site-packages'
[8.673s] Level 1:colcon.colcon_core.shell:create_environment_hook('more_interfaces', 'pythonpath')
[8.673s] INFO:colcon.colcon_core.shell:Creating environment hook '/home/zhang/rosprc_ws/install/more_interfaces/share/more_interfaces/hook/pythonpath.ps1'
[8.675s] INFO:colcon.colcon_core.shell:Creating environment descriptor '/home/zhang/rosprc_ws/install/more_interfaces/share/more_interfaces/hook/pythonpath.dsv'
[8.676s] INFO:colcon.colcon_core.shell:Creating environment hook '/home/zhang/rosprc_ws/install/more_interfaces/share/more_interfaces/hook/pythonpath.sh'
[8.679s] Level 1:colcon.colcon_core.environment:checking '/home/zhang/rosprc_ws/install/more_interfaces/bin'
[8.680s] INFO:colcon.colcon_core.shell:Creating package script '/home/zhang/rosprc_ws/install/more_interfaces/share/more_interfaces/package.ps1'
[8.681s] INFO:colcon.colcon_core.shell:Creating package descriptor '/home/zhang/rosprc_ws/install/more_interfaces/share/more_interfaces/package.dsv'
[8.682s] INFO:colcon.colcon_core.shell:Creating package script '/home/zhang/rosprc_ws/install/more_interfaces/share/more_interfaces/package.sh'
[8.685s] INFO:colcon.colcon_core.shell:Creating package script '/home/zhang/rosprc_ws/install/more_interfaces/share/more_interfaces/package.bash'
[8.686s] INFO:colcon.colcon_core.shell:Creating package script '/home/zhang/rosprc_ws/install/more_interfaces/share/more_interfaces/package.zsh'
[8.687s] Level 1:colcon.colcon_core.environment:create_file_with_runtime_dependencies(/home/zhang/rosprc_ws/install/more_interfaces/share/colcon-core/packages/more_interfaces)
[8.688s] Level 1:colcon.colcon_core.environment:create_environment_scripts_only(more_interfaces)
[8.688s] Level 1:colcon.colcon_core.environment:checking '/home/zhang/rosprc_ws/install/more_interfaces' for CMake module files
[8.689s] Level 1:colcon.colcon_core.environment:checking '/home/zhang/rosprc_ws/install/more_interfaces' for CMake config files
[8.689s] Level 1:colcon.colcon_core.shell:create_environment_hook('more_interfaces', 'cmake_prefix_path')
[8.690s] INFO:colcon.colcon_core.shell:Creating environment hook '/home/zhang/rosprc_ws/install/more_interfaces/share/more_interfaces/hook/cmake_prefix_path.ps1'
[8.692s] INFO:colcon.colcon_core.shell:Creating environment descriptor '/home/zhang/rosprc_ws/install/more_interfaces/share/more_interfaces/hook/cmake_prefix_path.dsv'
[8.692s] INFO:colcon.colcon_core.shell:Creating environment hook '/home/zhang/rosprc_ws/install/more_interfaces/share/more_interfaces/hook/cmake_prefix_path.sh'
[8.695s] Level 1:colcon.colcon_core.environment:checking '/home/zhang/rosprc_ws/install/more_interfaces/lib'
[8.696s] Level 1:colcon.colcon_core.shell:create_environment_hook('more_interfaces', 'ld_library_path_lib')
[8.696s] INFO:colcon.colcon_core.shell:Creating environment hook '/home/zhang/rosprc_ws/install/more_interfaces/share/more_interfaces/hook/ld_library_path_lib.ps1'
[8.698s] INFO:colcon.colcon_core.shell:Creating environment descriptor '/home/zhang/rosprc_ws/install/more_interfaces/share/more_interfaces/hook/ld_library_path_lib.dsv'
[8.699s] INFO:colcon.colcon_core.shell:Creating environment hook '/home/zhang/rosprc_ws/install/more_interfaces/share/more_interfaces/hook/ld_library_path_lib.sh'
[8.702s] Level 1:colcon.colcon_core.environment:checking '/home/zhang/rosprc_ws/install/more_interfaces/bin'
[8.702s] Level 1:colcon.colcon_core.environment:checking '/home/zhang/rosprc_ws/install/more_interfaces/lib/pkgconfig/more_interfaces.pc'
[8.703s] Level 1:colcon.colcon_core.environment:checking '/home/zhang/rosprc_ws/install/more_interfaces/lib/python3.12/site-packages'
[8.703s] Level 1:colcon.colcon_core.shell:create_environment_hook('more_interfaces', 'pythonpath')
[8.703s] INFO:colcon.colcon_core.shell:Creating environment hook '/home/zhang/rosprc_ws/install/more_interfaces/share/more_interfaces/hook/pythonpath.ps1'
[8.704s] INFO:colcon.colcon_core.shell:Creating environment descriptor '/home/zhang/rosprc_ws/install/more_interfaces/share/more_interfaces/hook/pythonpath.dsv'
[8.705s] INFO:colcon.colcon_core.shell:Creating environment hook '/home/zhang/rosprc_ws/install/more_interfaces/share/more_interfaces/hook/pythonpath.sh'
[8.706s] Level 1:colcon.colcon_core.environment:checking '/home/zhang/rosprc_ws/install/more_interfaces/bin'
[8.707s] INFO:colcon.colcon_core.shell:Creating package script '/home/zhang/rosprc_ws/install/more_interfaces/share/more_interfaces/package.ps1'
[8.708s] INFO:colcon.colcon_core.shell:Creating package descriptor '/home/zhang/rosprc_ws/install/more_interfaces/share/more_interfaces/package.dsv'
[8.710s] INFO:colcon.colcon_core.shell:Creating package script '/home/zhang/rosprc_ws/install/more_interfaces/share/more_interfaces/package.sh'
[8.711s] INFO:colcon.colcon_core.shell:Creating package script '/home/zhang/rosprc_ws/install/more_interfaces/share/more_interfaces/package.bash'
[8.713s] INFO:colcon.colcon_core.shell:Creating package script '/home/zhang/rosprc_ws/install/more_interfaces/share/more_interfaces/package.zsh'
[8.714s] Level 1:colcon.colcon_core.environment:create_file_with_runtime_dependencies(/home/zhang/rosprc_ws/install/more_interfaces/share/colcon-core/packages/more_interfaces)
[9.333s] DEBUG:colcon.colcon_core.event_handler.log_command:Invoked command in '/home/zhang/rosprc_ws/build/cpp_srvcli' returned '2': AMENT_PREFIX_PATH=/home/zhang/rosprc_ws/install/tutorial_interfaces:${AMENT_PREFIX_PATH} CMAKE_PREFIX_PATH=/home/zhang/rosprc_ws/install/tutorial_interfaces:/opt/ros/jazzy/opt/gz_sim_vendor:/opt/ros/jazzy/opt/gz_sensors_vendor:/opt/ros/jazzy/opt/gz_physics_vendor:/opt/ros/jazzy/opt/sdformat_vendor:/opt/ros/jazzy/opt/gz_gui_vendor:/opt/ros/jazzy/opt/gz_transport_vendor:/opt/ros/jazzy/opt/gz_rendering_vendor:/opt/ros/jazzy/opt/gz_plugin_vendor:/opt/ros/jazzy/opt/gz_fuel_tools_vendor:/opt/ros/jazzy/opt/gz_msgs_vendor:/opt/ros/jazzy/opt/gz_common_vendor:/opt/ros/jazzy/opt/gz_math_vendor:/opt/ros/jazzy/opt/gz_utils_vendor:/opt/ros/jazzy/opt/gz_tools_vendor:/opt/ros/jazzy/opt/gz_ogre_next_vendor:/opt/ros/jazzy/opt/gz_dartsim_vendor:/opt/ros/jazzy/opt/gz_cmake_vendor:/opt/ros/jazzy LD_LIBRARY_PATH=/home/zhang/rosprc_ws/install/tutorial_interfaces/lib:${LD_LIBRARY_PATH} PYTHONPATH=/home/zhang/rosprc_ws/install/tutorial_interfaces/lib/python3.12/site-packages:${PYTHONPATH} /usr/bin/cmake --build /home/zhang/rosprc_ws/build/cpp_srvcli -- -j20 -l20
[9.340s] Level 1:colcon.colcon_core.environment:create_environment_scripts_only(cpp_srvcli)
[9.341s] Level 1:colcon.colcon_core.environment:checking '/home/zhang/rosprc_ws/install/cpp_srvcli' for CMake module files
[9.346s] Level 1:colcon.colcon_core.environment:checking '/home/zhang/rosprc_ws/install/cpp_srvcli' for CMake config files
[9.347s] Level 1:colcon.colcon_core.shell:create_environment_hook('cpp_srvcli', 'cmake_prefix_path')
[9.348s] INFO:colcon.colcon_core.shell:Creating environment hook '/home/zhang/rosprc_ws/install/cpp_srvcli/share/cpp_srvcli/hook/cmake_prefix_path.ps1'
[9.349s] INFO:colcon.colcon_core.shell:Creating environment descriptor '/home/zhang/rosprc_ws/install/cpp_srvcli/share/cpp_srvcli/hook/cmake_prefix_path.dsv'
[9.350s] INFO:colcon.colcon_core.shell:Creating environment hook '/home/zhang/rosprc_ws/install/cpp_srvcli/share/cpp_srvcli/hook/cmake_prefix_path.sh'
[9.352s] Level 1:colcon.colcon_core.environment:checking '/home/zhang/rosprc_ws/install/cpp_srvcli/lib'
[9.352s] Level 1:colcon.colcon_core.environment:checking '/home/zhang/rosprc_ws/install/cpp_srvcli/bin'
[9.353s] Level 1:colcon.colcon_core.environment:checking '/home/zhang/rosprc_ws/install/cpp_srvcli/lib/pkgconfig/cpp_srvcli.pc'
[9.353s] Level 1:colcon.colcon_core.environment:checking '/home/zhang/rosprc_ws/install/cpp_srvcli/lib/python3.12/site-packages'
[9.354s] Level 1:colcon.colcon_core.environment:checking '/home/zhang/rosprc_ws/install/cpp_srvcli/bin'
[9.355s] INFO:colcon.colcon_core.shell:Creating package script '/home/zhang/rosprc_ws/install/cpp_srvcli/share/cpp_srvcli/package.ps1'
[9.358s] INFO:colcon.colcon_core.shell:Creating package descriptor '/home/zhang/rosprc_ws/install/cpp_srvcli/share/cpp_srvcli/package.dsv'
[9.359s] INFO:colcon.colcon_core.shell:Creating package script '/home/zhang/rosprc_ws/install/cpp_srvcli/share/cpp_srvcli/package.sh'
[9.361s] INFO:colcon.colcon_core.shell:Creating package script '/home/zhang/rosprc_ws/install/cpp_srvcli/share/cpp_srvcli/package.bash'
[9.364s] INFO:colcon.colcon_core.shell:Creating package script '/home/zhang/rosprc_ws/install/cpp_srvcli/share/cpp_srvcli/package.zsh'
[9.367s] Level 1:colcon.colcon_core.environment:create_file_with_runtime_dependencies(/home/zhang/rosprc_ws/install/cpp_srvcli/share/colcon-core/packages/cpp_srvcli)
[10.113s] DEBUG:colcon.colcon_parallel_executor.executor.parallel:closing loop
[10.113s] DEBUG:colcon.colcon_parallel_executor.executor.parallel:loop closed
[10.113s] DEBUG:colcon.colcon_parallel_executor.executor.parallel:run_until_complete finished with '2'
[10.114s] DEBUG:colcon.colcon_core.event_reactor:joining thread
[10.308s] INFO:colcon.colcon_core.plugin_system:Skipping extension 'colcon_notification.desktop_notification.notify_send': Could not find 'notify-send'
[10.308s] INFO:colcon.colcon_core.plugin_system:Skipping extension 'colcon_notification.desktop_notification.terminal_notifier': Not used on non-Darwin systems
[10.308s] INFO:colcon.colcon_core.plugin_system:Skipping extension 'colcon_notification.desktop_notification.win32': Not used on non-Windows systems
[10.308s] INFO:colcon.colcon_notification.desktop_notification:Sending desktop notification using 'notify2'
[10.385s] DEBUG:colcon.colcon_notification.desktop_notification.notify2:Failed to initialize notify2: org.freedesktop.DBus.Error.ServiceUnknown: The name org.freedesktop.Notifications was not provided by any .service files
[10.385s] DEBUG:colcon.colcon_core.event_reactor:joined thread
[10.386s] INFO:colcon.colcon_core.shell:Creating prefix script '/home/zhang/rosprc_ws/install/local_setup.ps1'
[10.387s] INFO:colcon.colcon_core.shell:Creating prefix util module '/home/zhang/rosprc_ws/install/_local_setup_util_ps1.py'
[10.390s] INFO:colcon.colcon_core.shell:Creating prefix chain script '/home/zhang/rosprc_ws/install/setup.ps1'
[10.392s] INFO:colcon.colcon_core.shell:Creating prefix script '/home/zhang/rosprc_ws/install/local_setup.sh'
[10.393s] INFO:colcon.colcon_core.shell:Creating prefix util module '/home/zhang/rosprc_ws/install/_local_setup_util_sh.py'
[10.394s] INFO:colcon.colcon_core.shell:Creating prefix chain script '/home/zhang/rosprc_ws/install/setup.sh'
[10.396s] INFO:colcon.colcon_core.shell:Creating prefix script '/home/zhang/rosprc_ws/install/local_setup.bash'
[10.397s] INFO:colcon.colcon_core.shell:Creating prefix chain script '/home/zhang/rosprc_ws/install/setup.bash'
[10.399s] INFO:colcon.colcon_core.shell:Creating prefix script '/home/zhang/rosprc_ws/install/local_setup.zsh'
[10.400s] INFO:colcon.colcon_core.shell:Creating prefix chain script '/home/zhang/rosprc_ws/install/setup.zsh'
