[0.000000] (-) TimerEvent: {}
[0.001089] (-) JobUnselected: {'identifier': 'cpp_pubsub'}
[0.001208] (-) JobUnselected: {'identifier': 'cpp_srvcli'}
[0.001478] (-) JobUnselected: {'identifier': 'examples_rclcpp_async_client'}
[0.001583] (-) JobUnselected: {'identifier': 'examples_rclcpp_cbg_executor'}
[0.001606] (-) JobUnselected: {'identifier': 'examples_rclcpp_minimal_action_client'}
[0.001624] (-) JobUnselected: {'identifier': 'examples_rclcpp_minimal_action_server'}
[0.001638] (-) JobUnselected: {'identifier': 'examples_rclcpp_minimal_client'}
[0.001652] (-) JobUnselected: {'identifier': 'examples_rclcpp_minimal_composition'}
[0.001669] (-) JobUnselected: {'identifier': 'examples_rclcpp_minimal_publisher'}
[0.001683] (-) JobUnselected: {'identifier': 'examples_rclcpp_minimal_service'}
[0.001698] (-) JobUnselected: {'identifier': 'examples_rclcpp_minimal_subscriber'}
[0.001746] (-) JobUnselected: {'identifier': 'examples_rclcpp_minimal_timer'}
[0.001770] (-) JobUnselected: {'identifier': 'examples_rclcpp_multithreaded_executor'}
[0.001788] (-) JobUnselected: {'identifier': 'examples_rclcpp_wait_set'}
[0.001804] (-) JobUnselected: {'identifier': 'examples_rclpy_executors'}
[0.001818] (-) JobUnselected: {'identifier': 'examples_rclpy_guard_conditions'}
[0.001831] (-) JobUnselected: {'identifier': 'examples_rclpy_minimal_action_client'}
[0.001844] (-) JobUnselected: {'identifier': 'examples_rclpy_minimal_action_server'}
[0.001858] (-) JobUnselected: {'identifier': 'examples_rclpy_minimal_client'}
[0.001884] (-) JobUnselected: {'identifier': 'examples_rclpy_minimal_publisher'}
[0.001899] (-) JobUnselected: {'identifier': 'examples_rclpy_minimal_service'}
[0.001914] (-) JobUnselected: {'identifier': 'examples_rclpy_minimal_subscriber'}
[0.001931] (-) JobUnselected: {'identifier': 'examples_rclpy_pointcloud_publisher'}
[0.001946] (-) JobUnselected: {'identifier': 'launch_testing_examples'}
[0.001963] (-) JobUnselected: {'identifier': 'my_package'}
[0.001979] (-) JobUnselected: {'identifier': 'py_pubsub'}
[0.001994] (-) JobUnselected: {'identifier': 'py_srvcli'}
[0.002059] (-) JobUnselected: {'identifier': 'turtlesim'}
[0.002109] (tutorial_interfaces) JobQueued: {'identifier': 'tutorial_interfaces', 'dependencies': OrderedDict()}
[0.002439] (tutorial_interfaces) JobStarted: {'identifier': 'tutorial_interfaces'}
[0.030625] (tutorial_interfaces) JobProgress: {'identifier': 'tutorial_interfaces', 'progress': 'cmake'}
[0.032684] (tutorial_interfaces) Command: {'cmd': ['/usr/bin/cmake', '/home/zhang/rosprc_ws/src/tutorial_interfaces', '-DCMAKE_INSTALL_PREFIX=/home/zhang/rosprc_ws/install/tutorial_interfaces'], 'cwd': '/home/zhang/rosprc_ws/build/tutorial_interfaces', 'env': OrderedDict({'LESSOPEN': '| /usr/bin/lesspipe %s', 'GZ_SIM_RESOURCE_PATH': '/opt/ros/jazzy/share', 'USER': 'zhang', 'GZ_CONFIG_PATH': '/opt/ros/jazzy/opt/gz_sim_vendor/share/gz:/opt/ros/jazzy/opt/sdformat_vendor/share/gz:/opt/ros/jazzy/opt/gz_gui_vendor/share/gz:/opt/ros/jazzy/opt/gz_transport_vendor/share/gz:/opt/ros/jazzy/opt/gz_rendering_vendor/share/gz:/opt/ros/jazzy/opt/gz_plugin_vendor/share/gz:/opt/ros/jazzy/opt/gz_fuel_tools_vendor/share/gz:/opt/ros/jazzy/opt/gz_msgs_vendor/share/gz:/opt/ros/jazzy/opt/gz_common_vendor/share/gz', 'GIT_ASKPASS': '/home/zhang/.vscode-server/bin/e4c7e7b1d6d060162f4aa7f8225271b67ce1df75/extensions/git/dist/askpass.sh', 'SHLVL': '1', 'LIBGL_ALWAYS_SOFTWARE': '0', 'LD_LIBRARY_PATH': '/home/zhang/rosprc_ws/install/turtlesim/lib:/home/zhang/rosprc_ws/install/examples_rclcpp_wait_set/lib:/home/zhang/rosprc_ws/install/examples_rclcpp_minimal_subscriber/lib:/home/zhang/rosprc_ws/install/examples_rclcpp_minimal_composition/lib:/opt/ros/jazzy/opt/gz_sim_vendor/lib:/opt/ros/jazzy/opt/gz_sensors_vendor/lib:/opt/ros/jazzy/opt/gz_physics_vendor/lib:/opt/ros/jazzy/opt/sdformat_vendor/lib:/opt/ros/jazzy/opt/rviz_ogre_vendor/lib:/opt/ros/jazzy/lib/x86_64-linux-gnu:/opt/ros/jazzy/opt/gz_gui_vendor/lib:/opt/ros/jazzy/opt/gz_transport_vendor/lib:/opt/ros/jazzy/opt/gz_rendering_vendor/lib:/opt/ros/jazzy/opt/gz_plugin_vendor/lib:/opt/ros/jazzy/opt/gz_fuel_tools_vendor/lib:/opt/ros/jazzy/opt/gz_msgs_vendor/lib:/opt/ros/jazzy/opt/gz_common_vendor/lib:/opt/ros/jazzy/opt/gz_math_vendor/lib:/opt/ros/jazzy/opt/gz_utils_vendor/lib:/opt/ros/jazzy/opt/gz_tools_vendor/lib:/opt/ros/jazzy/opt/gz_ogre_next_vendor/lib:/opt/ros/jazzy/opt/gz_dartsim_vendor/lib:/opt/ros/jazzy/opt/gz_cmake_vendor/lib:/opt/ros/jazzy/lib', 'MOTD_SHOWN': 'update-motd', 'HOME': '/home/zhang', 'OLDPWD': '/home/zhang/rosprc_ws/src', 'TERM_PROGRAM_VERSION': '1.131.0', 'VSCODE_IPC_HOOK_CLI': '/run/user/1001/vscode-ipc-0e440554-b2b0-4723-b0a4-0686ef802272.sock', 'ROS_PYTHON_VERSION': '3', 'VSCODE_GIT_ASKPASS_MAIN': '/home/zhang/.vscode-server/bin/e4c7e7b1d6d060162f4aa7f8225271b67ce1df75/extensions/git/dist/askpass-main.js', 'VSCODE_GIT_ASKPASS_NODE': '/home/zhang/.vscode-server/bin/e4c7e7b1d6d060162f4aa7f8225271b67ce1df75/node', 'VSCODE_PYTHON_AUTOACTIVATE_GUARD': '1', 'DBUS_SESSION_BUS_ADDRESS': 'unix:path=/run/user/1001/bus', 'COLORTERM': 'truecolor', 'WSL_DISTRO_NAME': 'Ubuntu', '_colcon_cd_root': '/opt/ros/jazzy/', 'WAYLAND_DISPLAY': 'wayland-0', 'COLCON_PREFIX_PATH': '/home/zhang/rosprc_ws/install', 'ROS_DISTRO': 'jazzy', 'LOGNAME': 'zhang', 'NAME': 'Zhangir', 'WSL_INTEROP': '/run/WSL/40790_interop', 'PULSE_SERVER': 'unix:/mnt/wslg/PulseServer', '_': '/usr/bin/colcon', 'ROS_VERSION': '2', 'CLAUDE_CODE_SSE_PORT': '61920', 'TERM': 'xterm-256color', 'PATH': '/home/zhang/.vscode-server/data/User/globalStorage/github.copilot-chat/debugCommand:/home/zhang/.vscode-server/data/User/globalStorage/github.copilot-chat/copilotCli:/home/zhang/.vscode-server/bin/e4c7e7b1d6d060162f4aa7f8225271b67ce1df75/bin/remote-cli:/opt/ros/jazzy/opt/gz_msgs_vendor/bin:/opt/ros/jazzy/opt/gz_tools_vendor/bin:/opt/ros/jazzy/opt/gz_ogre_next_vendor/bin:/opt/ros/jazzy/bin:/usr/local/sbin:/usr/local/bin:/usr/sbin:/usr/bin:/sbin:/bin:/usr/games:/usr/local/games:/usr/lib/wsl/lib:/mnt/c/WINDOWS/system32:/mnt/c/WINDOWS:/mnt/c/WINDOWS/System32/Wbem:/mnt/c/WINDOWS/System32/WindowsPowerShell/v1.0/:/mnt/c/WINDOWS/System32/OpenSSH/:/mnt/c/Program Files/Git/cmd:/mnt/c/Program Files/MATLAB/R2025b/bin:/mnt/c/Program Files/dotnet/:/mnt/c/Program Files/PowerShell/7/:/mnt/c/Users/Zhang/AppData/Local/Programs/Python/Python314/Scripts/:/mnt/c/Users/Zhang/AppData/Local/Programs/Python/Python314/:/mnt/c/Users/Zhang/.local/bin:/mnt/c/Users/Zhang/AppData/Local/Microsoft/WindowsApps:/mnt/c/Users/Zhang/AppData/Local/Programs/Microsoft VS Code/bin:/mnt/c/Program Files/Processing/:/snap/bin', 'XDG_RUNTIME_DIR': '/run/user/1001', 'DISPLAY': ':0', 'LANG': 'en_US.UTF-8', 'LS_COLORS': 'rs=0:di=01;34:ln=01;36:mh=00:pi=40;33:so=01;35:do=01;35:bd=40;33;01:cd=40;33;01:or=40;31;01:mi=00:su=37;41:sg=30;43:ca=00:tw=30;42:ow=34;42:st=37;44:ex=01;32:*.tar=01;31:*.tgz=01;31:*.arc=01;31:*.arj=01;31:*.taz=01;31:*.lha=01;31:*.lz4=01;31:*.lzh=01;31:*.lzma=01;31:*.tlz=01;31:*.txz=01;31:*.tzo=01;31:*.t7z=01;31:*.zip=01;31:*.z=01;31:*.dz=01;31:*.gz=01;31:*.lrz=01;31:*.lz=01;31:*.lzo=01;31:*.xz=01;31:*.zst=01;31:*.tzst=01;31:*.bz2=01;31:*.bz=01;31:*.tbz=01;31:*.tbz2=01;31:*.tz=01;31:*.deb=01;31:*.rpm=01;31:*.jar=01;31:*.war=01;31:*.ear=01;31:*.sar=01;31:*.rar=01;31:*.alz=01;31:*.ace=01;31:*.zoo=01;31:*.cpio=01;31:*.7z=01;31:*.rz=01;31:*.cab=01;31:*.wim=01;31:*.swm=01;31:*.dwm=01;31:*.esd=01;31:*.avif=01;35:*.jpg=01;35:*.jpeg=01;35:*.mjpg=01;35:*.mjpeg=01;35:*.gif=01;35:*.bmp=01;35:*.pbm=01;35:*.pgm=01;35:*.ppm=01;35:*.tga=01;35:*.xbm=01;35:*.xpm=01;35:*.tif=01;35:*.tiff=01;35:*.png=01;35:*.svg=01;35:*.svgz=01;35:*.mng=01;35:*.pcx=01;35:*.mov=01;35:*.mpg=01;35:*.mpeg=01;35:*.m2v=01;35:*.mkv=01;35:*.webm=01;35:*.webp=01;35:*.ogm=01;35:*.mp4=01;35:*.m4v=01;35:*.mp4v=01;35:*.vob=01;35:*.qt=01;35:*.nuv=01;35:*.wmv=01;35:*.asf=01;35:*.rm=01;35:*.rmvb=01;35:*.flc=01;35:*.avi=01;35:*.fli=01;35:*.flv=01;35:*.gl=01;35:*.dl=01;35:*.xcf=01;35:*.xwd=01;35:*.yuv=01;35:*.cgm=01;35:*.emf=01;35:*.ogv=01;35:*.ogx=01;35:*.aac=00;36:*.au=00;36:*.flac=00;36:*.m4a=00;36:*.mid=00;36:*.midi=00;36:*.mka=00;36:*.mp3=00;36:*.mpc=00;36:*.ogg=00;36:*.ra=00;36:*.wav=00;36:*.oga=00;36:*.opus=00;36:*.spx=00;36:*.xspf=00;36:*~=00;90:*#=00;90:*.bak=00;90:*.crdownload=00;90:*.dpkg-dist=00;90:*.dpkg-new=00;90:*.dpkg-old=00;90:*.dpkg-tmp=00;90:*.old=00;90:*.orig=00;90:*.part=00;90:*.rej=00;90:*.rpmnew=00;90:*.rpmorig=00;90:*.rpmsave=00;90:*.swp=00;90:*.tmp=00;90:*.ucf-dist=00;90:*.ucf-new=00;90:*.ucf-old=00;90:', 'VSCODE_GIT_IPC_HANDLE': '/run/user/1001/vscode-git-82e1d75d12.sock', 'TERM_PROGRAM': 'vscode', 'AMENT_PREFIX_PATH': '/home/zhang/rosprc_ws/install/turtlesim:/home/zhang/rosprc_ws/install/py_srvcli:/home/zhang/rosprc_ws/install/py_pubsub:/home/zhang/rosprc_ws/install/my_package:/home/zhang/rosprc_ws/install/launch_testing_examples:/home/zhang/rosprc_ws/install/examples_rclpy_pointcloud_publisher:/home/zhang/rosprc_ws/install/examples_rclpy_minimal_subscriber:/home/zhang/rosprc_ws/install/examples_rclpy_minimal_service:/home/zhang/rosprc_ws/install/examples_rclpy_minimal_publisher:/home/zhang/rosprc_ws/install/examples_rclpy_minimal_client:/home/zhang/rosprc_ws/install/examples_rclpy_minimal_action_server:/home/zhang/rosprc_ws/install/examples_rclpy_minimal_action_client:/home/zhang/rosprc_ws/install/examples_rclpy_guard_conditions:/home/zhang/rosprc_ws/install/examples_rclpy_executors:/home/zhang/rosprc_ws/install/examples_rclcpp_wait_set:/home/zhang/rosprc_ws/install/examples_rclcpp_multithreaded_executor:/home/zhang/rosprc_ws/install/examples_rclcpp_minimal_timer:/home/zhang/rosprc_ws/install/examples_rclcpp_minimal_subscriber:/home/zhang/rosprc_ws/install/examples_rclcpp_minimal_service:/home/zhang/rosprc_ws/install/examples_rclcpp_minimal_publisher:/home/zhang/rosprc_ws/install/examples_rclcpp_minimal_composition:/home/zhang/rosprc_ws/install/examples_rclcpp_minimal_client:/home/zhang/rosprc_ws/install/examples_rclcpp_minimal_action_server:/home/zhang/rosprc_ws/install/examples_rclcpp_minimal_action_client:/home/zhang/rosprc_ws/install/examples_rclcpp_cbg_executor:/home/zhang/rosprc_ws/install/examples_rclcpp_async_client:/home/zhang/rosprc_ws/install/cpp_srvcli:/home/zhang/rosprc_ws/install/cpp_pubsub:/opt/ros/jazzy', 'SHELL': '/bin/bash', 'LESSCLOSE': '/usr/bin/lesspipe %s %s', 'GALLIUM_DRIVER': 'd3d12', 'ROS_AUTOMATIC_DISCOVERY_RANGE': 'SUBNET', 'VSCODE_GIT_ASKPASS_EXTRA_ARGS': '', 'PWD': '/home/zhang/rosprc_ws/build/tutorial_interfaces', 'TURTLEBOT3_MODEL': 'burger', 'COPILOT_DEBUG_NONCE': '503c6a609ad3c4b1656ae504fee63388', 'XDG_DATA_DIRS': '/usr/local/share:/usr/share:/var/lib/snapd/desktop', 'PYTHONPATH': '/home/zhang/rosprc_ws/install/turtlesim/lib/python3.12/site-packages:/home/zhang/rosprc_ws/install/py_srvcli/lib/python3.12/site-packages:/home/zhang/rosprc_ws/install/py_pubsub/lib/python3.12/site-packages:/home/zhang/rosprc_ws/install/launch_testing_examples/lib/python3.12/site-packages:/home/zhang/rosprc_ws/install/examples_rclpy_pointcloud_publisher/lib/python3.12/site-packages:/home/zhang/rosprc_ws/install/examples_rclpy_minimal_subscriber/lib/python3.12/site-packages:/home/zhang/rosprc_ws/install/examples_rclpy_minimal_service/lib/python3.12/site-packages:/home/zhang/rosprc_ws/install/examples_rclpy_minimal_publisher/lib/python3.12/site-packages:/home/zhang/rosprc_ws/install/examples_rclpy_minimal_client/lib/python3.12/site-packages:/home/zhang/rosprc_ws/install/examples_rclpy_minimal_action_server/lib/python3.12/site-packages:/home/zhang/rosprc_ws/install/examples_rclpy_minimal_action_client/lib/python3.12/site-packages:/home/zhang/rosprc_ws/install/examples_rclpy_guard_conditions/lib/python3.12/site-packages:/home/zhang/rosprc_ws/install/examples_rclpy_executors/lib/python3.12/site-packages:/opt/ros/jazzy/lib/python3.12/site-packages', 'COLCON': '1', 'WSL2_GUI_APPS_ENABLED': '1', 'HOSTTYPE': 'x86_64', 'CMAKE_PREFIX_PATH': '/home/zhang/rosprc_ws/install/turtlesim:/home/zhang/rosprc_ws/install/my_package:/home/zhang/rosprc_ws/install/examples_rclcpp_wait_set:/home/zhang/rosprc_ws/install/examples_rclcpp_multithreaded_executor:/home/zhang/rosprc_ws/install/examples_rclcpp_minimal_timer:/home/zhang/rosprc_ws/install/examples_rclcpp_minimal_subscriber:/home/zhang/rosprc_ws/install/examples_rclcpp_minimal_service:/home/zhang/rosprc_ws/install/examples_rclcpp_minimal_publisher:/home/zhang/rosprc_ws/install/examples_rclcpp_minimal_composition:/home/zhang/rosprc_ws/install/examples_rclcpp_minimal_client:/home/zhang/rosprc_ws/install/examples_rclcpp_minimal_action_server:/home/zhang/rosprc_ws/install/examples_rclcpp_minimal_action_client:/home/zhang/rosprc_ws/install/examples_rclcpp_cbg_executor:/home/zhang/rosprc_ws/install/examples_rclcpp_async_client:/home/zhang/rosprc_ws/install/cpp_srvcli:/home/zhang/rosprc_ws/install/cpp_pubsub:/opt/ros/jazzy/opt/gz_sim_vendor:/opt/ros/jazzy/opt/gz_sensors_vendor:/opt/ros/jazzy/opt/gz_physics_vendor:/opt/ros/jazzy/opt/sdformat_vendor:/opt/ros/jazzy/opt/gz_gui_vendor:/opt/ros/jazzy/opt/gz_transport_vendor:/opt/ros/jazzy/opt/gz_rendering_vendor:/opt/ros/jazzy/opt/gz_plugin_vendor:/opt/ros/jazzy/opt/gz_fuel_tools_vendor:/opt/ros/jazzy/opt/gz_msgs_vendor:/opt/ros/jazzy/opt/gz_common_vendor:/opt/ros/jazzy/opt/gz_math_vendor:/opt/ros/jazzy/opt/gz_utils_vendor:/opt/ros/jazzy/opt/gz_tools_vendor:/opt/ros/jazzy/opt/gz_ogre_next_vendor:/opt/ros/jazzy/opt/gz_dartsim_vendor:/opt/ros/jazzy/opt/gz_cmake_vendor:/home/zhang/rosprc_ws/install/py_srvcli:/home/zhang/rosprc_ws/install/py_pubsub:/home/zhang/rosprc_ws/install/launch_testing_examples:/home/zhang/rosprc_ws/install/examples_rclpy_pointcloud_publisher:/home/zhang/rosprc_ws/install/examples_rclpy_minimal_subscriber:/home/zhang/rosprc_ws/install/examples_rclpy_minimal_service:/home/zhang/rosprc_ws/install/examples_rclpy_minimal_publisher:/home/zhang/rosprc_ws/install/examples_rclpy_minimal_client:/home/zhang/rosprc_ws/install/examples_rclpy_minimal_action_server:/home/zhang/rosprc_ws/install/examples_rclpy_minimal_action_client:/home/zhang/rosprc_ws/install/examples_rclpy_guard_conditions:/home/zhang/rosprc_ws/install/examples_rclpy_executors:/opt/ros/jazzy', 'WSLENV': 'VSCODE_WSL_EXT_LOCATION/up'}), 'shell': False}
[0.099685] (-) TimerEvent: {}
[0.200272] (-) TimerEvent: {}
[0.300706] (-) TimerEvent: {}
[0.401169] (-) TimerEvent: {}
[0.501600] (-) TimerEvent: {}
[0.510266] (tutorial_interfaces) StdoutLine: {'line': b'-- The C compiler identification is GNU 13.3.0\n'}
[0.601980] (-) TimerEvent: {}
[0.702624] (-) TimerEvent: {}
[0.803303] (-) TimerEvent: {}
[0.903793] (-) TimerEvent: {}
[1.004235] (-) TimerEvent: {}
[1.105463] (-) TimerEvent: {}
[1.206063] (-) TimerEvent: {}
[1.306554] (-) TimerEvent: {}
[1.406988] (-) TimerEvent: {}
[1.507567] (-) TimerEvent: {}
[1.608171] (-) TimerEvent: {}
[1.708886] (-) TimerEvent: {}
[1.780511] (tutorial_interfaces) StdoutLine: {'line': b'-- The CXX compiler identification is GNU 13.3.0\n'}
[1.809032] (-) TimerEvent: {}
[1.909513] (-) TimerEvent: {}
[2.010249] (-) TimerEvent: {}
[2.110788] (-) TimerEvent: {}
[2.211118] (-) TimerEvent: {}
[2.311527] (-) TimerEvent: {}
[2.412105] (-) TimerEvent: {}
[2.512936] (-) TimerEvent: {}
[2.613706] (-) TimerEvent: {}
[2.714436] (-) TimerEvent: {}
[2.815184] (-) TimerEvent: {}
[2.915898] (-) TimerEvent: {}
[3.016706] (-) TimerEvent: {}
[3.117300] (-) TimerEvent: {}
[3.217919] (-) TimerEvent: {}
[3.231370] (tutorial_interfaces) StdoutLine: {'line': b'-- Detecting C compiler ABI info\n'}
[3.318260] (-) TimerEvent: {}
[3.418904] (-) TimerEvent: {}
[3.519421] (-) TimerEvent: {}
[3.619945] (-) TimerEvent: {}
[3.720334] (-) TimerEvent: {}
[3.775056] (tutorial_interfaces) StdoutLine: {'line': b'-- Detecting C compiler ABI info - done\n'}
[3.787875] (tutorial_interfaces) StdoutLine: {'line': b'-- Check for working C compiler: /usr/bin/cc - skipped\n'}
[3.789104] (tutorial_interfaces) StdoutLine: {'line': b'-- Detecting C compile features\n'}
[3.790243] (tutorial_interfaces) StdoutLine: {'line': b'-- Detecting C compile features - done\n'}
[3.820792] (-) TimerEvent: {}
[3.921301] (-) TimerEvent: {}
[4.020727] (tutorial_interfaces) StdoutLine: {'line': b'-- Detecting CXX compiler ABI info\n'}
[4.021391] (-) TimerEvent: {}
[4.121790] (-) TimerEvent: {}
[4.222380] (-) TimerEvent: {}
[4.322896] (-) TimerEvent: {}
[4.423335] (-) TimerEvent: {}
[4.523918] (-) TimerEvent: {}
[4.589392] (tutorial_interfaces) StdoutLine: {'line': b'-- Detecting CXX compiler ABI info - done\n'}
[4.602048] (tutorial_interfaces) StdoutLine: {'line': b'-- Check for working CXX compiler: /usr/bin/c++ - skipped\n'}
[4.602623] (tutorial_interfaces) StdoutLine: {'line': b'-- Detecting CXX compile features\n'}
[4.603172] (tutorial_interfaces) StdoutLine: {'line': b'-- Detecting CXX compile features - done\n'}
[4.624000] (-) TimerEvent: {}
[4.700503] (tutorial_interfaces) StdoutLine: {'line': b'-- Found ament_cmake: 2.5.6 (/opt/ros/jazzy/share/ament_cmake/cmake)\n'}
[4.724236] (-) TimerEvent: {}
[4.824643] (-) TimerEvent: {}
[4.925000] (-) TimerEvent: {}
[4.948715] (tutorial_interfaces) StdoutLine: {'line': b'-- Found Python3: /usr/bin/python3 (found version "3.12.3") found components: Interpreter \n'}
[5.025189] (-) TimerEvent: {}
[5.125610] (-) TimerEvent: {}
[5.196140] (tutorial_interfaces) StdoutLine: {'line': b'-- Found geometry_msgs: 5.3.8 (/opt/ros/jazzy/share/geometry_msgs/cmake)\n'}
[5.225865] (-) TimerEvent: {}
[5.326263] (-) TimerEvent: {}
[5.426926] (-) TimerEvent: {}
[5.527564] (-) TimerEvent: {}
[5.628042] (-) TimerEvent: {}
[5.728625] (-) TimerEvent: {}
[5.829427] (-) TimerEvent: {}
[5.893694] (tutorial_interfaces) StdoutLine: {'line': b'-- Found rosidl_generator_c: 4.6.9 (/opt/ros/jazzy/share/rosidl_generator_c/cmake)\n'}
[5.929714] (-) TimerEvent: {}
[5.957412] (tutorial_interfaces) StdoutLine: {'line': b'-- Found rosidl_generator_cpp: 4.6.9 (/opt/ros/jazzy/share/rosidl_generator_cpp/cmake)\n'}
[6.029552] (tutorial_interfaces) StdoutLine: {'line': b'-- Using all available rosidl_typesupport_c: rosidl_typesupport_fastrtps_c;rosidl_typesupport_introspection_c\n'}
[6.029778] (-) TimerEvent: {}
[6.088704] (tutorial_interfaces) StdoutLine: {'line': b'-- Using all available rosidl_typesupport_cpp: rosidl_typesupport_fastrtps_cpp;rosidl_typesupport_introspection_cpp\n'}
[6.130115] (-) TimerEvent: {}
[6.226211] (tutorial_interfaces) StdoutLine: {'line': b'-- Found rosidl_default_generators: 1.6.1 (/opt/ros/jazzy/share/rosidl_default_generators/cmake)\n'}
[6.230293] (-) TimerEvent: {}
[6.316130] (tutorial_interfaces) StdoutLine: {'line': b'-- Found rosidl_adapter: 4.6.9 (/opt/ros/jazzy/share/rosidl_adapter/cmake)\n'}
[6.330478] (-) TimerEvent: {}
[6.430781] (-) TimerEvent: {}
[6.531215] (-) TimerEvent: {}
[6.631582] (-) TimerEvent: {}
[6.732042] (-) TimerEvent: {}
[6.832636] (-) TimerEvent: {}
[6.933107] (-) TimerEvent: {}
[7.033521] (-) TimerEvent: {}
[7.134065] (-) TimerEvent: {}
[7.234524] (-) TimerEvent: {}
[7.271130] (tutorial_interfaces) StdoutLine: {'line': b'-- Found ament_cmake_ros: 0.12.1 (/opt/ros/jazzy/share/ament_cmake_ros/cmake)\n'}
[7.334700] (-) TimerEvent: {}
[7.435190] (-) TimerEvent: {}
[7.535629] (-) TimerEvent: {}
[7.636050] (-) TimerEvent: {}
[7.736578] (-) TimerEvent: {}
[7.837036] (-) TimerEvent: {}
[7.937435] (-) TimerEvent: {}
[8.037823] (-) TimerEvent: {}
[8.138254] (-) TimerEvent: {}
[8.238652] (-) TimerEvent: {}
[8.339059] (-) TimerEvent: {}
[8.439507] (-) TimerEvent: {}
[8.456372] (tutorial_interfaces) StdoutLine: {'line': b'-- Using all available rosidl_typesupport_c: rosidl_typesupport_fastrtps_c;rosidl_typesupport_introspection_c\n'}
[8.539615] (-) TimerEvent: {}
[8.640162] (-) TimerEvent: {}
[8.740681] (-) TimerEvent: {}
[8.841174] (-) TimerEvent: {}
[8.897107] (tutorial_interfaces) StdoutLine: {'line': b'-- Using all available rosidl_typesupport_cpp: rosidl_typesupport_fastrtps_cpp;rosidl_typesupport_introspection_cpp\n'}
[8.905841] (tutorial_interfaces) StdoutLine: {'line': b'-- Found python_cmake_module: 0.11.1 (/opt/ros/jazzy/share/python_cmake_module/cmake)\n'}
[8.941300] (-) TimerEvent: {}
[9.041775] (-) TimerEvent: {}
[9.091023] (tutorial_interfaces) StdoutLine: {'line': b'-- Found PythonExtra: /usr/bin/python3  \n'}
[9.142030] (-) TimerEvent: {}
[9.242408] (-) TimerEvent: {}
[9.342879] (-) TimerEvent: {}
[9.443260] (-) TimerEvent: {}
[9.543741] (-) TimerEvent: {}
[9.644249] (-) TimerEvent: {}
[9.744775] (-) TimerEvent: {}
[9.845244] (-) TimerEvent: {}
[9.883205] (tutorial_interfaces) StdoutLine: {'line': b'-- Found Python3: /usr/bin/python3 (found version "3.12.3") found components: Interpreter Development NumPy Development.Module Development.Embed \n'}
[9.945448] (-) TimerEvent: {}
[10.041985] (tutorial_interfaces) StdoutLine: {'line': b'-- Found Python3: /usr/bin/python3 (found version "3.12.3") found components: Interpreter \n'}
[10.045766] (-) TimerEvent: {}
[10.049986] (tutorial_interfaces) StdoutLine: {'line': b'-- Found ament_lint_auto: 0.17.5 (/opt/ros/jazzy/share/ament_lint_auto/cmake)\n'}
[10.137640] (tutorial_interfaces) StdoutLine: {'line': b"-- Added test 'lint_cmake' to check CMake code style\n"}
[10.141578] (tutorial_interfaces) StdoutLine: {'line': b"-- Added test 'xmllint' to check XML markup files\n"}
[10.145846] (-) TimerEvent: {}
[10.149497] (tutorial_interfaces) StdoutLine: {'line': b'-- Configuring done (10.0s)\n'}
[10.245989] (-) TimerEvent: {}
[10.259199] (tutorial_interfaces) StdoutLine: {'line': b'-- Generating done (0.1s)\n'}
[10.285951] (tutorial_interfaces) StdoutLine: {'line': b'-- Build files have been written to: /home/zhang/rosprc_ws/build/tutorial_interfaces\n'}
[10.299497] (tutorial_interfaces) CommandEnded: {'returncode': 0}
[10.300429] (tutorial_interfaces) JobProgress: {'identifier': 'tutorial_interfaces', 'progress': 'build'}
[10.301600] (tutorial_interfaces) Command: {'cmd': ['/usr/bin/cmake', '--build', '/home/zhang/rosprc_ws/build/tutorial_interfaces', '--', '-j20', '-l20'], 'cwd': '/home/zhang/rosprc_ws/build/tutorial_interfaces', 'env': OrderedDict({'LESSOPEN': '| /usr/bin/lesspipe %s', 'GZ_SIM_RESOURCE_PATH': '/opt/ros/jazzy/share', 'USER': 'zhang', 'GZ_CONFIG_PATH': '/opt/ros/jazzy/opt/gz_sim_vendor/share/gz:/opt/ros/jazzy/opt/sdformat_vendor/share/gz:/opt/ros/jazzy/opt/gz_gui_vendor/share/gz:/opt/ros/jazzy/opt/gz_transport_vendor/share/gz:/opt/ros/jazzy/opt/gz_rendering_vendor/share/gz:/opt/ros/jazzy/opt/gz_plugin_vendor/share/gz:/opt/ros/jazzy/opt/gz_fuel_tools_vendor/share/gz:/opt/ros/jazzy/opt/gz_msgs_vendor/share/gz:/opt/ros/jazzy/opt/gz_common_vendor/share/gz', 'GIT_ASKPASS': '/home/zhang/.vscode-server/bin/e4c7e7b1d6d060162f4aa7f8225271b67ce1df75/extensions/git/dist/askpass.sh', 'SHLVL': '1', 'LIBGL_ALWAYS_SOFTWARE': '0', 'LD_LIBRARY_PATH': '/home/zhang/rosprc_ws/install/turtlesim/lib:/home/zhang/rosprc_ws/install/examples_rclcpp_wait_set/lib:/home/zhang/rosprc_ws/install/examples_rclcpp_minimal_subscriber/lib:/home/zhang/rosprc_ws/install/examples_rclcpp_minimal_composition/lib:/opt/ros/jazzy/opt/gz_sim_vendor/lib:/opt/ros/jazzy/opt/gz_sensors_vendor/lib:/opt/ros/jazzy/opt/gz_physics_vendor/lib:/opt/ros/jazzy/opt/sdformat_vendor/lib:/opt/ros/jazzy/opt/rviz_ogre_vendor/lib:/opt/ros/jazzy/lib/x86_64-linux-gnu:/opt/ros/jazzy/opt/gz_gui_vendor/lib:/opt/ros/jazzy/opt/gz_transport_vendor/lib:/opt/ros/jazzy/opt/gz_rendering_vendor/lib:/opt/ros/jazzy/opt/gz_plugin_vendor/lib:/opt/ros/jazzy/opt/gz_fuel_tools_vendor/lib:/opt/ros/jazzy/opt/gz_msgs_vendor/lib:/opt/ros/jazzy/opt/gz_common_vendor/lib:/opt/ros/jazzy/opt/gz_math_vendor/lib:/opt/ros/jazzy/opt/gz_utils_vendor/lib:/opt/ros/jazzy/opt/gz_tools_vendor/lib:/opt/ros/jazzy/opt/gz_ogre_next_vendor/lib:/opt/ros/jazzy/opt/gz_dartsim_vendor/lib:/opt/ros/jazzy/opt/gz_cmake_vendor/lib:/opt/ros/jazzy/lib', 'MOTD_SHOWN': 'update-motd', 'HOME': '/home/zhang', 'OLDPWD': '/home/zhang/rosprc_ws/src', 'TERM_PROGRAM_VERSION': '1.131.0', 'VSCODE_IPC_HOOK_CLI': '/run/user/1001/vscode-ipc-0e440554-b2b0-4723-b0a4-0686ef802272.sock', 'ROS_PYTHON_VERSION': '3', 'VSCODE_GIT_ASKPASS_MAIN': '/home/zhang/.vscode-server/bin/e4c7e7b1d6d060162f4aa7f8225271b67ce1df75/extensions/git/dist/askpass-main.js', 'VSCODE_GIT_ASKPASS_NODE': '/home/zhang/.vscode-server/bin/e4c7e7b1d6d060162f4aa7f8225271b67ce1df75/node', 'VSCODE_PYTHON_AUTOACTIVATE_GUARD': '1', 'DBUS_SESSION_BUS_ADDRESS': 'unix:path=/run/user/1001/bus', 'COLORTERM': 'truecolor', 'WSL_DISTRO_NAME': 'Ubuntu', '_colcon_cd_root': '/opt/ros/jazzy/', 'WAYLAND_DISPLAY': 'wayland-0', 'COLCON_PREFIX_PATH': '/home/zhang/rosprc_ws/install', 'ROS_DISTRO': 'jazzy', 'LOGNAME': 'zhang', 'NAME': 'Zhangir', 'WSL_INTEROP': '/run/WSL/40790_interop', 'PULSE_SERVER': 'unix:/mnt/wslg/PulseServer', '_': '/usr/bin/colcon', 'ROS_VERSION': '2', 'CLAUDE_CODE_SSE_PORT': '61920', 'TERM': 'xterm-256color', 'PATH': '/home/zhang/.vscode-server/data/User/globalStorage/github.copilot-chat/debugCommand:/home/zhang/.vscode-server/data/User/globalStorage/github.copilot-chat/copilotCli:/home/zhang/.vscode-server/bin/e4c7e7b1d6d060162f4aa7f8225271b67ce1df75/bin/remote-cli:/opt/ros/jazzy/opt/gz_msgs_vendor/bin:/opt/ros/jazzy/opt/gz_tools_vendor/bin:/opt/ros/jazzy/opt/gz_ogre_next_vendor/bin:/opt/ros/jazzy/bin:/usr/local/sbin:/usr/local/bin:/usr/sbin:/usr/bin:/sbin:/bin:/usr/games:/usr/local/games:/usr/lib/wsl/lib:/mnt/c/WINDOWS/system32:/mnt/c/WINDOWS:/mnt/c/WINDOWS/System32/Wbem:/mnt/c/WINDOWS/System32/WindowsPowerShell/v1.0/:/mnt/c/WINDOWS/System32/OpenSSH/:/mnt/c/Program Files/Git/cmd:/mnt/c/Program Files/MATLAB/R2025b/bin:/mnt/c/Program Files/dotnet/:/mnt/c/Program Files/PowerShell/7/:/mnt/c/Users/Zhang/AppData/Local/Programs/Python/Python314/Scripts/:/mnt/c/Users/Zhang/AppData/Local/Programs/Python/Python314/:/mnt/c/Users/Zhang/.local/bin:/mnt/c/Users/Zhang/AppData/Local/Microsoft/WindowsApps:/mnt/c/Users/Zhang/AppData/Local/Programs/Microsoft VS Code/bin:/mnt/c/Program Files/Processing/:/snap/bin', 'XDG_RUNTIME_DIR': '/run/user/1001', 'DISPLAY': ':0', 'LANG': 'en_US.UTF-8', 'LS_COLORS': 'rs=0:di=01;34:ln=01;36:mh=00:pi=40;33:so=01;35:do=01;35:bd=40;33;01:cd=40;33;01:or=40;31;01:mi=00:su=37;41:sg=30;43:ca=00:tw=30;42:ow=34;42:st=37;44:ex=01;32:*.tar=01;31:*.tgz=01;31:*.arc=01;31:*.arj=01;31:*.taz=01;31:*.lha=01;31:*.lz4=01;31:*.lzh=01;31:*.lzma=01;31:*.tlz=01;31:*.txz=01;31:*.tzo=01;31:*.t7z=01;31:*.zip=01;31:*.z=01;31:*.dz=01;31:*.gz=01;31:*.lrz=01;31:*.lz=01;31:*.lzo=01;31:*.xz=01;31:*.zst=01;31:*.tzst=01;31:*.bz2=01;31:*.bz=01;31:*.tbz=01;31:*.tbz2=01;31:*.tz=01;31:*.deb=01;31:*.rpm=01;31:*.jar=01;31:*.war=01;31:*.ear=01;31:*.sar=01;31:*.rar=01;31:*.alz=01;31:*.ace=01;31:*.zoo=01;31:*.cpio=01;31:*.7z=01;31:*.rz=01;31:*.cab=01;31:*.wim=01;31:*.swm=01;31:*.dwm=01;31:*.esd=01;31:*.avif=01;35:*.jpg=01;35:*.jpeg=01;35:*.mjpg=01;35:*.mjpeg=01;35:*.gif=01;35:*.bmp=01;35:*.pbm=01;35:*.pgm=01;35:*.ppm=01;35:*.tga=01;35:*.xbm=01;35:*.xpm=01;35:*.tif=01;35:*.tiff=01;35:*.png=01;35:*.svg=01;35:*.svgz=01;35:*.mng=01;35:*.pcx=01;35:*.mov=01;35:*.mpg=01;35:*.mpeg=01;35:*.m2v=01;35:*.mkv=01;35:*.webm=01;35:*.webp=01;35:*.ogm=01;35:*.mp4=01;35:*.m4v=01;35:*.mp4v=01;35:*.vob=01;35:*.qt=01;35:*.nuv=01;35:*.wmv=01;35:*.asf=01;35:*.rm=01;35:*.rmvb=01;35:*.flc=01;35:*.avi=01;35:*.fli=01;35:*.flv=01;35:*.gl=01;35:*.dl=01;35:*.xcf=01;35:*.xwd=01;35:*.yuv=01;35:*.cgm=01;35:*.emf=01;35:*.ogv=01;35:*.ogx=01;35:*.aac=00;36:*.au=00;36:*.flac=00;36:*.m4a=00;36:*.mid=00;36:*.midi=00;36:*.mka=00;36:*.mp3=00;36:*.mpc=00;36:*.ogg=00;36:*.ra=00;36:*.wav=00;36:*.oga=00;36:*.opus=00;36:*.spx=00;36:*.xspf=00;36:*~=00;90:*#=00;90:*.bak=00;90:*.crdownload=00;90:*.dpkg-dist=00;90:*.dpkg-new=00;90:*.dpkg-old=00;90:*.dpkg-tmp=00;90:*.old=00;90:*.orig=00;90:*.part=00;90:*.rej=00;90:*.rpmnew=00;90:*.rpmorig=00;90:*.rpmsave=00;90:*.swp=00;90:*.tmp=00;90:*.ucf-dist=00;90:*.ucf-new=00;90:*.ucf-old=00;90:', 'VSCODE_GIT_IPC_HANDLE': '/run/user/1001/vscode-git-82e1d75d12.sock', 'TERM_PROGRAM': 'vscode', 'AMENT_PREFIX_PATH': '/home/zhang/rosprc_ws/install/turtlesim:/home/zhang/rosprc_ws/install/py_srvcli:/home/zhang/rosprc_ws/install/py_pubsub:/home/zhang/rosprc_ws/install/my_package:/home/zhang/rosprc_ws/install/launch_testing_examples:/home/zhang/rosprc_ws/install/examples_rclpy_pointcloud_publisher:/home/zhang/rosprc_ws/install/examples_rclpy_minimal_subscriber:/home/zhang/rosprc_ws/install/examples_rclpy_minimal_service:/home/zhang/rosprc_ws/install/examples_rclpy_minimal_publisher:/home/zhang/rosprc_ws/install/examples_rclpy_minimal_client:/home/zhang/rosprc_ws/install/examples_rclpy_minimal_action_server:/home/zhang/rosprc_ws/install/examples_rclpy_minimal_action_client:/home/zhang/rosprc_ws/install/examples_rclpy_guard_conditions:/home/zhang/rosprc_ws/install/examples_rclpy_executors:/home/zhang/rosprc_ws/install/examples_rclcpp_wait_set:/home/zhang/rosprc_ws/install/examples_rclcpp_multithreaded_executor:/home/zhang/rosprc_ws/install/examples_rclcpp_minimal_timer:/home/zhang/rosprc_ws/install/examples_rclcpp_minimal_subscriber:/home/zhang/rosprc_ws/install/examples_rclcpp_minimal_service:/home/zhang/rosprc_ws/install/examples_rclcpp_minimal_publisher:/home/zhang/rosprc_ws/install/examples_rclcpp_minimal_composition:/home/zhang/rosprc_ws/install/examples_rclcpp_minimal_client:/home/zhang/rosprc_ws/install/examples_rclcpp_minimal_action_server:/home/zhang/rosprc_ws/install/examples_rclcpp_minimal_action_client:/home/zhang/rosprc_ws/install/examples_rclcpp_cbg_executor:/home/zhang/rosprc_ws/install/examples_rclcpp_async_client:/home/zhang/rosprc_ws/install/cpp_srvcli:/home/zhang/rosprc_ws/install/cpp_pubsub:/opt/ros/jazzy', 'SHELL': '/bin/bash', 'LESSCLOSE': '/usr/bin/lesspipe %s %s', 'GALLIUM_DRIVER': 'd3d12', 'ROS_AUTOMATIC_DISCOVERY_RANGE': 'SUBNET', 'VSCODE_GIT_ASKPASS_EXTRA_ARGS': '', 'PWD': '/home/zhang/rosprc_ws/build/tutorial_interfaces', 'TURTLEBOT3_MODEL': 'burger', 'COPILOT_DEBUG_NONCE': '503c6a609ad3c4b1656ae504fee63388', 'XDG_DATA_DIRS': '/usr/local/share:/usr/share:/var/lib/snapd/desktop', 'PYTHONPATH': '/home/zhang/rosprc_ws/install/turtlesim/lib/python3.12/site-packages:/home/zhang/rosprc_ws/install/py_srvcli/lib/python3.12/site-packages:/home/zhang/rosprc_ws/install/py_pubsub/lib/python3.12/site-packages:/home/zhang/rosprc_ws/install/launch_testing_examples/lib/python3.12/site-packages:/home/zhang/rosprc_ws/install/examples_rclpy_pointcloud_publisher/lib/python3.12/site-packages:/home/zhang/rosprc_ws/install/examples_rclpy_minimal_subscriber/lib/python3.12/site-packages:/home/zhang/rosprc_ws/install/examples_rclpy_minimal_service/lib/python3.12/site-packages:/home/zhang/rosprc_ws/install/examples_rclpy_minimal_publisher/lib/python3.12/site-packages:/home/zhang/rosprc_ws/install/examples_rclpy_minimal_client/lib/python3.12/site-packages:/home/zhang/rosprc_ws/install/examples_rclpy_minimal_action_server/lib/python3.12/site-packages:/home/zhang/rosprc_ws/install/examples_rclpy_minimal_action_client/lib/python3.12/site-packages:/home/zhang/rosprc_ws/install/examples_rclpy_guard_conditions/lib/python3.12/site-packages:/home/zhang/rosprc_ws/install/examples_rclpy_executors/lib/python3.12/site-packages:/opt/ros/jazzy/lib/python3.12/site-packages', 'COLCON': '1', 'WSL2_GUI_APPS_ENABLED': '1', 'HOSTTYPE': 'x86_64', 'CMAKE_PREFIX_PATH': '/home/zhang/rosprc_ws/install/turtlesim:/home/zhang/rosprc_ws/install/my_package:/home/zhang/rosprc_ws/install/examples_rclcpp_wait_set:/home/zhang/rosprc_ws/install/examples_rclcpp_multithreaded_executor:/home/zhang/rosprc_ws/install/examples_rclcpp_minimal_timer:/home/zhang/rosprc_ws/install/examples_rclcpp_minimal_subscriber:/home/zhang/rosprc_ws/install/examples_rclcpp_minimal_service:/home/zhang/rosprc_ws/install/examples_rclcpp_minimal_publisher:/home/zhang/rosprc_ws/install/examples_rclcpp_minimal_composition:/home/zhang/rosprc_ws/install/examples_rclcpp_minimal_client:/home/zhang/rosprc_ws/install/examples_rclcpp_minimal_action_server:/home/zhang/rosprc_ws/install/examples_rclcpp_minimal_action_client:/home/zhang/rosprc_ws/install/examples_rclcpp_cbg_executor:/home/zhang/rosprc_ws/install/examples_rclcpp_async_client:/home/zhang/rosprc_ws/install/cpp_srvcli:/home/zhang/rosprc_ws/install/cpp_pubsub:/opt/ros/jazzy/opt/gz_sim_vendor:/opt/ros/jazzy/opt/gz_sensors_vendor:/opt/ros/jazzy/opt/gz_physics_vendor:/opt/ros/jazzy/opt/sdformat_vendor:/opt/ros/jazzy/opt/gz_gui_vendor:/opt/ros/jazzy/opt/gz_transport_vendor:/opt/ros/jazzy/opt/gz_rendering_vendor:/opt/ros/jazzy/opt/gz_plugin_vendor:/opt/ros/jazzy/opt/gz_fuel_tools_vendor:/opt/ros/jazzy/opt/gz_msgs_vendor:/opt/ros/jazzy/opt/gz_common_vendor:/opt/ros/jazzy/opt/gz_math_vendor:/opt/ros/jazzy/opt/gz_utils_vendor:/opt/ros/jazzy/opt/gz_tools_vendor:/opt/ros/jazzy/opt/gz_ogre_next_vendor:/opt/ros/jazzy/opt/gz_dartsim_vendor:/opt/ros/jazzy/opt/gz_cmake_vendor:/home/zhang/rosprc_ws/install/py_srvcli:/home/zhang/rosprc_ws/install/py_pubsub:/home/zhang/rosprc_ws/install/launch_testing_examples:/home/zhang/rosprc_ws/install/examples_rclpy_pointcloud_publisher:/home/zhang/rosprc_ws/install/examples_rclpy_minimal_subscriber:/home/zhang/rosprc_ws/install/examples_rclpy_minimal_service:/home/zhang/rosprc_ws/install/examples_rclpy_minimal_publisher:/home/zhang/rosprc_ws/install/examples_rclpy_minimal_client:/home/zhang/rosprc_ws/install/examples_rclpy_minimal_action_server:/home/zhang/rosprc_ws/install/examples_rclpy_minimal_action_client:/home/zhang/rosprc_ws/install/examples_rclpy_guard_conditions:/home/zhang/rosprc_ws/install/examples_rclpy_executors:/opt/ros/jazzy', 'WSLENV': 'VSCODE_WSL_EXT_LOCATION/up'}), 'shell': False}
[10.346189] (-) TimerEvent: {}
[10.369559] (tutorial_interfaces) StdoutLine: {'line': b'[  1%] \x1b[34m\x1b[1mGenerating Rust code for ROS interfaces\x1b[0m\n'}
[10.370220] (tutorial_interfaces) StdoutLine: {'line': b'[  3%] \x1b[34m\x1b[1mGenerating type hashes for ROS interfaces\x1b[0m\n'}
[10.380988] (tutorial_interfaces) StdoutLine: {'line': b'[  3%] Built target ament_cmake_python_copy_tutorial_interfaces\n'}
[10.446371] (-) TimerEvent: {}
[10.546737] (-) TimerEvent: {}
[10.647133] (-) TimerEvent: {}
[10.671796] (tutorial_interfaces) StdoutLine: {'line': b'[  3%] Built target tutorial_interfaces__rosidl_generator_type_description\n'}
[10.687266] (tutorial_interfaces) StdoutLine: {'line': b'[  5%] \x1b[34m\x1b[1mGenerating C code for ROS interfaces\x1b[0m\n'}
[10.699412] (tutorial_interfaces) StdoutLine: {'line': b'running egg_info\n'}
[10.700831] (tutorial_interfaces) StdoutLine: {'line': b'creating tutorial_interfaces.egg-info\n'}
[10.703063] (tutorial_interfaces) StdoutLine: {'line': b'[  7%] \x1b[34m\x1b[1mGenerating C++ code for ROS interfaces\x1b[0m\n'}
[10.703688] (tutorial_interfaces) StdoutLine: {'line': b'[  7%] Built target tutorial_interfaces__rs\n'}
[10.731947] (tutorial_interfaces) StdoutLine: {'line': b'writing tutorial_interfaces.egg-info/PKG-INFO\n'}
[10.732947] (tutorial_interfaces) StdoutLine: {'line': b'writing dependency_links to tutorial_interfaces.egg-info/dependency_links.txt\n'}
[10.733254] (tutorial_interfaces) StdoutLine: {'line': b'writing top-level names to tutorial_interfaces.egg-info/top_level.txt\n'}
[10.733403] (tutorial_interfaces) StdoutLine: {'line': b"writing manifest file 'tutorial_interfaces.egg-info/SOURCES.txt'\n"}
[10.747226] (-) TimerEvent: {}
[10.799966] (tutorial_interfaces) StdoutLine: {'line': b"reading manifest file 'tutorial_interfaces.egg-info/SOURCES.txt'\n"}
[10.800925] (tutorial_interfaces) StdoutLine: {'line': b"writing manifest file 'tutorial_interfaces.egg-info/SOURCES.txt'\n"}
[10.837349] (tutorial_interfaces) StdoutLine: {'line': b'[  7%] Built target ament_cmake_python_build_tutorial_interfaces_egg\n'}
[10.847434] (-) TimerEvent: {}
[10.947817] (-) TimerEvent: {}
[11.048402] (-) TimerEvent: {}
[11.130705] (tutorial_interfaces) StdoutLine: {'line': b'[  7%] Built target tutorial_interfaces__cpp\n'}
[11.148946] (-) TimerEvent: {}
[11.192216] (tutorial_interfaces) StdoutLine: {'line': b'[ 12%] \x1b[32mBuilding C object CMakeFiles/tutorial_interfaces__rosidl_generator_c.dir/rosidl_generator_c/tutorial_interfaces/msg/detail/sphere__description.c.o\x1b[0m\n'}
[11.192859] (tutorial_interfaces) StdoutLine: {'line': b'[ 12%] \x1b[32mBuilding C object CMakeFiles/tutorial_interfaces__rosidl_generator_c.dir/rosidl_generator_c/tutorial_interfaces/msg/detail/num__functions.c.o\x1b[0m\n'}
[11.193061] (tutorial_interfaces) StdoutLine: {'line': b'[ 12%] \x1b[32mBuilding C object CMakeFiles/tutorial_interfaces__rosidl_generator_c.dir/rosidl_generator_c/tutorial_interfaces/msg/detail/num__type_support.c.o\x1b[0m\n'}
[11.193374] (tutorial_interfaces) StdoutLine: {'line': b'[ 14%] \x1b[32mBuilding C object CMakeFiles/tutorial_interfaces__rosidl_generator_c.dir/rosidl_generator_c/tutorial_interfaces/msg/detail/sphere__functions.c.o\x1b[0m\n'}
[11.193738] (tutorial_interfaces) StdoutLine: {'line': b'[ 16%] \x1b[32mBuilding C object CMakeFiles/tutorial_interfaces__rosidl_generator_c.dir/rosidl_generator_c/tutorial_interfaces/msg/detail/num__description.c.o\x1b[0m\n'}
[11.194611] (tutorial_interfaces) StdoutLine: {'line': b'[ 18%] \x1b[32mBuilding C object CMakeFiles/tutorial_interfaces__rosidl_generator_c.dir/rosidl_generator_c/tutorial_interfaces/srv/detail/add_three_ints__description.c.o\x1b[0m\n'}
[11.195206] (tutorial_interfaces) StdoutLine: {'line': b'[ 20%] \x1b[32mBuilding C object CMakeFiles/tutorial_interfaces__rosidl_generator_c.dir/rosidl_generator_c/tutorial_interfaces/msg/detail/sphere__type_support.c.o\x1b[0m\n'}
[11.198485] (tutorial_interfaces) StdoutLine: {'line': b'[ 21%] \x1b[32mBuilding C object CMakeFiles/tutorial_interfaces__rosidl_generator_c.dir/rosidl_generator_c/tutorial_interfaces/srv/detail/add_three_ints__functions.c.o\x1b[0m\n'}
[11.199853] (tutorial_interfaces) StdoutLine: {'line': b'[ 23%] \x1b[32mBuilding C object CMakeFiles/tutorial_interfaces__rosidl_generator_c.dir/rosidl_generator_c/tutorial_interfaces/srv/detail/add_three_ints__type_support.c.o\x1b[0m\n'}
[11.249224] (-) TimerEvent: {}
[11.305716] (tutorial_interfaces) StdoutLine: {'line': b'[ 25%] \x1b[32m\x1b[1mLinking C shared library libtutorial_interfaces__rosidl_generator_c.so\x1b[0m\n'}
[11.349568] (-) TimerEvent: {}
[11.450216] (-) TimerEvent: {}
[11.550167] (tutorial_interfaces) StdoutLine: {'line': b'[ 25%] Built target tutorial_interfaces__rosidl_generator_c\n'}
[11.550449] (-) TimerEvent: {}
[11.566900] (tutorial_interfaces) StdoutLine: {'line': b'[ 27%] \x1b[34m\x1b[1mGenerating C type support for eProsima Fast-RTPS\x1b[0m\n'}
[11.568074] (tutorial_interfaces) StdoutLine: {'line': b'[ 29%] \x1b[34m\x1b[1mGenerating C type support dispatch for ROS interfaces\x1b[0m\n'}
[11.568655] (tutorial_interfaces) StdoutLine: {'line': b'[ 30%] \x1b[34m\x1b[1mGenerating C++ type support for eProsima Fast-RTPS\x1b[0m\n'}
[11.569838] (tutorial_interfaces) StdoutLine: {'line': b'[ 34%] \x1b[34m\x1b[1mGenerating C introspection for ROS interfaces\x1b[0m\n'}
[11.570145] (tutorial_interfaces) StdoutLine: {'line': b'[ 34%] \x1b[34m\x1b[1mGenerating C++ type support dispatch for ROS interfaces\x1b[0m\n'}
[11.570608] (tutorial_interfaces) StdoutLine: {'line': b'[ 36%] \x1b[34m\x1b[1mGenerating C++ introspection for ROS interfaces\x1b[0m\n'}
[11.650623] (-) TimerEvent: {}
[11.751546] (-) TimerEvent: {}
[11.851884] (-) TimerEvent: {}
[11.952177] (-) TimerEvent: {}
[11.972789] (tutorial_interfaces) StdoutLine: {'line': b'[ 38%] \x1b[32mBuilding CXX object CMakeFiles/tutorial_interfaces__rosidl_typesupport_c.dir/rosidl_typesupport_c/tutorial_interfaces/msg/num__type_support.cpp.o\x1b[0m\n'}
[11.974725] (tutorial_interfaces) StdoutLine: {'line': b'[ 40%] \x1b[32mBuilding CXX object CMakeFiles/tutorial_interfaces__rosidl_typesupport_c.dir/rosidl_typesupport_c/tutorial_interfaces/msg/sphere__type_support.cpp.o\x1b[0m\n'}
[11.976343] (tutorial_interfaces) StdoutLine: {'line': b'[ 41%] \x1b[32mBuilding CXX object CMakeFiles/tutorial_interfaces__rosidl_typesupport_c.dir/rosidl_typesupport_c/tutorial_interfaces/srv/add_three_ints__type_support.cpp.o\x1b[0m\n'}
[11.980525] (tutorial_interfaces) StdoutLine: {'line': b'[ 43%] \x1b[32mBuilding CXX object CMakeFiles/tutorial_interfaces__rosidl_typesupport_introspection_cpp.dir/rosidl_typesupport_introspection_cpp/tutorial_interfaces/msg/detail/sphere__type_support.cpp.o\x1b[0m\n'}
[11.981070] (tutorial_interfaces) StdoutLine: {'line': b'[ 45%] \x1b[32mBuilding CXX object CMakeFiles/tutorial_interfaces__rosidl_typesupport_introspection_cpp.dir/rosidl_typesupport_introspection_cpp/tutorial_interfaces/srv/detail/add_three_ints__type_support.cpp.o\x1b[0m\n'}
[11.981358] (tutorial_interfaces) StdoutLine: {'line': b'[ 47%] \x1b[32mBuilding CXX object CMakeFiles/tutorial_interfaces__rosidl_typesupport_introspection_cpp.dir/rosidl_typesupport_introspection_cpp/tutorial_interfaces/msg/detail/num__type_support.cpp.o\x1b[0m\n'}
[11.988951] (tutorial_interfaces) StdoutLine: {'line': b'[ 49%] \x1b[32mBuilding CXX object CMakeFiles/tutorial_interfaces__rosidl_typesupport_cpp.dir/rosidl_typesupport_cpp/tutorial_interfaces/msg/num__type_support.cpp.o\x1b[0m\n'}
[11.990434] (tutorial_interfaces) StdoutLine: {'line': b'[ 50%] \x1b[32mBuilding CXX object CMakeFiles/tutorial_interfaces__rosidl_typesupport_cpp.dir/rosidl_typesupport_cpp/tutorial_interfaces/msg/sphere__type_support.cpp.o\x1b[0m\n'}
[11.991021] (tutorial_interfaces) StdoutLine: {'line': b'[ 52%] \x1b[32mBuilding CXX object CMakeFiles/tutorial_interfaces__rosidl_typesupport_cpp.dir/rosidl_typesupport_cpp/tutorial_interfaces/srv/add_three_ints__type_support.cpp.o\x1b[0m\n'}
[12.033355] (tutorial_interfaces) StdoutLine: {'line': b'[ 56%] \x1b[32mBuilding C object CMakeFiles/tutorial_interfaces__rosidl_typesupport_introspection_c.dir/rosidl_typesupport_introspection_c/tutorial_interfaces/msg/detail/num__type_support.c.o\x1b[0m\n'}
[12.033787] (tutorial_interfaces) StdoutLine: {'line': b'[ 56%] \x1b[32mBuilding C object CMakeFiles/tutorial_interfaces__rosidl_typesupport_introspection_c.dir/rosidl_typesupport_introspection_c/tutorial_interfaces/msg/detail/sphere__type_support.c.o\x1b[0m\n'}
[12.038214] (tutorial_interfaces) StdoutLine: {'line': b'[ 58%] \x1b[32mBuilding C object CMakeFiles/tutorial_interfaces__rosidl_typesupport_introspection_c.dir/rosidl_typesupport_introspection_c/tutorial_interfaces/srv/detail/add_three_ints__type_support.c.o\x1b[0m\n'}
[12.052504] (-) TimerEvent: {}
[12.057956] (tutorial_interfaces) StdoutLine: {'line': b'[ 60%] \x1b[32m\x1b[1mLinking CXX shared library libtutorial_interfaces__rosidl_typesupport_c.so\x1b[0m\n'}
[12.092428] (tutorial_interfaces) StdoutLine: {'line': b'[ 61%] \x1b[32mBuilding CXX object CMakeFiles/tutorial_interfaces__rosidl_typesupport_fastrtps_cpp.dir/rosidl_typesupport_fastrtps_cpp/tutorial_interfaces/msg/detail/dds_fastrtps/sphere__type_support.cpp.o\x1b[0m\n'}
[12.096134] (tutorial_interfaces) StdoutLine: {'line': b'[ 63%] \x1b[32mBuilding CXX object CMakeFiles/tutorial_interfaces__rosidl_typesupport_fastrtps_cpp.dir/rosidl_typesupport_fastrtps_cpp/tutorial_interfaces/srv/detail/dds_fastrtps/add_three_ints__type_support.cpp.o\x1b[0m\n'}
[12.097304] (tutorial_interfaces) StdoutLine: {'line': b'[ 65%] \x1b[32mBuilding CXX object CMakeFiles/tutorial_interfaces__rosidl_typesupport_fastrtps_cpp.dir/rosidl_typesupport_fastrtps_cpp/tutorial_interfaces/msg/detail/dds_fastrtps/num__type_support.cpp.o\x1b[0m\n'}
[12.118226] (tutorial_interfaces) StdoutLine: {'line': b'[ 67%] \x1b[32m\x1b[1mLinking C shared library libtutorial_interfaces__rosidl_typesupport_introspection_c.so\x1b[0m\n'}
[12.152654] (-) TimerEvent: {}
[12.171045] (tutorial_interfaces) StdoutLine: {'line': b'[ 69%] \x1b[32mBuilding CXX object CMakeFiles/tutorial_interfaces__rosidl_typesupport_fastrtps_c.dir/rosidl_typesupport_fastrtps_c/tutorial_interfaces/msg/detail/sphere__type_support_c.cpp.o\x1b[0m\n'}
[12.175579] (tutorial_interfaces) StdoutLine: {'line': b'[ 70%] \x1b[32mBuilding CXX object CMakeFiles/tutorial_interfaces__rosidl_typesupport_fastrtps_c.dir/rosidl_typesupport_fastrtps_c/tutorial_interfaces/srv/detail/add_three_ints__type_support_c.cpp.o\x1b[0m\n'}
[12.179426] (tutorial_interfaces) StdoutLine: {'line': b'[ 72%] \x1b[32mBuilding CXX object CMakeFiles/tutorial_interfaces__rosidl_typesupport_fastrtps_c.dir/rosidl_typesupport_fastrtps_c/tutorial_interfaces/msg/detail/num__type_support_c.cpp.o\x1b[0m\n'}
[12.252827] (-) TimerEvent: {}
[12.268115] (tutorial_interfaces) StdoutLine: {'line': b'[ 72%] Built target tutorial_interfaces__rosidl_typesupport_c\n'}
[12.300993] (tutorial_interfaces) StdoutLine: {'line': b'[ 72%] Built target tutorial_interfaces__rosidl_typesupport_introspection_c\n'}
[12.353060] (-) TimerEvent: {}
[12.453815] (-) TimerEvent: {}
[12.554506] (-) TimerEvent: {}
[12.655168] (-) TimerEvent: {}
[12.755718] (-) TimerEvent: {}
[12.774193] (tutorial_interfaces) StdoutLine: {'line': b'[ 74%] \x1b[32m\x1b[1mLinking CXX shared library libtutorial_interfaces__rosidl_typesupport_cpp.so\x1b[0m\n'}
[12.798728] (tutorial_interfaces) StdoutLine: {'line': b'[ 76%] \x1b[32m\x1b[1mLinking CXX shared library libtutorial_interfaces__rosidl_typesupport_introspection_cpp.so\x1b[0m\n'}
[12.855807] (-) TimerEvent: {}
[12.956208] (-) TimerEvent: {}
[12.983153] (tutorial_interfaces) StdoutLine: {'line': b'[ 76%] Built target tutorial_interfaces__rosidl_typesupport_cpp\n'}
[12.991776] (tutorial_interfaces) StdoutLine: {'line': b'[ 78%] \x1b[32m\x1b[1mLinking CXX shared library libtutorial_interfaces__rosidl_typesupport_fastrtps_c.so\x1b[0m\n'}
[13.009160] (tutorial_interfaces) StdoutLine: {'line': b'[ 78%] Built target tutorial_interfaces__rosidl_typesupport_introspection_cpp\n'}
[13.056318] (-) TimerEvent: {}
[13.147547] (tutorial_interfaces) StdoutLine: {'line': b'[ 80%] \x1b[32m\x1b[1mLinking CXX shared library libtutorial_interfaces__rosidl_typesupport_fastrtps_cpp.so\x1b[0m\n'}
[13.156592] (-) TimerEvent: {}
[13.200276] (tutorial_interfaces) StdoutLine: {'line': b'[ 80%] Built target tutorial_interfaces__rosidl_typesupport_fastrtps_c\n'}
[13.256779] (-) TimerEvent: {}
[13.357335] (-) TimerEvent: {}
[13.382369] (tutorial_interfaces) StdoutLine: {'line': b'[ 80%] Built target tutorial_interfaces__rosidl_typesupport_fastrtps_cpp\n'}
[13.407381] (tutorial_interfaces) StdoutLine: {'line': b'[ 80%] Built target tutorial_interfaces\n'}
[13.436236] (tutorial_interfaces) StdoutLine: {'line': b'[ 81%] \x1b[34m\x1b[1mGenerating Python code for ROS interfaces\x1b[0m\n'}
[13.457467] (-) TimerEvent: {}
[13.557846] (-) TimerEvent: {}
[13.658385] (-) TimerEvent: {}
[13.758772] (-) TimerEvent: {}
[13.859155] (-) TimerEvent: {}
[13.959676] (-) TimerEvent: {}
[13.992175] (tutorial_interfaces) StdoutLine: {'line': b'[ 81%] Built target tutorial_interfaces__py\n'}
[14.014872] (tutorial_interfaces) StdoutLine: {'line': b'[ 83%] \x1b[32mBuilding C object CMakeFiles/tutorial_interfaces__rosidl_generator_py.dir/rosidl_generator_py/tutorial_interfaces/msg/_num_s.c.o\x1b[0m\n'}
[14.015430] (tutorial_interfaces) StdoutLine: {'line': b'[ 87%] \x1b[32mBuilding C object CMakeFiles/tutorial_interfaces__rosidl_generator_py.dir/rosidl_generator_py/tutorial_interfaces/msg/_sphere_s.c.o\x1b[0m\n'}
[14.015656] (tutorial_interfaces) StdoutLine: {'line': b'[ 87%] \x1b[32mBuilding C object CMakeFiles/tutorial_interfaces__rosidl_generator_py.dir/rosidl_generator_py/tutorial_interfaces/srv/_add_three_ints_s.c.o\x1b[0m\n'}
[14.059954] (-) TimerEvent: {}
[14.160415] (-) TimerEvent: {}
[14.260824] (-) TimerEvent: {}
[14.266955] (tutorial_interfaces) StdoutLine: {'line': b'[ 89%] \x1b[32m\x1b[1mLinking C shared library libtutorial_interfaces__rosidl_generator_py.so\x1b[0m\n'}
[14.360943] (-) TimerEvent: {}
[14.461455] (-) TimerEvent: {}
[14.504617] (tutorial_interfaces) StdoutLine: {'line': b'[ 89%] Built target tutorial_interfaces__rosidl_generator_py\n'}
[14.536141] (tutorial_interfaces) StdoutLine: {'line': b'[ 92%] \x1b[32mBuilding C object CMakeFiles/tutorial_interfaces_s__rosidl_typesupport_fastrtps_c.dir/rosidl_generator_py/tutorial_interfaces/_tutorial_interfaces_s.ep.rosidl_typesupport_fastrtps_c.c.o\x1b[0m\n'}
[14.536529] (tutorial_interfaces) StdoutLine: {'line': b'[ 92%] \x1b[32mBuilding C object CMakeFiles/tutorial_interfaces_s__rosidl_typesupport_introspection_c.dir/rosidl_generator_py/tutorial_interfaces/_tutorial_interfaces_s.ep.rosidl_typesupport_introspection_c.c.o\x1b[0m\n'}
[14.537040] (tutorial_interfaces) StdoutLine: {'line': b'[ 94%] \x1b[32mBuilding C object CMakeFiles/tutorial_interfaces_s__rosidl_typesupport_c.dir/rosidl_generator_py/tutorial_interfaces/_tutorial_interfaces_s.ep.rosidl_typesupport_c.c.o\x1b[0m\n'}
[14.561640] (-) TimerEvent: {}
[14.662211] (-) TimerEvent: {}
[14.696521] (tutorial_interfaces) StdoutLine: {'line': b'[ 96%] \x1b[32m\x1b[1mLinking C shared module rosidl_generator_py/tutorial_interfaces/tutorial_interfaces_s__rosidl_typesupport_c.so\x1b[0m\n'}
[14.698103] (tutorial_interfaces) StdoutLine: {'line': b'[ 98%] \x1b[32m\x1b[1mLinking C shared module rosidl_generator_py/tutorial_interfaces/tutorial_interfaces_s__rosidl_typesupport_fastrtps_c.so\x1b[0m\n'}
[14.700292] (tutorial_interfaces) StdoutLine: {'line': b'[100%] \x1b[32m\x1b[1mLinking C shared module rosidl_generator_py/tutorial_interfaces/tutorial_interfaces_s__rosidl_typesupport_introspection_c.so\x1b[0m\n'}
[14.762395] (-) TimerEvent: {}
[14.840112] (tutorial_interfaces) StdoutLine: {'line': b'[100%] Built target tutorial_interfaces_s__rosidl_typesupport_c\n'}
[14.841280] (tutorial_interfaces) StdoutLine: {'line': b'[100%] Built target tutorial_interfaces_s__rosidl_typesupport_fastrtps_c\n'}
[14.842768] (tutorial_interfaces) StdoutLine: {'line': b'[100%] Built target tutorial_interfaces_s__rosidl_typesupport_introspection_c\n'}
[14.861118] (tutorial_interfaces) CommandEnded: {'returncode': 0}
[14.862497] (tutorial_interfaces) JobProgress: {'identifier': 'tutorial_interfaces', 'progress': 'install'}
[14.862610] (-) TimerEvent: {}
[14.876432] (tutorial_interfaces) Command: {'cmd': ['/usr/bin/cmake', '--install', '/home/zhang/rosprc_ws/build/tutorial_interfaces'], 'cwd': '/home/zhang/rosprc_ws/build/tutorial_interfaces', 'env': OrderedDict({'LESSOPEN': '| /usr/bin/lesspipe %s', 'GZ_SIM_RESOURCE_PATH': '/opt/ros/jazzy/share', 'USER': 'zhang', 'GZ_CONFIG_PATH': '/opt/ros/jazzy/opt/gz_sim_vendor/share/gz:/opt/ros/jazzy/opt/sdformat_vendor/share/gz:/opt/ros/jazzy/opt/gz_gui_vendor/share/gz:/opt/ros/jazzy/opt/gz_transport_vendor/share/gz:/opt/ros/jazzy/opt/gz_rendering_vendor/share/gz:/opt/ros/jazzy/opt/gz_plugin_vendor/share/gz:/opt/ros/jazzy/opt/gz_fuel_tools_vendor/share/gz:/opt/ros/jazzy/opt/gz_msgs_vendor/share/gz:/opt/ros/jazzy/opt/gz_common_vendor/share/gz', 'GIT_ASKPASS': '/home/zhang/.vscode-server/bin/e4c7e7b1d6d060162f4aa7f8225271b67ce1df75/extensions/git/dist/askpass.sh', 'SHLVL': '1', 'LIBGL_ALWAYS_SOFTWARE': '0', 'LD_LIBRARY_PATH': '/home/zhang/rosprc_ws/install/turtlesim/lib:/home/zhang/rosprc_ws/install/examples_rclcpp_wait_set/lib:/home/zhang/rosprc_ws/install/examples_rclcpp_minimal_subscriber/lib:/home/zhang/rosprc_ws/install/examples_rclcpp_minimal_composition/lib:/opt/ros/jazzy/opt/gz_sim_vendor/lib:/opt/ros/jazzy/opt/gz_sensors_vendor/lib:/opt/ros/jazzy/opt/gz_physics_vendor/lib:/opt/ros/jazzy/opt/sdformat_vendor/lib:/opt/ros/jazzy/opt/rviz_ogre_vendor/lib:/opt/ros/jazzy/lib/x86_64-linux-gnu:/opt/ros/jazzy/opt/gz_gui_vendor/lib:/opt/ros/jazzy/opt/gz_transport_vendor/lib:/opt/ros/jazzy/opt/gz_rendering_vendor/lib:/opt/ros/jazzy/opt/gz_plugin_vendor/lib:/opt/ros/jazzy/opt/gz_fuel_tools_vendor/lib:/opt/ros/jazzy/opt/gz_msgs_vendor/lib:/opt/ros/jazzy/opt/gz_common_vendor/lib:/opt/ros/jazzy/opt/gz_math_vendor/lib:/opt/ros/jazzy/opt/gz_utils_vendor/lib:/opt/ros/jazzy/opt/gz_tools_vendor/lib:/opt/ros/jazzy/opt/gz_ogre_next_vendor/lib:/opt/ros/jazzy/opt/gz_dartsim_vendor/lib:/opt/ros/jazzy/opt/gz_cmake_vendor/lib:/opt/ros/jazzy/lib', 'MOTD_SHOWN': 'update-motd', 'HOME': '/home/zhang', 'OLDPWD': '/home/zhang/rosprc_ws/src', 'TERM_PROGRAM_VERSION': '1.131.0', 'VSCODE_IPC_HOOK_CLI': '/run/user/1001/vscode-ipc-0e440554-b2b0-4723-b0a4-0686ef802272.sock', 'ROS_PYTHON_VERSION': '3', 'VSCODE_GIT_ASKPASS_MAIN': '/home/zhang/.vscode-server/bin/e4c7e7b1d6d060162f4aa7f8225271b67ce1df75/extensions/git/dist/askpass-main.js', 'VSCODE_GIT_ASKPASS_NODE': '/home/zhang/.vscode-server/bin/e4c7e7b1d6d060162f4aa7f8225271b67ce1df75/node', 'VSCODE_PYTHON_AUTOACTIVATE_GUARD': '1', 'DBUS_SESSION_BUS_ADDRESS': 'unix:path=/run/user/1001/bus', 'COLORTERM': 'truecolor', 'WSL_DISTRO_NAME': 'Ubuntu', '_colcon_cd_root': '/opt/ros/jazzy/', 'WAYLAND_DISPLAY': 'wayland-0', 'COLCON_PREFIX_PATH': '/home/zhang/rosprc_ws/install', 'ROS_DISTRO': 'jazzy', 'LOGNAME': 'zhang', 'NAME': 'Zhangir', 'WSL_INTEROP': '/run/WSL/40790_interop', 'PULSE_SERVER': 'unix:/mnt/wslg/PulseServer', '_': '/usr/bin/colcon', 'ROS_VERSION': '2', 'CLAUDE_CODE_SSE_PORT': '61920', 'TERM': 'xterm-256color', 'PATH': '/home/zhang/.vscode-server/data/User/globalStorage/github.copilot-chat/debugCommand:/home/zhang/.vscode-server/data/User/globalStorage/github.copilot-chat/copilotCli:/home/zhang/.vscode-server/bin/e4c7e7b1d6d060162f4aa7f8225271b67ce1df75/bin/remote-cli:/opt/ros/jazzy/opt/gz_msgs_vendor/bin:/opt/ros/jazzy/opt/gz_tools_vendor/bin:/opt/ros/jazzy/opt/gz_ogre_next_vendor/bin:/opt/ros/jazzy/bin:/usr/local/sbin:/usr/local/bin:/usr/sbin:/usr/bin:/sbin:/bin:/usr/games:/usr/local/games:/usr/lib/wsl/lib:/mnt/c/WINDOWS/system32:/mnt/c/WINDOWS:/mnt/c/WINDOWS/System32/Wbem:/mnt/c/WINDOWS/System32/WindowsPowerShell/v1.0/:/mnt/c/WINDOWS/System32/OpenSSH/:/mnt/c/Program Files/Git/cmd:/mnt/c/Program Files/MATLAB/R2025b/bin:/mnt/c/Program Files/dotnet/:/mnt/c/Program Files/PowerShell/7/:/mnt/c/Users/Zhang/AppData/Local/Programs/Python/Python314/Scripts/:/mnt/c/Users/Zhang/AppData/Local/Programs/Python/Python314/:/mnt/c/Users/Zhang/.local/bin:/mnt/c/Users/Zhang/AppData/Local/Microsoft/WindowsApps:/mnt/c/Users/Zhang/AppData/Local/Programs/Microsoft VS Code/bin:/mnt/c/Program Files/Processing/:/snap/bin', 'XDG_RUNTIME_DIR': '/run/user/1001', 'DISPLAY': ':0', 'LANG': 'en_US.UTF-8', 'LS_COLORS': 'rs=0:di=01;34:ln=01;36:mh=00:pi=40;33:so=01;35:do=01;35:bd=40;33;01:cd=40;33;01:or=40;31;01:mi=00:su=37;41:sg=30;43:ca=00:tw=30;42:ow=34;42:st=37;44:ex=01;32:*.tar=01;31:*.tgz=01;31:*.arc=01;31:*.arj=01;31:*.taz=01;31:*.lha=01;31:*.lz4=01;31:*.lzh=01;31:*.lzma=01;31:*.tlz=01;31:*.txz=01;31:*.tzo=01;31:*.t7z=01;31:*.zip=01;31:*.z=01;31:*.dz=01;31:*.gz=01;31:*.lrz=01;31:*.lz=01;31:*.lzo=01;31:*.xz=01;31:*.zst=01;31:*.tzst=01;31:*.bz2=01;31:*.bz=01;31:*.tbz=01;31:*.tbz2=01;31:*.tz=01;31:*.deb=01;31:*.rpm=01;31:*.jar=01;31:*.war=01;31:*.ear=01;31:*.sar=01;31:*.rar=01;31:*.alz=01;31:*.ace=01;31:*.zoo=01;31:*.cpio=01;31:*.7z=01;31:*.rz=01;31:*.cab=01;31:*.wim=01;31:*.swm=01;31:*.dwm=01;31:*.esd=01;31:*.avif=01;35:*.jpg=01;35:*.jpeg=01;35:*.mjpg=01;35:*.mjpeg=01;35:*.gif=01;35:*.bmp=01;35:*.pbm=01;35:*.pgm=01;35:*.ppm=01;35:*.tga=01;35:*.xbm=01;35:*.xpm=01;35:*.tif=01;35:*.tiff=01;35:*.png=01;35:*.svg=01;35:*.svgz=01;35:*.mng=01;35:*.pcx=01;35:*.mov=01;35:*.mpg=01;35:*.mpeg=01;35:*.m2v=01;35:*.mkv=01;35:*.webm=01;35:*.webp=01;35:*.ogm=01;35:*.mp4=01;35:*.m4v=01;35:*.mp4v=01;35:*.vob=01;35:*.qt=01;35:*.nuv=01;35:*.wmv=01;35:*.asf=01;35:*.rm=01;35:*.rmvb=01;35:*.flc=01;35:*.avi=01;35:*.fli=01;35:*.flv=01;35:*.gl=01;35:*.dl=01;35:*.xcf=01;35:*.xwd=01;35:*.yuv=01;35:*.cgm=01;35:*.emf=01;35:*.ogv=01;35:*.ogx=01;35:*.aac=00;36:*.au=00;36:*.flac=00;36:*.m4a=00;36:*.mid=00;36:*.midi=00;36:*.mka=00;36:*.mp3=00;36:*.mpc=00;36:*.ogg=00;36:*.ra=00;36:*.wav=00;36:*.oga=00;36:*.opus=00;36:*.spx=00;36:*.xspf=00;36:*~=00;90:*#=00;90:*.bak=00;90:*.crdownload=00;90:*.dpkg-dist=00;90:*.dpkg-new=00;90:*.dpkg-old=00;90:*.dpkg-tmp=00;90:*.old=00;90:*.orig=00;90:*.part=00;90:*.rej=00;90:*.rpmnew=00;90:*.rpmorig=00;90:*.rpmsave=00;90:*.swp=00;90:*.tmp=00;90:*.ucf-dist=00;90:*.ucf-new=00;90:*.ucf-old=00;90:', 'VSCODE_GIT_IPC_HANDLE': '/run/user/1001/vscode-git-82e1d75d12.sock', 'TERM_PROGRAM': 'vscode', 'AMENT_PREFIX_PATH': '/home/zhang/rosprc_ws/install/turtlesim:/home/zhang/rosprc_ws/install/py_srvcli:/home/zhang/rosprc_ws/install/py_pubsub:/home/zhang/rosprc_ws/install/my_package:/home/zhang/rosprc_ws/install/launch_testing_examples:/home/zhang/rosprc_ws/install/examples_rclpy_pointcloud_publisher:/home/zhang/rosprc_ws/install/examples_rclpy_minimal_subscriber:/home/zhang/rosprc_ws/install/examples_rclpy_minimal_service:/home/zhang/rosprc_ws/install/examples_rclpy_minimal_publisher:/home/zhang/rosprc_ws/install/examples_rclpy_minimal_client:/home/zhang/rosprc_ws/install/examples_rclpy_minimal_action_server:/home/zhang/rosprc_ws/install/examples_rclpy_minimal_action_client:/home/zhang/rosprc_ws/install/examples_rclpy_guard_conditions:/home/zhang/rosprc_ws/install/examples_rclpy_executors:/home/zhang/rosprc_ws/install/examples_rclcpp_wait_set:/home/zhang/rosprc_ws/install/examples_rclcpp_multithreaded_executor:/home/zhang/rosprc_ws/install/examples_rclcpp_minimal_timer:/home/zhang/rosprc_ws/install/examples_rclcpp_minimal_subscriber:/home/zhang/rosprc_ws/install/examples_rclcpp_minimal_service:/home/zhang/rosprc_ws/install/examples_rclcpp_minimal_publisher:/home/zhang/rosprc_ws/install/examples_rclcpp_minimal_composition:/home/zhang/rosprc_ws/install/examples_rclcpp_minimal_client:/home/zhang/rosprc_ws/install/examples_rclcpp_minimal_action_server:/home/zhang/rosprc_ws/install/examples_rclcpp_minimal_action_client:/home/zhang/rosprc_ws/install/examples_rclcpp_cbg_executor:/home/zhang/rosprc_ws/install/examples_rclcpp_async_client:/home/zhang/rosprc_ws/install/cpp_srvcli:/home/zhang/rosprc_ws/install/cpp_pubsub:/opt/ros/jazzy', 'SHELL': '/bin/bash', 'LESSCLOSE': '/usr/bin/lesspipe %s %s', 'GALLIUM_DRIVER': 'd3d12', 'ROS_AUTOMATIC_DISCOVERY_RANGE': 'SUBNET', 'VSCODE_GIT_ASKPASS_EXTRA_ARGS': '', 'PWD': '/home/zhang/rosprc_ws/build/tutorial_interfaces', 'TURTLEBOT3_MODEL': 'burger', 'COPILOT_DEBUG_NONCE': '503c6a609ad3c4b1656ae504fee63388', 'XDG_DATA_DIRS': '/usr/local/share:/usr/share:/var/lib/snapd/desktop', 'PYTHONPATH': '/home/zhang/rosprc_ws/install/turtlesim/lib/python3.12/site-packages:/home/zhang/rosprc_ws/install/py_srvcli/lib/python3.12/site-packages:/home/zhang/rosprc_ws/install/py_pubsub/lib/python3.12/site-packages:/home/zhang/rosprc_ws/install/launch_testing_examples/lib/python3.12/site-packages:/home/zhang/rosprc_ws/install/examples_rclpy_pointcloud_publisher/lib/python3.12/site-packages:/home/zhang/rosprc_ws/install/examples_rclpy_minimal_subscriber/lib/python3.12/site-packages:/home/zhang/rosprc_ws/install/examples_rclpy_minimal_service/lib/python3.12/site-packages:/home/zhang/rosprc_ws/install/examples_rclpy_minimal_publisher/lib/python3.12/site-packages:/home/zhang/rosprc_ws/install/examples_rclpy_minimal_client/lib/python3.12/site-packages:/home/zhang/rosprc_ws/install/examples_rclpy_minimal_action_server/lib/python3.12/site-packages:/home/zhang/rosprc_ws/install/examples_rclpy_minimal_action_client/lib/python3.12/site-packages:/home/zhang/rosprc_ws/install/examples_rclpy_guard_conditions/lib/python3.12/site-packages:/home/zhang/rosprc_ws/install/examples_rclpy_executors/lib/python3.12/site-packages:/opt/ros/jazzy/lib/python3.12/site-packages', 'COLCON': '1', 'WSL2_GUI_APPS_ENABLED': '1', 'HOSTTYPE': 'x86_64', 'CMAKE_PREFIX_PATH': '/home/zhang/rosprc_ws/install/turtlesim:/home/zhang/rosprc_ws/install/my_package:/home/zhang/rosprc_ws/install/examples_rclcpp_wait_set:/home/zhang/rosprc_ws/install/examples_rclcpp_multithreaded_executor:/home/zhang/rosprc_ws/install/examples_rclcpp_minimal_timer:/home/zhang/rosprc_ws/install/examples_rclcpp_minimal_subscriber:/home/zhang/rosprc_ws/install/examples_rclcpp_minimal_service:/home/zhang/rosprc_ws/install/examples_rclcpp_minimal_publisher:/home/zhang/rosprc_ws/install/examples_rclcpp_minimal_composition:/home/zhang/rosprc_ws/install/examples_rclcpp_minimal_client:/home/zhang/rosprc_ws/install/examples_rclcpp_minimal_action_server:/home/zhang/rosprc_ws/install/examples_rclcpp_minimal_action_client:/home/zhang/rosprc_ws/install/examples_rclcpp_cbg_executor:/home/zhang/rosprc_ws/install/examples_rclcpp_async_client:/home/zhang/rosprc_ws/install/cpp_srvcli:/home/zhang/rosprc_ws/install/cpp_pubsub:/opt/ros/jazzy/opt/gz_sim_vendor:/opt/ros/jazzy/opt/gz_sensors_vendor:/opt/ros/jazzy/opt/gz_physics_vendor:/opt/ros/jazzy/opt/sdformat_vendor:/opt/ros/jazzy/opt/gz_gui_vendor:/opt/ros/jazzy/opt/gz_transport_vendor:/opt/ros/jazzy/opt/gz_rendering_vendor:/opt/ros/jazzy/opt/gz_plugin_vendor:/opt/ros/jazzy/opt/gz_fuel_tools_vendor:/opt/ros/jazzy/opt/gz_msgs_vendor:/opt/ros/jazzy/opt/gz_common_vendor:/opt/ros/jazzy/opt/gz_math_vendor:/opt/ros/jazzy/opt/gz_utils_vendor:/opt/ros/jazzy/opt/gz_tools_vendor:/opt/ros/jazzy/opt/gz_ogre_next_vendor:/opt/ros/jazzy/opt/gz_dartsim_vendor:/opt/ros/jazzy/opt/gz_cmake_vendor:/home/zhang/rosprc_ws/install/py_srvcli:/home/zhang/rosprc_ws/install/py_pubsub:/home/zhang/rosprc_ws/install/launch_testing_examples:/home/zhang/rosprc_ws/install/examples_rclpy_pointcloud_publisher:/home/zhang/rosprc_ws/install/examples_rclpy_minimal_subscriber:/home/zhang/rosprc_ws/install/examples_rclpy_minimal_service:/home/zhang/rosprc_ws/install/examples_rclpy_minimal_publisher:/home/zhang/rosprc_ws/install/examples_rclpy_minimal_client:/home/zhang/rosprc_ws/install/examples_rclpy_minimal_action_server:/home/zhang/rosprc_ws/install/examples_rclpy_minimal_action_client:/home/zhang/rosprc_ws/install/examples_rclpy_guard_conditions:/home/zhang/rosprc_ws/install/examples_rclpy_executors:/opt/ros/jazzy', 'WSLENV': 'VSCODE_WSL_EXT_LOCATION/up'}), 'shell': False}
[14.889471] (tutorial_interfaces) StdoutLine: {'line': b'-- Install configuration: ""\n'}
[14.890601] (tutorial_interfaces) StdoutLine: {'line': b'-- Installing: /home/zhang/rosprc_ws/install/tutorial_interfaces/share/ament_index/resource_index/rosidl_interfaces/tutorial_interfaces\n'}
[14.891169] (tutorial_interfaces) StdoutLine: {'line': b'-- Installing: /home/zhang/rosprc_ws/install/tutorial_interfaces/share/tutorial_interfaces/msg/Num.json\n'}
[14.891456] (tutorial_interfaces) StdoutLine: {'line': b'-- Installing: /home/zhang/rosprc_ws/install/tutorial_interfaces/share/tutorial_interfaces/msg/Sphere.json\n'}
[14.891894] (tutorial_interfaces) StdoutLine: {'line': b'-- Installing: /home/zhang/rosprc_ws/install/tutorial_interfaces/share/tutorial_interfaces/srv/AddThreeInts.json\n'}
[14.892070] (tutorial_interfaces) StdoutLine: {'line': b'-- Installing: /home/zhang/rosprc_ws/install/tutorial_interfaces/include/tutorial_interfaces/tutorial_interfaces\n'}
[14.892501] (tutorial_interfaces) StdoutLine: {'line': b'-- Installing: /home/zhang/rosprc_ws/install/tutorial_interfaces/include/tutorial_interfaces/tutorial_interfaces/msg\n'}
[14.893152] (tutorial_interfaces) StdoutLine: {'line': b'-- Installing: /home/zhang/rosprc_ws/install/tutorial_interfaces/include/tutorial_interfaces/tutorial_interfaces/msg/sphere.h\n'}
[14.893351] (tutorial_interfaces) StdoutLine: {'line': b'-- Installing: /home/zhang/rosprc_ws/install/tutorial_interfaces/include/tutorial_interfaces/tutorial_interfaces/msg/detail\n'}
[14.894201] (tutorial_interfaces) StdoutLine: {'line': b'-- Installing: /home/zhang/rosprc_ws/install/tutorial_interfaces/include/tutorial_interfaces/tutorial_interfaces/msg/detail/num__functions.h\n'}
[14.894411] (tutorial_interfaces) StdoutLine: {'line': b'-- Installing: /home/zhang/rosprc_ws/install/tutorial_interfaces/include/tutorial_interfaces/tutorial_interfaces/msg/detail/sphere__struct.h\n'}
[14.894566] (tutorial_interfaces) StdoutLine: {'line': b'-- Installing: /home/zhang/rosprc_ws/install/tutorial_interfaces/include/tutorial_interfaces/tutorial_interfaces/msg/detail/sphere__type_support.c\n'}
[14.894691] (tutorial_interfaces) StdoutLine: {'line': b'-- Installing: /home/zhang/rosprc_ws/install/tutorial_interfaces/include/tutorial_interfaces/tutorial_interfaces/msg/detail/sphere__functions.h\n'}
[14.894787] (tutorial_interfaces) StdoutLine: {'line': b'-- Installing: /home/zhang/rosprc_ws/install/tutorial_interfaces/include/tutorial_interfaces/tutorial_interfaces/msg/detail/num__type_support.c\n'}
[14.894884] (tutorial_interfaces) StdoutLine: {'line': b'-- Installing: /home/zhang/rosprc_ws/install/tutorial_interfaces/include/tutorial_interfaces/tutorial_interfaces/msg/detail/num__description.c\n'}
[14.895018] (tutorial_interfaces) StdoutLine: {'line': b'-- Installing: /home/zhang/rosprc_ws/install/tutorial_interfaces/include/tutorial_interfaces/tutorial_interfaces/msg/detail/sphere__functions.c\n'}
[14.895571] (tutorial_interfaces) StdoutLine: {'line': b'-- Installing: /home/zhang/rosprc_ws/install/tutorial_interfaces/include/tutorial_interfaces/tutorial_interfaces/msg/detail/num__struct.h\n'}
[14.896303] (tutorial_interfaces) StdoutLine: {'line': b'-- Installing: /home/zhang/rosprc_ws/install/tutorial_interfaces/include/tutorial_interfaces/tutorial_interfaces/msg/detail/sphere__description.c\n'}
[14.896763] (tutorial_interfaces) StdoutLine: {'line': b'-- Installing: /home/zhang/rosprc_ws/install/tutorial_interfaces/include/tutorial_interfaces/tutorial_interfaces/msg/detail/num__type_support.h\n'}
[14.897159] (tutorial_interfaces) StdoutLine: {'line': b'-- Installing: /home/zhang/rosprc_ws/install/tutorial_interfaces/include/tutorial_interfaces/tutorial_interfaces/msg/detail/sphere__type_support.h\n'}
[14.897448] (tutorial_interfaces) StdoutLine: {'line': b'-- Installing: /home/zhang/rosprc_ws/install/tutorial_interfaces/include/tutorial_interfaces/tutorial_interfaces/msg/detail/num__functions.c\n'}
[14.897844] (tutorial_interfaces) StdoutLine: {'line': b'-- Installing: /home/zhang/rosprc_ws/install/tutorial_interfaces/include/tutorial_interfaces/tutorial_interfaces/msg/rosidl_generator_c__visibility_control.h\n'}
[14.898149] (tutorial_interfaces) StdoutLine: {'line': b'-- Installing: /home/zhang/rosprc_ws/install/tutorial_interfaces/include/tutorial_interfaces/tutorial_interfaces/msg/num.h\n'}
[14.898239] (tutorial_interfaces) StdoutLine: {'line': b'-- Installing: /home/zhang/rosprc_ws/install/tutorial_interfaces/include/tutorial_interfaces/tutorial_interfaces/srv\n'}
[14.898320] (tutorial_interfaces) StdoutLine: {'line': b'-- Installing: /home/zhang/rosprc_ws/install/tutorial_interfaces/include/tutorial_interfaces/tutorial_interfaces/srv/detail\n'}
[14.898454] (tutorial_interfaces) StdoutLine: {'line': b'-- Installing: /home/zhang/rosprc_ws/install/tutorial_interfaces/include/tutorial_interfaces/tutorial_interfaces/srv/detail/add_three_ints__functions.c\n'}
[14.898555] (tutorial_interfaces) StdoutLine: {'line': b'-- Installing: /home/zhang/rosprc_ws/install/tutorial_interfaces/include/tutorial_interfaces/tutorial_interfaces/srv/detail/add_three_ints__type_support.c\n'}
[14.898649] (tutorial_interfaces) StdoutLine: {'line': b'-- Installing: /home/zhang/rosprc_ws/install/tutorial_interfaces/include/tutorial_interfaces/tutorial_interfaces/srv/detail/add_three_ints__functions.h\n'}
[14.898745] (tutorial_interfaces) StdoutLine: {'line': b'-- Installing: /home/zhang/rosprc_ws/install/tutorial_interfaces/include/tutorial_interfaces/tutorial_interfaces/srv/detail/add_three_ints__struct.h\n'}
[14.899096] (tutorial_interfaces) StdoutLine: {'line': b'-- Installing: /home/zhang/rosprc_ws/install/tutorial_interfaces/include/tutorial_interfaces/tutorial_interfaces/srv/detail/add_three_ints__type_support.h\n'}
[14.899213] (tutorial_interfaces) StdoutLine: {'line': b'-- Installing: /home/zhang/rosprc_ws/install/tutorial_interfaces/include/tutorial_interfaces/tutorial_interfaces/srv/detail/add_three_ints__description.c\n'}
[14.899307] (tutorial_interfaces) StdoutLine: {'line': b'-- Installing: /home/zhang/rosprc_ws/install/tutorial_interfaces/include/tutorial_interfaces/tutorial_interfaces/srv/add_three_ints.h\n'}
[14.899688] (tutorial_interfaces) StdoutLine: {'line': b'-- Installing: /home/zhang/rosprc_ws/install/tutorial_interfaces/share/tutorial_interfaces/environment/library_path.sh\n'}
[14.899793] (tutorial_interfaces) StdoutLine: {'line': b'-- Installing: /home/zhang/rosprc_ws/install/tutorial_interfaces/share/tutorial_interfaces/environment/library_path.dsv\n'}
[14.900167] (tutorial_interfaces) StdoutLine: {'line': b'-- Installing: /home/zhang/rosprc_ws/install/tutorial_interfaces/lib/libtutorial_interfaces__rosidl_generator_c.so\n'}
[14.900692] (tutorial_interfaces) StdoutLine: {'line': b'-- Set non-toolchain portion of runtime path of "/home/zhang/rosprc_ws/install/tutorial_interfaces/lib/libtutorial_interfaces__rosidl_generator_c.so" to ""\n'}
[14.901851] (tutorial_interfaces) StdoutLine: {'line': b'-- Up-to-date: /home/zhang/rosprc_ws/install/tutorial_interfaces/include/tutorial_interfaces/tutorial_interfaces\n'}
[14.902573] (tutorial_interfaces) StdoutLine: {'line': b'-- Up-to-date: /home/zhang/rosprc_ws/install/tutorial_interfaces/include/tutorial_interfaces/tutorial_interfaces/msg\n'}
[14.903285] (tutorial_interfaces) StdoutLine: {'line': b'-- Installing: /home/zhang/rosprc_ws/install/tutorial_interfaces/include/tutorial_interfaces/tutorial_interfaces/msg/rosidl_typesupport_fastrtps_c__visibility_control.h\n'}
[14.903847] (tutorial_interfaces) StdoutLine: {'line': b'-- Up-to-date: /home/zhang/rosprc_ws/install/tutorial_interfaces/include/tutorial_interfaces/tutorial_interfaces/msg/detail\n'}
[14.904029] (tutorial_interfaces) StdoutLine: {'line': b'-- Installing: /home/zhang/rosprc_ws/install/tutorial_interfaces/include/tutorial_interfaces/tutorial_interfaces/msg/detail/num__rosidl_typesupport_fastrtps_c.h\n'}
[14.904133] (tutorial_interfaces) StdoutLine: {'line': b'-- Installing: /home/zhang/rosprc_ws/install/tutorial_interfaces/include/tutorial_interfaces/tutorial_interfaces/msg/detail/sphere__rosidl_typesupport_fastrtps_c.h\n'}
[14.904510] (tutorial_interfaces) StdoutLine: {'line': b'-- Up-to-date: /home/zhang/rosprc_ws/install/tutorial_interfaces/include/tutorial_interfaces/tutorial_interfaces/srv\n'}
[14.904826] (tutorial_interfaces) StdoutLine: {'line': b'-- Up-to-date: /home/zhang/rosprc_ws/install/tutorial_interfaces/include/tutorial_interfaces/tutorial_interfaces/srv/detail\n'}
[14.905091] (tutorial_interfaces) StdoutLine: {'line': b'-- Installing: /home/zhang/rosprc_ws/install/tutorial_interfaces/include/tutorial_interfaces/tutorial_interfaces/srv/detail/add_three_ints__rosidl_typesupport_fastrtps_c.h\n'}
[14.905514] (tutorial_interfaces) StdoutLine: {'line': b'-- Installing: /home/zhang/rosprc_ws/install/tutorial_interfaces/lib/libtutorial_interfaces__rosidl_typesupport_fastrtps_c.so\n'}
[14.905588] (tutorial_interfaces) StdoutLine: {'line': b'-- Set non-toolchain portion of runtime path of "/home/zhang/rosprc_ws/install/tutorial_interfaces/lib/libtutorial_interfaces__rosidl_typesupport_fastrtps_c.so" to ""\n'}
[14.905715] (tutorial_interfaces) StdoutLine: {'line': b'-- Up-to-date: /home/zhang/rosprc_ws/install/tutorial_interfaces/include/tutorial_interfaces/tutorial_interfaces\n'}
[14.906443] (tutorial_interfaces) StdoutLine: {'line': b'-- Up-to-date: /home/zhang/rosprc_ws/install/tutorial_interfaces/include/tutorial_interfaces/tutorial_interfaces/msg\n'}
[14.906605] (tutorial_interfaces) StdoutLine: {'line': b'-- Up-to-date: /home/zhang/rosprc_ws/install/tutorial_interfaces/include/tutorial_interfaces/tutorial_interfaces/msg/detail\n'}
[14.907008] (tutorial_interfaces) StdoutLine: {'line': b'-- Installing: /home/zhang/rosprc_ws/install/tutorial_interfaces/include/tutorial_interfaces/tutorial_interfaces/msg/detail/sphere__traits.hpp\n'}
[14.907132] (tutorial_interfaces) StdoutLine: {'line': b'-- Installing: /home/zhang/rosprc_ws/install/tutorial_interfaces/include/tutorial_interfaces/tutorial_interfaces/msg/detail/num__type_support.hpp\n'}
[14.907227] (tutorial_interfaces) StdoutLine: {'line': b'-- Installing: /home/zhang/rosprc_ws/install/tutorial_interfaces/include/tutorial_interfaces/tutorial_interfaces/msg/detail/num__struct.hpp\n'}
[14.907454] (tutorial_interfaces) StdoutLine: {'line': b'-- Installing: /home/zhang/rosprc_ws/install/tutorial_interfaces/include/tutorial_interfaces/tutorial_interfaces/msg/detail/num__traits.hpp\n'}
[14.907652] (tutorial_interfaces) StdoutLine: {'line': b'-- Installing: /home/zhang/rosprc_ws/install/tutorial_interfaces/include/tutorial_interfaces/tutorial_interfaces/msg/detail/sphere__type_support.hpp\n'}
[14.908064] (tutorial_interfaces) StdoutLine: {'line': b'-- Installing: /home/zhang/rosprc_ws/install/tutorial_interfaces/include/tutorial_interfaces/tutorial_interfaces/msg/detail/num__builder.hpp\n'}
[14.908503] (tutorial_interfaces) StdoutLine: {'line': b'-- Installing: /home/zhang/rosprc_ws/install/tutorial_interfaces/include/tutorial_interfaces/tutorial_interfaces/msg/detail/sphere__builder.hpp\n'}
[14.908738] (tutorial_interfaces) StdoutLine: {'line': b'-- Installing: /home/zhang/rosprc_ws/install/tutorial_interfaces/include/tutorial_interfaces/tutorial_interfaces/msg/detail/sphere__struct.hpp\n'}
[14.909111] (tutorial_interfaces) StdoutLine: {'line': b'-- Installing: /home/zhang/rosprc_ws/install/tutorial_interfaces/include/tutorial_interfaces/tutorial_interfaces/msg/rosidl_generator_cpp__visibility_control.hpp\n'}
[14.909176] (tutorial_interfaces) StdoutLine: {'line': b'-- Installing: /home/zhang/rosprc_ws/install/tutorial_interfaces/include/tutorial_interfaces/tutorial_interfaces/msg/sphere.hpp\n'}
[14.909314] (tutorial_interfaces) StdoutLine: {'line': b'-- Installing: /home/zhang/rosprc_ws/install/tutorial_interfaces/include/tutorial_interfaces/tutorial_interfaces/msg/num.hpp\n'}
[14.909510] (tutorial_interfaces) StdoutLine: {'line': b'-- Up-to-date: /home/zhang/rosprc_ws/install/tutorial_interfaces/include/tutorial_interfaces/tutorial_interfaces/srv\n'}
[14.909711] (tutorial_interfaces) StdoutLine: {'line': b'-- Up-to-date: /home/zhang/rosprc_ws/install/tutorial_interfaces/include/tutorial_interfaces/tutorial_interfaces/srv/detail\n'}
[14.910211] (tutorial_interfaces) StdoutLine: {'line': b'-- Installing: /home/zhang/rosprc_ws/install/tutorial_interfaces/include/tutorial_interfaces/tutorial_interfaces/srv/detail/add_three_ints__builder.hpp\n'}
[14.910561] (tutorial_interfaces) StdoutLine: {'line': b'-- Installing: /home/zhang/rosprc_ws/install/tutorial_interfaces/include/tutorial_interfaces/tutorial_interfaces/srv/detail/add_three_ints__traits.hpp\n'}
[14.911183] (tutorial_interfaces) StdoutLine: {'line': b'-- Installing: /home/zhang/rosprc_ws/install/tutorial_interfaces/include/tutorial_interfaces/tutorial_interfaces/srv/detail/add_three_ints__type_support.hpp\n'}
[14.911538] (tutorial_interfaces) StdoutLine: {'line': b'-- Installing: /home/zhang/rosprc_ws/install/tutorial_interfaces/include/tutorial_interfaces/tutorial_interfaces/srv/detail/add_three_ints__struct.hpp\n'}
[14.912211] (tutorial_interfaces) StdoutLine: {'line': b'-- Installing: /home/zhang/rosprc_ws/install/tutorial_interfaces/include/tutorial_interfaces/tutorial_interfaces/srv/add_three_ints.hpp\n'}
[14.912435] (tutorial_interfaces) StdoutLine: {'line': b'-- Up-to-date: /home/zhang/rosprc_ws/install/tutorial_interfaces/include/tutorial_interfaces/tutorial_interfaces\n'}
[14.912620] (tutorial_interfaces) StdoutLine: {'line': b'-- Up-to-date: /home/zhang/rosprc_ws/install/tutorial_interfaces/include/tutorial_interfaces/tutorial_interfaces/msg\n'}
[14.912835] (tutorial_interfaces) StdoutLine: {'line': b'-- Up-to-date: /home/zhang/rosprc_ws/install/tutorial_interfaces/include/tutorial_interfaces/tutorial_interfaces/msg/detail\n'}
[14.912943] (tutorial_interfaces) StdoutLine: {'line': b'-- Installing: /home/zhang/rosprc_ws/install/tutorial_interfaces/include/tutorial_interfaces/tutorial_interfaces/msg/detail/sphere__rosidl_typesupport_fastrtps_cpp.hpp\n'}
[14.913091] (tutorial_interfaces) StdoutLine: {'line': b'-- Installing: /home/zhang/rosprc_ws/install/tutorial_interfaces/include/tutorial_interfaces/tutorial_interfaces/msg/detail/dds_fastrtps\n'}
[14.913255] (tutorial_interfaces) StdoutLine: {'line': b'-- Installing: /home/zhang/rosprc_ws/install/tutorial_interfaces/include/tutorial_interfaces/tutorial_interfaces/msg/detail/num__rosidl_typesupport_fastrtps_cpp.hpp\n'}
[14.913354] (tutorial_interfaces) StdoutLine: {'line': b'-- Installing: /home/zhang/rosprc_ws/install/tutorial_interfaces/include/tutorial_interfaces/tutorial_interfaces/msg/rosidl_typesupport_fastrtps_cpp__visibility_control.h\n'}
[14.913476] (tutorial_interfaces) StdoutLine: {'line': b'-- Up-to-date: /home/zhang/rosprc_ws/install/tutorial_interfaces/include/tutorial_interfaces/tutorial_interfaces/srv\n'}
[14.913842] (tutorial_interfaces) StdoutLine: {'line': b'-- Up-to-date: /home/zhang/rosprc_ws/install/tutorial_interfaces/include/tutorial_interfaces/tutorial_interfaces/srv/detail\n'}
[14.913979] (tutorial_interfaces) StdoutLine: {'line': b'-- Installing: /home/zhang/rosprc_ws/install/tutorial_interfaces/include/tutorial_interfaces/tutorial_interfaces/srv/detail/add_three_ints__rosidl_typesupport_fastrtps_cpp.hpp\n'}
[14.914068] (tutorial_interfaces) StdoutLine: {'line': b'-- Installing: /home/zhang/rosprc_ws/install/tutorial_interfaces/include/tutorial_interfaces/tutorial_interfaces/srv/detail/dds_fastrtps\n'}
[14.914218] (tutorial_interfaces) StdoutLine: {'line': b'-- Installing: /home/zhang/rosprc_ws/install/tutorial_interfaces/lib/libtutorial_interfaces__rosidl_typesupport_fastrtps_cpp.so\n'}
[14.914389] (tutorial_interfaces) StdoutLine: {'line': b'-- Set non-toolchain portion of runtime path of "/home/zhang/rosprc_ws/install/tutorial_interfaces/lib/libtutorial_interfaces__rosidl_typesupport_fastrtps_cpp.so" to ""\n'}
[14.914776] (tutorial_interfaces) StdoutLine: {'line': b'-- Up-to-date: /home/zhang/rosprc_ws/install/tutorial_interfaces/include/tutorial_interfaces/tutorial_interfaces\n'}
[14.914870] (tutorial_interfaces) StdoutLine: {'line': b'-- Up-to-date: /home/zhang/rosprc_ws/install/tutorial_interfaces/include/tutorial_interfaces/tutorial_interfaces/msg\n'}
[14.915046] (tutorial_interfaces) StdoutLine: {'line': b'-- Up-to-date: /home/zhang/rosprc_ws/install/tutorial_interfaces/include/tutorial_interfaces/tutorial_interfaces/msg/detail\n'}
[14.915492] (tutorial_interfaces) StdoutLine: {'line': b'-- Installing: /home/zhang/rosprc_ws/install/tutorial_interfaces/include/tutorial_interfaces/tutorial_interfaces/msg/detail/sphere__type_support.c\n'}
[14.915558] (tutorial_interfaces) StdoutLine: {'line': b'-- Installing: /home/zhang/rosprc_ws/install/tutorial_interfaces/include/tutorial_interfaces/tutorial_interfaces/msg/detail/num__type_support.c\n'}
[14.915612] (tutorial_interfaces) StdoutLine: {'line': b'-- Installing: /home/zhang/rosprc_ws/install/tutorial_interfaces/include/tutorial_interfaces/tutorial_interfaces/msg/detail/num__rosidl_typesupport_introspection_c.h\n'}
[14.915668] (tutorial_interfaces) StdoutLine: {'line': b'-- Installing: /home/zhang/rosprc_ws/install/tutorial_interfaces/include/tutorial_interfaces/tutorial_interfaces/msg/detail/sphere__rosidl_typesupport_introspection_c.h\n'}
[14.915723] (tutorial_interfaces) StdoutLine: {'line': b'-- Installing: /home/zhang/rosprc_ws/install/tutorial_interfaces/include/tutorial_interfaces/tutorial_interfaces/msg/rosidl_typesupport_introspection_c__visibility_control.h\n'}
[14.915840] (tutorial_interfaces) StdoutLine: {'line': b'-- Up-to-date: /home/zhang/rosprc_ws/install/tutorial_interfaces/include/tutorial_interfaces/tutorial_interfaces/srv\n'}
[14.916340] (tutorial_interfaces) StdoutLine: {'line': b'-- Up-to-date: /home/zhang/rosprc_ws/install/tutorial_interfaces/include/tutorial_interfaces/tutorial_interfaces/srv/detail\n'}
[14.916527] (tutorial_interfaces) StdoutLine: {'line': b'-- Installing: /home/zhang/rosprc_ws/install/tutorial_interfaces/include/tutorial_interfaces/tutorial_interfaces/srv/detail/add_three_ints__type_support.c\n'}
[14.917141] (tutorial_interfaces) StdoutLine: {'line': b'-- Installing: /home/zhang/rosprc_ws/install/tutorial_interfaces/include/tutorial_interfaces/tutorial_interfaces/srv/detail/add_three_ints__rosidl_typesupport_introspection_c.h\n'}
[14.917590] (tutorial_interfaces) StdoutLine: {'line': b'-- Installing: /home/zhang/rosprc_ws/install/tutorial_interfaces/lib/libtutorial_interfaces__rosidl_typesupport_introspection_c.so\n'}
[14.917833] (tutorial_interfaces) StdoutLine: {'line': b'-- Set non-toolchain portion of runtime path of "/home/zhang/rosprc_ws/install/tutorial_interfaces/lib/libtutorial_interfaces__rosidl_typesupport_introspection_c.so" to ""\n'}
[14.917994] (tutorial_interfaces) StdoutLine: {'line': b'-- Installing: /home/zhang/rosprc_ws/install/tutorial_interfaces/lib/libtutorial_interfaces__rosidl_typesupport_c.so\n'}
[14.918357] (tutorial_interfaces) StdoutLine: {'line': b'-- Set non-toolchain portion of runtime path of "/home/zhang/rosprc_ws/install/tutorial_interfaces/lib/libtutorial_interfaces__rosidl_typesupport_c.so" to ""\n'}
[14.918614] (tutorial_interfaces) StdoutLine: {'line': b'-- Up-to-date: /home/zhang/rosprc_ws/install/tutorial_interfaces/include/tutorial_interfaces/tutorial_interfaces\n'}
[14.918795] (tutorial_interfaces) StdoutLine: {'line': b'-- Up-to-date: /home/zhang/rosprc_ws/install/tutorial_interfaces/include/tutorial_interfaces/tutorial_interfaces/msg\n'}
[14.919245] (tutorial_interfaces) StdoutLine: {'line': b'-- Up-to-date: /home/zhang/rosprc_ws/install/tutorial_interfaces/include/tutorial_interfaces/tutorial_interfaces/msg/detail\n'}
[14.919643] (tutorial_interfaces) StdoutLine: {'line': b'-- Installing: /home/zhang/rosprc_ws/install/tutorial_interfaces/include/tutorial_interfaces/tutorial_interfaces/msg/detail/num__type_support.cpp\n'}
[14.919850] (tutorial_interfaces) StdoutLine: {'line': b'-- Installing: /home/zhang/rosprc_ws/install/tutorial_interfaces/include/tutorial_interfaces/tutorial_interfaces/msg/detail/sphere__type_support.cpp\n'}
[14.919943] (tutorial_interfaces) StdoutLine: {'line': b'-- Installing: /home/zhang/rosprc_ws/install/tutorial_interfaces/include/tutorial_interfaces/tutorial_interfaces/msg/detail/num__rosidl_typesupport_introspection_cpp.hpp\n'}
[14.920070] (tutorial_interfaces) StdoutLine: {'line': b'-- Installing: /home/zhang/rosprc_ws/install/tutorial_interfaces/include/tutorial_interfaces/tutorial_interfaces/msg/detail/sphere__rosidl_typesupport_introspection_cpp.hpp\n'}
[14.920139] (tutorial_interfaces) StdoutLine: {'line': b'-- Up-to-date: /home/zhang/rosprc_ws/install/tutorial_interfaces/include/tutorial_interfaces/tutorial_interfaces/srv\n'}
[14.920238] (tutorial_interfaces) StdoutLine: {'line': b'-- Up-to-date: /home/zhang/rosprc_ws/install/tutorial_interfaces/include/tutorial_interfaces/tutorial_interfaces/srv/detail\n'}
[14.920469] (tutorial_interfaces) StdoutLine: {'line': b'-- Installing: /home/zhang/rosprc_ws/install/tutorial_interfaces/include/tutorial_interfaces/tutorial_interfaces/srv/detail/add_three_ints__rosidl_typesupport_introspection_cpp.hpp\n'}
[14.920944] (tutorial_interfaces) StdoutLine: {'line': b'-- Installing: /home/zhang/rosprc_ws/install/tutorial_interfaces/include/tutorial_interfaces/tutorial_interfaces/srv/detail/add_three_ints__type_support.cpp\n'}
[14.921178] (tutorial_interfaces) StdoutLine: {'line': b'-- Installing: /home/zhang/rosprc_ws/install/tutorial_interfaces/lib/libtutorial_interfaces__rosidl_typesupport_introspection_cpp.so\n'}
[14.921245] (tutorial_interfaces) StdoutLine: {'line': b'-- Set non-toolchain portion of runtime path of "/home/zhang/rosprc_ws/install/tutorial_interfaces/lib/libtutorial_interfaces__rosidl_typesupport_introspection_cpp.so" to ""\n'}
[14.921333] (tutorial_interfaces) StdoutLine: {'line': b'-- Installing: /home/zhang/rosprc_ws/install/tutorial_interfaces/lib/libtutorial_interfaces__rosidl_typesupport_cpp.so\n'}
[14.921454] (tutorial_interfaces) StdoutLine: {'line': b'-- Set non-toolchain portion of runtime path of "/home/zhang/rosprc_ws/install/tutorial_interfaces/lib/libtutorial_interfaces__rosidl_typesupport_cpp.so" to ""\n'}
[14.921517] (tutorial_interfaces) StdoutLine: {'line': b'-- Installing: /home/zhang/rosprc_ws/install/tutorial_interfaces/share/tutorial_interfaces/environment/pythonpath.sh\n'}
[14.921573] (tutorial_interfaces) StdoutLine: {'line': b'-- Installing: /home/zhang/rosprc_ws/install/tutorial_interfaces/share/tutorial_interfaces/environment/pythonpath.dsv\n'}
[14.921628] (tutorial_interfaces) StdoutLine: {'line': b'-- Installing: /home/zhang/rosprc_ws/install/tutorial_interfaces/lib/python3.12/site-packages/tutorial_interfaces-0.0.0-py3.12.egg-info\n'}
[14.921702] (tutorial_interfaces) StdoutLine: {'line': b'-- Installing: /home/zhang/rosprc_ws/install/tutorial_interfaces/lib/python3.12/site-packages/tutorial_interfaces-0.0.0-py3.12.egg-info/PKG-INFO\n'}
[14.921781] (tutorial_interfaces) StdoutLine: {'line': b'-- Installing: /home/zhang/rosprc_ws/install/tutorial_interfaces/lib/python3.12/site-packages/tutorial_interfaces-0.0.0-py3.12.egg-info/top_level.txt\n'}
[14.921866] (tutorial_interfaces) StdoutLine: {'line': b'-- Installing: /home/zhang/rosprc_ws/install/tutorial_interfaces/lib/python3.12/site-packages/tutorial_interfaces-0.0.0-py3.12.egg-info/dependency_links.txt\n'}
[14.921928] (tutorial_interfaces) StdoutLine: {'line': b'-- Installing: /home/zhang/rosprc_ws/install/tutorial_interfaces/lib/python3.12/site-packages/tutorial_interfaces-0.0.0-py3.12.egg-info/SOURCES.txt\n'}
[14.922040] (tutorial_interfaces) StdoutLine: {'line': b'-- Installing: /home/zhang/rosprc_ws/install/tutorial_interfaces/lib/python3.12/site-packages/tutorial_interfaces\n'}
[14.922116] (tutorial_interfaces) StdoutLine: {'line': b'-- Installing: /home/zhang/rosprc_ws/install/tutorial_interfaces/lib/python3.12/site-packages/tutorial_interfaces/msg\n'}
[14.922193] (tutorial_interfaces) StdoutLine: {'line': b'-- Installing: /home/zhang/rosprc_ws/install/tutorial_interfaces/lib/python3.12/site-packages/tutorial_interfaces/msg/_num_s.c\n'}
[14.922304] (tutorial_interfaces) StdoutLine: {'line': b'-- Installing: /home/zhang/rosprc_ws/install/tutorial_interfaces/lib/python3.12/site-packages/tutorial_interfaces/msg/__init__.py\n'}
[14.922434] (tutorial_interfaces) StdoutLine: {'line': b'-- Installing: /home/zhang/rosprc_ws/install/tutorial_interfaces/lib/python3.12/site-packages/tutorial_interfaces/msg/_sphere.py\n'}
[14.922497] (tutorial_interfaces) StdoutLine: {'line': b'-- Installing: /home/zhang/rosprc_ws/install/tutorial_interfaces/lib/python3.12/site-packages/tutorial_interfaces/msg/_sphere_s.c\n'}
[14.922590] (tutorial_interfaces) StdoutLine: {'line': b'-- Installing: /home/zhang/rosprc_ws/install/tutorial_interfaces/lib/python3.12/site-packages/tutorial_interfaces/msg/_num.py\n'}
[14.922714] (tutorial_interfaces) StdoutLine: {'line': b'-- Installing: /home/zhang/rosprc_ws/install/tutorial_interfaces/lib/python3.12/site-packages/tutorial_interfaces/_tutorial_interfaces_s.ep.rosidl_typesupport_fastrtps_c.c\n'}
[14.922842] (tutorial_interfaces) StdoutLine: {'line': b'-- Installing: /home/zhang/rosprc_ws/install/tutorial_interfaces/lib/python3.12/site-packages/tutorial_interfaces/tutorial_interfaces_s__rosidl_typesupport_fastrtps_c.so\n'}
[14.922963] (tutorial_interfaces) StdoutLine: {'line': b'-- Installing: /home/zhang/rosprc_ws/install/tutorial_interfaces/lib/python3.12/site-packages/tutorial_interfaces/_tutorial_interfaces_s.ep.rosidl_typesupport_introspection_c.c\n'}
[14.923068] (tutorial_interfaces) StdoutLine: {'line': b'-- Installing: /home/zhang/rosprc_ws/install/tutorial_interfaces/lib/python3.12/site-packages/tutorial_interfaces/tutorial_interfaces_s__rosidl_typesupport_introspection_c.so\n'}
[14.923267] (tutorial_interfaces) StdoutLine: {'line': b'-- Installing: /home/zhang/rosprc_ws/install/tutorial_interfaces/lib/python3.12/site-packages/tutorial_interfaces/srv\n'}
[14.923368] (tutorial_interfaces) StdoutLine: {'line': b'-- Installing: /home/zhang/rosprc_ws/install/tutorial_interfaces/lib/python3.12/site-packages/tutorial_interfaces/srv/_add_three_ints_s.c\n'}
[14.923432] (tutorial_interfaces) StdoutLine: {'line': b'-- Installing: /home/zhang/rosprc_ws/install/tutorial_interfaces/lib/python3.12/site-packages/tutorial_interfaces/srv/__init__.py\n'}
[14.923538] (tutorial_interfaces) StdoutLine: {'line': b'-- Installing: /home/zhang/rosprc_ws/install/tutorial_interfaces/lib/python3.12/site-packages/tutorial_interfaces/srv/_add_three_ints.py\n'}
[14.923597] (tutorial_interfaces) StdoutLine: {'line': b'-- Installing: /home/zhang/rosprc_ws/install/tutorial_interfaces/lib/python3.12/site-packages/tutorial_interfaces/__init__.py\n'}
[14.923659] (tutorial_interfaces) StdoutLine: {'line': b'-- Installing: /home/zhang/rosprc_ws/install/tutorial_interfaces/lib/python3.12/site-packages/tutorial_interfaces/_tutorial_interfaces_s.ep.rosidl_typesupport_c.c\n'}
[14.923767] (tutorial_interfaces) StdoutLine: {'line': b'-- Installing: /home/zhang/rosprc_ws/install/tutorial_interfaces/lib/python3.12/site-packages/tutorial_interfaces/tutorial_interfaces_s__rosidl_typesupport_c.so\n'}
[14.962909] (-) TimerEvent: {}
[14.990124] (tutorial_interfaces) StdoutLine: {'line': b"Listing '/home/zhang/rosprc_ws/install/tutorial_interfaces/lib/python3.12/site-packages/tutorial_interfaces'...\n"}
[14.990358] (tutorial_interfaces) StdoutLine: {'line': b"Compiling '/home/zhang/rosprc_ws/install/tutorial_interfaces/lib/python3.12/site-packages/tutorial_interfaces/__init__.py'...\n"}
[14.990423] (tutorial_interfaces) StdoutLine: {'line': b"Listing '/home/zhang/rosprc_ws/install/tutorial_interfaces/lib/python3.12/site-packages/tutorial_interfaces/msg'...\n"}
[14.990483] (tutorial_interfaces) StdoutLine: {'line': b"Compiling '/home/zhang/rosprc_ws/install/tutorial_interfaces/lib/python3.12/site-packages/tutorial_interfaces/msg/__init__.py'...\n"}
[14.990586] (tutorial_interfaces) StdoutLine: {'line': b"Compiling '/home/zhang/rosprc_ws/install/tutorial_interfaces/lib/python3.12/site-packages/tutorial_interfaces/msg/_num.py'...\n"}
[14.990705] (tutorial_interfaces) StdoutLine: {'line': b"Compiling '/home/zhang/rosprc_ws/install/tutorial_interfaces/lib/python3.12/site-packages/tutorial_interfaces/msg/_sphere.py'...\n"}
[14.990852] (tutorial_interfaces) StdoutLine: {'line': b"Listing '/home/zhang/rosprc_ws/install/tutorial_interfaces/lib/python3.12/site-packages/tutorial_interfaces/srv'...\n"}
[14.990933] (tutorial_interfaces) StdoutLine: {'line': b"Compiling '/home/zhang/rosprc_ws/install/tutorial_interfaces/lib/python3.12/site-packages/tutorial_interfaces/srv/__init__.py'...\n"}
[14.991035] (tutorial_interfaces) StdoutLine: {'line': b"Compiling '/home/zhang/rosprc_ws/install/tutorial_interfaces/lib/python3.12/site-packages/tutorial_interfaces/srv/_add_three_ints.py'...\n"}
[14.999747] (tutorial_interfaces) StdoutLine: {'line': b'-- Installing: /home/zhang/rosprc_ws/install/tutorial_interfaces/lib/python3.12/site-packages/tutorial_interfaces/tutorial_interfaces_s__rosidl_typesupport_fastrtps_c.so\n'}
[15.000572] (tutorial_interfaces) StdoutLine: {'line': b'-- Set non-toolchain portion of runtime path of "/home/zhang/rosprc_ws/install/tutorial_interfaces/lib/python3.12/site-packages/tutorial_interfaces/tutorial_interfaces_s__rosidl_typesupport_fastrtps_c.so" to ""\n'}
[15.000762] (tutorial_interfaces) StdoutLine: {'line': b'-- Installing: /home/zhang/rosprc_ws/install/tutorial_interfaces/lib/python3.12/site-packages/tutorial_interfaces/tutorial_interfaces_s__rosidl_typesupport_introspection_c.so\n'}
[15.001228] (tutorial_interfaces) StdoutLine: {'line': b'-- Set non-toolchain portion of runtime path of "/home/zhang/rosprc_ws/install/tutorial_interfaces/lib/python3.12/site-packages/tutorial_interfaces/tutorial_interfaces_s__rosidl_typesupport_introspection_c.so" to ""\n'}
[15.001582] (tutorial_interfaces) StdoutLine: {'line': b'-- Installing: /home/zhang/rosprc_ws/install/tutorial_interfaces/lib/python3.12/site-packages/tutorial_interfaces/tutorial_interfaces_s__rosidl_typesupport_c.so\n'}
[15.001923] (tutorial_interfaces) StdoutLine: {'line': b'-- Set non-toolchain portion of runtime path of "/home/zhang/rosprc_ws/install/tutorial_interfaces/lib/python3.12/site-packages/tutorial_interfaces/tutorial_interfaces_s__rosidl_typesupport_c.so" to ""\n'}
[15.002213] (tutorial_interfaces) StdoutLine: {'line': b'-- Installing: /home/zhang/rosprc_ws/install/tutorial_interfaces/lib/libtutorial_interfaces__rosidl_generator_py.so\n'}
[15.002463] (tutorial_interfaces) StdoutLine: {'line': b'-- Set non-toolchain portion of runtime path of "/home/zhang/rosprc_ws/install/tutorial_interfaces/lib/libtutorial_interfaces__rosidl_generator_py.so" to ""\n'}
[15.002745] (tutorial_interfaces) StdoutLine: {'line': b'-- Installing: /home/zhang/rosprc_ws/install/tutorial_interfaces/share/ament_index/resource_index/rust_packages/tutorial_interfaces\n'}
[15.002916] (tutorial_interfaces) StdoutLine: {'line': b'-- Installing: /home/zhang/rosprc_ws/install/tutorial_interfaces/share/tutorial_interfaces/rust\n'}
[15.003253] (tutorial_interfaces) StdoutLine: {'line': b'-- Installing: /home/zhang/rosprc_ws/install/tutorial_interfaces/share/tutorial_interfaces/rust/Cargo.toml\n'}
[15.003605] (tutorial_interfaces) StdoutLine: {'line': b'-- Installing: /home/zhang/rosprc_ws/install/tutorial_interfaces/share/tutorial_interfaces/rust/src\n'}
[15.003958] (tutorial_interfaces) StdoutLine: {'line': b'-- Installing: /home/zhang/rosprc_ws/install/tutorial_interfaces/share/tutorial_interfaces/rust/src/srv.rs\n'}
[15.004529] (tutorial_interfaces) StdoutLine: {'line': b'-- Installing: /home/zhang/rosprc_ws/install/tutorial_interfaces/share/tutorial_interfaces/rust/src/msg\n'}
[15.005150] (tutorial_interfaces) StdoutLine: {'line': b'-- Installing: /home/zhang/rosprc_ws/install/tutorial_interfaces/share/tutorial_interfaces/rust/src/msg/rmw.rs\n'}
[15.005436] (tutorial_interfaces) StdoutLine: {'line': b'-- Installing: /home/zhang/rosprc_ws/install/tutorial_interfaces/share/tutorial_interfaces/rust/src/lib.rs\n'}
[15.005555] (tutorial_interfaces) StdoutLine: {'line': b'-- Installing: /home/zhang/rosprc_ws/install/tutorial_interfaces/share/tutorial_interfaces/rust/src/msg.rs\n'}
[15.005949] (tutorial_interfaces) StdoutLine: {'line': b'-- Installing: /home/zhang/rosprc_ws/install/tutorial_interfaces/share/tutorial_interfaces/rust/src/srv\n'}
[15.006518] (tutorial_interfaces) StdoutLine: {'line': b'-- Installing: /home/zhang/rosprc_ws/install/tutorial_interfaces/share/tutorial_interfaces/rust/src/srv/rmw.rs\n'}
[15.006900] (tutorial_interfaces) StdoutLine: {'line': b'-- Installing: /home/zhang/rosprc_ws/install/tutorial_interfaces/share/tutorial_interfaces/rust/build.rs\n'}
[15.007193] (tutorial_interfaces) StdoutLine: {'line': b'-- Installing: /home/zhang/rosprc_ws/install/tutorial_interfaces/share/tutorial_interfaces/msg/Num.idl\n'}
[15.007323] (tutorial_interfaces) StdoutLine: {'line': b'-- Installing: /home/zhang/rosprc_ws/install/tutorial_interfaces/share/tutorial_interfaces/msg/Sphere.idl\n'}
[15.007408] (tutorial_interfaces) StdoutLine: {'line': b'-- Installing: /home/zhang/rosprc_ws/install/tutorial_interfaces/share/tutorial_interfaces/srv/AddThreeInts.idl\n'}
[15.007514] (tutorial_interfaces) StdoutLine: {'line': b'-- Installing: /home/zhang/rosprc_ws/install/tutorial_interfaces/share/tutorial_interfaces/msg/Num.msg\n'}
[15.007668] (tutorial_interfaces) StdoutLine: {'line': b'-- Installing: /home/zhang/rosprc_ws/install/tutorial_interfaces/share/tutorial_interfaces/msg/Sphere.msg\n'}
[15.007960] (tutorial_interfaces) StdoutLine: {'line': b'-- Installing: /home/zhang/rosprc_ws/install/tutorial_interfaces/share/tutorial_interfaces/srv/AddThreeInts.srv\n'}
[15.008351] (tutorial_interfaces) StdoutLine: {'line': b'-- Installing: /home/zhang/rosprc_ws/install/tutorial_interfaces/share/ament_index/resource_index/package_run_dependencies/tutorial_interfaces\n'}
[15.008509] (tutorial_interfaces) StdoutLine: {'line': b'-- Installing: /home/zhang/rosprc_ws/install/tutorial_interfaces/share/ament_index/resource_index/parent_prefix_path/tutorial_interfaces\n'}
[15.008990] (tutorial_interfaces) StdoutLine: {'line': b'-- Installing: /home/zhang/rosprc_ws/install/tutorial_interfaces/share/tutorial_interfaces/environment/ament_prefix_path.sh\n'}
[15.009495] (tutorial_interfaces) StdoutLine: {'line': b'-- Installing: /home/zhang/rosprc_ws/install/tutorial_interfaces/share/tutorial_interfaces/environment/ament_prefix_path.dsv\n'}
[15.009892] (tutorial_interfaces) StdoutLine: {'line': b'-- Installing: /home/zhang/rosprc_ws/install/tutorial_interfaces/share/tutorial_interfaces/environment/path.sh\n'}
[15.010035] (tutorial_interfaces) StdoutLine: {'line': b'-- Installing: /home/zhang/rosprc_ws/install/tutorial_interfaces/share/tutorial_interfaces/environment/path.dsv\n'}
[15.010486] (tutorial_interfaces) StdoutLine: {'line': b'-- Installing: /home/zhang/rosprc_ws/install/tutorial_interfaces/share/tutorial_interfaces/local_setup.bash\n'}
[15.010857] (tutorial_interfaces) StdoutLine: {'line': b'-- Installing: /home/zhang/rosprc_ws/install/tutorial_interfaces/share/tutorial_interfaces/local_setup.sh\n'}
[15.011162] (tutorial_interfaces) StdoutLine: {'line': b'-- Installing: /home/zhang/rosprc_ws/install/tutorial_interfaces/share/tutorial_interfaces/local_setup.zsh\n'}
[15.011433] (tutorial_interfaces) StdoutLine: {'line': b'-- Installing: /home/zhang/rosprc_ws/install/tutorial_interfaces/share/tutorial_interfaces/local_setup.dsv\n'}
[15.012055] (tutorial_interfaces) StdoutLine: {'line': b'-- Installing: /home/zhang/rosprc_ws/install/tutorial_interfaces/share/tutorial_interfaces/package.dsv\n'}
[15.013131] (tutorial_interfaces) StdoutLine: {'line': b'-- Installing: /home/zhang/rosprc_ws/install/tutorial_interfaces/share/ament_index/resource_index/packages/tutorial_interfaces\n'}
[15.013491] (tutorial_interfaces) StdoutLine: {'line': b'-- Installing: /home/zhang/rosprc_ws/install/tutorial_interfaces/share/tutorial_interfaces/cmake/export_tutorial_interfaces__rosidl_generator_cExport.cmake\n'}
[15.013788] (tutorial_interfaces) StdoutLine: {'line': b'-- Installing: /home/zhang/rosprc_ws/install/tutorial_interfaces/share/tutorial_interfaces/cmake/export_tutorial_interfaces__rosidl_generator_cExport-noconfig.cmake\n'}
[15.014298] (tutorial_interfaces) StdoutLine: {'line': b'-- Installing: /home/zhang/rosprc_ws/install/tutorial_interfaces/share/tutorial_interfaces/cmake/export_tutorial_interfaces__rosidl_typesupport_fastrtps_cExport.cmake\n'}
[15.014709] (tutorial_interfaces) StdoutLine: {'line': b'-- Installing: /home/zhang/rosprc_ws/install/tutorial_interfaces/share/tutorial_interfaces/cmake/export_tutorial_interfaces__rosidl_typesupport_fastrtps_cExport-noconfig.cmake\n'}
[15.014961] (tutorial_interfaces) StdoutLine: {'line': b'-- Installing: /home/zhang/rosprc_ws/install/tutorial_interfaces/share/tutorial_interfaces/cmake/export_tutorial_interfaces__rosidl_generator_cppExport.cmake\n'}
[15.015103] (tutorial_interfaces) StdoutLine: {'line': b'-- Installing: /home/zhang/rosprc_ws/install/tutorial_interfaces/share/tutorial_interfaces/cmake/export_tutorial_interfaces__rosidl_typesupport_fastrtps_cppExport.cmake\n'}
[15.015188] (tutorial_interfaces) StdoutLine: {'line': b'-- Installing: /home/zhang/rosprc_ws/install/tutorial_interfaces/share/tutorial_interfaces/cmake/export_tutorial_interfaces__rosidl_typesupport_fastrtps_cppExport-noconfig.cmake\n'}
[15.015608] (tutorial_interfaces) StdoutLine: {'line': b'-- Installing: /home/zhang/rosprc_ws/install/tutorial_interfaces/share/tutorial_interfaces/cmake/tutorial_interfaces__rosidl_typesupport_introspection_cExport.cmake\n'}
[15.015879] (tutorial_interfaces) StdoutLine: {'line': b'-- Installing: /home/zhang/rosprc_ws/install/tutorial_interfaces/share/tutorial_interfaces/cmake/tutorial_interfaces__rosidl_typesupport_introspection_cExport-noconfig.cmake\n'}
[15.016396] (tutorial_interfaces) StdoutLine: {'line': b'-- Installing: /home/zhang/rosprc_ws/install/tutorial_interfaces/share/tutorial_interfaces/cmake/tutorial_interfaces__rosidl_typesupport_cExport.cmake\n'}
[15.016663] (tutorial_interfaces) StdoutLine: {'line': b'-- Installing: /home/zhang/rosprc_ws/install/tutorial_interfaces/share/tutorial_interfaces/cmake/tutorial_interfaces__rosidl_typesupport_cExport-noconfig.cmake\n'}
[15.017476] (tutorial_interfaces) StdoutLine: {'line': b'-- Installing: /home/zhang/rosprc_ws/install/tutorial_interfaces/share/tutorial_interfaces/cmake/tutorial_interfaces__rosidl_typesupport_introspection_cppExport.cmake\n'}
[15.018196] (tutorial_interfaces) StdoutLine: {'line': b'-- Installing: /home/zhang/rosprc_ws/install/tutorial_interfaces/share/tutorial_interfaces/cmake/tutorial_interfaces__rosidl_typesupport_introspection_cppExport-noconfig.cmake\n'}
[15.018529] (tutorial_interfaces) StdoutLine: {'line': b'-- Installing: /home/zhang/rosprc_ws/install/tutorial_interfaces/share/tutorial_interfaces/cmake/tutorial_interfaces__rosidl_typesupport_cppExport.cmake\n'}
[15.019057] (tutorial_interfaces) StdoutLine: {'line': b'-- Installing: /home/zhang/rosprc_ws/install/tutorial_interfaces/share/tutorial_interfaces/cmake/tutorial_interfaces__rosidl_typesupport_cppExport-noconfig.cmake\n'}
[15.019157] (tutorial_interfaces) StdoutLine: {'line': b'-- Installing: /home/zhang/rosprc_ws/install/tutorial_interfaces/share/tutorial_interfaces/cmake/export_tutorial_interfaces__rosidl_generator_pyExport.cmake\n'}
[15.019224] (tutorial_interfaces) StdoutLine: {'line': b'-- Installing: /home/zhang/rosprc_ws/install/tutorial_interfaces/share/tutorial_interfaces/cmake/export_tutorial_interfaces__rosidl_generator_pyExport-noconfig.cmake\n'}
[15.019391] (tutorial_interfaces) StdoutLine: {'line': b'-- Installing: /home/zhang/rosprc_ws/install/tutorial_interfaces/share/tutorial_interfaces/cmake/rosidl_cmake-extras.cmake\n'}
[15.019523] (tutorial_interfaces) StdoutLine: {'line': b'-- Installing: /home/zhang/rosprc_ws/install/tutorial_interfaces/share/tutorial_interfaces/cmake/ament_cmake_export_dependencies-extras.cmake\n'}
[15.019599] (tutorial_interfaces) StdoutLine: {'line': b'-- Installing: /home/zhang/rosprc_ws/install/tutorial_interfaces/share/tutorial_interfaces/cmake/ament_cmake_export_include_directories-extras.cmake\n'}
[15.019672] (tutorial_interfaces) StdoutLine: {'line': b'-- Installing: /home/zhang/rosprc_ws/install/tutorial_interfaces/share/tutorial_interfaces/cmake/ament_cmake_export_libraries-extras.cmake\n'}
[15.019997] (tutorial_interfaces) StdoutLine: {'line': b'-- Installing: /home/zhang/rosprc_ws/install/tutorial_interfaces/share/tutorial_interfaces/cmake/ament_cmake_export_targets-extras.cmake\n'}
[15.020066] (tutorial_interfaces) StdoutLine: {'line': b'-- Installing: /home/zhang/rosprc_ws/install/tutorial_interfaces/share/tutorial_interfaces/cmake/rosidl_cmake_export_typesupport_targets-extras.cmake\n'}
[15.020136] (tutorial_interfaces) StdoutLine: {'line': b'-- Installing: /home/zhang/rosprc_ws/install/tutorial_interfaces/share/tutorial_interfaces/cmake/rosidl_cmake_export_typesupport_libraries-extras.cmake\n'}
[15.020212] (tutorial_interfaces) StdoutLine: {'line': b'-- Installing: /home/zhang/rosprc_ws/install/tutorial_interfaces/share/tutorial_interfaces/cmake/rosidl_cmake_aggregate_target-extras.cmake\n'}
[15.020344] (tutorial_interfaces) StdoutLine: {'line': b'-- Installing: /home/zhang/rosprc_ws/install/tutorial_interfaces/share/tutorial_interfaces/cmake/tutorial_interfacesConfig.cmake\n'}
[15.020510] (tutorial_interfaces) StdoutLine: {'line': b'-- Installing: /home/zhang/rosprc_ws/install/tutorial_interfaces/share/tutorial_interfaces/cmake/tutorial_interfacesConfig-version.cmake\n'}
[15.020823] (tutorial_interfaces) StdoutLine: {'line': b'-- Installing: /home/zhang/rosprc_ws/install/tutorial_interfaces/share/tutorial_interfaces/package.xml\n'}
[15.023753] (tutorial_interfaces) CommandEnded: {'returncode': 0}
[15.063066] (-) TimerEvent: {}
[15.089494] (tutorial_interfaces) JobEnded: {'identifier': 'tutorial_interfaces', 'rc': 0}
[15.092735] (-) EventReactorShutdown: {}
