[1.649s] DEBUG:colcon:Command line arguments: ['/usr/bin/colcon', 'build', '--symlink-install']
[1.649s] DEBUG:colcon:Parsed command line arguments: Namespace(log_base=None, log_level=None, verb_name='build', build_base='build', install_base='install', merge_install=False, symlink_install=True, test_result_base=None, continue_on_error=False, executor='parallel', parallel_workers=20, event_handlers=None, ignore_user_meta=False, metas=['./colcon.meta'], base_paths=['.'], packages_ignore=None, packages_ignore_regex=None, paths=None, packages_up_to=None, packages_up_to_regex=None, packages_above=None, packages_above_and_dependencies=None, packages_above_depth=None, packages_select_by_dep=None, packages_skip_by_dep=None, packages_skip_up_to=None, packages_select_build_failed=False, packages_skip_build_finished=False, packages_select_test_failures=False, packages_skip_test_passed=False, packages_select=None, packages_skip=None, packages_select_regex=None, packages_skip_regex=None, packages_start=None, packages_end=None, allow_overriding=[], cmake_args=None, cmake_target=None, cmake_target_skip_unavailable=False, cmake_clean_cache=False, cmake_clean_first=False, cmake_force_configure=False, ament_cmake_args=None, catkin_cmake_args=None, catkin_skip_building_tests=False, verb_parser=<colcon_defaults.argument_parser.defaults.DefaultArgumentsDecorator object at 0x771fc8757740>, verb_extension=<colcon_core.verb.build.BuildVerb object at 0x771fc88b4260>, main=<bound method BuildVerb.main of <colcon_core.verb.build.BuildVerb object at 0x771fc88b4260>>)
[1.756s] Level 1:colcon.colcon_core.package_discovery:discover_packages(colcon_meta) check parameters
[1.757s] Level 1:colcon.colcon_core.package_discovery:discover_packages(recursive) check parameters
[1.757s] Level 1:colcon.colcon_core.package_discovery:discover_packages(ignore) check parameters
[1.757s] Level 1:colcon.colcon_core.package_discovery:discover_packages(path) check parameters
[1.757s] Level 1:colcon.colcon_core.package_discovery:discover_packages(colcon_meta) discover
[1.757s] Level 1:colcon.colcon_core.package_discovery:discover_packages(recursive) discover
[1.757s] INFO:colcon.colcon_core.package_discovery:Crawling recursively for packages in '/home/zhang/rosprc_ws'
[1.757s] Level 1:colcon.colcon_core.package_identification:_identify(.) by extensions ['ignore', 'ignore_ament_install']
[1.757s] Level 1:colcon.colcon_core.package_identification:_identify(.) by extension 'ignore'
[1.757s] Level 1:colcon.colcon_core.package_identification:_identify(.) by extension 'ignore_ament_install'
[1.757s] Level 1:colcon.colcon_core.package_identification:_identify(.) by extensions ['colcon_pkg']
[1.757s] Level 1:colcon.colcon_core.package_identification:_identify(.) by extension 'colcon_pkg'
[1.757s] Level 1:colcon.colcon_core.package_identification:_identify(.) by extensions ['colcon_meta']
[1.757s] Level 1:colcon.colcon_core.package_identification:_identify(.) by extension 'colcon_meta'
[1.757s] Level 1:colcon.colcon_core.package_identification:_identify(.) by extensions ['ros']
[1.757s] Level 1:colcon.colcon_core.package_identification:_identify(.) by extension 'ros'
[1.834s] Level 1:colcon.colcon_core.package_identification:_identify(.) by extensions ['cmake', 'python']
[1.834s] Level 1:colcon.colcon_core.package_identification:_identify(.) by extension 'cmake'
[1.834s] Level 1:colcon.colcon_core.package_identification:_identify(.) by extension 'python'
[1.834s] Level 1:colcon.colcon_core.package_identification:_identify(.) by extensions ['python_setup_py']
[1.834s] Level 1:colcon.colcon_core.package_identification:_identify(.) by extension 'python_setup_py'
[1.834s] Level 1:colcon.colcon_core.package_identification:_identify(build) by extensions ['ignore', 'ignore_ament_install']
[1.835s] Level 1:colcon.colcon_core.package_identification:_identify(build) by extension 'ignore'
[1.835s] Level 1:colcon.colcon_core.package_identification:_identify(build) ignored
[1.835s] Level 1:colcon.colcon_core.package_identification:_identify(install) by extensions ['ignore', 'ignore_ament_install']
[1.835s] Level 1:colcon.colcon_core.package_identification:_identify(install) by extension 'ignore'
[1.835s] Level 1:colcon.colcon_core.package_identification:_identify(install) ignored
[1.835s] Level 1:colcon.colcon_core.package_identification:_identify(log) by extensions ['ignore', 'ignore_ament_install']
[1.835s] Level 1:colcon.colcon_core.package_identification:_identify(log) by extension 'ignore'
[1.835s] Level 1:colcon.colcon_core.package_identification:_identify(log) ignored
[1.835s] Level 1:colcon.colcon_core.package_identification:_identify(src) by extensions ['ignore', 'ignore_ament_install']
[1.835s] Level 1:colcon.colcon_core.package_identification:_identify(src) by extension 'ignore'
[1.835s] Level 1:colcon.colcon_core.package_identification:_identify(src) by extension 'ignore_ament_install'
[1.835s] Level 1:colcon.colcon_core.package_identification:_identify(src) by extensions ['colcon_pkg']
[1.835s] Level 1:colcon.colcon_core.package_identification:_identify(src) by extension 'colcon_pkg'
[1.835s] Level 1:colcon.colcon_core.package_identification:_identify(src) by extensions ['colcon_meta']
[1.835s] Level 1:colcon.colcon_core.package_identification:_identify(src) by extension 'colcon_meta'
[1.835s] Level 1:colcon.colcon_core.package_identification:_identify(src) by extensions ['ros']
[1.835s] Level 1:colcon.colcon_core.package_identification:_identify(src) by extension 'ros'
[1.835s] Level 1:colcon.colcon_core.package_identification:_identify(src) by extensions ['cmake', 'python']
[1.835s] Level 1:colcon.colcon_core.package_identification:_identify(src) by extension 'cmake'
[1.836s] Level 1:colcon.colcon_core.package_identification:_identify(src) by extension 'python'
[1.836s] Level 1:colcon.colcon_core.package_identification:_identify(src) by extensions ['python_setup_py']
[1.836s] Level 1:colcon.colcon_core.package_identification:_identify(src) by extension 'python_setup_py'
[1.836s] Level 1:colcon.colcon_core.package_identification:_identify(src/examples) by extensions ['ignore', 'ignore_ament_install']
[1.836s] Level 1:colcon.colcon_core.package_identification:_identify(src/examples) by extension 'ignore'
[1.836s] Level 1:colcon.colcon_core.package_identification:_identify(src/examples) by extension 'ignore_ament_install'
[1.836s] Level 1:colcon.colcon_core.package_identification:_identify(src/examples) by extensions ['colcon_pkg']
[1.836s] Level 1:colcon.colcon_core.package_identification:_identify(src/examples) by extension 'colcon_pkg'
[1.836s] Level 1:colcon.colcon_core.package_identification:_identify(src/examples) by extensions ['colcon_meta']
[1.836s] Level 1:colcon.colcon_core.package_identification:_identify(src/examples) by extension 'colcon_meta'
[1.836s] Level 1:colcon.colcon_core.package_identification:_identify(src/examples) by extensions ['ros']
[1.836s] Level 1:colcon.colcon_core.package_identification:_identify(src/examples) by extension 'ros'
[1.836s] Level 1:colcon.colcon_core.package_identification:_identify(src/examples) by extensions ['cmake', 'python']
[1.836s] Level 1:colcon.colcon_core.package_identification:_identify(src/examples) by extension 'cmake'
[1.836s] Level 1:colcon.colcon_core.package_identification:_identify(src/examples) by extension 'python'
[1.836s] Level 1:colcon.colcon_core.package_identification:_identify(src/examples) by extensions ['python_setup_py']
[1.836s] Level 1:colcon.colcon_core.package_identification:_identify(src/examples) by extension 'python_setup_py'
[1.836s] Level 1:colcon.colcon_core.package_identification:_identify(src/examples/launch_testing) by extensions ['ignore', 'ignore_ament_install']
[1.836s] Level 1:colcon.colcon_core.package_identification:_identify(src/examples/launch_testing) by extension 'ignore'
[1.836s] Level 1:colcon.colcon_core.package_identification:_identify(src/examples/launch_testing) by extension 'ignore_ament_install'
[1.837s] Level 1:colcon.colcon_core.package_identification:_identify(src/examples/launch_testing) by extensions ['colcon_pkg']
[1.837s] Level 1:colcon.colcon_core.package_identification:_identify(src/examples/launch_testing) by extension 'colcon_pkg'
[1.837s] Level 1:colcon.colcon_core.package_identification:_identify(src/examples/launch_testing) by extensions ['colcon_meta']
[1.837s] Level 1:colcon.colcon_core.package_identification:_identify(src/examples/launch_testing) by extension 'colcon_meta'
[1.837s] Level 1:colcon.colcon_core.package_identification:_identify(src/examples/launch_testing) by extensions ['ros']
[1.837s] Level 1:colcon.colcon_core.package_identification:_identify(src/examples/launch_testing) by extension 'ros'
[1.837s] Level 1:colcon.colcon_core.package_identification:_identify(src/examples/launch_testing) by extensions ['cmake', 'python']
[1.837s] Level 1:colcon.colcon_core.package_identification:_identify(src/examples/launch_testing) by extension 'cmake'
[1.837s] Level 1:colcon.colcon_core.package_identification:_identify(src/examples/launch_testing) by extension 'python'
[1.837s] Level 1:colcon.colcon_core.package_identification:_identify(src/examples/launch_testing) by extensions ['python_setup_py']
[1.837s] Level 1:colcon.colcon_core.package_identification:_identify(src/examples/launch_testing) by extension 'python_setup_py'
[1.837s] Level 1:colcon.colcon_core.package_identification:_identify(src/examples/launch_testing/launch_testing_examples) by extensions ['ignore', 'ignore_ament_install']
[1.837s] Level 1:colcon.colcon_core.package_identification:_identify(src/examples/launch_testing/launch_testing_examples) by extension 'ignore'
[1.837s] Level 1:colcon.colcon_core.package_identification:_identify(src/examples/launch_testing/launch_testing_examples) by extension 'ignore_ament_install'
[1.837s] Level 1:colcon.colcon_core.package_identification:_identify(src/examples/launch_testing/launch_testing_examples) by extensions ['colcon_pkg']
[1.837s] Level 1:colcon.colcon_core.package_identification:_identify(src/examples/launch_testing/launch_testing_examples) by extension 'colcon_pkg'
[1.837s] Level 1:colcon.colcon_core.package_identification:_identify(src/examples/launch_testing/launch_testing_examples) by extensions ['colcon_meta']
[1.837s] Level 1:colcon.colcon_core.package_identification:_identify(src/examples/launch_testing/launch_testing_examples) by extension 'colcon_meta'
[1.837s] Level 1:colcon.colcon_core.package_identification:_identify(src/examples/launch_testing/launch_testing_examples) by extensions ['ros']
[1.837s] Level 1:colcon.colcon_core.package_identification:_identify(src/examples/launch_testing/launch_testing_examples) by extension 'ros'
[1.844s] DEBUG:colcon.colcon_core.package_identification:Package 'src/examples/launch_testing/launch_testing_examples' with type 'ros.ament_python' and name 'launch_testing_examples'
[1.844s] Level 1:colcon.colcon_core.package_identification:_identify(src/examples/rclcpp) by extensions ['ignore', 'ignore_ament_install']
[1.844s] Level 1:colcon.colcon_core.package_identification:_identify(src/examples/rclcpp) by extension 'ignore'
[1.844s] Level 1:colcon.colcon_core.package_identification:_identify(src/examples/rclcpp) by extension 'ignore_ament_install'
[1.844s] Level 1:colcon.colcon_core.package_identification:_identify(src/examples/rclcpp) by extensions ['colcon_pkg']
[1.844s] Level 1:colcon.colcon_core.package_identification:_identify(src/examples/rclcpp) by extension 'colcon_pkg'
[1.844s] Level 1:colcon.colcon_core.package_identification:_identify(src/examples/rclcpp) by extensions ['colcon_meta']
[1.844s] Level 1:colcon.colcon_core.package_identification:_identify(src/examples/rclcpp) by extension 'colcon_meta'
[1.844s] Level 1:colcon.colcon_core.package_identification:_identify(src/examples/rclcpp) by extensions ['ros']
[1.844s] Level 1:colcon.colcon_core.package_identification:_identify(src/examples/rclcpp) by extension 'ros'
[1.844s] Level 1:colcon.colcon_core.package_identification:_identify(src/examples/rclcpp) by extensions ['cmake', 'python']
[1.845s] Level 1:colcon.colcon_core.package_identification:_identify(src/examples/rclcpp) by extension 'cmake'
[1.845s] Level 1:colcon.colcon_core.package_identification:_identify(src/examples/rclcpp) by extension 'python'
[1.845s] Level 1:colcon.colcon_core.package_identification:_identify(src/examples/rclcpp) by extensions ['python_setup_py']
[1.845s] Level 1:colcon.colcon_core.package_identification:_identify(src/examples/rclcpp) by extension 'python_setup_py'
[1.845s] Level 1:colcon.colcon_core.package_identification:_identify(src/examples/rclcpp/actions) by extensions ['ignore', 'ignore_ament_install']
[1.845s] Level 1:colcon.colcon_core.package_identification:_identify(src/examples/rclcpp/actions) by extension 'ignore'
[1.845s] Level 1:colcon.colcon_core.package_identification:_identify(src/examples/rclcpp/actions) by extension 'ignore_ament_install'
[1.845s] Level 1:colcon.colcon_core.package_identification:_identify(src/examples/rclcpp/actions) by extensions ['colcon_pkg']
[1.845s] Level 1:colcon.colcon_core.package_identification:_identify(src/examples/rclcpp/actions) by extension 'colcon_pkg'
[1.845s] Level 1:colcon.colcon_core.package_identification:_identify(src/examples/rclcpp/actions) by extensions ['colcon_meta']
[1.845s] Level 1:colcon.colcon_core.package_identification:_identify(src/examples/rclcpp/actions) by extension 'colcon_meta'
[1.845s] Level 1:colcon.colcon_core.package_identification:_identify(src/examples/rclcpp/actions) by extensions ['ros']
[1.845s] Level 1:colcon.colcon_core.package_identification:_identify(src/examples/rclcpp/actions) by extension 'ros'
[1.845s] Level 1:colcon.colcon_core.package_identification:_identify(src/examples/rclcpp/actions) by extensions ['cmake', 'python']
[1.845s] Level 1:colcon.colcon_core.package_identification:_identify(src/examples/rclcpp/actions) by extension 'cmake'
[1.845s] Level 1:colcon.colcon_core.package_identification:_identify(src/examples/rclcpp/actions) by extension 'python'
[1.845s] Level 1:colcon.colcon_core.package_identification:_identify(src/examples/rclcpp/actions) by extensions ['python_setup_py']
[1.845s] Level 1:colcon.colcon_core.package_identification:_identify(src/examples/rclcpp/actions) by extension 'python_setup_py'
[1.846s] Level 1:colcon.colcon_core.package_identification:_identify(src/examples/rclcpp/actions/minimal_action_client) by extensions ['ignore', 'ignore_ament_install']
[1.846s] Level 1:colcon.colcon_core.package_identification:_identify(src/examples/rclcpp/actions/minimal_action_client) by extension 'ignore'
[1.846s] Level 1:colcon.colcon_core.package_identification:_identify(src/examples/rclcpp/actions/minimal_action_client) by extension 'ignore_ament_install'
[1.846s] Level 1:colcon.colcon_core.package_identification:_identify(src/examples/rclcpp/actions/minimal_action_client) by extensions ['colcon_pkg']
[1.846s] Level 1:colcon.colcon_core.package_identification:_identify(src/examples/rclcpp/actions/minimal_action_client) by extension 'colcon_pkg'
[1.846s] Level 1:colcon.colcon_core.package_identification:_identify(src/examples/rclcpp/actions/minimal_action_client) by extensions ['colcon_meta']
[1.846s] Level 1:colcon.colcon_core.package_identification:_identify(src/examples/rclcpp/actions/minimal_action_client) by extension 'colcon_meta'
[1.846s] Level 1:colcon.colcon_core.package_identification:_identify(src/examples/rclcpp/actions/minimal_action_client) by extensions ['ros']
[1.846s] Level 1:colcon.colcon_core.package_identification:_identify(src/examples/rclcpp/actions/minimal_action_client) by extension 'ros'
[1.847s] DEBUG:colcon.colcon_core.package_identification:Package 'src/examples/rclcpp/actions/minimal_action_client' with type 'ros.ament_cmake' and name 'examples_rclcpp_minimal_action_client'
[1.847s] Level 1:colcon.colcon_core.package_identification:_identify(src/examples/rclcpp/actions/minimal_action_server) by extensions ['ignore', 'ignore_ament_install']
[1.847s] Level 1:colcon.colcon_core.package_identification:_identify(src/examples/rclcpp/actions/minimal_action_server) by extension 'ignore'
[1.847s] Level 1:colcon.colcon_core.package_identification:_identify(src/examples/rclcpp/actions/minimal_action_server) by extension 'ignore_ament_install'
[1.847s] Level 1:colcon.colcon_core.package_identification:_identify(src/examples/rclcpp/actions/minimal_action_server) by extensions ['colcon_pkg']
[1.847s] Level 1:colcon.colcon_core.package_identification:_identify(src/examples/rclcpp/actions/minimal_action_server) by extension 'colcon_pkg'
[1.847s] Level 1:colcon.colcon_core.package_identification:_identify(src/examples/rclcpp/actions/minimal_action_server) by extensions ['colcon_meta']
[1.847s] Level 1:colcon.colcon_core.package_identification:_identify(src/examples/rclcpp/actions/minimal_action_server) by extension 'colcon_meta'
[1.847s] Level 1:colcon.colcon_core.package_identification:_identify(src/examples/rclcpp/actions/minimal_action_server) by extensions ['ros']
[1.847s] Level 1:colcon.colcon_core.package_identification:_identify(src/examples/rclcpp/actions/minimal_action_server) by extension 'ros'
[1.848s] DEBUG:colcon.colcon_core.package_identification:Package 'src/examples/rclcpp/actions/minimal_action_server' with type 'ros.ament_cmake' and name 'examples_rclcpp_minimal_action_server'
[1.848s] Level 1:colcon.colcon_core.package_identification:_identify(src/examples/rclcpp/composition) by extensions ['ignore', 'ignore_ament_install']
[1.848s] Level 1:colcon.colcon_core.package_identification:_identify(src/examples/rclcpp/composition) by extension 'ignore'
[1.848s] Level 1:colcon.colcon_core.package_identification:_identify(src/examples/rclcpp/composition) by extension 'ignore_ament_install'
[1.848s] Level 1:colcon.colcon_core.package_identification:_identify(src/examples/rclcpp/composition) by extensions ['colcon_pkg']
[1.848s] Level 1:colcon.colcon_core.package_identification:_identify(src/examples/rclcpp/composition) by extension 'colcon_pkg'
[1.848s] Level 1:colcon.colcon_core.package_identification:_identify(src/examples/rclcpp/composition) by extensions ['colcon_meta']
[1.848s] Level 1:colcon.colcon_core.package_identification:_identify(src/examples/rclcpp/composition) by extension 'colcon_meta'
[1.848s] Level 1:colcon.colcon_core.package_identification:_identify(src/examples/rclcpp/composition) by extensions ['ros']
[1.848s] Level 1:colcon.colcon_core.package_identification:_identify(src/examples/rclcpp/composition) by extension 'ros'
[1.849s] Level 1:colcon.colcon_core.package_identification:_identify(src/examples/rclcpp/composition) by extensions ['cmake', 'python']
[1.849s] Level 1:colcon.colcon_core.package_identification:_identify(src/examples/rclcpp/composition) by extension 'cmake'
[1.849s] Level 1:colcon.colcon_core.package_identification:_identify(src/examples/rclcpp/composition) by extension 'python'
[1.849s] Level 1:colcon.colcon_core.package_identification:_identify(src/examples/rclcpp/composition) by extensions ['python_setup_py']
[1.849s] Level 1:colcon.colcon_core.package_identification:_identify(src/examples/rclcpp/composition) by extension 'python_setup_py'
[1.849s] Level 1:colcon.colcon_core.package_identification:_identify(src/examples/rclcpp/composition/minimal_composition) by extensions ['ignore', 'ignore_ament_install']
[1.849s] Level 1:colcon.colcon_core.package_identification:_identify(src/examples/rclcpp/composition/minimal_composition) by extension 'ignore'
[1.849s] Level 1:colcon.colcon_core.package_identification:_identify(src/examples/rclcpp/composition/minimal_composition) by extension 'ignore_ament_install'
[1.849s] Level 1:colcon.colcon_core.package_identification:_identify(src/examples/rclcpp/composition/minimal_composition) by extensions ['colcon_pkg']
[1.849s] Level 1:colcon.colcon_core.package_identification:_identify(src/examples/rclcpp/composition/minimal_composition) by extension 'colcon_pkg'
[1.849s] Level 1:colcon.colcon_core.package_identification:_identify(src/examples/rclcpp/composition/minimal_composition) by extensions ['colcon_meta']
[1.849s] Level 1:colcon.colcon_core.package_identification:_identify(src/examples/rclcpp/composition/minimal_composition) by extension 'colcon_meta'
[1.849s] Level 1:colcon.colcon_core.package_identification:_identify(src/examples/rclcpp/composition/minimal_composition) by extensions ['ros']
[1.849s] Level 1:colcon.colcon_core.package_identification:_identify(src/examples/rclcpp/composition/minimal_composition) by extension 'ros'
[1.850s] DEBUG:colcon.colcon_core.package_identification:Package 'src/examples/rclcpp/composition/minimal_composition' with type 'ros.ament_cmake' and name 'examples_rclcpp_minimal_composition'
[1.850s] Level 1:colcon.colcon_core.package_identification:_identify(src/examples/rclcpp/executors) by extensions ['ignore', 'ignore_ament_install']
[1.850s] Level 1:colcon.colcon_core.package_identification:_identify(src/examples/rclcpp/executors) by extension 'ignore'
[1.850s] Level 1:colcon.colcon_core.package_identification:_identify(src/examples/rclcpp/executors) by extension 'ignore_ament_install'
[1.850s] Level 1:colcon.colcon_core.package_identification:_identify(src/examples/rclcpp/executors) by extensions ['colcon_pkg']
[1.850s] Level 1:colcon.colcon_core.package_identification:_identify(src/examples/rclcpp/executors) by extension 'colcon_pkg'
[1.850s] Level 1:colcon.colcon_core.package_identification:_identify(src/examples/rclcpp/executors) by extensions ['colcon_meta']
[1.850s] Level 1:colcon.colcon_core.package_identification:_identify(src/examples/rclcpp/executors) by extension 'colcon_meta'
[1.850s] Level 1:colcon.colcon_core.package_identification:_identify(src/examples/rclcpp/executors) by extensions ['ros']
[1.850s] Level 1:colcon.colcon_core.package_identification:_identify(src/examples/rclcpp/executors) by extension 'ros'
[1.850s] Level 1:colcon.colcon_core.package_identification:_identify(src/examples/rclcpp/executors) by extensions ['cmake', 'python']
[1.850s] Level 1:colcon.colcon_core.package_identification:_identify(src/examples/rclcpp/executors) by extension 'cmake'
[1.850s] Level 1:colcon.colcon_core.package_identification:_identify(src/examples/rclcpp/executors) by extension 'python'
[1.850s] Level 1:colcon.colcon_core.package_identification:_identify(src/examples/rclcpp/executors) by extensions ['python_setup_py']
[1.850s] Level 1:colcon.colcon_core.package_identification:_identify(src/examples/rclcpp/executors) by extension 'python_setup_py'
[1.850s] Level 1:colcon.colcon_core.package_identification:_identify(src/examples/rclcpp/executors/cbg_executor) by extensions ['ignore', 'ignore_ament_install']
[1.851s] Level 1:colcon.colcon_core.package_identification:_identify(src/examples/rclcpp/executors/cbg_executor) by extension 'ignore'
[1.851s] Level 1:colcon.colcon_core.package_identification:_identify(src/examples/rclcpp/executors/cbg_executor) by extension 'ignore_ament_install'
[1.851s] Level 1:colcon.colcon_core.package_identification:_identify(src/examples/rclcpp/executors/cbg_executor) by extensions ['colcon_pkg']
[1.851s] Level 1:colcon.colcon_core.package_identification:_identify(src/examples/rclcpp/executors/cbg_executor) by extension 'colcon_pkg'
[1.851s] Level 1:colcon.colcon_core.package_identification:_identify(src/examples/rclcpp/executors/cbg_executor) by extensions ['colcon_meta']
[1.851s] Level 1:colcon.colcon_core.package_identification:_identify(src/examples/rclcpp/executors/cbg_executor) by extension 'colcon_meta'
[1.851s] Level 1:colcon.colcon_core.package_identification:_identify(src/examples/rclcpp/executors/cbg_executor) by extensions ['ros']
[1.851s] Level 1:colcon.colcon_core.package_identification:_identify(src/examples/rclcpp/executors/cbg_executor) by extension 'ros'
[1.851s] DEBUG:colcon.colcon_core.package_identification:Package 'src/examples/rclcpp/executors/cbg_executor' with type 'ros.ament_cmake' and name 'examples_rclcpp_cbg_executor'
[1.851s] Level 1:colcon.colcon_core.package_identification:_identify(src/examples/rclcpp/executors/multithreaded_executor) by extensions ['ignore', 'ignore_ament_install']
[1.851s] Level 1:colcon.colcon_core.package_identification:_identify(src/examples/rclcpp/executors/multithreaded_executor) by extension 'ignore'
[1.852s] Level 1:colcon.colcon_core.package_identification:_identify(src/examples/rclcpp/executors/multithreaded_executor) by extension 'ignore_ament_install'
[1.852s] Level 1:colcon.colcon_core.package_identification:_identify(src/examples/rclcpp/executors/multithreaded_executor) by extensions ['colcon_pkg']
[1.852s] Level 1:colcon.colcon_core.package_identification:_identify(src/examples/rclcpp/executors/multithreaded_executor) by extension 'colcon_pkg'
[1.852s] Level 1:colcon.colcon_core.package_identification:_identify(src/examples/rclcpp/executors/multithreaded_executor) by extensions ['colcon_meta']
[1.852s] Level 1:colcon.colcon_core.package_identification:_identify(src/examples/rclcpp/executors/multithreaded_executor) by extension 'colcon_meta'
[1.852s] Level 1:colcon.colcon_core.package_identification:_identify(src/examples/rclcpp/executors/multithreaded_executor) by extensions ['ros']
[1.852s] Level 1:colcon.colcon_core.package_identification:_identify(src/examples/rclcpp/executors/multithreaded_executor) by extension 'ros'
[1.852s] DEBUG:colcon.colcon_core.package_identification:Package 'src/examples/rclcpp/executors/multithreaded_executor' with type 'ros.ament_cmake' and name 'examples_rclcpp_multithreaded_executor'
[1.852s] Level 1:colcon.colcon_core.package_identification:_identify(src/examples/rclcpp/services) by extensions ['ignore', 'ignore_ament_install']
[1.852s] Level 1:colcon.colcon_core.package_identification:_identify(src/examples/rclcpp/services) by extension 'ignore'
[1.852s] Level 1:colcon.colcon_core.package_identification:_identify(src/examples/rclcpp/services) by extension 'ignore_ament_install'
[1.853s] Level 1:colcon.colcon_core.package_identification:_identify(src/examples/rclcpp/services) by extensions ['colcon_pkg']
[1.853s] Level 1:colcon.colcon_core.package_identification:_identify(src/examples/rclcpp/services) by extension 'colcon_pkg'
[1.853s] Level 1:colcon.colcon_core.package_identification:_identify(src/examples/rclcpp/services) by extensions ['colcon_meta']
[1.853s] Level 1:colcon.colcon_core.package_identification:_identify(src/examples/rclcpp/services) by extension 'colcon_meta'
[1.853s] Level 1:colcon.colcon_core.package_identification:_identify(src/examples/rclcpp/services) by extensions ['ros']
[1.853s] Level 1:colcon.colcon_core.package_identification:_identify(src/examples/rclcpp/services) by extension 'ros'
[1.853s] Level 1:colcon.colcon_core.package_identification:_identify(src/examples/rclcpp/services) by extensions ['cmake', 'python']
[1.853s] Level 1:colcon.colcon_core.package_identification:_identify(src/examples/rclcpp/services) by extension 'cmake'
[1.853s] Level 1:colcon.colcon_core.package_identification:_identify(src/examples/rclcpp/services) by extension 'python'
[1.853s] Level 1:colcon.colcon_core.package_identification:_identify(src/examples/rclcpp/services) by extensions ['python_setup_py']
[1.853s] Level 1:colcon.colcon_core.package_identification:_identify(src/examples/rclcpp/services) by extension 'python_setup_py'
[1.853s] Level 1:colcon.colcon_core.package_identification:_identify(src/examples/rclcpp/services/async_client) by extensions ['ignore', 'ignore_ament_install']
[1.853s] Level 1:colcon.colcon_core.package_identification:_identify(src/examples/rclcpp/services/async_client) by extension 'ignore'
[1.853s] Level 1:colcon.colcon_core.package_identification:_identify(src/examples/rclcpp/services/async_client) by extension 'ignore_ament_install'
[1.853s] Level 1:colcon.colcon_core.package_identification:_identify(src/examples/rclcpp/services/async_client) by extensions ['colcon_pkg']
[1.853s] Level 1:colcon.colcon_core.package_identification:_identify(src/examples/rclcpp/services/async_client) by extension 'colcon_pkg'
[1.853s] Level 1:colcon.colcon_core.package_identification:_identify(src/examples/rclcpp/services/async_client) by extensions ['colcon_meta']
[1.853s] Level 1:colcon.colcon_core.package_identification:_identify(src/examples/rclcpp/services/async_client) by extension 'colcon_meta'
[1.853s] Level 1:colcon.colcon_core.package_identification:_identify(src/examples/rclcpp/services/async_client) by extensions ['ros']
[1.853s] Level 1:colcon.colcon_core.package_identification:_identify(src/examples/rclcpp/services/async_client) by extension 'ros'
[1.854s] DEBUG:colcon.colcon_core.package_identification:Package 'src/examples/rclcpp/services/async_client' with type 'ros.ament_cmake' and name 'examples_rclcpp_async_client'
[1.854s] Level 1:colcon.colcon_core.package_identification:_identify(src/examples/rclcpp/services/minimal_client) by extensions ['ignore', 'ignore_ament_install']
[1.854s] Level 1:colcon.colcon_core.package_identification:_identify(src/examples/rclcpp/services/minimal_client) by extension 'ignore'
[1.854s] Level 1:colcon.colcon_core.package_identification:_identify(src/examples/rclcpp/services/minimal_client) by extension 'ignore_ament_install'
[1.854s] Level 1:colcon.colcon_core.package_identification:_identify(src/examples/rclcpp/services/minimal_client) by extensions ['colcon_pkg']
[1.855s] Level 1:colcon.colcon_core.package_identification:_identify(src/examples/rclcpp/services/minimal_client) by extension 'colcon_pkg'
[1.855s] Level 1:colcon.colcon_core.package_identification:_identify(src/examples/rclcpp/services/minimal_client) by extensions ['colcon_meta']
[1.855s] Level 1:colcon.colcon_core.package_identification:_identify(src/examples/rclcpp/services/minimal_client) by extension 'colcon_meta'
[1.855s] Level 1:colcon.colcon_core.package_identification:_identify(src/examples/rclcpp/services/minimal_client) by extensions ['ros']
[1.855s] Level 1:colcon.colcon_core.package_identification:_identify(src/examples/rclcpp/services/minimal_client) by extension 'ros'
[1.856s] DEBUG:colcon.colcon_core.package_identification:Package 'src/examples/rclcpp/services/minimal_client' with type 'ros.ament_cmake' and name 'examples_rclcpp_minimal_client'
[1.856s] Level 1:colcon.colcon_core.package_identification:_identify(src/examples/rclcpp/services/minimal_service) by extensions ['ignore', 'ignore_ament_install']
[1.856s] Level 1:colcon.colcon_core.package_identification:_identify(src/examples/rclcpp/services/minimal_service) by extension 'ignore'
[1.856s] Level 1:colcon.colcon_core.package_identification:_identify(src/examples/rclcpp/services/minimal_service) by extension 'ignore_ament_install'
[1.856s] Level 1:colcon.colcon_core.package_identification:_identify(src/examples/rclcpp/services/minimal_service) by extensions ['colcon_pkg']
[1.856s] Level 1:colcon.colcon_core.package_identification:_identify(src/examples/rclcpp/services/minimal_service) by extension 'colcon_pkg'
[1.856s] Level 1:colcon.colcon_core.package_identification:_identify(src/examples/rclcpp/services/minimal_service) by extensions ['colcon_meta']
[1.856s] Level 1:colcon.colcon_core.package_identification:_identify(src/examples/rclcpp/services/minimal_service) by extension 'colcon_meta'
[1.856s] Level 1:colcon.colcon_core.package_identification:_identify(src/examples/rclcpp/services/minimal_service) by extensions ['ros']
[1.856s] Level 1:colcon.colcon_core.package_identification:_identify(src/examples/rclcpp/services/minimal_service) by extension 'ros'
[1.857s] DEBUG:colcon.colcon_core.package_identification:Package 'src/examples/rclcpp/services/minimal_service' with type 'ros.ament_cmake' and name 'examples_rclcpp_minimal_service'
[1.857s] Level 1:colcon.colcon_core.package_identification:_identify(src/examples/rclcpp/timers) by extensions ['ignore', 'ignore_ament_install']
[1.857s] Level 1:colcon.colcon_core.package_identification:_identify(src/examples/rclcpp/timers) by extension 'ignore'
[1.857s] Level 1:colcon.colcon_core.package_identification:_identify(src/examples/rclcpp/timers) by extension 'ignore_ament_install'
[1.857s] Level 1:colcon.colcon_core.package_identification:_identify(src/examples/rclcpp/timers) by extensions ['colcon_pkg']
[1.857s] Level 1:colcon.colcon_core.package_identification:_identify(src/examples/rclcpp/timers) by extension 'colcon_pkg'
[1.857s] Level 1:colcon.colcon_core.package_identification:_identify(src/examples/rclcpp/timers) by extensions ['colcon_meta']
[1.857s] Level 1:colcon.colcon_core.package_identification:_identify(src/examples/rclcpp/timers) by extension 'colcon_meta'
[1.857s] Level 1:colcon.colcon_core.package_identification:_identify(src/examples/rclcpp/timers) by extensions ['ros']
[1.857s] Level 1:colcon.colcon_core.package_identification:_identify(src/examples/rclcpp/timers) by extension 'ros'
[1.857s] Level 1:colcon.colcon_core.package_identification:_identify(src/examples/rclcpp/timers) by extensions ['cmake', 'python']
[1.857s] Level 1:colcon.colcon_core.package_identification:_identify(src/examples/rclcpp/timers) by extension 'cmake'
[1.858s] Level 1:colcon.colcon_core.package_identification:_identify(src/examples/rclcpp/timers) by extension 'python'
[1.858s] Level 1:colcon.colcon_core.package_identification:_identify(src/examples/rclcpp/timers) by extensions ['python_setup_py']
[1.858s] Level 1:colcon.colcon_core.package_identification:_identify(src/examples/rclcpp/timers) by extension 'python_setup_py'
[1.858s] Level 1:colcon.colcon_core.package_identification:_identify(src/examples/rclcpp/timers/minimal_timer) by extensions ['ignore', 'ignore_ament_install']
[1.858s] Level 1:colcon.colcon_core.package_identification:_identify(src/examples/rclcpp/timers/minimal_timer) by extension 'ignore'
[1.858s] Level 1:colcon.colcon_core.package_identification:_identify(src/examples/rclcpp/timers/minimal_timer) by extension 'ignore_ament_install'
[1.858s] Level 1:colcon.colcon_core.package_identification:_identify(src/examples/rclcpp/timers/minimal_timer) by extensions ['colcon_pkg']
[1.858s] Level 1:colcon.colcon_core.package_identification:_identify(src/examples/rclcpp/timers/minimal_timer) by extension 'colcon_pkg'
[1.858s] Level 1:colcon.colcon_core.package_identification:_identify(src/examples/rclcpp/timers/minimal_timer) by extensions ['colcon_meta']
[1.858s] Level 1:colcon.colcon_core.package_identification:_identify(src/examples/rclcpp/timers/minimal_timer) by extension 'colcon_meta'
[1.858s] Level 1:colcon.colcon_core.package_identification:_identify(src/examples/rclcpp/timers/minimal_timer) by extensions ['ros']
[1.858s] Level 1:colcon.colcon_core.package_identification:_identify(src/examples/rclcpp/timers/minimal_timer) by extension 'ros'
[1.858s] DEBUG:colcon.colcon_core.package_identification:Package 'src/examples/rclcpp/timers/minimal_timer' with type 'ros.ament_cmake' and name 'examples_rclcpp_minimal_timer'
[1.859s] Level 1:colcon.colcon_core.package_identification:_identify(src/examples/rclcpp/topics) by extensions ['ignore', 'ignore_ament_install']
[1.859s] Level 1:colcon.colcon_core.package_identification:_identify(src/examples/rclcpp/topics) by extension 'ignore'
[1.859s] Level 1:colcon.colcon_core.package_identification:_identify(src/examples/rclcpp/topics) by extension 'ignore_ament_install'
[1.859s] Level 1:colcon.colcon_core.package_identification:_identify(src/examples/rclcpp/topics) by extensions ['colcon_pkg']
[1.859s] Level 1:colcon.colcon_core.package_identification:_identify(src/examples/rclcpp/topics) by extension 'colcon_pkg'
[1.859s] Level 1:colcon.colcon_core.package_identification:_identify(src/examples/rclcpp/topics) by extensions ['colcon_meta']
[1.859s] Level 1:colcon.colcon_core.package_identification:_identify(src/examples/rclcpp/topics) by extension 'colcon_meta'
[1.859s] Level 1:colcon.colcon_core.package_identification:_identify(src/examples/rclcpp/topics) by extensions ['ros']
[1.859s] Level 1:colcon.colcon_core.package_identification:_identify(src/examples/rclcpp/topics) by extension 'ros'
[1.859s] Level 1:colcon.colcon_core.package_identification:_identify(src/examples/rclcpp/topics) by extensions ['cmake', 'python']
[1.859s] Level 1:colcon.colcon_core.package_identification:_identify(src/examples/rclcpp/topics) by extension 'cmake'
[1.859s] Level 1:colcon.colcon_core.package_identification:_identify(src/examples/rclcpp/topics) by extension 'python'
[1.859s] Level 1:colcon.colcon_core.package_identification:_identify(src/examples/rclcpp/topics) by extensions ['python_setup_py']
[1.859s] Level 1:colcon.colcon_core.package_identification:_identify(src/examples/rclcpp/topics) by extension 'python_setup_py'
[1.859s] Level 1:colcon.colcon_core.package_identification:_identify(src/examples/rclcpp/topics/minimal_publisher) by extensions ['ignore', 'ignore_ament_install']
[1.859s] Level 1:colcon.colcon_core.package_identification:_identify(src/examples/rclcpp/topics/minimal_publisher) by extension 'ignore'
[1.859s] Level 1:colcon.colcon_core.package_identification:_identify(src/examples/rclcpp/topics/minimal_publisher) by extension 'ignore_ament_install'
[1.859s] Level 1:colcon.colcon_core.package_identification:_identify(src/examples/rclcpp/topics/minimal_publisher) by extensions ['colcon_pkg']
[1.859s] Level 1:colcon.colcon_core.package_identification:_identify(src/examples/rclcpp/topics/minimal_publisher) by extension 'colcon_pkg'
[1.859s] Level 1:colcon.colcon_core.package_identification:_identify(src/examples/rclcpp/topics/minimal_publisher) by extensions ['colcon_meta']
[1.859s] Level 1:colcon.colcon_core.package_identification:_identify(src/examples/rclcpp/topics/minimal_publisher) by extension 'colcon_meta'
[1.859s] Level 1:colcon.colcon_core.package_identification:_identify(src/examples/rclcpp/topics/minimal_publisher) by extensions ['ros']
[1.859s] Level 1:colcon.colcon_core.package_identification:_identify(src/examples/rclcpp/topics/minimal_publisher) by extension 'ros'
[1.860s] DEBUG:colcon.colcon_core.package_identification:Package 'src/examples/rclcpp/topics/minimal_publisher' with type 'ros.ament_cmake' and name 'examples_rclcpp_minimal_publisher'
[1.860s] Level 1:colcon.colcon_core.package_identification:_identify(src/examples/rclcpp/topics/minimal_subscriber) by extensions ['ignore', 'ignore_ament_install']
[1.860s] Level 1:colcon.colcon_core.package_identification:_identify(src/examples/rclcpp/topics/minimal_subscriber) by extension 'ignore'
[1.860s] Level 1:colcon.colcon_core.package_identification:_identify(src/examples/rclcpp/topics/minimal_subscriber) by extension 'ignore_ament_install'
[1.860s] Level 1:colcon.colcon_core.package_identification:_identify(src/examples/rclcpp/topics/minimal_subscriber) by extensions ['colcon_pkg']
[1.860s] Level 1:colcon.colcon_core.package_identification:_identify(src/examples/rclcpp/topics/minimal_subscriber) by extension 'colcon_pkg'
[1.860s] Level 1:colcon.colcon_core.package_identification:_identify(src/examples/rclcpp/topics/minimal_subscriber) by extensions ['colcon_meta']
[1.860s] Level 1:colcon.colcon_core.package_identification:_identify(src/examples/rclcpp/topics/minimal_subscriber) by extension 'colcon_meta'
[1.860s] Level 1:colcon.colcon_core.package_identification:_identify(src/examples/rclcpp/topics/minimal_subscriber) by extensions ['ros']
[1.860s] Level 1:colcon.colcon_core.package_identification:_identify(src/examples/rclcpp/topics/minimal_subscriber) by extension 'ros'
[1.861s] DEBUG:colcon.colcon_core.package_identification:Package 'src/examples/rclcpp/topics/minimal_subscriber' with type 'ros.ament_cmake' and name 'examples_rclcpp_minimal_subscriber'
[1.861s] Level 1:colcon.colcon_core.package_identification:_identify(src/examples/rclcpp/wait_set) by extensions ['ignore', 'ignore_ament_install']
[1.861s] Level 1:colcon.colcon_core.package_identification:_identify(src/examples/rclcpp/wait_set) by extension 'ignore'
[1.861s] Level 1:colcon.colcon_core.package_identification:_identify(src/examples/rclcpp/wait_set) by extension 'ignore_ament_install'
[1.861s] Level 1:colcon.colcon_core.package_identification:_identify(src/examples/rclcpp/wait_set) by extensions ['colcon_pkg']
[1.861s] Level 1:colcon.colcon_core.package_identification:_identify(src/examples/rclcpp/wait_set) by extension 'colcon_pkg'
[1.861s] Level 1:colcon.colcon_core.package_identification:_identify(src/examples/rclcpp/wait_set) by extensions ['colcon_meta']
[1.861s] Level 1:colcon.colcon_core.package_identification:_identify(src/examples/rclcpp/wait_set) by extension 'colcon_meta'
[1.861s] Level 1:colcon.colcon_core.package_identification:_identify(src/examples/rclcpp/wait_set) by extensions ['ros']
[1.861s] Level 1:colcon.colcon_core.package_identification:_identify(src/examples/rclcpp/wait_set) by extension 'ros'
[1.862s] DEBUG:colcon.colcon_core.package_identification:Package 'src/examples/rclcpp/wait_set' with type 'ros.ament_cmake' and name 'examples_rclcpp_wait_set'
[1.862s] Level 1:colcon.colcon_core.package_identification:_identify(src/examples/rclpy) by extensions ['ignore', 'ignore_ament_install']
[1.862s] Level 1:colcon.colcon_core.package_identification:_identify(src/examples/rclpy) by extension 'ignore'
[1.862s] Level 1:colcon.colcon_core.package_identification:_identify(src/examples/rclpy) by extension 'ignore_ament_install'
[1.862s] Level 1:colcon.colcon_core.package_identification:_identify(src/examples/rclpy) by extensions ['colcon_pkg']
[1.862s] Level 1:colcon.colcon_core.package_identification:_identify(src/examples/rclpy) by extension 'colcon_pkg'
[1.862s] Level 1:colcon.colcon_core.package_identification:_identify(src/examples/rclpy) by extensions ['colcon_meta']
[1.862s] Level 1:colcon.colcon_core.package_identification:_identify(src/examples/rclpy) by extension 'colcon_meta'
[1.862s] Level 1:colcon.colcon_core.package_identification:_identify(src/examples/rclpy) by extensions ['ros']
[1.862s] Level 1:colcon.colcon_core.package_identification:_identify(src/examples/rclpy) by extension 'ros'
[1.862s] Level 1:colcon.colcon_core.package_identification:_identify(src/examples/rclpy) by extensions ['cmake', 'python']
[1.863s] Level 1:colcon.colcon_core.package_identification:_identify(src/examples/rclpy) by extension 'cmake'
[1.863s] Level 1:colcon.colcon_core.package_identification:_identify(src/examples/rclpy) by extension 'python'
[1.863s] Level 1:colcon.colcon_core.package_identification:_identify(src/examples/rclpy) by extensions ['python_setup_py']
[1.863s] Level 1:colcon.colcon_core.package_identification:_identify(src/examples/rclpy) by extension 'python_setup_py'
[1.863s] Level 1:colcon.colcon_core.package_identification:_identify(src/examples/rclpy/actions) by extensions ['ignore', 'ignore_ament_install']
[1.863s] Level 1:colcon.colcon_core.package_identification:_identify(src/examples/rclpy/actions) by extension 'ignore'
[1.863s] Level 1:colcon.colcon_core.package_identification:_identify(src/examples/rclpy/actions) by extension 'ignore_ament_install'
[1.863s] Level 1:colcon.colcon_core.package_identification:_identify(src/examples/rclpy/actions) by extensions ['colcon_pkg']
[1.863s] Level 1:colcon.colcon_core.package_identification:_identify(src/examples/rclpy/actions) by extension 'colcon_pkg'
[1.863s] Level 1:colcon.colcon_core.package_identification:_identify(src/examples/rclpy/actions) by extensions ['colcon_meta']
[1.863s] Level 1:colcon.colcon_core.package_identification:_identify(src/examples/rclpy/actions) by extension 'colcon_meta'
[1.863s] Level 1:colcon.colcon_core.package_identification:_identify(src/examples/rclpy/actions) by extensions ['ros']
[1.863s] Level 1:colcon.colcon_core.package_identification:_identify(src/examples/rclpy/actions) by extension 'ros'
[1.863s] Level 1:colcon.colcon_core.package_identification:_identify(src/examples/rclpy/actions) by extensions ['cmake', 'python']
[1.863s] Level 1:colcon.colcon_core.package_identification:_identify(src/examples/rclpy/actions) by extension 'cmake'
[1.863s] Level 1:colcon.colcon_core.package_identification:_identify(src/examples/rclpy/actions) by extension 'python'
[1.863s] Level 1:colcon.colcon_core.package_identification:_identify(src/examples/rclpy/actions) by extensions ['python_setup_py']
[1.863s] Level 1:colcon.colcon_core.package_identification:_identify(src/examples/rclpy/actions) by extension 'python_setup_py'
[1.863s] Level 1:colcon.colcon_core.package_identification:_identify(src/examples/rclpy/actions/minimal_action_client) by extensions ['ignore', 'ignore_ament_install']
[1.863s] Level 1:colcon.colcon_core.package_identification:_identify(src/examples/rclpy/actions/minimal_action_client) by extension 'ignore'
[1.863s] Level 1:colcon.colcon_core.package_identification:_identify(src/examples/rclpy/actions/minimal_action_client) by extension 'ignore_ament_install'
[1.863s] Level 1:colcon.colcon_core.package_identification:_identify(src/examples/rclpy/actions/minimal_action_client) by extensions ['colcon_pkg']
[1.863s] Level 1:colcon.colcon_core.package_identification:_identify(src/examples/rclpy/actions/minimal_action_client) by extension 'colcon_pkg'
[1.864s] Level 1:colcon.colcon_core.package_identification:_identify(src/examples/rclpy/actions/minimal_action_client) by extensions ['colcon_meta']
[1.864s] Level 1:colcon.colcon_core.package_identification:_identify(src/examples/rclpy/actions/minimal_action_client) by extension 'colcon_meta'
[1.864s] Level 1:colcon.colcon_core.package_identification:_identify(src/examples/rclpy/actions/minimal_action_client) by extensions ['ros']
[1.864s] Level 1:colcon.colcon_core.package_identification:_identify(src/examples/rclpy/actions/minimal_action_client) by extension 'ros'
[1.864s] DEBUG:colcon.colcon_core.package_identification:Package 'src/examples/rclpy/actions/minimal_action_client' with type 'ros.ament_python' and name 'examples_rclpy_minimal_action_client'
[1.864s] Level 1:colcon.colcon_core.package_identification:_identify(src/examples/rclpy/actions/minimal_action_server) by extensions ['ignore', 'ignore_ament_install']
[1.864s] Level 1:colcon.colcon_core.package_identification:_identify(src/examples/rclpy/actions/minimal_action_server) by extension 'ignore'
[1.864s] Level 1:colcon.colcon_core.package_identification:_identify(src/examples/rclpy/actions/minimal_action_server) by extension 'ignore_ament_install'
[1.864s] Level 1:colcon.colcon_core.package_identification:_identify(src/examples/rclpy/actions/minimal_action_server) by extensions ['colcon_pkg']
[1.865s] Level 1:colcon.colcon_core.package_identification:_identify(src/examples/rclpy/actions/minimal_action_server) by extension 'colcon_pkg'
[1.865s] Level 1:colcon.colcon_core.package_identification:_identify(src/examples/rclpy/actions/minimal_action_server) by extensions ['colcon_meta']
[1.865s] Level 1:colcon.colcon_core.package_identification:_identify(src/examples/rclpy/actions/minimal_action_server) by extension 'colcon_meta'
[1.865s] Level 1:colcon.colcon_core.package_identification:_identify(src/examples/rclpy/actions/minimal_action_server) by extensions ['ros']
[1.865s] Level 1:colcon.colcon_core.package_identification:_identify(src/examples/rclpy/actions/minimal_action_server) by extension 'ros'
[1.865s] DEBUG:colcon.colcon_core.package_identification:Package 'src/examples/rclpy/actions/minimal_action_server' with type 'ros.ament_python' and name 'examples_rclpy_minimal_action_server'
[1.865s] Level 1:colcon.colcon_core.package_identification:_identify(src/examples/rclpy/executors) by extensions ['ignore', 'ignore_ament_install']
[1.865s] Level 1:colcon.colcon_core.package_identification:_identify(src/examples/rclpy/executors) by extension 'ignore'
[1.865s] Level 1:colcon.colcon_core.package_identification:_identify(src/examples/rclpy/executors) by extension 'ignore_ament_install'
[1.865s] Level 1:colcon.colcon_core.package_identification:_identify(src/examples/rclpy/executors) by extensions ['colcon_pkg']
[1.865s] Level 1:colcon.colcon_core.package_identification:_identify(src/examples/rclpy/executors) by extension 'colcon_pkg'
[1.865s] Level 1:colcon.colcon_core.package_identification:_identify(src/examples/rclpy/executors) by extensions ['colcon_meta']
[1.865s] Level 1:colcon.colcon_core.package_identification:_identify(src/examples/rclpy/executors) by extension 'colcon_meta'
[1.865s] Level 1:colcon.colcon_core.package_identification:_identify(src/examples/rclpy/executors) by extensions ['ros']
[1.865s] Level 1:colcon.colcon_core.package_identification:_identify(src/examples/rclpy/executors) by extension 'ros'
[1.866s] DEBUG:colcon.colcon_core.package_identification:Package 'src/examples/rclpy/executors' with type 'ros.ament_python' and name 'examples_rclpy_executors'
[1.866s] Level 1:colcon.colcon_core.package_identification:_identify(src/examples/rclpy/guard_conditions) by extensions ['ignore', 'ignore_ament_install']
[1.866s] Level 1:colcon.colcon_core.package_identification:_identify(src/examples/rclpy/guard_conditions) by extension 'ignore'
[1.866s] Level 1:colcon.colcon_core.package_identification:_identify(src/examples/rclpy/guard_conditions) by extension 'ignore_ament_install'
[1.866s] Level 1:colcon.colcon_core.package_identification:_identify(src/examples/rclpy/guard_conditions) by extensions ['colcon_pkg']
[1.866s] Level 1:colcon.colcon_core.package_identification:_identify(src/examples/rclpy/guard_conditions) by extension 'colcon_pkg'
[1.866s] Level 1:colcon.colcon_core.package_identification:_identify(src/examples/rclpy/guard_conditions) by extensions ['colcon_meta']
[1.866s] Level 1:colcon.colcon_core.package_identification:_identify(src/examples/rclpy/guard_conditions) by extension 'colcon_meta'
[1.866s] Level 1:colcon.colcon_core.package_identification:_identify(src/examples/rclpy/guard_conditions) by extensions ['ros']
[1.866s] Level 1:colcon.colcon_core.package_identification:_identify(src/examples/rclpy/guard_conditions) by extension 'ros'
[1.867s] DEBUG:colcon.colcon_core.package_identification:Package 'src/examples/rclpy/guard_conditions' with type 'ros.ament_python' and name 'examples_rclpy_guard_conditions'
[1.867s] Level 1:colcon.colcon_core.package_identification:_identify(src/examples/rclpy/services) by extensions ['ignore', 'ignore_ament_install']
[1.867s] Level 1:colcon.colcon_core.package_identification:_identify(src/examples/rclpy/services) by extension 'ignore'
[1.867s] Level 1:colcon.colcon_core.package_identification:_identify(src/examples/rclpy/services) by extension 'ignore_ament_install'
[1.867s] Level 1:colcon.colcon_core.package_identification:_identify(src/examples/rclpy/services) by extensions ['colcon_pkg']
[1.867s] Level 1:colcon.colcon_core.package_identification:_identify(src/examples/rclpy/services) by extension 'colcon_pkg'
[1.867s] Level 1:colcon.colcon_core.package_identification:_identify(src/examples/rclpy/services) by extensions ['colcon_meta']
[1.867s] Level 1:colcon.colcon_core.package_identification:_identify(src/examples/rclpy/services) by extension 'colcon_meta'
[1.867s] Level 1:colcon.colcon_core.package_identification:_identify(src/examples/rclpy/services) by extensions ['ros']
[1.867s] Level 1:colcon.colcon_core.package_identification:_identify(src/examples/rclpy/services) by extension 'ros'
[1.867s] Level 1:colcon.colcon_core.package_identification:_identify(src/examples/rclpy/services) by extensions ['cmake', 'python']
[1.867s] Level 1:colcon.colcon_core.package_identification:_identify(src/examples/rclpy/services) by extension 'cmake'
[1.867s] Level 1:colcon.colcon_core.package_identification:_identify(src/examples/rclpy/services) by extension 'python'
[1.867s] Level 1:colcon.colcon_core.package_identification:_identify(src/examples/rclpy/services) by extensions ['python_setup_py']
[1.867s] Level 1:colcon.colcon_core.package_identification:_identify(src/examples/rclpy/services) by extension 'python_setup_py'
[1.868s] Level 1:colcon.colcon_core.package_identification:_identify(src/examples/rclpy/services/minimal_client) by extensions ['ignore', 'ignore_ament_install']
[1.868s] Level 1:colcon.colcon_core.package_identification:_identify(src/examples/rclpy/services/minimal_client) by extension 'ignore'
[1.868s] Level 1:colcon.colcon_core.package_identification:_identify(src/examples/rclpy/services/minimal_client) by extension 'ignore_ament_install'
[1.868s] Level 1:colcon.colcon_core.package_identification:_identify(src/examples/rclpy/services/minimal_client) by extensions ['colcon_pkg']
[1.868s] Level 1:colcon.colcon_core.package_identification:_identify(src/examples/rclpy/services/minimal_client) by extension 'colcon_pkg'
[1.868s] Level 1:colcon.colcon_core.package_identification:_identify(src/examples/rclpy/services/minimal_client) by extensions ['colcon_meta']
[1.868s] Level 1:colcon.colcon_core.package_identification:_identify(src/examples/rclpy/services/minimal_client) by extension 'colcon_meta'
[1.868s] Level 1:colcon.colcon_core.package_identification:_identify(src/examples/rclpy/services/minimal_client) by extensions ['ros']
[1.868s] Level 1:colcon.colcon_core.package_identification:_identify(src/examples/rclpy/services/minimal_client) by extension 'ros'
[1.869s] DEBUG:colcon.colcon_core.package_identification:Package 'src/examples/rclpy/services/minimal_client' with type 'ros.ament_python' and name 'examples_rclpy_minimal_client'
[1.869s] Level 1:colcon.colcon_core.package_identification:_identify(src/examples/rclpy/services/minimal_service) by extensions ['ignore', 'ignore_ament_install']
[1.869s] Level 1:colcon.colcon_core.package_identification:_identify(src/examples/rclpy/services/minimal_service) by extension 'ignore'
[1.869s] Level 1:colcon.colcon_core.package_identification:_identify(src/examples/rclpy/services/minimal_service) by extension 'ignore_ament_install'
[1.869s] Level 1:colcon.colcon_core.package_identification:_identify(src/examples/rclpy/services/minimal_service) by extensions ['colcon_pkg']
[1.869s] Level 1:colcon.colcon_core.package_identification:_identify(src/examples/rclpy/services/minimal_service) by extension 'colcon_pkg'
[1.869s] Level 1:colcon.colcon_core.package_identification:_identify(src/examples/rclpy/services/minimal_service) by extensions ['colcon_meta']
[1.869s] Level 1:colcon.colcon_core.package_identification:_identify(src/examples/rclpy/services/minimal_service) by extension 'colcon_meta'
[1.869s] Level 1:colcon.colcon_core.package_identification:_identify(src/examples/rclpy/services/minimal_service) by extensions ['ros']
[1.869s] Level 1:colcon.colcon_core.package_identification:_identify(src/examples/rclpy/services/minimal_service) by extension 'ros'
[1.870s] DEBUG:colcon.colcon_core.package_identification:Package 'src/examples/rclpy/services/minimal_service' with type 'ros.ament_python' and name 'examples_rclpy_minimal_service'
[1.870s] Level 1:colcon.colcon_core.package_identification:_identify(src/examples/rclpy/topics) by extensions ['ignore', 'ignore_ament_install']
[1.870s] Level 1:colcon.colcon_core.package_identification:_identify(src/examples/rclpy/topics) by extension 'ignore'
[1.870s] Level 1:colcon.colcon_core.package_identification:_identify(src/examples/rclpy/topics) by extension 'ignore_ament_install'
[1.870s] Level 1:colcon.colcon_core.package_identification:_identify(src/examples/rclpy/topics) by extensions ['colcon_pkg']
[1.870s] Level 1:colcon.colcon_core.package_identification:_identify(src/examples/rclpy/topics) by extension 'colcon_pkg'
[1.870s] Level 1:colcon.colcon_core.package_identification:_identify(src/examples/rclpy/topics) by extensions ['colcon_meta']
[1.870s] Level 1:colcon.colcon_core.package_identification:_identify(src/examples/rclpy/topics) by extension 'colcon_meta'
[1.870s] Level 1:colcon.colcon_core.package_identification:_identify(src/examples/rclpy/topics) by extensions ['ros']
[1.871s] Level 1:colcon.colcon_core.package_identification:_identify(src/examples/rclpy/topics) by extension 'ros'
[1.871s] Level 1:colcon.colcon_core.package_identification:_identify(src/examples/rclpy/topics) by extensions ['cmake', 'python']
[1.871s] Level 1:colcon.colcon_core.package_identification:_identify(src/examples/rclpy/topics) by extension 'cmake'
[1.871s] Level 1:colcon.colcon_core.package_identification:_identify(src/examples/rclpy/topics) by extension 'python'
[1.871s] Level 1:colcon.colcon_core.package_identification:_identify(src/examples/rclpy/topics) by extensions ['python_setup_py']
[1.871s] Level 1:colcon.colcon_core.package_identification:_identify(src/examples/rclpy/topics) by extension 'python_setup_py'
[1.871s] Level 1:colcon.colcon_core.package_identification:_identify(src/examples/rclpy/topics/minimal_publisher) by extensions ['ignore', 'ignore_ament_install']
[1.871s] Level 1:colcon.colcon_core.package_identification:_identify(src/examples/rclpy/topics/minimal_publisher) by extension 'ignore'
[1.871s] Level 1:colcon.colcon_core.package_identification:_identify(src/examples/rclpy/topics/minimal_publisher) by extension 'ignore_ament_install'
[1.871s] Level 1:colcon.colcon_core.package_identification:_identify(src/examples/rclpy/topics/minimal_publisher) by extensions ['colcon_pkg']
[1.871s] Level 1:colcon.colcon_core.package_identification:_identify(src/examples/rclpy/topics/minimal_publisher) by extension 'colcon_pkg'
[1.871s] Level 1:colcon.colcon_core.package_identification:_identify(src/examples/rclpy/topics/minimal_publisher) by extensions ['colcon_meta']
[1.871s] Level 1:colcon.colcon_core.package_identification:_identify(src/examples/rclpy/topics/minimal_publisher) by extension 'colcon_meta'
[1.871s] Level 1:colcon.colcon_core.package_identification:_identify(src/examples/rclpy/topics/minimal_publisher) by extensions ['ros']
[1.871s] Level 1:colcon.colcon_core.package_identification:_identify(src/examples/rclpy/topics/minimal_publisher) by extension 'ros'
[1.872s] DEBUG:colcon.colcon_core.package_identification:Package 'src/examples/rclpy/topics/minimal_publisher' with type 'ros.ament_python' and name 'examples_rclpy_minimal_publisher'
[1.872s] Level 1:colcon.colcon_core.package_identification:_identify(src/examples/rclpy/topics/minimal_subscriber) by extensions ['ignore', 'ignore_ament_install']
[1.872s] Level 1:colcon.colcon_core.package_identification:_identify(src/examples/rclpy/topics/minimal_subscriber) by extension 'ignore'
[1.872s] Level 1:colcon.colcon_core.package_identification:_identify(src/examples/rclpy/topics/minimal_subscriber) by extension 'ignore_ament_install'
[1.872s] Level 1:colcon.colcon_core.package_identification:_identify(src/examples/rclpy/topics/minimal_subscriber) by extensions ['colcon_pkg']
[1.872s] Level 1:colcon.colcon_core.package_identification:_identify(src/examples/rclpy/topics/minimal_subscriber) by extension 'colcon_pkg'
[1.872s] Level 1:colcon.colcon_core.package_identification:_identify(src/examples/rclpy/topics/minimal_subscriber) by extensions ['colcon_meta']
[1.872s] Level 1:colcon.colcon_core.package_identification:_identify(src/examples/rclpy/topics/minimal_subscriber) by extension 'colcon_meta'
[1.872s] Level 1:colcon.colcon_core.package_identification:_identify(src/examples/rclpy/topics/minimal_subscriber) by extensions ['ros']
[1.872s] Level 1:colcon.colcon_core.package_identification:_identify(src/examples/rclpy/topics/minimal_subscriber) by extension 'ros'
[1.872s] DEBUG:colcon.colcon_core.package_identification:Package 'src/examples/rclpy/topics/minimal_subscriber' with type 'ros.ament_python' and name 'examples_rclpy_minimal_subscriber'
[1.873s] Level 1:colcon.colcon_core.package_identification:_identify(src/examples/rclpy/topics/pointcloud_publisher) by extensions ['ignore', 'ignore_ament_install']
[1.873s] Level 1:colcon.colcon_core.package_identification:_identify(src/examples/rclpy/topics/pointcloud_publisher) by extension 'ignore'
[1.873s] Level 1:colcon.colcon_core.package_identification:_identify(src/examples/rclpy/topics/pointcloud_publisher) by extension 'ignore_ament_install'
[1.873s] Level 1:colcon.colcon_core.package_identification:_identify(src/examples/rclpy/topics/pointcloud_publisher) by extensions ['colcon_pkg']
[1.873s] Level 1:colcon.colcon_core.package_identification:_identify(src/examples/rclpy/topics/pointcloud_publisher) by extension 'colcon_pkg'
[1.873s] Level 1:colcon.colcon_core.package_identification:_identify(src/examples/rclpy/topics/pointcloud_publisher) by extensions ['colcon_meta']
[1.873s] Level 1:colcon.colcon_core.package_identification:_identify(src/examples/rclpy/topics/pointcloud_publisher) by extension 'colcon_meta'
[1.873s] Level 1:colcon.colcon_core.package_identification:_identify(src/examples/rclpy/topics/pointcloud_publisher) by extensions ['ros']
[1.873s] Level 1:colcon.colcon_core.package_identification:_identify(src/examples/rclpy/topics/pointcloud_publisher) by extension 'ros'
[1.874s] DEBUG:colcon.colcon_core.package_identification:Package 'src/examples/rclpy/topics/pointcloud_publisher' with type 'ros.ament_python' and name 'examples_rclpy_pointcloud_publisher'
[1.874s] Level 1:colcon.colcon_core.package_discovery:discover_packages(recursive) using defaults
[1.874s] Level 1:colcon.colcon_core.package_discovery:discover_packages(ignore) discover
[1.874s] Level 1:colcon.colcon_core.package_discovery:discover_packages(ignore) using defaults
[1.874s] Level 1:colcon.colcon_core.package_discovery:discover_packages(path) discover
[1.874s] Level 1:colcon.colcon_core.package_discovery:discover_packages(path) using defaults
[1.929s] Level 1:colcon.colcon_core.package_discovery:discover_packages(prefix_path) check parameters
[1.929s] Level 1:colcon.colcon_core.package_discovery:discover_packages(prefix_path) discover
[1.946s] DEBUG:colcon.colcon_installed_package_information.package_discovery:Found 407 installed packages in /opt/ros/jazzy
[1.949s] Level 1:colcon.colcon_core.package_discovery:discover_packages(prefix_path) using defaults
[2.038s] WARNING:colcon.colcon_core.package_selection:Some selected packages are already built in one or more underlay workspaces:
	'examples_rclcpp_minimal_subscriber' is in: /opt/ros/jazzy
	'examples_rclcpp_minimal_service' is in: /opt/ros/jazzy
	'examples_rclcpp_minimal_action_server' is in: /opt/ros/jazzy
	'examples_rclpy_minimal_service' is in: /opt/ros/jazzy
	'examples_rclpy_minimal_publisher' is in: /opt/ros/jazzy
	'examples_rclpy_executors' is in: /opt/ros/jazzy
	'examples_rclpy_minimal_action_client' is in: /opt/ros/jazzy
	'examples_rclcpp_minimal_client' is in: /opt/ros/jazzy
	'examples_rclcpp_minimal_composition' is in: /opt/ros/jazzy
	'examples_rclcpp_minimal_timer' is in: /opt/ros/jazzy
	'examples_rclpy_minimal_subscriber' is in: /opt/ros/jazzy
	'examples_rclcpp_minimal_action_client' is in: /opt/ros/jazzy
	'examples_rclpy_minimal_client' is in: /opt/ros/jazzy
	'examples_rclcpp_multithreaded_executor' is in: /opt/ros/jazzy
	'examples_rclcpp_minimal_publisher' is in: /opt/ros/jazzy
	'examples_rclpy_minimal_action_server' is in: /opt/ros/jazzy
If a package in a merged underlay workspace is overridden and it installs headers, then all packages in the overlay must sort their include directories by workspace order. Failure to do so may result in build failures or undefined behavior at run time.
If the overridden package is used by another package in any underlay, then the overriding package in the overlay must be API and ABI compatible or undefined behavior at run time may occur.

If you understand the risks and want to override a package anyways, add the following to the command line:
	--allow-overriding examples_rclcpp_minimal_action_client examples_rclcpp_minimal_action_server examples_rclcpp_minimal_client examples_rclcpp_minimal_composition examples_rclcpp_minimal_publisher examples_rclcpp_minimal_service examples_rclcpp_minimal_subscriber examples_rclcpp_minimal_timer examples_rclcpp_multithreaded_executor examples_rclpy_executors examples_rclpy_minimal_action_client examples_rclpy_minimal_action_server examples_rclpy_minimal_client examples_rclpy_minimal_publisher examples_rclpy_minimal_service examples_rclpy_minimal_subscriber

This may be promoted to an error in a future release of colcon-override-check.
[2.040s] Level 5:colcon.colcon_core.verb:set package 'examples_rclcpp_async_client' build argument 'cmake_args' from command line to 'None'
[2.040s] Level 5:colcon.colcon_core.verb:set package 'examples_rclcpp_async_client' build argument 'cmake_target' from command line to 'None'
[2.040s] Level 5:colcon.colcon_core.verb:set package 'examples_rclcpp_async_client' build argument 'cmake_target_skip_unavailable' from command line to 'False'
[2.040s] Level 5:colcon.colcon_core.verb:set package 'examples_rclcpp_async_client' build argument 'cmake_clean_cache' from command line to 'False'
[2.040s] Level 5:colcon.colcon_core.verb:set package 'examples_rclcpp_async_client' build argument 'cmake_clean_first' from command line to 'False'
[2.040s] Level 5:colcon.colcon_core.verb:set package 'examples_rclcpp_async_client' build argument 'cmake_force_configure' from command line to 'False'
[2.040s] Level 5:colcon.colcon_core.verb:set package 'examples_rclcpp_async_client' build argument 'ament_cmake_args' from command line to 'None'
[2.040s] Level 5:colcon.colcon_core.verb:set package 'examples_rclcpp_async_client' build argument 'catkin_cmake_args' from command line to 'None'
[2.040s] Level 5:colcon.colcon_core.verb:set package 'examples_rclcpp_async_client' build argument 'catkin_skip_building_tests' from command line to 'False'
[2.040s] DEBUG:colcon.colcon_core.verb:Building package 'examples_rclcpp_async_client' with the following arguments: {'ament_cmake_args': None, 'build_base': '/home/zhang/rosprc_ws/build/examples_rclcpp_async_client', 'catkin_cmake_args': None, 'catkin_skip_building_tests': False, 'cmake_args': None, 'cmake_clean_cache': False, 'cmake_clean_first': False, 'cmake_force_configure': False, 'cmake_target': None, 'cmake_target_skip_unavailable': False, 'install_base': '/home/zhang/rosprc_ws/install/examples_rclcpp_async_client', 'merge_install': False, 'path': '/home/zhang/rosprc_ws/src/examples/rclcpp/services/async_client', 'symlink_install': True, 'test_result_base': None}
[2.040s] Level 5:colcon.colcon_core.verb:set package 'examples_rclcpp_cbg_executor' build argument 'cmake_args' from command line to 'None'
[2.040s] Level 5:colcon.colcon_core.verb:set package 'examples_rclcpp_cbg_executor' build argument 'cmake_target' from command line to 'None'
[2.040s] Level 5:colcon.colcon_core.verb:set package 'examples_rclcpp_cbg_executor' build argument 'cmake_target_skip_unavailable' from command line to 'False'
[2.040s] Level 5:colcon.colcon_core.verb:set package 'examples_rclcpp_cbg_executor' build argument 'cmake_clean_cache' from command line to 'False'
[2.040s] Level 5:colcon.colcon_core.verb:set package 'examples_rclcpp_cbg_executor' build argument 'cmake_clean_first' from command line to 'False'
[2.040s] Level 5:colcon.colcon_core.verb:set package 'examples_rclcpp_cbg_executor' build argument 'cmake_force_configure' from command line to 'False'
[2.040s] Level 5:colcon.colcon_core.verb:set package 'examples_rclcpp_cbg_executor' build argument 'ament_cmake_args' from command line to 'None'
[2.040s] Level 5:colcon.colcon_core.verb:set package 'examples_rclcpp_cbg_executor' build argument 'catkin_cmake_args' from command line to 'None'
[2.040s] Level 5:colcon.colcon_core.verb:set package 'examples_rclcpp_cbg_executor' build argument 'catkin_skip_building_tests' from command line to 'False'
[2.040s] DEBUG:colcon.colcon_core.verb:Building package 'examples_rclcpp_cbg_executor' with the following arguments: {'ament_cmake_args': None, 'build_base': '/home/zhang/rosprc_ws/build/examples_rclcpp_cbg_executor', 'catkin_cmake_args': None, 'catkin_skip_building_tests': False, 'cmake_args': None, 'cmake_clean_cache': False, 'cmake_clean_first': False, 'cmake_force_configure': False, 'cmake_target': None, 'cmake_target_skip_unavailable': False, 'install_base': '/home/zhang/rosprc_ws/install/examples_rclcpp_cbg_executor', 'merge_install': False, 'path': '/home/zhang/rosprc_ws/src/examples/rclcpp/executors/cbg_executor', 'symlink_install': True, 'test_result_base': None}
[2.041s] Level 5:colcon.colcon_core.verb:set package 'examples_rclcpp_minimal_action_client' build argument 'cmake_args' from command line to 'None'
[2.041s] Level 5:colcon.colcon_core.verb:set package 'examples_rclcpp_minimal_action_client' build argument 'cmake_target' from command line to 'None'
[2.041s] Level 5:colcon.colcon_core.verb:set package 'examples_rclcpp_minimal_action_client' build argument 'cmake_target_skip_unavailable' from command line to 'False'
[2.041s] Level 5:colcon.colcon_core.verb:set package 'examples_rclcpp_minimal_action_client' build argument 'cmake_clean_cache' from command line to 'False'
[2.041s] Level 5:colcon.colcon_core.verb:set package 'examples_rclcpp_minimal_action_client' build argument 'cmake_clean_first' from command line to 'False'
[2.041s] Level 5:colcon.colcon_core.verb:set package 'examples_rclcpp_minimal_action_client' build argument 'cmake_force_configure' from command line to 'False'
[2.041s] Level 5:colcon.colcon_core.verb:set package 'examples_rclcpp_minimal_action_client' build argument 'ament_cmake_args' from command line to 'None'
[2.041s] Level 5:colcon.colcon_core.verb:set package 'examples_rclcpp_minimal_action_client' build argument 'catkin_cmake_args' from command line to 'None'
[2.041s] Level 5:colcon.colcon_core.verb:set package 'examples_rclcpp_minimal_action_client' build argument 'catkin_skip_building_tests' from command line to 'False'
[2.041s] DEBUG:colcon.colcon_core.verb:Building package 'examples_rclcpp_minimal_action_client' with the following arguments: {'ament_cmake_args': None, 'build_base': '/home/zhang/rosprc_ws/build/examples_rclcpp_minimal_action_client', 'catkin_cmake_args': None, 'catkin_skip_building_tests': False, 'cmake_args': None, 'cmake_clean_cache': False, 'cmake_clean_first': False, 'cmake_force_configure': False, 'cmake_target': None, 'cmake_target_skip_unavailable': False, 'install_base': '/home/zhang/rosprc_ws/install/examples_rclcpp_minimal_action_client', 'merge_install': False, 'path': '/home/zhang/rosprc_ws/src/examples/rclcpp/actions/minimal_action_client', 'symlink_install': True, 'test_result_base': None}
[2.041s] Level 5:colcon.colcon_core.verb:set package 'examples_rclcpp_minimal_action_server' build argument 'cmake_args' from command line to 'None'
[2.041s] Level 5:colcon.colcon_core.verb:set package 'examples_rclcpp_minimal_action_server' build argument 'cmake_target' from command line to 'None'
[2.041s] Level 5:colcon.colcon_core.verb:set package 'examples_rclcpp_minimal_action_server' build argument 'cmake_target_skip_unavailable' from command line to 'False'
[2.041s] Level 5:colcon.colcon_core.verb:set package 'examples_rclcpp_minimal_action_server' build argument 'cmake_clean_cache' from command line to 'False'
[2.041s] Level 5:colcon.colcon_core.verb:set package 'examples_rclcpp_minimal_action_server' build argument 'cmake_clean_first' from command line to 'False'
[2.041s] Level 5:colcon.colcon_core.verb:set package 'examples_rclcpp_minimal_action_server' build argument 'cmake_force_configure' from command line to 'False'
[2.041s] Level 5:colcon.colcon_core.verb:set package 'examples_rclcpp_minimal_action_server' build argument 'ament_cmake_args' from command line to 'None'
[2.041s] Level 5:colcon.colcon_core.verb:set package 'examples_rclcpp_minimal_action_server' build argument 'catkin_cmake_args' from command line to 'None'
[2.041s] Level 5:colcon.colcon_core.verb:set package 'examples_rclcpp_minimal_action_server' build argument 'catkin_skip_building_tests' from command line to 'False'
[2.041s] DEBUG:colcon.colcon_core.verb:Building package 'examples_rclcpp_minimal_action_server' with the following arguments: {'ament_cmake_args': None, 'build_base': '/home/zhang/rosprc_ws/build/examples_rclcpp_minimal_action_server', 'catkin_cmake_args': None, 'catkin_skip_building_tests': False, 'cmake_args': None, 'cmake_clean_cache': False, 'cmake_clean_first': False, 'cmake_force_configure': False, 'cmake_target': None, 'cmake_target_skip_unavailable': False, 'install_base': '/home/zhang/rosprc_ws/install/examples_rclcpp_minimal_action_server', 'merge_install': False, 'path': '/home/zhang/rosprc_ws/src/examples/rclcpp/actions/minimal_action_server', 'symlink_install': True, 'test_result_base': None}
[2.042s] Level 5:colcon.colcon_core.verb:set package 'examples_rclcpp_minimal_client' build argument 'cmake_args' from command line to 'None'
[2.042s] Level 5:colcon.colcon_core.verb:set package 'examples_rclcpp_minimal_client' build argument 'cmake_target' from command line to 'None'
[2.042s] Level 5:colcon.colcon_core.verb:set package 'examples_rclcpp_minimal_client' build argument 'cmake_target_skip_unavailable' from command line to 'False'
[2.042s] Level 5:colcon.colcon_core.verb:set package 'examples_rclcpp_minimal_client' build argument 'cmake_clean_cache' from command line to 'False'
[2.042s] Level 5:colcon.colcon_core.verb:set package 'examples_rclcpp_minimal_client' build argument 'cmake_clean_first' from command line to 'False'
[2.042s] Level 5:colcon.colcon_core.verb:set package 'examples_rclcpp_minimal_client' build argument 'cmake_force_configure' from command line to 'False'
[2.042s] Level 5:colcon.colcon_core.verb:set package 'examples_rclcpp_minimal_client' build argument 'ament_cmake_args' from command line to 'None'
[2.042s] Level 5:colcon.colcon_core.verb:set package 'examples_rclcpp_minimal_client' build argument 'catkin_cmake_args' from command line to 'None'
[2.042s] Level 5:colcon.colcon_core.verb:set package 'examples_rclcpp_minimal_client' build argument 'catkin_skip_building_tests' from command line to 'False'
[2.042s] DEBUG:colcon.colcon_core.verb:Building package 'examples_rclcpp_minimal_client' with the following arguments: {'ament_cmake_args': None, 'build_base': '/home/zhang/rosprc_ws/build/examples_rclcpp_minimal_client', 'catkin_cmake_args': None, 'catkin_skip_building_tests': False, 'cmake_args': None, 'cmake_clean_cache': False, 'cmake_clean_first': False, 'cmake_force_configure': False, 'cmake_target': None, 'cmake_target_skip_unavailable': False, 'install_base': '/home/zhang/rosprc_ws/install/examples_rclcpp_minimal_client', 'merge_install': False, 'path': '/home/zhang/rosprc_ws/src/examples/rclcpp/services/minimal_client', 'symlink_install': True, 'test_result_base': None}
[2.042s] Level 5:colcon.colcon_core.verb:set package 'examples_rclcpp_minimal_composition' build argument 'cmake_args' from command line to 'None'
[2.042s] Level 5:colcon.colcon_core.verb:set package 'examples_rclcpp_minimal_composition' build argument 'cmake_target' from command line to 'None'
[2.042s] Level 5:colcon.colcon_core.verb:set package 'examples_rclcpp_minimal_composition' build argument 'cmake_target_skip_unavailable' from command line to 'False'
[2.042s] Level 5:colcon.colcon_core.verb:set package 'examples_rclcpp_minimal_composition' build argument 'cmake_clean_cache' from command line to 'False'
[2.042s] Level 5:colcon.colcon_core.verb:set package 'examples_rclcpp_minimal_composition' build argument 'cmake_clean_first' from command line to 'False'
[2.042s] Level 5:colcon.colcon_core.verb:set package 'examples_rclcpp_minimal_composition' build argument 'cmake_force_configure' from command line to 'False'
[2.042s] Level 5:colcon.colcon_core.verb:set package 'examples_rclcpp_minimal_composition' build argument 'ament_cmake_args' from command line to 'None'
[2.042s] Level 5:colcon.colcon_core.verb:set package 'examples_rclcpp_minimal_composition' build argument 'catkin_cmake_args' from command line to 'None'
[2.042s] Level 5:colcon.colcon_core.verb:set package 'examples_rclcpp_minimal_composition' build argument 'catkin_skip_building_tests' from command line to 'False'
[2.042s] DEBUG:colcon.colcon_core.verb:Building package 'examples_rclcpp_minimal_composition' with the following arguments: {'ament_cmake_args': None, 'build_base': '/home/zhang/rosprc_ws/build/examples_rclcpp_minimal_composition', 'catkin_cmake_args': None, 'catkin_skip_building_tests': False, 'cmake_args': None, 'cmake_clean_cache': False, 'cmake_clean_first': False, 'cmake_force_configure': False, 'cmake_target': None, 'cmake_target_skip_unavailable': False, 'install_base': '/home/zhang/rosprc_ws/install/examples_rclcpp_minimal_composition', 'merge_install': False, 'path': '/home/zhang/rosprc_ws/src/examples/rclcpp/composition/minimal_composition', 'symlink_install': True, 'test_result_base': None}
[2.042s] Level 5:colcon.colcon_core.verb:set package 'examples_rclcpp_minimal_publisher' build argument 'cmake_args' from command line to 'None'
[2.042s] Level 5:colcon.colcon_core.verb:set package 'examples_rclcpp_minimal_publisher' build argument 'cmake_target' from command line to 'None'
[2.043s] Level 5:colcon.colcon_core.verb:set package 'examples_rclcpp_minimal_publisher' build argument 'cmake_target_skip_unavailable' from command line to 'False'
[2.043s] Level 5:colcon.colcon_core.verb:set package 'examples_rclcpp_minimal_publisher' build argument 'cmake_clean_cache' from command line to 'False'
[2.043s] Level 5:colcon.colcon_core.verb:set package 'examples_rclcpp_minimal_publisher' build argument 'cmake_clean_first' from command line to 'False'
[2.043s] Level 5:colcon.colcon_core.verb:set package 'examples_rclcpp_minimal_publisher' build argument 'cmake_force_configure' from command line to 'False'
[2.043s] Level 5:colcon.colcon_core.verb:set package 'examples_rclcpp_minimal_publisher' build argument 'ament_cmake_args' from command line to 'None'
[2.043s] Level 5:colcon.colcon_core.verb:set package 'examples_rclcpp_minimal_publisher' build argument 'catkin_cmake_args' from command line to 'None'
[2.043s] Level 5:colcon.colcon_core.verb:set package 'examples_rclcpp_minimal_publisher' build argument 'catkin_skip_building_tests' from command line to 'False'
[2.043s] DEBUG:colcon.colcon_core.verb:Building package 'examples_rclcpp_minimal_publisher' with the following arguments: {'ament_cmake_args': None, 'build_base': '/home/zhang/rosprc_ws/build/examples_rclcpp_minimal_publisher', 'catkin_cmake_args': None, 'catkin_skip_building_tests': False, 'cmake_args': None, 'cmake_clean_cache': False, 'cmake_clean_first': False, 'cmake_force_configure': False, 'cmake_target': None, 'cmake_target_skip_unavailable': False, 'install_base': '/home/zhang/rosprc_ws/install/examples_rclcpp_minimal_publisher', 'merge_install': False, 'path': '/home/zhang/rosprc_ws/src/examples/rclcpp/topics/minimal_publisher', 'symlink_install': True, 'test_result_base': None}
[2.043s] Level 5:colcon.colcon_core.verb:set package 'examples_rclcpp_minimal_service' build argument 'cmake_args' from command line to 'None'
[2.043s] Level 5:colcon.colcon_core.verb:set package 'examples_rclcpp_minimal_service' build argument 'cmake_target' from command line to 'None'
[2.043s] Level 5:colcon.colcon_core.verb:set package 'examples_rclcpp_minimal_service' build argument 'cmake_target_skip_unavailable' from command line to 'False'
[2.043s] Level 5:colcon.colcon_core.verb:set package 'examples_rclcpp_minimal_service' build argument 'cmake_clean_cache' from command line to 'False'
[2.043s] Level 5:colcon.colcon_core.verb:set package 'examples_rclcpp_minimal_service' build argument 'cmake_clean_first' from command line to 'False'
[2.043s] Level 5:colcon.colcon_core.verb:set package 'examples_rclcpp_minimal_service' build argument 'cmake_force_configure' from command line to 'False'
[2.043s] Level 5:colcon.colcon_core.verb:set package 'examples_rclcpp_minimal_service' build argument 'ament_cmake_args' from command line to 'None'
[2.043s] Level 5:colcon.colcon_core.verb:set package 'examples_rclcpp_minimal_service' build argument 'catkin_cmake_args' from command line to 'None'
[2.043s] Level 5:colcon.colcon_core.verb:set package 'examples_rclcpp_minimal_service' build argument 'catkin_skip_building_tests' from command line to 'False'
[2.043s] DEBUG:colcon.colcon_core.verb:Building package 'examples_rclcpp_minimal_service' with the following arguments: {'ament_cmake_args': None, 'build_base': '/home/zhang/rosprc_ws/build/examples_rclcpp_minimal_service', 'catkin_cmake_args': None, 'catkin_skip_building_tests': False, 'cmake_args': None, 'cmake_clean_cache': False, 'cmake_clean_first': False, 'cmake_force_configure': False, 'cmake_target': None, 'cmake_target_skip_unavailable': False, 'install_base': '/home/zhang/rosprc_ws/install/examples_rclcpp_minimal_service', 'merge_install': False, 'path': '/home/zhang/rosprc_ws/src/examples/rclcpp/services/minimal_service', 'symlink_install': True, 'test_result_base': None}
[2.043s] Level 5:colcon.colcon_core.verb:set package 'examples_rclcpp_minimal_subscriber' build argument 'cmake_args' from command line to 'None'
[2.043s] Level 5:colcon.colcon_core.verb:set package 'examples_rclcpp_minimal_subscriber' build argument 'cmake_target' from command line to 'None'
[2.043s] Level 5:colcon.colcon_core.verb:set package 'examples_rclcpp_minimal_subscriber' build argument 'cmake_target_skip_unavailable' from command line to 'False'
[2.043s] Level 5:colcon.colcon_core.verb:set package 'examples_rclcpp_minimal_subscriber' build argument 'cmake_clean_cache' from command line to 'False'
[2.043s] Level 5:colcon.colcon_core.verb:set package 'examples_rclcpp_minimal_subscriber' build argument 'cmake_clean_first' from command line to 'False'
[2.043s] Level 5:colcon.colcon_core.verb:set package 'examples_rclcpp_minimal_subscriber' build argument 'cmake_force_configure' from command line to 'False'
[2.043s] Level 5:colcon.colcon_core.verb:set package 'examples_rclcpp_minimal_subscriber' build argument 'ament_cmake_args' from command line to 'None'
[2.044s] Level 5:colcon.colcon_core.verb:set package 'examples_rclcpp_minimal_subscriber' build argument 'catkin_cmake_args' from command line to 'None'
[2.044s] Level 5:colcon.colcon_core.verb:set package 'examples_rclcpp_minimal_subscriber' build argument 'catkin_skip_building_tests' from command line to 'False'
[2.044s] DEBUG:colcon.colcon_core.verb:Building package 'examples_rclcpp_minimal_subscriber' with the following arguments: {'ament_cmake_args': None, 'build_base': '/home/zhang/rosprc_ws/build/examples_rclcpp_minimal_subscriber', 'catkin_cmake_args': None, 'catkin_skip_building_tests': False, 'cmake_args': None, 'cmake_clean_cache': False, 'cmake_clean_first': False, 'cmake_force_configure': False, 'cmake_target': None, 'cmake_target_skip_unavailable': False, 'install_base': '/home/zhang/rosprc_ws/install/examples_rclcpp_minimal_subscriber', 'merge_install': False, 'path': '/home/zhang/rosprc_ws/src/examples/rclcpp/topics/minimal_subscriber', 'symlink_install': True, 'test_result_base': None}
[2.044s] Level 5:colcon.colcon_core.verb:set package 'examples_rclcpp_minimal_timer' build argument 'cmake_args' from command line to 'None'
[2.044s] Level 5:colcon.colcon_core.verb:set package 'examples_rclcpp_minimal_timer' build argument 'cmake_target' from command line to 'None'
[2.044s] Level 5:colcon.colcon_core.verb:set package 'examples_rclcpp_minimal_timer' build argument 'cmake_target_skip_unavailable' from command line to 'False'
[2.044s] Level 5:colcon.colcon_core.verb:set package 'examples_rclcpp_minimal_timer' build argument 'cmake_clean_cache' from command line to 'False'
[2.044s] Level 5:colcon.colcon_core.verb:set package 'examples_rclcpp_minimal_timer' build argument 'cmake_clean_first' from command line to 'False'
[2.044s] Level 5:colcon.colcon_core.verb:set package 'examples_rclcpp_minimal_timer' build argument 'cmake_force_configure' from command line to 'False'
[2.044s] Level 5:colcon.colcon_core.verb:set package 'examples_rclcpp_minimal_timer' build argument 'ament_cmake_args' from command line to 'None'
[2.044s] Level 5:colcon.colcon_core.verb:set package 'examples_rclcpp_minimal_timer' build argument 'catkin_cmake_args' from command line to 'None'
[2.044s] Level 5:colcon.colcon_core.verb:set package 'examples_rclcpp_minimal_timer' build argument 'catkin_skip_building_tests' from command line to 'False'
[2.044s] DEBUG:colcon.colcon_core.verb:Building package 'examples_rclcpp_minimal_timer' with the following arguments: {'ament_cmake_args': None, 'build_base': '/home/zhang/rosprc_ws/build/examples_rclcpp_minimal_timer', 'catkin_cmake_args': None, 'catkin_skip_building_tests': False, 'cmake_args': None, 'cmake_clean_cache': False, 'cmake_clean_first': False, 'cmake_force_configure': False, 'cmake_target': None, 'cmake_target_skip_unavailable': False, 'install_base': '/home/zhang/rosprc_ws/install/examples_rclcpp_minimal_timer', 'merge_install': False, 'path': '/home/zhang/rosprc_ws/src/examples/rclcpp/timers/minimal_timer', 'symlink_install': True, 'test_result_base': None}
[2.045s] Level 5:colcon.colcon_core.verb:set package 'examples_rclcpp_multithreaded_executor' build argument 'cmake_args' from command line to 'None'
[2.045s] Level 5:colcon.colcon_core.verb:set package 'examples_rclcpp_multithreaded_executor' build argument 'cmake_target' from command line to 'None'
[2.045s] Level 5:colcon.colcon_core.verb:set package 'examples_rclcpp_multithreaded_executor' build argument 'cmake_target_skip_unavailable' from command line to 'False'
[2.045s] Level 5:colcon.colcon_core.verb:set package 'examples_rclcpp_multithreaded_executor' build argument 'cmake_clean_cache' from command line to 'False'
[2.045s] Level 5:colcon.colcon_core.verb:set package 'examples_rclcpp_multithreaded_executor' build argument 'cmake_clean_first' from command line to 'False'
[2.045s] Level 5:colcon.colcon_core.verb:set package 'examples_rclcpp_multithreaded_executor' build argument 'cmake_force_configure' from command line to 'False'
[2.045s] Level 5:colcon.colcon_core.verb:set package 'examples_rclcpp_multithreaded_executor' build argument 'ament_cmake_args' from command line to 'None'
[2.045s] Level 5:colcon.colcon_core.verb:set package 'examples_rclcpp_multithreaded_executor' build argument 'catkin_cmake_args' from command line to 'None'
[2.045s] Level 5:colcon.colcon_core.verb:set package 'examples_rclcpp_multithreaded_executor' build argument 'catkin_skip_building_tests' from command line to 'False'
[2.045s] DEBUG:colcon.colcon_core.verb:Building package 'examples_rclcpp_multithreaded_executor' with the following arguments: {'ament_cmake_args': None, 'build_base': '/home/zhang/rosprc_ws/build/examples_rclcpp_multithreaded_executor', 'catkin_cmake_args': None, 'catkin_skip_building_tests': False, 'cmake_args': None, 'cmake_clean_cache': False, 'cmake_clean_first': False, 'cmake_force_configure': False, 'cmake_target': None, 'cmake_target_skip_unavailable': False, 'install_base': '/home/zhang/rosprc_ws/install/examples_rclcpp_multithreaded_executor', 'merge_install': False, 'path': '/home/zhang/rosprc_ws/src/examples/rclcpp/executors/multithreaded_executor', 'symlink_install': True, 'test_result_base': None}
[2.045s] Level 5:colcon.colcon_core.verb:set package 'examples_rclcpp_wait_set' build argument 'cmake_args' from command line to 'None'
[2.045s] Level 5:colcon.colcon_core.verb:set package 'examples_rclcpp_wait_set' build argument 'cmake_target' from command line to 'None'
[2.045s] Level 5:colcon.colcon_core.verb:set package 'examples_rclcpp_wait_set' build argument 'cmake_target_skip_unavailable' from command line to 'False'
[2.045s] Level 5:colcon.colcon_core.verb:set package 'examples_rclcpp_wait_set' build argument 'cmake_clean_cache' from command line to 'False'
[2.045s] Level 5:colcon.colcon_core.verb:set package 'examples_rclcpp_wait_set' build argument 'cmake_clean_first' from command line to 'False'
[2.045s] Level 5:colcon.colcon_core.verb:set package 'examples_rclcpp_wait_set' build argument 'cmake_force_configure' from command line to 'False'
[2.045s] Level 5:colcon.colcon_core.verb:set package 'examples_rclcpp_wait_set' build argument 'ament_cmake_args' from command line to 'None'
[2.045s] Level 5:colcon.colcon_core.verb:set package 'examples_rclcpp_wait_set' build argument 'catkin_cmake_args' from command line to 'None'
[2.045s] Level 5:colcon.colcon_core.verb:set package 'examples_rclcpp_wait_set' build argument 'catkin_skip_building_tests' from command line to 'False'
[2.045s] DEBUG:colcon.colcon_core.verb:Building package 'examples_rclcpp_wait_set' with the following arguments: {'ament_cmake_args': None, 'build_base': '/home/zhang/rosprc_ws/build/examples_rclcpp_wait_set', 'catkin_cmake_args': None, 'catkin_skip_building_tests': False, 'cmake_args': None, 'cmake_clean_cache': False, 'cmake_clean_first': False, 'cmake_force_configure': False, 'cmake_target': None, 'cmake_target_skip_unavailable': False, 'install_base': '/home/zhang/rosprc_ws/install/examples_rclcpp_wait_set', 'merge_install': False, 'path': '/home/zhang/rosprc_ws/src/examples/rclcpp/wait_set', 'symlink_install': True, 'test_result_base': None}
[2.045s] Level 5:colcon.colcon_core.verb:set package 'examples_rclpy_executors' build argument 'cmake_args' from command line to 'None'
[2.045s] Level 5:colcon.colcon_core.verb:set package 'examples_rclpy_executors' build argument 'cmake_target' from command line to 'None'
[2.045s] Level 5:colcon.colcon_core.verb:set package 'examples_rclpy_executors' build argument 'cmake_target_skip_unavailable' from command line to 'False'
[2.045s] Level 5:colcon.colcon_core.verb:set package 'examples_rclpy_executors' build argument 'cmake_clean_cache' from command line to 'False'
[2.046s] Level 5:colcon.colcon_core.verb:set package 'examples_rclpy_executors' build argument 'cmake_clean_first' from command line to 'False'
[2.046s] Level 5:colcon.colcon_core.verb:set package 'examples_rclpy_executors' build argument 'cmake_force_configure' from command line to 'False'
[2.046s] Level 5:colcon.colcon_core.verb:set package 'examples_rclpy_executors' build argument 'ament_cmake_args' from command line to 'None'
[2.046s] Level 5:colcon.colcon_core.verb:set package 'examples_rclpy_executors' build argument 'catkin_cmake_args' from command line to 'None'
[2.046s] Level 5:colcon.colcon_core.verb:set package 'examples_rclpy_executors' build argument 'catkin_skip_building_tests' from command line to 'False'
[2.046s] DEBUG:colcon.colcon_core.verb:Building package 'examples_rclpy_executors' with the following arguments: {'ament_cmake_args': None, 'build_base': '/home/zhang/rosprc_ws/build/examples_rclpy_executors', 'catkin_cmake_args': None, 'catkin_skip_building_tests': False, 'cmake_args': None, 'cmake_clean_cache': False, 'cmake_clean_first': False, 'cmake_force_configure': False, 'cmake_target': None, 'cmake_target_skip_unavailable': False, 'install_base': '/home/zhang/rosprc_ws/install/examples_rclpy_executors', 'merge_install': False, 'path': '/home/zhang/rosprc_ws/src/examples/rclpy/executors', 'symlink_install': True, 'test_result_base': None}
[2.046s] Level 5:colcon.colcon_core.verb:set package 'examples_rclpy_guard_conditions' build argument 'cmake_args' from command line to 'None'
[2.046s] Level 5:colcon.colcon_core.verb:set package 'examples_rclpy_guard_conditions' build argument 'cmake_target' from command line to 'None'
[2.046s] Level 5:colcon.colcon_core.verb:set package 'examples_rclpy_guard_conditions' build argument 'cmake_target_skip_unavailable' from command line to 'False'
[2.046s] Level 5:colcon.colcon_core.verb:set package 'examples_rclpy_guard_conditions' build argument 'cmake_clean_cache' from command line to 'False'
[2.046s] Level 5:colcon.colcon_core.verb:set package 'examples_rclpy_guard_conditions' build argument 'cmake_clean_first' from command line to 'False'
[2.046s] Level 5:colcon.colcon_core.verb:set package 'examples_rclpy_guard_conditions' build argument 'cmake_force_configure' from command line to 'False'
[2.046s] Level 5:colcon.colcon_core.verb:set package 'examples_rclpy_guard_conditions' build argument 'ament_cmake_args' from command line to 'None'
[2.046s] Level 5:colcon.colcon_core.verb:set package 'examples_rclpy_guard_conditions' build argument 'catkin_cmake_args' from command line to 'None'
[2.046s] Level 5:colcon.colcon_core.verb:set package 'examples_rclpy_guard_conditions' build argument 'catkin_skip_building_tests' from command line to 'False'
[2.046s] DEBUG:colcon.colcon_core.verb:Building package 'examples_rclpy_guard_conditions' with the following arguments: {'ament_cmake_args': None, 'build_base': '/home/zhang/rosprc_ws/build/examples_rclpy_guard_conditions', 'catkin_cmake_args': None, 'catkin_skip_building_tests': False, 'cmake_args': None, 'cmake_clean_cache': False, 'cmake_clean_first': False, 'cmake_force_configure': False, 'cmake_target': None, 'cmake_target_skip_unavailable': False, 'install_base': '/home/zhang/rosprc_ws/install/examples_rclpy_guard_conditions', 'merge_install': False, 'path': '/home/zhang/rosprc_ws/src/examples/rclpy/guard_conditions', 'symlink_install': True, 'test_result_base': None}
[2.046s] Level 5:colcon.colcon_core.verb:set package 'examples_rclpy_minimal_action_client' build argument 'cmake_args' from command line to 'None'
[2.046s] Level 5:colcon.colcon_core.verb:set package 'examples_rclpy_minimal_action_client' build argument 'cmake_target' from command line to 'None'
[2.046s] Level 5:colcon.colcon_core.verb:set package 'examples_rclpy_minimal_action_client' build argument 'cmake_target_skip_unavailable' from command line to 'False'
[2.046s] Level 5:colcon.colcon_core.verb:set package 'examples_rclpy_minimal_action_client' build argument 'cmake_clean_cache' from command line to 'False'
[2.046s] Level 5:colcon.colcon_core.verb:set package 'examples_rclpy_minimal_action_client' build argument 'cmake_clean_first' from command line to 'False'
[2.046s] Level 5:colcon.colcon_core.verb:set package 'examples_rclpy_minimal_action_client' build argument 'cmake_force_configure' from command line to 'False'
[2.046s] Level 5:colcon.colcon_core.verb:set package 'examples_rclpy_minimal_action_client' build argument 'ament_cmake_args' from command line to 'None'
[2.046s] Level 5:colcon.colcon_core.verb:set package 'examples_rclpy_minimal_action_client' build argument 'catkin_cmake_args' from command line to 'None'
[2.046s] Level 5:colcon.colcon_core.verb:set package 'examples_rclpy_minimal_action_client' build argument 'catkin_skip_building_tests' from command line to 'False'
[2.046s] DEBUG:colcon.colcon_core.verb:Building package 'examples_rclpy_minimal_action_client' with the following arguments: {'ament_cmake_args': None, 'build_base': '/home/zhang/rosprc_ws/build/examples_rclpy_minimal_action_client', 'catkin_cmake_args': None, 'catkin_skip_building_tests': False, 'cmake_args': None, 'cmake_clean_cache': False, 'cmake_clean_first': False, 'cmake_force_configure': False, 'cmake_target': None, 'cmake_target_skip_unavailable': False, 'install_base': '/home/zhang/rosprc_ws/install/examples_rclpy_minimal_action_client', 'merge_install': False, 'path': '/home/zhang/rosprc_ws/src/examples/rclpy/actions/minimal_action_client', 'symlink_install': True, 'test_result_base': None}
[2.047s] Level 5:colcon.colcon_core.verb:set package 'examples_rclpy_minimal_action_server' build argument 'cmake_args' from command line to 'None'
[2.047s] Level 5:colcon.colcon_core.verb:set package 'examples_rclpy_minimal_action_server' build argument 'cmake_target' from command line to 'None'
[2.047s] Level 5:colcon.colcon_core.verb:set package 'examples_rclpy_minimal_action_server' build argument 'cmake_target_skip_unavailable' from command line to 'False'
[2.047s] Level 5:colcon.colcon_core.verb:set package 'examples_rclpy_minimal_action_server' build argument 'cmake_clean_cache' from command line to 'False'
[2.047s] Level 5:colcon.colcon_core.verb:set package 'examples_rclpy_minimal_action_server' build argument 'cmake_clean_first' from command line to 'False'
[2.047s] Level 5:colcon.colcon_core.verb:set package 'examples_rclpy_minimal_action_server' build argument 'cmake_force_configure' from command line to 'False'
[2.047s] Level 5:colcon.colcon_core.verb:set package 'examples_rclpy_minimal_action_server' build argument 'ament_cmake_args' from command line to 'None'
[2.047s] Level 5:colcon.colcon_core.verb:set package 'examples_rclpy_minimal_action_server' build argument 'catkin_cmake_args' from command line to 'None'
[2.047s] Level 5:colcon.colcon_core.verb:set package 'examples_rclpy_minimal_action_server' build argument 'catkin_skip_building_tests' from command line to 'False'
[2.047s] DEBUG:colcon.colcon_core.verb:Building package 'examples_rclpy_minimal_action_server' with the following arguments: {'ament_cmake_args': None, 'build_base': '/home/zhang/rosprc_ws/build/examples_rclpy_minimal_action_server', 'catkin_cmake_args': None, 'catkin_skip_building_tests': False, 'cmake_args': None, 'cmake_clean_cache': False, 'cmake_clean_first': False, 'cmake_force_configure': False, 'cmake_target': None, 'cmake_target_skip_unavailable': False, 'install_base': '/home/zhang/rosprc_ws/install/examples_rclpy_minimal_action_server', 'merge_install': False, 'path': '/home/zhang/rosprc_ws/src/examples/rclpy/actions/minimal_action_server', 'symlink_install': True, 'test_result_base': None}
[2.047s] Level 5:colcon.colcon_core.verb:set package 'examples_rclpy_minimal_client' build argument 'cmake_args' from command line to 'None'
[2.047s] Level 5:colcon.colcon_core.verb:set package 'examples_rclpy_minimal_client' build argument 'cmake_target' from command line to 'None'
[2.047s] Level 5:colcon.colcon_core.verb:set package 'examples_rclpy_minimal_client' build argument 'cmake_target_skip_unavailable' from command line to 'False'
[2.047s] Level 5:colcon.colcon_core.verb:set package 'examples_rclpy_minimal_client' build argument 'cmake_clean_cache' from command line to 'False'
[2.047s] Level 5:colcon.colcon_core.verb:set package 'examples_rclpy_minimal_client' build argument 'cmake_clean_first' from command line to 'False'
[2.047s] Level 5:colcon.colcon_core.verb:set package 'examples_rclpy_minimal_client' build argument 'cmake_force_configure' from command line to 'False'
[2.047s] Level 5:colcon.colcon_core.verb:set package 'examples_rclpy_minimal_client' build argument 'ament_cmake_args' from command line to 'None'
[2.047s] Level 5:colcon.colcon_core.verb:set package 'examples_rclpy_minimal_client' build argument 'catkin_cmake_args' from command line to 'None'
[2.047s] Level 5:colcon.colcon_core.verb:set package 'examples_rclpy_minimal_client' build argument 'catkin_skip_building_tests' from command line to 'False'
[2.047s] DEBUG:colcon.colcon_core.verb:Building package 'examples_rclpy_minimal_client' with the following arguments: {'ament_cmake_args': None, 'build_base': '/home/zhang/rosprc_ws/build/examples_rclpy_minimal_client', 'catkin_cmake_args': None, 'catkin_skip_building_tests': False, 'cmake_args': None, 'cmake_clean_cache': False, 'cmake_clean_first': False, 'cmake_force_configure': False, 'cmake_target': None, 'cmake_target_skip_unavailable': False, 'install_base': '/home/zhang/rosprc_ws/install/examples_rclpy_minimal_client', 'merge_install': False, 'path': '/home/zhang/rosprc_ws/src/examples/rclpy/services/minimal_client', 'symlink_install': True, 'test_result_base': None}
[2.047s] Level 5:colcon.colcon_core.verb:set package 'examples_rclpy_minimal_publisher' build argument 'cmake_args' from command line to 'None'
[2.047s] Level 5:colcon.colcon_core.verb:set package 'examples_rclpy_minimal_publisher' build argument 'cmake_target' from command line to 'None'
[2.047s] Level 5:colcon.colcon_core.verb:set package 'examples_rclpy_minimal_publisher' build argument 'cmake_target_skip_unavailable' from command line to 'False'
[2.047s] Level 5:colcon.colcon_core.verb:set package 'examples_rclpy_minimal_publisher' build argument 'cmake_clean_cache' from command line to 'False'
[2.047s] Level 5:colcon.colcon_core.verb:set package 'examples_rclpy_minimal_publisher' build argument 'cmake_clean_first' from command line to 'False'
[2.047s] Level 5:colcon.colcon_core.verb:set package 'examples_rclpy_minimal_publisher' build argument 'cmake_force_configure' from command line to 'False'
[2.047s] Level 5:colcon.colcon_core.verb:set package 'examples_rclpy_minimal_publisher' build argument 'ament_cmake_args' from command line to 'None'
[2.048s] Level 5:colcon.colcon_core.verb:set package 'examples_rclpy_minimal_publisher' build argument 'catkin_cmake_args' from command line to 'None'
[2.048s] Level 5:colcon.colcon_core.verb:set package 'examples_rclpy_minimal_publisher' build argument 'catkin_skip_building_tests' from command line to 'False'
[2.048s] DEBUG:colcon.colcon_core.verb:Building package 'examples_rclpy_minimal_publisher' with the following arguments: {'ament_cmake_args': None, 'build_base': '/home/zhang/rosprc_ws/build/examples_rclpy_minimal_publisher', 'catkin_cmake_args': None, 'catkin_skip_building_tests': False, 'cmake_args': None, 'cmake_clean_cache': False, 'cmake_clean_first': False, 'cmake_force_configure': False, 'cmake_target': None, 'cmake_target_skip_unavailable': False, 'install_base': '/home/zhang/rosprc_ws/install/examples_rclpy_minimal_publisher', 'merge_install': False, 'path': '/home/zhang/rosprc_ws/src/examples/rclpy/topics/minimal_publisher', 'symlink_install': True, 'test_result_base': None}
[2.048s] Level 5:colcon.colcon_core.verb:set package 'examples_rclpy_minimal_service' build argument 'cmake_args' from command line to 'None'
[2.048s] Level 5:colcon.colcon_core.verb:set package 'examples_rclpy_minimal_service' build argument 'cmake_target' from command line to 'None'
[2.048s] Level 5:colcon.colcon_core.verb:set package 'examples_rclpy_minimal_service' build argument 'cmake_target_skip_unavailable' from command line to 'False'
[2.048s] Level 5:colcon.colcon_core.verb:set package 'examples_rclpy_minimal_service' build argument 'cmake_clean_cache' from command line to 'False'
[2.048s] Level 5:colcon.colcon_core.verb:set package 'examples_rclpy_minimal_service' build argument 'cmake_clean_first' from command line to 'False'
[2.048s] Level 5:colcon.colcon_core.verb:set package 'examples_rclpy_minimal_service' build argument 'cmake_force_configure' from command line to 'False'
[2.048s] Level 5:colcon.colcon_core.verb:set package 'examples_rclpy_minimal_service' build argument 'ament_cmake_args' from command line to 'None'
[2.048s] Level 5:colcon.colcon_core.verb:set package 'examples_rclpy_minimal_service' build argument 'catkin_cmake_args' from command line to 'None'
[2.048s] Level 5:colcon.colcon_core.verb:set package 'examples_rclpy_minimal_service' build argument 'catkin_skip_building_tests' from command line to 'False'
[2.049s] DEBUG:colcon.colcon_core.verb:Building package 'examples_rclpy_minimal_service' with the following arguments: {'ament_cmake_args': None, 'build_base': '/home/zhang/rosprc_ws/build/examples_rclpy_minimal_service', 'catkin_cmake_args': None, 'catkin_skip_building_tests': False, 'cmake_args': None, 'cmake_clean_cache': False, 'cmake_clean_first': False, 'cmake_force_configure': False, 'cmake_target': None, 'cmake_target_skip_unavailable': False, 'install_base': '/home/zhang/rosprc_ws/install/examples_rclpy_minimal_service', 'merge_install': False, 'path': '/home/zhang/rosprc_ws/src/examples/rclpy/services/minimal_service', 'symlink_install': True, 'test_result_base': None}
[2.049s] Level 5:colcon.colcon_core.verb:set package 'examples_rclpy_minimal_subscriber' build argument 'cmake_args' from command line to 'None'
[2.049s] Level 5:colcon.colcon_core.verb:set package 'examples_rclpy_minimal_subscriber' build argument 'cmake_target' from command line to 'None'
[2.049s] Level 5:colcon.colcon_core.verb:set package 'examples_rclpy_minimal_subscriber' build argument 'cmake_target_skip_unavailable' from command line to 'False'
[2.049s] Level 5:colcon.colcon_core.verb:set package 'examples_rclpy_minimal_subscriber' build argument 'cmake_clean_cache' from command line to 'False'
[2.049s] Level 5:colcon.colcon_core.verb:set package 'examples_rclpy_minimal_subscriber' build argument 'cmake_clean_first' from command line to 'False'
[2.049s] Level 5:colcon.colcon_core.verb:set package 'examples_rclpy_minimal_subscriber' build argument 'cmake_force_configure' from command line to 'False'
[2.049s] Level 5:colcon.colcon_core.verb:set package 'examples_rclpy_minimal_subscriber' build argument 'ament_cmake_args' from command line to 'None'
[2.049s] Level 5:colcon.colcon_core.verb:set package 'examples_rclpy_minimal_subscriber' build argument 'catkin_cmake_args' from command line to 'None'
[2.049s] Level 5:colcon.colcon_core.verb:set package 'examples_rclpy_minimal_subscriber' build argument 'catkin_skip_building_tests' from command line to 'False'
[2.049s] DEBUG:colcon.colcon_core.verb:Building package 'examples_rclpy_minimal_subscriber' with the following arguments: {'ament_cmake_args': None, 'build_base': '/home/zhang/rosprc_ws/build/examples_rclpy_minimal_subscriber', 'catkin_cmake_args': None, 'catkin_skip_building_tests': False, 'cmake_args': None, 'cmake_clean_cache': False, 'cmake_clean_first': False, 'cmake_force_configure': False, 'cmake_target': None, 'cmake_target_skip_unavailable': False, 'install_base': '/home/zhang/rosprc_ws/install/examples_rclpy_minimal_subscriber', 'merge_install': False, 'path': '/home/zhang/rosprc_ws/src/examples/rclpy/topics/minimal_subscriber', 'symlink_install': True, 'test_result_base': None}
[2.050s] Level 5:colcon.colcon_core.verb:set package 'examples_rclpy_pointcloud_publisher' build argument 'cmake_args' from command line to 'None'
[2.050s] Level 5:colcon.colcon_core.verb:set package 'examples_rclpy_pointcloud_publisher' build argument 'cmake_target' from command line to 'None'
[2.050s] Level 5:colcon.colcon_core.verb:set package 'examples_rclpy_pointcloud_publisher' build argument 'cmake_target_skip_unavailable' from command line to 'False'
[2.050s] Level 5:colcon.colcon_core.verb:set package 'examples_rclpy_pointcloud_publisher' build argument 'cmake_clean_cache' from command line to 'False'
[2.050s] Level 5:colcon.colcon_core.verb:set package 'examples_rclpy_pointcloud_publisher' build argument 'cmake_clean_first' from command line to 'False'
[2.050s] Level 5:colcon.colcon_core.verb:set package 'examples_rclpy_pointcloud_publisher' build argument 'cmake_force_configure' from command line to 'False'
[2.050s] Level 5:colcon.colcon_core.verb:set package 'examples_rclpy_pointcloud_publisher' build argument 'ament_cmake_args' from command line to 'None'
[2.050s] Level 5:colcon.colcon_core.verb:set package 'examples_rclpy_pointcloud_publisher' build argument 'catkin_cmake_args' from command line to 'None'
[2.050s] Level 5:colcon.colcon_core.verb:set package 'examples_rclpy_pointcloud_publisher' build argument 'catkin_skip_building_tests' from command line to 'False'
[2.050s] DEBUG:colcon.colcon_core.verb:Building package 'examples_rclpy_pointcloud_publisher' with the following arguments: {'ament_cmake_args': None, 'build_base': '/home/zhang/rosprc_ws/build/examples_rclpy_pointcloud_publisher', 'catkin_cmake_args': None, 'catkin_skip_building_tests': False, 'cmake_args': None, 'cmake_clean_cache': False, 'cmake_clean_first': False, 'cmake_force_configure': False, 'cmake_target': None, 'cmake_target_skip_unavailable': False, 'install_base': '/home/zhang/rosprc_ws/install/examples_rclpy_pointcloud_publisher', 'merge_install': False, 'path': '/home/zhang/rosprc_ws/src/examples/rclpy/topics/pointcloud_publisher', 'symlink_install': True, 'test_result_base': None}
[2.051s] Level 5:colcon.colcon_core.verb:set package 'launch_testing_examples' build argument 'cmake_args' from command line to 'None'
[2.051s] Level 5:colcon.colcon_core.verb:set package 'launch_testing_examples' build argument 'cmake_target' from command line to 'None'
[2.051s] Level 5:colcon.colcon_core.verb:set package 'launch_testing_examples' build argument 'cmake_target_skip_unavailable' from command line to 'False'
[2.051s] Level 5:colcon.colcon_core.verb:set package 'launch_testing_examples' build argument 'cmake_clean_cache' from command line to 'False'
[2.051s] Level 5:colcon.colcon_core.verb:set package 'launch_testing_examples' build argument 'cmake_clean_first' from command line to 'False'
[2.051s] Level 5:colcon.colcon_core.verb:set package 'launch_testing_examples' build argument 'cmake_force_configure' from command line to 'False'
[2.051s] Level 5:colcon.colcon_core.verb:set package 'launch_testing_examples' build argument 'ament_cmake_args' from command line to 'None'
[2.051s] Level 5:colcon.colcon_core.verb:set package 'launch_testing_examples' build argument 'catkin_cmake_args' from command line to 'None'
[2.051s] Level 5:colcon.colcon_core.verb:set package 'launch_testing_examples' build argument 'catkin_skip_building_tests' from command line to 'False'
[2.052s] DEBUG:colcon.colcon_core.verb:Building package 'launch_testing_examples' with the following arguments: {'ament_cmake_args': None, 'build_base': '/home/zhang/rosprc_ws/build/launch_testing_examples', 'catkin_cmake_args': None, 'catkin_skip_building_tests': False, 'cmake_args': None, 'cmake_clean_cache': False, 'cmake_clean_first': False, 'cmake_force_configure': False, 'cmake_target': None, 'cmake_target_skip_unavailable': False, 'install_base': '/home/zhang/rosprc_ws/install/launch_testing_examples', 'merge_install': False, 'path': '/home/zhang/rosprc_ws/src/examples/launch_testing/launch_testing_examples', 'symlink_install': True, 'test_result_base': None}
[2.052s] INFO:colcon.colcon_core.executor:Executing jobs using 'parallel' executor
[2.057s] DEBUG:colcon.colcon_parallel_executor.executor.parallel:run_until_complete
[2.058s] INFO:colcon.colcon_ros.task.ament_cmake.build:Building ROS package in '/home/zhang/rosprc_ws/src/examples/rclcpp/services/async_client' with build type 'ament_cmake'
[2.059s] INFO:colcon.colcon_cmake.task.cmake.build:Building CMake package in '/home/zhang/rosprc_ws/src/examples/rclcpp/services/async_client'
[2.089s] INFO:colcon.colcon_core.plugin_system:Skipping extension 'colcon_core.shell.bat': Not used on non-Windows systems
[2.090s] INFO:colcon.colcon_core.shell:Skip shell extension 'powershell' for command environment: Not usable outside of PowerShell
[2.090s] DEBUG:colcon.colcon_core.shell:Skip shell extension 'dsv' for command environment
[2.100s] INFO:colcon.colcon_ros.task.ament_cmake.build:Building ROS package in '/home/zhang/rosprc_ws/src/examples/rclcpp/executors/cbg_executor' with build type 'ament_cmake'
[2.101s] INFO:colcon.colcon_cmake.task.cmake.build:Building CMake package in '/home/zhang/rosprc_ws/src/examples/rclcpp/executors/cbg_executor'
[2.101s] INFO:colcon.colcon_core.shell:Skip shell extension 'powershell' for command environment: Not usable outside of PowerShell
[2.101s] DEBUG:colcon.colcon_core.shell:Skip shell extension 'dsv' for command environment
[2.112s] INFO:colcon.colcon_ros.task.ament_cmake.build:Building ROS package in '/home/zhang/rosprc_ws/src/examples/rclcpp/actions/minimal_action_client' with build type 'ament_cmake'
[2.112s] INFO:colcon.colcon_cmake.task.cmake.build:Building CMake package in '/home/zhang/rosprc_ws/src/examples/rclcpp/actions/minimal_action_client'
[2.113s] INFO:colcon.colcon_core.shell:Skip shell extension 'powershell' for command environment: Not usable outside of PowerShell
[2.113s] DEBUG:colcon.colcon_core.shell:Skip shell extension 'dsv' for command environment
[2.126s] INFO:colcon.colcon_ros.task.ament_cmake.build:Building ROS package in '/home/zhang/rosprc_ws/src/examples/rclcpp/actions/minimal_action_server' with build type 'ament_cmake'
[2.127s] INFO:colcon.colcon_cmake.task.cmake.build:Building CMake package in '/home/zhang/rosprc_ws/src/examples/rclcpp/actions/minimal_action_server'
[2.128s] INFO:colcon.colcon_core.shell:Skip shell extension 'powershell' for command environment: Not usable outside of PowerShell
[2.128s] DEBUG:colcon.colcon_core.shell:Skip shell extension 'dsv' for command environment
[2.143s] INFO:colcon.colcon_ros.task.ament_cmake.build:Building ROS package in '/home/zhang/rosprc_ws/src/examples/rclcpp/services/minimal_client' with build type 'ament_cmake'
[2.144s] INFO:colcon.colcon_cmake.task.cmake.build:Building CMake package in '/home/zhang/rosprc_ws/src/examples/rclcpp/services/minimal_client'
[2.145s] INFO:colcon.colcon_core.shell:Skip shell extension 'powershell' for command environment: Not usable outside of PowerShell
[2.145s] DEBUG:colcon.colcon_core.shell:Skip shell extension 'dsv' for command environment
[2.164s] INFO:colcon.colcon_ros.task.ament_cmake.build:Building ROS package in '/home/zhang/rosprc_ws/src/examples/rclcpp/composition/minimal_composition' with build type 'ament_cmake'
[2.164s] INFO:colcon.colcon_cmake.task.cmake.build:Building CMake package in '/home/zhang/rosprc_ws/src/examples/rclcpp/composition/minimal_composition'
[2.165s] INFO:colcon.colcon_core.shell:Skip shell extension 'powershell' for command environment: Not usable outside of PowerShell
[2.165s] DEBUG:colcon.colcon_core.shell:Skip shell extension 'dsv' for command environment
[2.181s] INFO:colcon.colcon_ros.task.ament_cmake.build:Building ROS package in '/home/zhang/rosprc_ws/src/examples/rclcpp/topics/minimal_publisher' with build type 'ament_cmake'
[2.182s] INFO:colcon.colcon_cmake.task.cmake.build:Building CMake package in '/home/zhang/rosprc_ws/src/examples/rclcpp/topics/minimal_publisher'
[2.182s] INFO:colcon.colcon_core.shell:Skip shell extension 'powershell' for command environment: Not usable outside of PowerShell
[2.182s] DEBUG:colcon.colcon_core.shell:Skip shell extension 'dsv' for command environment
[2.199s] INFO:colcon.colcon_ros.task.ament_cmake.build:Building ROS package in '/home/zhang/rosprc_ws/src/examples/rclcpp/services/minimal_service' with build type 'ament_cmake'
[2.199s] INFO:colcon.colcon_cmake.task.cmake.build:Building CMake package in '/home/zhang/rosprc_ws/src/examples/rclcpp/services/minimal_service'
[2.200s] INFO:colcon.colcon_core.shell:Skip shell extension 'powershell' for command environment: Not usable outside of PowerShell
[2.201s] DEBUG:colcon.colcon_core.shell:Skip shell extension 'dsv' for command environment
[2.220s] INFO:colcon.colcon_ros.task.ament_cmake.build:Building ROS package in '/home/zhang/rosprc_ws/src/examples/rclcpp/topics/minimal_subscriber' with build type 'ament_cmake'
[2.221s] INFO:colcon.colcon_cmake.task.cmake.build:Building CMake package in '/home/zhang/rosprc_ws/src/examples/rclcpp/topics/minimal_subscriber'
[2.221s] INFO:colcon.colcon_core.shell:Skip shell extension 'powershell' for command environment: Not usable outside of PowerShell
[2.222s] DEBUG:colcon.colcon_core.shell:Skip shell extension 'dsv' for command environment
[2.236s] INFO:colcon.colcon_ros.task.ament_cmake.build:Building ROS package in '/home/zhang/rosprc_ws/src/examples/rclcpp/timers/minimal_timer' with build type 'ament_cmake'
[2.237s] INFO:colcon.colcon_cmake.task.cmake.build:Building CMake package in '/home/zhang/rosprc_ws/src/examples/rclcpp/timers/minimal_timer'
[2.237s] INFO:colcon.colcon_core.shell:Skip shell extension 'powershell' for command environment: Not usable outside of PowerShell
[2.237s] DEBUG:colcon.colcon_core.shell:Skip shell extension 'dsv' for command environment
[2.253s] INFO:colcon.colcon_ros.task.ament_cmake.build:Building ROS package in '/home/zhang/rosprc_ws/src/examples/rclcpp/executors/multithreaded_executor' with build type 'ament_cmake'
[2.253s] INFO:colcon.colcon_cmake.task.cmake.build:Building CMake package in '/home/zhang/rosprc_ws/src/examples/rclcpp/executors/multithreaded_executor'
[2.254s] INFO:colcon.colcon_core.shell:Skip shell extension 'powershell' for command environment: Not usable outside of PowerShell
[2.254s] DEBUG:colcon.colcon_core.shell:Skip shell extension 'dsv' for command environment
[2.268s] INFO:colcon.colcon_ros.task.ament_cmake.build:Building ROS package in '/home/zhang/rosprc_ws/src/examples/rclcpp/wait_set' with build type 'ament_cmake'
[2.269s] INFO:colcon.colcon_cmake.task.cmake.build:Building CMake package in '/home/zhang/rosprc_ws/src/examples/rclcpp/wait_set'
[2.269s] INFO:colcon.colcon_core.shell:Skip shell extension 'powershell' for command environment: Not usable outside of PowerShell
[2.269s] DEBUG:colcon.colcon_core.shell:Skip shell extension 'dsv' for command environment
[2.282s] INFO:colcon.colcon_ros.task.ament_python.build:Building ROS package in '/home/zhang/rosprc_ws/src/examples/rclpy/executors' with build type 'ament_python'
[2.283s] Level 1:colcon.colcon_core.shell:create_environment_hook('examples_rclpy_executors', 'ament_prefix_path')
[2.284s] INFO:colcon.colcon_core.shell:Creating environment hook '/home/zhang/rosprc_ws/install/examples_rclpy_executors/share/examples_rclpy_executors/hook/ament_prefix_path.ps1'
[2.294s] INFO:colcon.colcon_core.shell:Creating environment descriptor '/home/zhang/rosprc_ws/install/examples_rclpy_executors/share/examples_rclpy_executors/hook/ament_prefix_path.dsv'
[2.298s] INFO:colcon.colcon_core.shell:Creating environment hook '/home/zhang/rosprc_ws/install/examples_rclpy_executors/share/examples_rclpy_executors/hook/ament_prefix_path.sh'
[2.303s] INFO:colcon.colcon_core.shell:Skip shell extension 'powershell' for command environment: Not usable outside of PowerShell
[2.304s] DEBUG:colcon.colcon_core.shell:Skip shell extension 'dsv' for command environment
[2.317s] INFO:colcon.colcon_ros.task.ament_python.build:Building ROS package in '/home/zhang/rosprc_ws/src/examples/rclpy/guard_conditions' with build type 'ament_python'
[2.317s] Level 1:colcon.colcon_core.shell:create_environment_hook('examples_rclpy_guard_conditions', 'ament_prefix_path')
[2.318s] INFO:colcon.colcon_core.shell:Creating environment hook '/home/zhang/rosprc_ws/install/examples_rclpy_guard_conditions/share/examples_rclpy_guard_conditions/hook/ament_prefix_path.ps1'
[2.323s] INFO:colcon.colcon_core.shell:Creating environment descriptor '/home/zhang/rosprc_ws/install/examples_rclpy_guard_conditions/share/examples_rclpy_guard_conditions/hook/ament_prefix_path.dsv'
[2.324s] INFO:colcon.colcon_core.shell:Creating environment hook '/home/zhang/rosprc_ws/install/examples_rclpy_guard_conditions/share/examples_rclpy_guard_conditions/hook/ament_prefix_path.sh'
[2.327s] INFO:colcon.colcon_core.shell:Skip shell extension 'powershell' for command environment: Not usable outside of PowerShell
[2.327s] DEBUG:colcon.colcon_core.shell:Skip shell extension 'dsv' for command environment
[2.338s] INFO:colcon.colcon_ros.task.ament_python.build:Building ROS package in '/home/zhang/rosprc_ws/src/examples/rclpy/actions/minimal_action_client' with build type 'ament_python'
[2.339s] Level 1:colcon.colcon_core.shell:create_environment_hook('examples_rclpy_minimal_action_client', 'ament_prefix_path')
[2.340s] INFO:colcon.colcon_core.shell:Creating environment hook '/home/zhang/rosprc_ws/install/examples_rclpy_minimal_action_client/share/examples_rclpy_minimal_action_client/hook/ament_prefix_path.ps1'
[2.344s] INFO:colcon.colcon_core.shell:Creating environment descriptor '/home/zhang/rosprc_ws/install/examples_rclpy_minimal_action_client/share/examples_rclpy_minimal_action_client/hook/ament_prefix_path.dsv'
[2.345s] INFO:colcon.colcon_core.shell:Creating environment hook '/home/zhang/rosprc_ws/install/examples_rclpy_minimal_action_client/share/examples_rclpy_minimal_action_client/hook/ament_prefix_path.sh'
[2.346s] INFO:colcon.colcon_core.shell:Skip shell extension 'powershell' for command environment: Not usable outside of PowerShell
[2.346s] DEBUG:colcon.colcon_core.shell:Skip shell extension 'dsv' for command environment
[2.360s] INFO:colcon.colcon_ros.task.ament_python.build:Building ROS package in '/home/zhang/rosprc_ws/src/examples/rclpy/actions/minimal_action_server' with build type 'ament_python'
[2.361s] Level 1:colcon.colcon_core.shell:create_environment_hook('examples_rclpy_minimal_action_server', 'ament_prefix_path')
[2.362s] INFO:colcon.colcon_core.shell:Creating environment hook '/home/zhang/rosprc_ws/install/examples_rclpy_minimal_action_server/share/examples_rclpy_minimal_action_server/hook/ament_prefix_path.ps1'
[2.368s] INFO:colcon.colcon_core.shell:Creating environment descriptor '/home/zhang/rosprc_ws/install/examples_rclpy_minimal_action_server/share/examples_rclpy_minimal_action_server/hook/ament_prefix_path.dsv'
[2.369s] INFO:colcon.colcon_core.shell:Creating environment hook '/home/zhang/rosprc_ws/install/examples_rclpy_minimal_action_server/share/examples_rclpy_minimal_action_server/hook/ament_prefix_path.sh'
[2.371s] INFO:colcon.colcon_core.shell:Skip shell extension 'powershell' for command environment: Not usable outside of PowerShell
[2.371s] DEBUG:colcon.colcon_core.shell:Skip shell extension 'dsv' for command environment
[2.381s] INFO:colcon.colcon_ros.task.ament_python.build:Building ROS package in '/home/zhang/rosprc_ws/src/examples/rclpy/services/minimal_client' with build type 'ament_python'
[2.382s] Level 1:colcon.colcon_core.shell:create_environment_hook('examples_rclpy_minimal_client', 'ament_prefix_path')
[2.383s] INFO:colcon.colcon_core.shell:Creating environment hook '/home/zhang/rosprc_ws/install/examples_rclpy_minimal_client/share/examples_rclpy_minimal_client/hook/ament_prefix_path.ps1'
[2.387s] INFO:colcon.colcon_core.shell:Creating environment descriptor '/home/zhang/rosprc_ws/install/examples_rclpy_minimal_client/share/examples_rclpy_minimal_client/hook/ament_prefix_path.dsv'
[2.388s] INFO:colcon.colcon_core.shell:Creating environment hook '/home/zhang/rosprc_ws/install/examples_rclpy_minimal_client/share/examples_rclpy_minimal_client/hook/ament_prefix_path.sh'
[2.389s] INFO:colcon.colcon_core.shell:Skip shell extension 'powershell' for command environment: Not usable outside of PowerShell
[2.390s] DEBUG:colcon.colcon_core.shell:Skip shell extension 'dsv' for command environment
[2.399s] INFO:colcon.colcon_ros.task.ament_python.build:Building ROS package in '/home/zhang/rosprc_ws/src/examples/rclpy/topics/minimal_publisher' with build type 'ament_python'
[2.400s] Level 1:colcon.colcon_core.shell:create_environment_hook('examples_rclpy_minimal_publisher', 'ament_prefix_path')
[2.401s] INFO:colcon.colcon_core.shell:Creating environment hook '/home/zhang/rosprc_ws/install/examples_rclpy_minimal_publisher/share/examples_rclpy_minimal_publisher/hook/ament_prefix_path.ps1'
[2.405s] INFO:colcon.colcon_core.shell:Creating environment descriptor '/home/zhang/rosprc_ws/install/examples_rclpy_minimal_publisher/share/examples_rclpy_minimal_publisher/hook/ament_prefix_path.dsv'
[2.407s] INFO:colcon.colcon_core.shell:Creating environment hook '/home/zhang/rosprc_ws/install/examples_rclpy_minimal_publisher/share/examples_rclpy_minimal_publisher/hook/ament_prefix_path.sh'
[2.408s] INFO:colcon.colcon_core.shell:Skip shell extension 'powershell' for command environment: Not usable outside of PowerShell
[2.408s] DEBUG:colcon.colcon_core.shell:Skip shell extension 'dsv' for command environment
[2.416s] INFO:colcon.colcon_ros.task.ament_python.build:Building ROS package in '/home/zhang/rosprc_ws/src/examples/rclpy/services/minimal_service' with build type 'ament_python'
[2.417s] Level 1:colcon.colcon_core.shell:create_environment_hook('examples_rclpy_minimal_service', 'ament_prefix_path')
[2.418s] INFO:colcon.colcon_core.shell:Creating environment hook '/home/zhang/rosprc_ws/install/examples_rclpy_minimal_service/share/examples_rclpy_minimal_service/hook/ament_prefix_path.ps1'
[2.423s] INFO:colcon.colcon_core.shell:Creating environment descriptor '/home/zhang/rosprc_ws/install/examples_rclpy_minimal_service/share/examples_rclpy_minimal_service/hook/ament_prefix_path.dsv'
[2.424s] INFO:colcon.colcon_core.shell:Creating environment hook '/home/zhang/rosprc_ws/install/examples_rclpy_minimal_service/share/examples_rclpy_minimal_service/hook/ament_prefix_path.sh'
[2.425s] INFO:colcon.colcon_core.shell:Skip shell extension 'powershell' for command environment: Not usable outside of PowerShell
[2.425s] DEBUG:colcon.colcon_core.shell:Skip shell extension 'dsv' for command environment
[2.434s] INFO:colcon.colcon_ros.task.ament_python.build:Building ROS package in '/home/zhang/rosprc_ws/src/examples/rclpy/topics/minimal_subscriber' with build type 'ament_python'
[2.435s] Level 1:colcon.colcon_core.shell:create_environment_hook('examples_rclpy_minimal_subscriber', 'ament_prefix_path')
[2.436s] INFO:colcon.colcon_core.shell:Creating environment hook '/home/zhang/rosprc_ws/install/examples_rclpy_minimal_subscriber/share/examples_rclpy_minimal_subscriber/hook/ament_prefix_path.ps1'
[2.466s] INFO:colcon.colcon_core.shell:Creating environment descriptor '/home/zhang/rosprc_ws/install/examples_rclpy_minimal_subscriber/share/examples_rclpy_minimal_subscriber/hook/ament_prefix_path.dsv'
[2.467s] INFO:colcon.colcon_core.shell:Creating environment hook '/home/zhang/rosprc_ws/install/examples_rclpy_minimal_subscriber/share/examples_rclpy_minimal_subscriber/hook/ament_prefix_path.sh'
[2.468s] INFO:colcon.colcon_core.shell:Skip shell extension 'powershell' for command environment: Not usable outside of PowerShell
[2.468s] DEBUG:colcon.colcon_core.shell:Skip shell extension 'dsv' for command environment
[2.494s] DEBUG:colcon.colcon_core.event_handler.log_command:Invoking command in '/home/zhang/rosprc_ws/build/examples_rclcpp_async_client': CMAKE_PREFIX_PATH=${CMAKE_PREFIX_PATH}:/opt/ros/jazzy /usr/bin/cmake /home/zhang/rosprc_ws/src/examples/rclcpp/services/async_client -DAMENT_CMAKE_SYMLINK_INSTALL=1 -DCMAKE_INSTALL_PREFIX=/home/zhang/rosprc_ws/install/examples_rclcpp_async_client
[2.515s] DEBUG:colcon.colcon_core.event_handler.log_command:Invoking command in '/home/zhang/rosprc_ws/build/examples_rclcpp_cbg_executor': CMAKE_PREFIX_PATH=${CMAKE_PREFIX_PATH}:/opt/ros/jazzy /usr/bin/cmake /home/zhang/rosprc_ws/src/examples/rclcpp/executors/cbg_executor -DAMENT_CMAKE_SYMLINK_INSTALL=1 -DCMAKE_INSTALL_PREFIX=/home/zhang/rosprc_ws/install/examples_rclcpp_cbg_executor
[2.520s] DEBUG:colcon.colcon_core.event_handler.log_command:Invoking command in '/home/zhang/rosprc_ws/build/examples_rclcpp_minimal_action_client': CMAKE_PREFIX_PATH=${CMAKE_PREFIX_PATH}:/opt/ros/jazzy /usr/bin/cmake /home/zhang/rosprc_ws/src/examples/rclcpp/actions/minimal_action_client -DAMENT_CMAKE_SYMLINK_INSTALL=1 -DCMAKE_INSTALL_PREFIX=/home/zhang/rosprc_ws/install/examples_rclcpp_minimal_action_client
[2.528s] DEBUG:colcon.colcon_core.event_handler.log_command:Invoking command in '/home/zhang/rosprc_ws/build/examples_rclcpp_minimal_action_server': CMAKE_PREFIX_PATH=${CMAKE_PREFIX_PATH}:/opt/ros/jazzy /usr/bin/cmake /home/zhang/rosprc_ws/src/examples/rclcpp/actions/minimal_action_server -DAMENT_CMAKE_SYMLINK_INSTALL=1 -DCMAKE_INSTALL_PREFIX=/home/zhang/rosprc_ws/install/examples_rclcpp_minimal_action_server
[2.532s] DEBUG:colcon.colcon_core.event_handler.log_command:Invoking command in '/home/zhang/rosprc_ws/build/examples_rclcpp_minimal_client': CMAKE_PREFIX_PATH=${CMAKE_PREFIX_PATH}:/opt/ros/jazzy /usr/bin/cmake /home/zhang/rosprc_ws/src/examples/rclcpp/services/minimal_client -DAMENT_CMAKE_SYMLINK_INSTALL=1 -DCMAKE_INSTALL_PREFIX=/home/zhang/rosprc_ws/install/examples_rclcpp_minimal_client
[2.541s] DEBUG:colcon.colcon_core.event_handler.log_command:Invoking command in '/home/zhang/rosprc_ws/build/examples_rclcpp_minimal_composition': CMAKE_PREFIX_PATH=${CMAKE_PREFIX_PATH}:/opt/ros/jazzy /usr/bin/cmake /home/zhang/rosprc_ws/src/examples/rclcpp/composition/minimal_composition -DAMENT_CMAKE_SYMLINK_INSTALL=1 -DCMAKE_INSTALL_PREFIX=/home/zhang/rosprc_ws/install/examples_rclcpp_minimal_composition
[2.550s] DEBUG:colcon.colcon_core.event_handler.log_command:Invoking command in '/home/zhang/rosprc_ws/build/examples_rclcpp_minimal_publisher': CMAKE_PREFIX_PATH=${CMAKE_PREFIX_PATH}:/opt/ros/jazzy /usr/bin/cmake /home/zhang/rosprc_ws/src/examples/rclcpp/topics/minimal_publisher -DAMENT_CMAKE_SYMLINK_INSTALL=1 -DCMAKE_INSTALL_PREFIX=/home/zhang/rosprc_ws/install/examples_rclcpp_minimal_publisher
[2.555s] DEBUG:colcon.colcon_core.event_handler.log_command:Invoking command in '/home/zhang/rosprc_ws/build/examples_rclcpp_minimal_service': CMAKE_PREFIX_PATH=${CMAKE_PREFIX_PATH}:/opt/ros/jazzy /usr/bin/cmake /home/zhang/rosprc_ws/src/examples/rclcpp/services/minimal_service -DAMENT_CMAKE_SYMLINK_INSTALL=1 -DCMAKE_INSTALL_PREFIX=/home/zhang/rosprc_ws/install/examples_rclcpp_minimal_service
[2.561s] DEBUG:colcon.colcon_core.event_handler.log_command:Invoking command in '/home/zhang/rosprc_ws/build/examples_rclcpp_minimal_subscriber': CMAKE_PREFIX_PATH=${CMAKE_PREFIX_PATH}:/opt/ros/jazzy /usr/bin/cmake /home/zhang/rosprc_ws/src/examples/rclcpp/topics/minimal_subscriber -DAMENT_CMAKE_SYMLINK_INSTALL=1 -DCMAKE_INSTALL_PREFIX=/home/zhang/rosprc_ws/install/examples_rclcpp_minimal_subscriber
[2.567s] DEBUG:colcon.colcon_core.event_handler.log_command:Invoking command in '/home/zhang/rosprc_ws/build/examples_rclcpp_minimal_timer': CMAKE_PREFIX_PATH=${CMAKE_PREFIX_PATH}:/opt/ros/jazzy /usr/bin/cmake /home/zhang/rosprc_ws/src/examples/rclcpp/timers/minimal_timer -DAMENT_CMAKE_SYMLINK_INSTALL=1 -DCMAKE_INSTALL_PREFIX=/home/zhang/rosprc_ws/install/examples_rclcpp_minimal_timer
[2.573s] DEBUG:colcon.colcon_core.event_handler.log_command:Invoking command in '/home/zhang/rosprc_ws/build/examples_rclcpp_multithreaded_executor': CMAKE_PREFIX_PATH=${CMAKE_PREFIX_PATH}:/opt/ros/jazzy /usr/bin/cmake /home/zhang/rosprc_ws/src/examples/rclcpp/executors/multithreaded_executor -DAMENT_CMAKE_SYMLINK_INSTALL=1 -DCMAKE_INSTALL_PREFIX=/home/zhang/rosprc_ws/install/examples_rclcpp_multithreaded_executor
[2.578s] DEBUG:colcon.colcon_core.event_handler.log_command:Invoking command in '/home/zhang/rosprc_ws/build/examples_rclcpp_wait_set': CMAKE_PREFIX_PATH=${CMAKE_PREFIX_PATH}:/opt/ros/jazzy /usr/bin/cmake /home/zhang/rosprc_ws/src/examples/rclcpp/wait_set -DAMENT_CMAKE_SYMLINK_INSTALL=1 -DCMAKE_INSTALL_PREFIX=/home/zhang/rosprc_ws/install/examples_rclcpp_wait_set
[2.976s] INFO:colcon.colcon_core.task.python.build:Building Python package in '/home/zhang/rosprc_ws/src/examples/rclpy/executors'
[2.977s] INFO:colcon.colcon_core.shell:Skip shell extension 'powershell' for command environment: Not usable outside of PowerShell
[2.977s] DEBUG:colcon.colcon_core.shell:Skip shell extension 'dsv' for command environment
[3.367s] INFO:colcon.colcon_core.task.python.build:Building Python package in '/home/zhang/rosprc_ws/src/examples/rclpy/guard_conditions'
[3.367s] INFO:colcon.colcon_core.shell:Skip shell extension 'powershell' for command environment: Not usable outside of PowerShell
[3.368s] DEBUG:colcon.colcon_core.shell:Skip shell extension 'dsv' for command environment
[3.771s] INFO:colcon.colcon_core.task.python.build:Building Python package in '/home/zhang/rosprc_ws/src/examples/rclpy/actions/minimal_action_client'
[3.772s] INFO:colcon.colcon_core.shell:Skip shell extension 'powershell' for command environment: Not usable outside of PowerShell
[3.772s] DEBUG:colcon.colcon_core.shell:Skip shell extension 'dsv' for command environment
[4.130s] INFO:colcon.colcon_core.task.python.build:Building Python package in '/home/zhang/rosprc_ws/src/examples/rclpy/actions/minimal_action_server'
[4.130s] INFO:colcon.colcon_core.shell:Skip shell extension 'powershell' for command environment: Not usable outside of PowerShell
[4.130s] DEBUG:colcon.colcon_core.shell:Skip shell extension 'dsv' for command environment
[4.506s] INFO:colcon.colcon_core.task.python.build:Building Python package in '/home/zhang/rosprc_ws/src/examples/rclpy/services/minimal_client'
[4.506s] INFO:colcon.colcon_core.shell:Skip shell extension 'powershell' for command environment: Not usable outside of PowerShell
[4.506s] DEBUG:colcon.colcon_core.shell:Skip shell extension 'dsv' for command environment
[4.885s] INFO:colcon.colcon_core.task.python.build:Building Python package in '/home/zhang/rosprc_ws/src/examples/rclpy/topics/minimal_publisher'
[4.886s] INFO:colcon.colcon_core.shell:Skip shell extension 'powershell' for command environment: Not usable outside of PowerShell
[4.886s] DEBUG:colcon.colcon_core.shell:Skip shell extension 'dsv' for command environment
[5.277s] INFO:colcon.colcon_core.task.python.build:Building Python package in '/home/zhang/rosprc_ws/src/examples/rclpy/services/minimal_service'
[5.277s] INFO:colcon.colcon_core.shell:Skip shell extension 'powershell' for command environment: Not usable outside of PowerShell
[5.277s] DEBUG:colcon.colcon_core.shell:Skip shell extension 'dsv' for command environment
[5.651s] INFO:colcon.colcon_core.task.python.build:Building Python package in '/home/zhang/rosprc_ws/src/examples/rclpy/topics/minimal_subscriber'
[5.652s] INFO:colcon.colcon_core.shell:Skip shell extension 'powershell' for command environment: Not usable outside of PowerShell
[5.652s] DEBUG:colcon.colcon_core.shell:Skip shell extension 'dsv' for command environment
[8.949s] DEBUG:colcon.colcon_core.task.python.build:Available setuptools commands: bdist_dumb, upload, update_catalog, install_lib, alias, check, install_headers, bdist_rpm, develop, install_egg_info, build_scripts, test, build_ext, clean, egg_info, install, setopt, extract_messages, init_catalog, editable_wheel, compile_catalog, sdist, build_clib, easy_install, register, build_py, install_scripts, rotate, bdist_egg, upload_docs, bdist, bdist_wheel, dist_info, symlink_data, install_data, saveopts, build
[8.968s] DEBUG:colcon.colcon_core.task.python.build:Available setuptools commands: bdist_dumb, upload, update_catalog, install_lib, alias, check, install_headers, bdist_rpm, develop, install_egg_info, build_scripts, test, build_ext, clean, egg_info, install, setopt, extract_messages, init_catalog, editable_wheel, compile_catalog, sdist, build_clib, easy_install, register, build_py, install_scripts, rotate, bdist_egg, upload_docs, bdist, bdist_wheel, dist_info, symlink_data, install_data, saveopts, build
[9.023s] DEBUG:colcon.colcon_core.task.python.build:Available setuptools commands: bdist_dumb, upload, update_catalog, install_lib, alias, check, install_headers, bdist_rpm, develop, install_egg_info, build_scripts, test, build_ext, clean, egg_info, install, setopt, extract_messages, init_catalog, editable_wheel, compile_catalog, sdist, build_clib, easy_install, register, build_py, install_scripts, rotate, bdist_egg, upload_docs, bdist, bdist_wheel, dist_info, symlink_data, install_data, saveopts, build
[9.099s] DEBUG:colcon.colcon_core.task.python.build:Available setuptools commands: bdist_dumb, upload, update_catalog, install_lib, alias, check, install_headers, bdist_rpm, develop, install_egg_info, build_scripts, test, build_ext, clean, egg_info, install, setopt, extract_messages, init_catalog, editable_wheel, compile_catalog, sdist, build_clib, easy_install, register, build_py, install_scripts, rotate, bdist_egg, upload_docs, bdist, bdist_wheel, dist_info, symlink_data, install_data, saveopts, build
[9.124s] DEBUG:colcon.colcon_core.task.python.build:Available setuptools commands: bdist_dumb, upload, update_catalog, install_lib, alias, check, install_headers, bdist_rpm, develop, install_egg_info, build_scripts, test, build_ext, clean, egg_info, install, setopt, extract_messages, init_catalog, editable_wheel, compile_catalog, sdist, build_clib, easy_install, register, build_py, install_scripts, rotate, bdist_egg, upload_docs, bdist, bdist_wheel, dist_info, symlink_data, install_data, saveopts, build
[9.142s] DEBUG:colcon.colcon_core.task.python.build:Available setuptools commands: bdist_dumb, upload, update_catalog, install_lib, alias, check, install_headers, bdist_rpm, develop, install_egg_info, build_scripts, test, build_ext, clean, egg_info, install, setopt, extract_messages, init_catalog, editable_wheel, compile_catalog, sdist, build_clib, easy_install, register, build_py, install_scripts, rotate, bdist_egg, upload_docs, bdist, bdist_wheel, dist_info, symlink_data, install_data, saveopts, build
[9.148s] DEBUG:colcon.colcon_core.task.python.build:Available setuptools commands: bdist_dumb, upload, update_catalog, install_lib, alias, check, install_headers, bdist_rpm, develop, install_egg_info, build_scripts, test, build_ext, clean, egg_info, install, setopt, extract_messages, init_catalog, editable_wheel, compile_catalog, sdist, build_clib, easy_install, register, build_py, install_scripts, rotate, bdist_egg, upload_docs, bdist, bdist_wheel, dist_info, symlink_data, install_data, saveopts, build
[9.161s] DEBUG:colcon.colcon_core.task.python.build:Available setuptools commands: bdist_dumb, upload, update_catalog, install_lib, alias, check, install_headers, bdist_rpm, develop, install_egg_info, build_scripts, test, build_ext, clean, egg_info, install, setopt, extract_messages, init_catalog, editable_wheel, compile_catalog, sdist, build_clib, easy_install, register, build_py, install_scripts, rotate, bdist_egg, upload_docs, bdist, bdist_wheel, dist_info, symlink_data, install_data, saveopts, build
[9.986s] DEBUG:colcon.colcon_core.task.python.build:Available setuptools 'develop' options: --no-deps, --egg-path, --index-url, --force-installation-into-system-dir, --quiet, --script-dir, --site-dirs, --upgrade, --allow-hosts, --uninstall, --help, --zip-ok, --always-copy, --verbose, --always-unzip, --local-snapshots-ok, --record, --no-user-cfg, --prefix, --editable, --find-links, --dry-run, --user, --install-dir, --build-directory, --version, --no-find-links, --exclude-scripts, --optimize, --install-layout, --multi-version
[9.991s] DEBUG:colcon.colcon_core.event_handler.log_command:Invoking command in '/home/zhang/rosprc_ws/build/examples_rclpy_minimal_subscriber': PYTHONPATH=/home/zhang/rosprc_ws/build/examples_rclpy_minimal_subscriber/prefix_override:/usr/lib/python3/dist-packages/colcon_core/task/python/colcon_distutils_commands:/home/zhang/rosprc_ws/install/examples_rclpy_minimal_subscriber/lib/python3.12/site-packages:${PYTHONPATH} /usr/bin/python3 -W ignore:setup.py install is deprecated -W ignore:easy_install command is deprecated setup.py develop --editable --build-directory /home/zhang/rosprc_ws/build/examples_rclpy_minimal_subscriber/build --no-deps symlink_data
[10.000s] DEBUG:colcon.colcon_core.task.python.build:Available setuptools 'develop' options: --no-deps, --egg-path, --index-url, --force-installation-into-system-dir, --quiet, --script-dir, --site-dirs, --upgrade, --allow-hosts, --uninstall, --help, --zip-ok, --always-copy, --verbose, --always-unzip, --local-snapshots-ok, --record, --no-user-cfg, --prefix, --editable, --find-links, --dry-run, --user, --install-dir, --build-directory, --version, --no-find-links, --exclude-scripts, --optimize, --install-layout, --multi-version
[10.006s] DEBUG:colcon.colcon_core.event_handler.log_command:Invoking command in '/home/zhang/rosprc_ws/build/examples_rclpy_minimal_action_server': PYTHONPATH=/home/zhang/rosprc_ws/build/examples_rclpy_minimal_action_server/prefix_override:/usr/lib/python3/dist-packages/colcon_core/task/python/colcon_distutils_commands:/home/zhang/rosprc_ws/install/examples_rclpy_minimal_action_server/lib/python3.12/site-packages:${PYTHONPATH} /usr/bin/python3 -W ignore:setup.py install is deprecated -W ignore:easy_install command is deprecated setup.py develop --editable --build-directory /home/zhang/rosprc_ws/build/examples_rclpy_minimal_action_server/build --no-deps symlink_data
[10.075s] DEBUG:colcon.colcon_core.task.python.build:Available setuptools 'develop' options: --no-deps, --egg-path, --index-url, --force-installation-into-system-dir, --quiet, --script-dir, --site-dirs, --upgrade, --allow-hosts, --uninstall, --help, --zip-ok, --always-copy, --verbose, --always-unzip, --local-snapshots-ok, --record, --no-user-cfg, --prefix, --editable, --find-links, --dry-run, --user, --install-dir, --build-directory, --version, --no-find-links, --exclude-scripts, --optimize, --install-layout, --multi-version
[10.084s] DEBUG:colcon.colcon_core.event_handler.log_command:Invoking command in '/home/zhang/rosprc_ws/build/examples_rclpy_minimal_service': PYTHONPATH=/home/zhang/rosprc_ws/build/examples_rclpy_minimal_service/prefix_override:/usr/lib/python3/dist-packages/colcon_core/task/python/colcon_distutils_commands:/home/zhang/rosprc_ws/install/examples_rclpy_minimal_service/lib/python3.12/site-packages:${PYTHONPATH} /usr/bin/python3 -W ignore:setup.py install is deprecated -W ignore:easy_install command is deprecated setup.py develop --editable --build-directory /home/zhang/rosprc_ws/build/examples_rclpy_minimal_service/build --no-deps symlink_data
[10.118s] DEBUG:colcon.colcon_core.task.python.build:Available setuptools 'develop' options: --no-deps, --egg-path, --index-url, --force-installation-into-system-dir, --quiet, --script-dir, --site-dirs, --upgrade, --allow-hosts, --uninstall, --help, --zip-ok, --always-copy, --verbose, --always-unzip, --local-snapshots-ok, --record, --no-user-cfg, --prefix, --editable, --find-links, --dry-run, --user, --install-dir, --build-directory, --version, --no-find-links, --exclude-scripts, --optimize, --install-layout, --multi-version
[10.124s] DEBUG:colcon.colcon_core.event_handler.log_command:Invoking command in '/home/zhang/rosprc_ws/build/examples_rclpy_minimal_action_client': PYTHONPATH=/home/zhang/rosprc_ws/build/examples_rclpy_minimal_action_client/prefix_override:/usr/lib/python3/dist-packages/colcon_core/task/python/colcon_distutils_commands:/home/zhang/rosprc_ws/install/examples_rclpy_minimal_action_client/lib/python3.12/site-packages:${PYTHONPATH} /usr/bin/python3 -W ignore:setup.py install is deprecated -W ignore:easy_install command is deprecated setup.py develop --editable --build-directory /home/zhang/rosprc_ws/build/examples_rclpy_minimal_action_client/build --no-deps symlink_data
[10.133s] DEBUG:colcon.colcon_core.task.python.build:Available setuptools 'develop' options: --no-deps, --egg-path, --index-url, --force-installation-into-system-dir, --quiet, --script-dir, --site-dirs, --upgrade, --allow-hosts, --uninstall, --help, --zip-ok, --always-copy, --verbose, --always-unzip, --local-snapshots-ok, --record, --no-user-cfg, --prefix, --editable, --find-links, --dry-run, --user, --install-dir, --build-directory, --version, --no-find-links, --exclude-scripts, --optimize, --install-layout, --multi-version
[10.142s] DEBUG:colcon.colcon_core.event_handler.log_command:Invoking command in '/home/zhang/rosprc_ws/build/examples_rclpy_minimal_client': PYTHONPATH=/home/zhang/rosprc_ws/build/examples_rclpy_minimal_client/prefix_override:/usr/lib/python3/dist-packages/colcon_core/task/python/colcon_distutils_commands:/home/zhang/rosprc_ws/install/examples_rclpy_minimal_client/lib/python3.12/site-packages:${PYTHONPATH} /usr/bin/python3 -W ignore:setup.py install is deprecated -W ignore:easy_install command is deprecated setup.py develop --editable --build-directory /home/zhang/rosprc_ws/build/examples_rclpy_minimal_client/build --no-deps symlink_data
[10.181s] DEBUG:colcon.colcon_core.task.python.build:Available setuptools 'develop' options: --no-deps, --egg-path, --index-url, --force-installation-into-system-dir, --quiet, --script-dir, --site-dirs, --upgrade, --allow-hosts, --uninstall, --help, --zip-ok, --always-copy, --verbose, --always-unzip, --local-snapshots-ok, --record, --no-user-cfg, --prefix, --editable, --find-links, --dry-run, --user, --install-dir, --build-directory, --version, --no-find-links, --exclude-scripts, --optimize, --install-layout, --multi-version
[10.189s] DEBUG:colcon.colcon_core.event_handler.log_command:Invoking command in '/home/zhang/rosprc_ws/build/examples_rclpy_minimal_publisher': PYTHONPATH=/home/zhang/rosprc_ws/build/examples_rclpy_minimal_publisher/prefix_override:/usr/lib/python3/dist-packages/colcon_core/task/python/colcon_distutils_commands:/home/zhang/rosprc_ws/install/examples_rclpy_minimal_publisher/lib/python3.12/site-packages:${PYTHONPATH} /usr/bin/python3 -W ignore:setup.py install is deprecated -W ignore:easy_install command is deprecated setup.py develop --editable --build-directory /home/zhang/rosprc_ws/build/examples_rclpy_minimal_publisher/build --no-deps symlink_data
[10.197s] DEBUG:colcon.colcon_core.task.python.build:Available setuptools 'develop' options: --no-deps, --egg-path, --index-url, --force-installation-into-system-dir, --quiet, --script-dir, --site-dirs, --upgrade, --allow-hosts, --uninstall, --help, --zip-ok, --always-copy, --verbose, --always-unzip, --local-snapshots-ok, --record, --no-user-cfg, --prefix, --editable, --find-links, --dry-run, --user, --install-dir, --build-directory, --version, --no-find-links, --exclude-scripts, --optimize, --install-layout, --multi-version
[10.203s] DEBUG:colcon.colcon_core.event_handler.log_command:Invoking command in '/home/zhang/rosprc_ws/build/examples_rclpy_guard_conditions': PYTHONPATH=/home/zhang/rosprc_ws/build/examples_rclpy_guard_conditions/prefix_override:/usr/lib/python3/dist-packages/colcon_core/task/python/colcon_distutils_commands:/home/zhang/rosprc_ws/install/examples_rclpy_guard_conditions/lib/python3.12/site-packages:${PYTHONPATH} /usr/bin/python3 -W ignore:setup.py install is deprecated -W ignore:easy_install command is deprecated setup.py develop --editable --build-directory /home/zhang/rosprc_ws/build/examples_rclpy_guard_conditions/build --no-deps symlink_data
[10.207s] DEBUG:colcon.colcon_core.task.python.build:Available setuptools 'develop' options: --no-deps, --egg-path, --index-url, --force-installation-into-system-dir, --quiet, --script-dir, --site-dirs, --upgrade, --allow-hosts, --uninstall, --help, --zip-ok, --always-copy, --verbose, --always-unzip, --local-snapshots-ok, --record, --no-user-cfg, --prefix, --editable, --find-links, --dry-run, --user, --install-dir, --build-directory, --version, --no-find-links, --exclude-scripts, --optimize, --install-layout, --multi-version
[10.214s] DEBUG:colcon.colcon_core.event_handler.log_command:Invoking command in '/home/zhang/rosprc_ws/build/examples_rclpy_executors': PYTHONPATH=/home/zhang/rosprc_ws/build/examples_rclpy_executors/prefix_override:/usr/lib/python3/dist-packages/colcon_core/task/python/colcon_distutils_commands:/home/zhang/rosprc_ws/install/examples_rclpy_executors/lib/python3.12/site-packages:${PYTHONPATH} /usr/bin/python3 -W ignore:setup.py install is deprecated -W ignore:easy_install command is deprecated setup.py develop --editable --build-directory /home/zhang/rosprc_ws/build/examples_rclpy_executors/build --no-deps symlink_data
[16.137s] Level 1:colcon.colcon_core.shell:create_environment_hook('examples_rclpy_minimal_subscriber', 'pythonpath_develop')
[16.138s] INFO:colcon.colcon_core.shell:Creating environment hook '/home/zhang/rosprc_ws/build/examples_rclpy_minimal_subscriber/share/examples_rclpy_minimal_subscriber/hook/pythonpath_develop.ps1'
[16.157s] INFO:colcon.colcon_core.shell:Creating environment descriptor '/home/zhang/rosprc_ws/build/examples_rclpy_minimal_subscriber/share/examples_rclpy_minimal_subscriber/hook/pythonpath_develop.dsv'
[16.158s] DEBUG:colcon.colcon_core.event_handler.log_command:Invoked command in '/home/zhang/rosprc_ws/build/examples_rclcpp_minimal_service' returned '0': CMAKE_PREFIX_PATH=${CMAKE_PREFIX_PATH}:/opt/ros/jazzy /usr/bin/cmake /home/zhang/rosprc_ws/src/examples/rclcpp/services/minimal_service -DAMENT_CMAKE_SYMLINK_INSTALL=1 -DCMAKE_INSTALL_PREFIX=/home/zhang/rosprc_ws/install/examples_rclcpp_minimal_service
[16.177s] INFO:colcon.colcon_core.shell:Creating environment hook '/home/zhang/rosprc_ws/build/examples_rclpy_minimal_subscriber/share/examples_rclpy_minimal_subscriber/hook/pythonpath_develop.sh'
[16.269s] DEBUG:colcon.colcon_core.event_handler.log_command:Invoking command in '/home/zhang/rosprc_ws/build/examples_rclcpp_minimal_service': CMAKE_PREFIX_PATH=${CMAKE_PREFIX_PATH}:/opt/ros/jazzy /usr/bin/cmake --build /home/zhang/rosprc_ws/build/examples_rclcpp_minimal_service -- -j20 -l20
[16.276s] DEBUG:colcon.colcon_core.event_handler.log_command:Invoked command in '/home/zhang/rosprc_ws/build/examples_rclpy_minimal_subscriber' returned '0': PYTHONPATH=/home/zhang/rosprc_ws/build/examples_rclpy_minimal_subscriber/prefix_override:/usr/lib/python3/dist-packages/colcon_core/task/python/colcon_distutils_commands:/home/zhang/rosprc_ws/install/examples_rclpy_minimal_subscriber/lib/python3.12/site-packages:${PYTHONPATH} /usr/bin/python3 -W ignore:setup.py install is deprecated -W ignore:easy_install command is deprecated setup.py develop --editable --build-directory /home/zhang/rosprc_ws/build/examples_rclpy_minimal_subscriber/build --no-deps symlink_data
[16.286s] Level 1:colcon.colcon_core.environment:checking '/home/zhang/rosprc_ws/install/examples_rclpy_minimal_subscriber' for CMake module files
[16.288s] Level 1:colcon.colcon_core.environment:checking '/home/zhang/rosprc_ws/install/examples_rclpy_minimal_subscriber' for CMake config files
[16.290s] Level 1:colcon.colcon_core.environment:checking '/home/zhang/rosprc_ws/install/examples_rclpy_minimal_subscriber/lib'
[16.291s] Level 1:colcon.colcon_core.environment:checking '/home/zhang/rosprc_ws/install/examples_rclpy_minimal_subscriber/bin'
[16.291s] Level 1:colcon.colcon_core.environment:checking '/home/zhang/rosprc_ws/install/examples_rclpy_minimal_subscriber/lib/pkgconfig/examples_rclpy_minimal_subscriber.pc'
[16.292s] Level 1:colcon.colcon_core.environment:checking '/home/zhang/rosprc_ws/install/examples_rclpy_minimal_subscriber/lib/python3.12/site-packages'
[16.292s] Level 1:colcon.colcon_core.shell:create_environment_hook('examples_rclpy_minimal_subscriber', 'pythonpath')
[16.293s] INFO:colcon.colcon_core.shell:Creating environment hook '/home/zhang/rosprc_ws/install/examples_rclpy_minimal_subscriber/share/examples_rclpy_minimal_subscriber/hook/pythonpath.ps1'
[16.295s] INFO:colcon.colcon_core.shell:Creating environment descriptor '/home/zhang/rosprc_ws/install/examples_rclpy_minimal_subscriber/share/examples_rclpy_minimal_subscriber/hook/pythonpath.dsv'
[16.297s] INFO:colcon.colcon_core.shell:Creating environment hook '/home/zhang/rosprc_ws/install/examples_rclpy_minimal_subscriber/share/examples_rclpy_minimal_subscriber/hook/pythonpath.sh'
[16.299s] Level 1:colcon.colcon_core.environment:checking '/home/zhang/rosprc_ws/install/examples_rclpy_minimal_subscriber/bin'
[16.299s] Level 1:colcon.colcon_core.environment:create_environment_scripts_only(examples_rclpy_minimal_subscriber)
[16.300s] INFO:colcon.colcon_core.shell:Creating package script '/home/zhang/rosprc_ws/install/examples_rclpy_minimal_subscriber/share/examples_rclpy_minimal_subscriber/package.ps1'
[16.309s] INFO:colcon.colcon_core.shell:Creating package descriptor '/home/zhang/rosprc_ws/install/examples_rclpy_minimal_subscriber/share/examples_rclpy_minimal_subscriber/package.dsv'
[16.313s] INFO:colcon.colcon_core.shell:Creating package script '/home/zhang/rosprc_ws/install/examples_rclpy_minimal_subscriber/share/examples_rclpy_minimal_subscriber/package.sh'
[16.315s] INFO:colcon.colcon_core.shell:Creating package script '/home/zhang/rosprc_ws/install/examples_rclpy_minimal_subscriber/share/examples_rclpy_minimal_subscriber/package.bash'
[16.320s] INFO:colcon.colcon_core.shell:Creating package script '/home/zhang/rosprc_ws/install/examples_rclpy_minimal_subscriber/share/examples_rclpy_minimal_subscriber/package.zsh'
[16.323s] Level 1:colcon.colcon_core.environment:create_file_with_runtime_dependencies(/home/zhang/rosprc_ws/install/examples_rclpy_minimal_subscriber/share/colcon-core/packages/examples_rclpy_minimal_subscriber)
[16.331s] Level 1:colcon.colcon_core.shell:create_environment_hook('examples_rclpy_minimal_action_server', 'pythonpath_develop')
[16.331s] INFO:colcon.colcon_core.shell:Creating environment hook '/home/zhang/rosprc_ws/build/examples_rclpy_minimal_action_server/share/examples_rclpy_minimal_action_server/hook/pythonpath_develop.ps1'
[16.333s] DEBUG:colcon.colcon_core.event_handler.log_command:Invoked command in '/home/zhang/rosprc_ws/build/examples_rclpy_minimal_action_server' returned '0': PYTHONPATH=/home/zhang/rosprc_ws/build/examples_rclpy_minimal_action_server/prefix_override:/usr/lib/python3/dist-packages/colcon_core/task/python/colcon_distutils_commands:/home/zhang/rosprc_ws/install/examples_rclpy_minimal_action_server/lib/python3.12/site-packages:${PYTHONPATH} /usr/bin/python3 -W ignore:setup.py install is deprecated -W ignore:easy_install command is deprecated setup.py develop --editable --build-directory /home/zhang/rosprc_ws/build/examples_rclpy_minimal_action_server/build --no-deps symlink_data
[16.336s] INFO:colcon.colcon_core.shell:Creating environment descriptor '/home/zhang/rosprc_ws/build/examples_rclpy_minimal_action_server/share/examples_rclpy_minimal_action_server/hook/pythonpath_develop.dsv'
[16.337s] INFO:colcon.colcon_core.shell:Creating environment hook '/home/zhang/rosprc_ws/build/examples_rclpy_minimal_action_server/share/examples_rclpy_minimal_action_server/hook/pythonpath_develop.sh'
[16.338s] Level 1:colcon.colcon_core.environment:checking '/home/zhang/rosprc_ws/install/examples_rclpy_minimal_action_server' for CMake module files
[16.340s] Level 1:colcon.colcon_core.environment:checking '/home/zhang/rosprc_ws/install/examples_rclpy_minimal_action_server' for CMake config files
[16.341s] Level 1:colcon.colcon_core.environment:checking '/home/zhang/rosprc_ws/install/examples_rclpy_minimal_action_server/lib'
[16.341s] Level 1:colcon.colcon_core.environment:checking '/home/zhang/rosprc_ws/install/examples_rclpy_minimal_action_server/bin'
[16.341s] Level 1:colcon.colcon_core.environment:checking '/home/zhang/rosprc_ws/install/examples_rclpy_minimal_action_server/lib/pkgconfig/examples_rclpy_minimal_action_server.pc'
[16.341s] Level 1:colcon.colcon_core.environment:checking '/home/zhang/rosprc_ws/install/examples_rclpy_minimal_action_server/lib/python3.12/site-packages'
[16.342s] Level 1:colcon.colcon_core.shell:create_environment_hook('examples_rclpy_minimal_action_server', 'pythonpath')
[16.342s] INFO:colcon.colcon_core.shell:Creating environment hook '/home/zhang/rosprc_ws/install/examples_rclpy_minimal_action_server/share/examples_rclpy_minimal_action_server/hook/pythonpath.ps1'
[16.343s] INFO:colcon.colcon_core.shell:Creating environment descriptor '/home/zhang/rosprc_ws/install/examples_rclpy_minimal_action_server/share/examples_rclpy_minimal_action_server/hook/pythonpath.dsv'
[16.344s] INFO:colcon.colcon_core.shell:Creating environment hook '/home/zhang/rosprc_ws/install/examples_rclpy_minimal_action_server/share/examples_rclpy_minimal_action_server/hook/pythonpath.sh'
[16.345s] Level 1:colcon.colcon_core.environment:checking '/home/zhang/rosprc_ws/install/examples_rclpy_minimal_action_server/bin'
[16.345s] Level 1:colcon.colcon_core.environment:create_environment_scripts_only(examples_rclpy_minimal_action_server)
[16.345s] INFO:colcon.colcon_core.shell:Creating package script '/home/zhang/rosprc_ws/install/examples_rclpy_minimal_action_server/share/examples_rclpy_minimal_action_server/package.ps1'
[16.347s] INFO:colcon.colcon_core.shell:Creating package descriptor '/home/zhang/rosprc_ws/install/examples_rclpy_minimal_action_server/share/examples_rclpy_minimal_action_server/package.dsv'
[16.348s] INFO:colcon.colcon_core.shell:Creating package script '/home/zhang/rosprc_ws/install/examples_rclpy_minimal_action_server/share/examples_rclpy_minimal_action_server/package.sh'
[16.348s] INFO:colcon.colcon_core.shell:Creating package script '/home/zhang/rosprc_ws/install/examples_rclpy_minimal_action_server/share/examples_rclpy_minimal_action_server/package.bash'
[16.349s] INFO:colcon.colcon_core.shell:Creating package script '/home/zhang/rosprc_ws/install/examples_rclpy_minimal_action_server/share/examples_rclpy_minimal_action_server/package.zsh'
[16.350s] Level 1:colcon.colcon_core.environment:create_file_with_runtime_dependencies(/home/zhang/rosprc_ws/install/examples_rclpy_minimal_action_server/share/colcon-core/packages/examples_rclpy_minimal_action_server)
[16.351s] Level 1:colcon.colcon_core.shell:create_environment_hook('examples_rclpy_minimal_service', 'pythonpath_develop')
[16.351s] INFO:colcon.colcon_core.shell:Creating environment hook '/home/zhang/rosprc_ws/build/examples_rclpy_minimal_service/share/examples_rclpy_minimal_service/hook/pythonpath_develop.ps1'
[16.354s] DEBUG:colcon.colcon_core.event_handler.log_command:Invoked command in '/home/zhang/rosprc_ws/build/examples_rclpy_minimal_service' returned '0': PYTHONPATH=/home/zhang/rosprc_ws/build/examples_rclpy_minimal_service/prefix_override:/usr/lib/python3/dist-packages/colcon_core/task/python/colcon_distutils_commands:/home/zhang/rosprc_ws/install/examples_rclpy_minimal_service/lib/python3.12/site-packages:${PYTHONPATH} /usr/bin/python3 -W ignore:setup.py install is deprecated -W ignore:easy_install command is deprecated setup.py develop --editable --build-directory /home/zhang/rosprc_ws/build/examples_rclpy_minimal_service/build --no-deps symlink_data
[16.355s] INFO:colcon.colcon_core.shell:Creating environment descriptor '/home/zhang/rosprc_ws/build/examples_rclpy_minimal_service/share/examples_rclpy_minimal_service/hook/pythonpath_develop.dsv'
[16.355s] INFO:colcon.colcon_core.shell:Creating environment hook '/home/zhang/rosprc_ws/build/examples_rclpy_minimal_service/share/examples_rclpy_minimal_service/hook/pythonpath_develop.sh'
[16.356s] Level 1:colcon.colcon_core.environment:checking '/home/zhang/rosprc_ws/install/examples_rclpy_minimal_service' for CMake module files
[16.357s] Level 1:colcon.colcon_core.environment:checking '/home/zhang/rosprc_ws/install/examples_rclpy_minimal_service' for CMake config files
[16.359s] Level 1:colcon.colcon_core.environment:checking '/home/zhang/rosprc_ws/install/examples_rclpy_minimal_service/lib'
[16.360s] Level 1:colcon.colcon_core.environment:checking '/home/zhang/rosprc_ws/install/examples_rclpy_minimal_service/bin'
[16.360s] Level 1:colcon.colcon_core.environment:checking '/home/zhang/rosprc_ws/install/examples_rclpy_minimal_service/lib/pkgconfig/examples_rclpy_minimal_service.pc'
[16.360s] Level 1:colcon.colcon_core.environment:checking '/home/zhang/rosprc_ws/install/examples_rclpy_minimal_service/lib/python3.12/site-packages'
[16.361s] Level 1:colcon.colcon_core.shell:create_environment_hook('examples_rclpy_minimal_service', 'pythonpath')
[16.361s] INFO:colcon.colcon_core.shell:Creating environment hook '/home/zhang/rosprc_ws/install/examples_rclpy_minimal_service/share/examples_rclpy_minimal_service/hook/pythonpath.ps1'
[16.363s] INFO:colcon.colcon_core.shell:Creating environment descriptor '/home/zhang/rosprc_ws/install/examples_rclpy_minimal_service/share/examples_rclpy_minimal_service/hook/pythonpath.dsv'
[16.363s] INFO:colcon.colcon_core.shell:Creating environment hook '/home/zhang/rosprc_ws/install/examples_rclpy_minimal_service/share/examples_rclpy_minimal_service/hook/pythonpath.sh'
[16.367s] Level 1:colcon.colcon_core.environment:checking '/home/zhang/rosprc_ws/install/examples_rclpy_minimal_service/bin'
[16.367s] Level 1:colcon.colcon_core.environment:create_environment_scripts_only(examples_rclpy_minimal_service)
[16.368s] INFO:colcon.colcon_core.shell:Creating package script '/home/zhang/rosprc_ws/install/examples_rclpy_minimal_service/share/examples_rclpy_minimal_service/package.ps1'
[16.370s] INFO:colcon.colcon_core.shell:Creating package descriptor '/home/zhang/rosprc_ws/install/examples_rclpy_minimal_service/share/examples_rclpy_minimal_service/package.dsv'
[16.371s] INFO:colcon.colcon_core.shell:Creating package script '/home/zhang/rosprc_ws/install/examples_rclpy_minimal_service/share/examples_rclpy_minimal_service/package.sh'
[16.372s] INFO:colcon.colcon_core.shell:Creating package script '/home/zhang/rosprc_ws/install/examples_rclpy_minimal_service/share/examples_rclpy_minimal_service/package.bash'
[16.372s] INFO:colcon.colcon_core.shell:Creating package script '/home/zhang/rosprc_ws/install/examples_rclpy_minimal_service/share/examples_rclpy_minimal_service/package.zsh'
[16.373s] Level 1:colcon.colcon_core.environment:create_file_with_runtime_dependencies(/home/zhang/rosprc_ws/install/examples_rclpy_minimal_service/share/colcon-core/packages/examples_rclpy_minimal_service)
[16.374s] Level 1:colcon.colcon_core.shell:create_environment_hook('examples_rclpy_minimal_action_client', 'pythonpath_develop')
[16.375s] INFO:colcon.colcon_core.shell:Creating environment hook '/home/zhang/rosprc_ws/build/examples_rclpy_minimal_action_client/share/examples_rclpy_minimal_action_client/hook/pythonpath_develop.ps1'
[16.378s] DEBUG:colcon.colcon_core.event_handler.log_command:Invoked command in '/home/zhang/rosprc_ws/build/examples_rclpy_minimal_action_client' returned '0': PYTHONPATH=/home/zhang/rosprc_ws/build/examples_rclpy_minimal_action_client/prefix_override:/usr/lib/python3/dist-packages/colcon_core/task/python/colcon_distutils_commands:/home/zhang/rosprc_ws/install/examples_rclpy_minimal_action_client/lib/python3.12/site-packages:${PYTHONPATH} /usr/bin/python3 -W ignore:setup.py install is deprecated -W ignore:easy_install command is deprecated setup.py develop --editable --build-directory /home/zhang/rosprc_ws/build/examples_rclpy_minimal_action_client/build --no-deps symlink_data
[16.378s] INFO:colcon.colcon_core.shell:Creating environment descriptor '/home/zhang/rosprc_ws/build/examples_rclpy_minimal_action_client/share/examples_rclpy_minimal_action_client/hook/pythonpath_develop.dsv'
[16.380s] INFO:colcon.colcon_core.shell:Creating environment hook '/home/zhang/rosprc_ws/build/examples_rclpy_minimal_action_client/share/examples_rclpy_minimal_action_client/hook/pythonpath_develop.sh'
[16.381s] Level 1:colcon.colcon_core.environment:checking '/home/zhang/rosprc_ws/install/examples_rclpy_minimal_action_client' for CMake module files
[16.382s] Level 1:colcon.colcon_core.environment:checking '/home/zhang/rosprc_ws/install/examples_rclpy_minimal_action_client' for CMake config files
[16.383s] Level 1:colcon.colcon_core.environment:checking '/home/zhang/rosprc_ws/install/examples_rclpy_minimal_action_client/lib'
[16.383s] Level 1:colcon.colcon_core.environment:checking '/home/zhang/rosprc_ws/install/examples_rclpy_minimal_action_client/bin'
[16.384s] Level 1:colcon.colcon_core.environment:checking '/home/zhang/rosprc_ws/install/examples_rclpy_minimal_action_client/lib/pkgconfig/examples_rclpy_minimal_action_client.pc'
[16.384s] Level 1:colcon.colcon_core.environment:checking '/home/zhang/rosprc_ws/install/examples_rclpy_minimal_action_client/lib/python3.12/site-packages'
[16.384s] Level 1:colcon.colcon_core.shell:create_environment_hook('examples_rclpy_minimal_action_client', 'pythonpath')
[16.385s] INFO:colcon.colcon_core.shell:Creating environment hook '/home/zhang/rosprc_ws/install/examples_rclpy_minimal_action_client/share/examples_rclpy_minimal_action_client/hook/pythonpath.ps1'
[16.386s] INFO:colcon.colcon_core.shell:Creating environment descriptor '/home/zhang/rosprc_ws/install/examples_rclpy_minimal_action_client/share/examples_rclpy_minimal_action_client/hook/pythonpath.dsv'
[16.387s] INFO:colcon.colcon_core.shell:Creating environment hook '/home/zhang/rosprc_ws/install/examples_rclpy_minimal_action_client/share/examples_rclpy_minimal_action_client/hook/pythonpath.sh'
[16.388s] Level 1:colcon.colcon_core.environment:checking '/home/zhang/rosprc_ws/install/examples_rclpy_minimal_action_client/bin'
[16.388s] Level 1:colcon.colcon_core.environment:create_environment_scripts_only(examples_rclpy_minimal_action_client)
[16.389s] INFO:colcon.colcon_core.shell:Creating package script '/home/zhang/rosprc_ws/install/examples_rclpy_minimal_action_client/share/examples_rclpy_minimal_action_client/package.ps1'
[16.391s] INFO:colcon.colcon_core.shell:Creating package descriptor '/home/zhang/rosprc_ws/install/examples_rclpy_minimal_action_client/share/examples_rclpy_minimal_action_client/package.dsv'
[16.392s] INFO:colcon.colcon_core.shell:Creating package script '/home/zhang/rosprc_ws/install/examples_rclpy_minimal_action_client/share/examples_rclpy_minimal_action_client/package.sh'
[16.393s] INFO:colcon.colcon_core.shell:Creating package script '/home/zhang/rosprc_ws/install/examples_rclpy_minimal_action_client/share/examples_rclpy_minimal_action_client/package.bash'
[16.393s] INFO:colcon.colcon_core.shell:Creating package script '/home/zhang/rosprc_ws/install/examples_rclpy_minimal_action_client/share/examples_rclpy_minimal_action_client/package.zsh'
[16.394s] Level 1:colcon.colcon_core.environment:create_file_with_runtime_dependencies(/home/zhang/rosprc_ws/install/examples_rclpy_minimal_action_client/share/colcon-core/packages/examples_rclpy_minimal_action_client)
[16.396s] Level 1:colcon.colcon_core.shell:create_environment_hook('examples_rclpy_minimal_client', 'pythonpath_develop')
[16.397s] INFO:colcon.colcon_core.shell:Creating environment hook '/home/zhang/rosprc_ws/build/examples_rclpy_minimal_client/share/examples_rclpy_minimal_client/hook/pythonpath_develop.ps1'
[16.400s] DEBUG:colcon.colcon_core.event_handler.log_command:Invoked command in '/home/zhang/rosprc_ws/build/examples_rclpy_minimal_client' returned '0': PYTHONPATH=/home/zhang/rosprc_ws/build/examples_rclpy_minimal_client/prefix_override:/usr/lib/python3/dist-packages/colcon_core/task/python/colcon_distutils_commands:/home/zhang/rosprc_ws/install/examples_rclpy_minimal_client/lib/python3.12/site-packages:${PYTHONPATH} /usr/bin/python3 -W ignore:setup.py install is deprecated -W ignore:easy_install command is deprecated setup.py develop --editable --build-directory /home/zhang/rosprc_ws/build/examples_rclpy_minimal_client/build --no-deps symlink_data
[16.402s] INFO:colcon.colcon_core.shell:Creating environment descriptor '/home/zhang/rosprc_ws/build/examples_rclpy_minimal_client/share/examples_rclpy_minimal_client/hook/pythonpath_develop.dsv'
[16.403s] INFO:colcon.colcon_core.shell:Creating environment hook '/home/zhang/rosprc_ws/build/examples_rclpy_minimal_client/share/examples_rclpy_minimal_client/hook/pythonpath_develop.sh'
[16.404s] Level 1:colcon.colcon_core.environment:checking '/home/zhang/rosprc_ws/install/examples_rclpy_minimal_client' for CMake module files
[16.405s] Level 1:colcon.colcon_core.environment:checking '/home/zhang/rosprc_ws/install/examples_rclpy_minimal_client' for CMake config files
[16.406s] Level 1:colcon.colcon_core.environment:checking '/home/zhang/rosprc_ws/install/examples_rclpy_minimal_client/lib'
[16.406s] Level 1:colcon.colcon_core.environment:checking '/home/zhang/rosprc_ws/install/examples_rclpy_minimal_client/bin'
[16.406s] Level 1:colcon.colcon_core.environment:checking '/home/zhang/rosprc_ws/install/examples_rclpy_minimal_client/lib/pkgconfig/examples_rclpy_minimal_client.pc'
[16.407s] Level 1:colcon.colcon_core.environment:checking '/home/zhang/rosprc_ws/install/examples_rclpy_minimal_client/lib/python3.12/site-packages'
[16.407s] Level 1:colcon.colcon_core.shell:create_environment_hook('examples_rclpy_minimal_client', 'pythonpath')
[16.408s] INFO:colcon.colcon_core.shell:Creating environment hook '/home/zhang/rosprc_ws/install/examples_rclpy_minimal_client/share/examples_rclpy_minimal_client/hook/pythonpath.ps1'
[16.409s] INFO:colcon.colcon_core.shell:Creating environment descriptor '/home/zhang/rosprc_ws/install/examples_rclpy_minimal_client/share/examples_rclpy_minimal_client/hook/pythonpath.dsv'
[16.409s] INFO:colcon.colcon_core.shell:Creating environment hook '/home/zhang/rosprc_ws/install/examples_rclpy_minimal_client/share/examples_rclpy_minimal_client/hook/pythonpath.sh'
[16.411s] Level 1:colcon.colcon_core.environment:checking '/home/zhang/rosprc_ws/install/examples_rclpy_minimal_client/bin'
[16.411s] Level 1:colcon.colcon_core.environment:create_environment_scripts_only(examples_rclpy_minimal_client)
[16.411s] INFO:colcon.colcon_core.shell:Creating package script '/home/zhang/rosprc_ws/install/examples_rclpy_minimal_client/share/examples_rclpy_minimal_client/package.ps1'
[16.413s] INFO:colcon.colcon_core.shell:Creating package descriptor '/home/zhang/rosprc_ws/install/examples_rclpy_minimal_client/share/examples_rclpy_minimal_client/package.dsv'
[16.414s] INFO:colcon.colcon_core.shell:Creating package script '/home/zhang/rosprc_ws/install/examples_rclpy_minimal_client/share/examples_rclpy_minimal_client/package.sh'
[16.416s] INFO:colcon.colcon_core.shell:Creating package script '/home/zhang/rosprc_ws/install/examples_rclpy_minimal_client/share/examples_rclpy_minimal_client/package.bash'
[16.416s] INFO:colcon.colcon_core.shell:Creating package script '/home/zhang/rosprc_ws/install/examples_rclpy_minimal_client/share/examples_rclpy_minimal_client/package.zsh'
[16.417s] Level 1:colcon.colcon_core.environment:create_file_with_runtime_dependencies(/home/zhang/rosprc_ws/install/examples_rclpy_minimal_client/share/colcon-core/packages/examples_rclpy_minimal_client)
[16.419s] Level 1:colcon.colcon_core.shell:create_environment_hook('examples_rclpy_minimal_publisher', 'pythonpath_develop')
[16.420s] INFO:colcon.colcon_core.shell:Creating environment hook '/home/zhang/rosprc_ws/build/examples_rclpy_minimal_publisher/share/examples_rclpy_minimal_publisher/hook/pythonpath_develop.ps1'
[16.423s] DEBUG:colcon.colcon_core.event_handler.log_command:Invoked command in '/home/zhang/rosprc_ws/build/examples_rclpy_minimal_publisher' returned '0': PYTHONPATH=/home/zhang/rosprc_ws/build/examples_rclpy_minimal_publisher/prefix_override:/usr/lib/python3/dist-packages/colcon_core/task/python/colcon_distutils_commands:/home/zhang/rosprc_ws/install/examples_rclpy_minimal_publisher/lib/python3.12/site-packages:${PYTHONPATH} /usr/bin/python3 -W ignore:setup.py install is deprecated -W ignore:easy_install command is deprecated setup.py develop --editable --build-directory /home/zhang/rosprc_ws/build/examples_rclpy_minimal_publisher/build --no-deps symlink_data
[16.425s] INFO:colcon.colcon_core.shell:Creating environment descriptor '/home/zhang/rosprc_ws/build/examples_rclpy_minimal_publisher/share/examples_rclpy_minimal_publisher/hook/pythonpath_develop.dsv'
[16.426s] INFO:colcon.colcon_core.shell:Creating environment hook '/home/zhang/rosprc_ws/build/examples_rclpy_minimal_publisher/share/examples_rclpy_minimal_publisher/hook/pythonpath_develop.sh'
[16.428s] Level 1:colcon.colcon_core.environment:checking '/home/zhang/rosprc_ws/install/examples_rclpy_minimal_publisher' for CMake module files
[16.428s] Level 1:colcon.colcon_core.environment:checking '/home/zhang/rosprc_ws/install/examples_rclpy_minimal_publisher' for CMake config files
[16.429s] Level 1:colcon.colcon_core.environment:checking '/home/zhang/rosprc_ws/install/examples_rclpy_minimal_publisher/lib'
[16.429s] Level 1:colcon.colcon_core.environment:checking '/home/zhang/rosprc_ws/install/examples_rclpy_minimal_publisher/bin'
[16.429s] Level 1:colcon.colcon_core.environment:checking '/home/zhang/rosprc_ws/install/examples_rclpy_minimal_publisher/lib/pkgconfig/examples_rclpy_minimal_publisher.pc'
[16.430s] Level 1:colcon.colcon_core.environment:checking '/home/zhang/rosprc_ws/install/examples_rclpy_minimal_publisher/lib/python3.12/site-packages'
[16.430s] Level 1:colcon.colcon_core.shell:create_environment_hook('examples_rclpy_minimal_publisher', 'pythonpath')
[16.430s] INFO:colcon.colcon_core.shell:Creating environment hook '/home/zhang/rosprc_ws/install/examples_rclpy_minimal_publisher/share/examples_rclpy_minimal_publisher/hook/pythonpath.ps1'
[16.431s] INFO:colcon.colcon_core.shell:Creating environment descriptor '/home/zhang/rosprc_ws/install/examples_rclpy_minimal_publisher/share/examples_rclpy_minimal_publisher/hook/pythonpath.dsv'
[16.432s] INFO:colcon.colcon_core.shell:Creating environment hook '/home/zhang/rosprc_ws/install/examples_rclpy_minimal_publisher/share/examples_rclpy_minimal_publisher/hook/pythonpath.sh'
[16.434s] Level 1:colcon.colcon_core.environment:checking '/home/zhang/rosprc_ws/install/examples_rclpy_minimal_publisher/bin'
[16.434s] Level 1:colcon.colcon_core.environment:create_environment_scripts_only(examples_rclpy_minimal_publisher)
[16.434s] INFO:colcon.colcon_core.shell:Creating package script '/home/zhang/rosprc_ws/install/examples_rclpy_minimal_publisher/share/examples_rclpy_minimal_publisher/package.ps1'
[16.436s] INFO:colcon.colcon_core.shell:Creating package descriptor '/home/zhang/rosprc_ws/install/examples_rclpy_minimal_publisher/share/examples_rclpy_minimal_publisher/package.dsv'
[16.437s] INFO:colcon.colcon_core.shell:Creating package script '/home/zhang/rosprc_ws/install/examples_rclpy_minimal_publisher/share/examples_rclpy_minimal_publisher/package.sh'
[16.438s] INFO:colcon.colcon_core.shell:Creating package script '/home/zhang/rosprc_ws/install/examples_rclpy_minimal_publisher/share/examples_rclpy_minimal_publisher/package.bash'
[16.438s] INFO:colcon.colcon_core.shell:Creating package script '/home/zhang/rosprc_ws/install/examples_rclpy_minimal_publisher/share/examples_rclpy_minimal_publisher/package.zsh'
[16.439s] Level 1:colcon.colcon_core.environment:create_file_with_runtime_dependencies(/home/zhang/rosprc_ws/install/examples_rclpy_minimal_publisher/share/colcon-core/packages/examples_rclpy_minimal_publisher)
[16.440s] Level 1:colcon.colcon_core.shell:create_environment_hook('examples_rclpy_guard_conditions', 'pythonpath_develop')
[16.441s] INFO:colcon.colcon_core.shell:Creating environment hook '/home/zhang/rosprc_ws/build/examples_rclpy_guard_conditions/share/examples_rclpy_guard_conditions/hook/pythonpath_develop.ps1'
[16.444s] DEBUG:colcon.colcon_core.event_handler.log_command:Invoked command in '/home/zhang/rosprc_ws/build/examples_rclpy_guard_conditions' returned '0': PYTHONPATH=/home/zhang/rosprc_ws/build/examples_rclpy_guard_conditions/prefix_override:/usr/lib/python3/dist-packages/colcon_core/task/python/colcon_distutils_commands:/home/zhang/rosprc_ws/install/examples_rclpy_guard_conditions/lib/python3.12/site-packages:${PYTHONPATH} /usr/bin/python3 -W ignore:setup.py install is deprecated -W ignore:easy_install command is deprecated setup.py develop --editable --build-directory /home/zhang/rosprc_ws/build/examples_rclpy_guard_conditions/build --no-deps symlink_data
[16.444s] INFO:colcon.colcon_core.shell:Creating environment descriptor '/home/zhang/rosprc_ws/build/examples_rclpy_guard_conditions/share/examples_rclpy_guard_conditions/hook/pythonpath_develop.dsv'
[16.445s] INFO:colcon.colcon_core.shell:Creating environment hook '/home/zhang/rosprc_ws/build/examples_rclpy_guard_conditions/share/examples_rclpy_guard_conditions/hook/pythonpath_develop.sh'
[16.446s] Level 1:colcon.colcon_core.environment:checking '/home/zhang/rosprc_ws/install/examples_rclpy_guard_conditions' for CMake module files
[16.447s] Level 1:colcon.colcon_core.environment:checking '/home/zhang/rosprc_ws/install/examples_rclpy_guard_conditions' for CMake config files
[16.448s] Level 1:colcon.colcon_core.environment:checking '/home/zhang/rosprc_ws/install/examples_rclpy_guard_conditions/lib'
[16.448s] Level 1:colcon.colcon_core.environment:checking '/home/zhang/rosprc_ws/install/examples_rclpy_guard_conditions/bin'
[16.448s] Level 1:colcon.colcon_core.environment:checking '/home/zhang/rosprc_ws/install/examples_rclpy_guard_conditions/lib/pkgconfig/examples_rclpy_guard_conditions.pc'
[16.448s] Level 1:colcon.colcon_core.environment:checking '/home/zhang/rosprc_ws/install/examples_rclpy_guard_conditions/lib/python3.12/site-packages'
[16.448s] Level 1:colcon.colcon_core.shell:create_environment_hook('examples_rclpy_guard_conditions', 'pythonpath')
[16.449s] INFO:colcon.colcon_core.shell:Creating environment hook '/home/zhang/rosprc_ws/install/examples_rclpy_guard_conditions/share/examples_rclpy_guard_conditions/hook/pythonpath.ps1'
[16.449s] INFO:colcon.colcon_core.shell:Creating environment descriptor '/home/zhang/rosprc_ws/install/examples_rclpy_guard_conditions/share/examples_rclpy_guard_conditions/hook/pythonpath.dsv'
[16.450s] INFO:colcon.colcon_core.shell:Creating environment hook '/home/zhang/rosprc_ws/install/examples_rclpy_guard_conditions/share/examples_rclpy_guard_conditions/hook/pythonpath.sh'
[16.451s] Level 1:colcon.colcon_core.environment:checking '/home/zhang/rosprc_ws/install/examples_rclpy_guard_conditions/bin'
[16.452s] Level 1:colcon.colcon_core.environment:create_environment_scripts_only(examples_rclpy_guard_conditions)
[16.452s] INFO:colcon.colcon_core.shell:Creating package script '/home/zhang/rosprc_ws/install/examples_rclpy_guard_conditions/share/examples_rclpy_guard_conditions/package.ps1'
[16.453s] INFO:colcon.colcon_core.shell:Creating package descriptor '/home/zhang/rosprc_ws/install/examples_rclpy_guard_conditions/share/examples_rclpy_guard_conditions/package.dsv'
[16.454s] INFO:colcon.colcon_core.shell:Creating package script '/home/zhang/rosprc_ws/install/examples_rclpy_guard_conditions/share/examples_rclpy_guard_conditions/package.sh'
[16.455s] INFO:colcon.colcon_core.shell:Creating package script '/home/zhang/rosprc_ws/install/examples_rclpy_guard_conditions/share/examples_rclpy_guard_conditions/package.bash'
[16.455s] INFO:colcon.colcon_core.shell:Creating package script '/home/zhang/rosprc_ws/install/examples_rclpy_guard_conditions/share/examples_rclpy_guard_conditions/package.zsh'
[16.456s] Level 1:colcon.colcon_core.environment:create_file_with_runtime_dependencies(/home/zhang/rosprc_ws/install/examples_rclpy_guard_conditions/share/colcon-core/packages/examples_rclpy_guard_conditions)
[16.457s] Level 1:colcon.colcon_core.shell:create_environment_hook('examples_rclpy_executors', 'pythonpath_develop')
[16.457s] INFO:colcon.colcon_core.shell:Creating environment hook '/home/zhang/rosprc_ws/build/examples_rclpy_executors/share/examples_rclpy_executors/hook/pythonpath_develop.ps1'
[16.459s] DEBUG:colcon.colcon_core.event_handler.log_command:Invoked command in '/home/zhang/rosprc_ws/build/examples_rclpy_executors' returned '0': PYTHONPATH=/home/zhang/rosprc_ws/build/examples_rclpy_executors/prefix_override:/usr/lib/python3/dist-packages/colcon_core/task/python/colcon_distutils_commands:/home/zhang/rosprc_ws/install/examples_rclpy_executors/lib/python3.12/site-packages:${PYTHONPATH} /usr/bin/python3 -W ignore:setup.py install is deprecated -W ignore:easy_install command is deprecated setup.py develop --editable --build-directory /home/zhang/rosprc_ws/build/examples_rclpy_executors/build --no-deps symlink_data
[16.460s] INFO:colcon.colcon_core.shell:Creating environment descriptor '/home/zhang/rosprc_ws/build/examples_rclpy_executors/share/examples_rclpy_executors/hook/pythonpath_develop.dsv'
[16.461s] INFO:colcon.colcon_core.shell:Creating environment hook '/home/zhang/rosprc_ws/build/examples_rclpy_executors/share/examples_rclpy_executors/hook/pythonpath_develop.sh'
[16.462s] Level 1:colcon.colcon_core.environment:checking '/home/zhang/rosprc_ws/install/examples_rclpy_executors' for CMake module files
[16.464s] Level 1:colcon.colcon_core.environment:checking '/home/zhang/rosprc_ws/install/examples_rclpy_executors' for CMake config files
[16.464s] Level 1:colcon.colcon_core.environment:checking '/home/zhang/rosprc_ws/install/examples_rclpy_executors/lib'
[16.465s] Level 1:colcon.colcon_core.environment:checking '/home/zhang/rosprc_ws/install/examples_rclpy_executors/bin'
[16.465s] Level 1:colcon.colcon_core.environment:checking '/home/zhang/rosprc_ws/install/examples_rclpy_executors/lib/pkgconfig/examples_rclpy_executors.pc'
[16.465s] Level 1:colcon.colcon_core.environment:checking '/home/zhang/rosprc_ws/install/examples_rclpy_executors/lib/python3.12/site-packages'
[16.465s] Level 1:colcon.colcon_core.shell:create_environment_hook('examples_rclpy_executors', 'pythonpath')
[16.466s] INFO:colcon.colcon_core.shell:Creating environment hook '/home/zhang/rosprc_ws/install/examples_rclpy_executors/share/examples_rclpy_executors/hook/pythonpath.ps1'
[16.466s] INFO:colcon.colcon_core.shell:Creating environment descriptor '/home/zhang/rosprc_ws/install/examples_rclpy_executors/share/examples_rclpy_executors/hook/pythonpath.dsv'
[16.467s] INFO:colcon.colcon_core.shell:Creating environment hook '/home/zhang/rosprc_ws/install/examples_rclpy_executors/share/examples_rclpy_executors/hook/pythonpath.sh'
[16.468s] Level 1:colcon.colcon_core.environment:checking '/home/zhang/rosprc_ws/install/examples_rclpy_executors/bin'
[16.469s] Level 1:colcon.colcon_core.environment:create_environment_scripts_only(examples_rclpy_executors)
[16.469s] INFO:colcon.colcon_core.shell:Creating package script '/home/zhang/rosprc_ws/install/examples_rclpy_executors/share/examples_rclpy_executors/package.ps1'
[16.470s] INFO:colcon.colcon_core.shell:Creating package descriptor '/home/zhang/rosprc_ws/install/examples_rclpy_executors/share/examples_rclpy_executors/package.dsv'
[16.471s] INFO:colcon.colcon_core.shell:Creating package script '/home/zhang/rosprc_ws/install/examples_rclpy_executors/share/examples_rclpy_executors/package.sh'
[16.472s] INFO:colcon.colcon_core.shell:Creating package script '/home/zhang/rosprc_ws/install/examples_rclpy_executors/share/examples_rclpy_executors/package.bash'
[16.472s] INFO:colcon.colcon_core.shell:Creating package script '/home/zhang/rosprc_ws/install/examples_rclpy_executors/share/examples_rclpy_executors/package.zsh'
[16.473s] Level 1:colcon.colcon_core.environment:create_file_with_runtime_dependencies(/home/zhang/rosprc_ws/install/examples_rclpy_executors/share/colcon-core/packages/examples_rclpy_executors)
[16.474s] INFO:colcon.colcon_ros.task.ament_python.build:Building ROS package in '/home/zhang/rosprc_ws/src/examples/rclpy/topics/pointcloud_publisher' with build type 'ament_python'
[16.474s] Level 1:colcon.colcon_core.shell:create_environment_hook('examples_rclpy_pointcloud_publisher', 'ament_prefix_path')
[16.475s] INFO:colcon.colcon_core.shell:Creating environment hook '/home/zhang/rosprc_ws/install/examples_rclpy_pointcloud_publisher/share/examples_rclpy_pointcloud_publisher/hook/ament_prefix_path.ps1'
[16.478s] INFO:colcon.colcon_core.shell:Creating environment descriptor '/home/zhang/rosprc_ws/install/examples_rclpy_pointcloud_publisher/share/examples_rclpy_pointcloud_publisher/hook/ament_prefix_path.dsv'
[16.479s] INFO:colcon.colcon_core.shell:Creating environment hook '/home/zhang/rosprc_ws/install/examples_rclpy_pointcloud_publisher/share/examples_rclpy_pointcloud_publisher/hook/ament_prefix_path.sh'
[16.480s] INFO:colcon.colcon_core.shell:Skip shell extension 'powershell' for command environment: Not usable outside of PowerShell
[16.480s] DEBUG:colcon.colcon_core.shell:Skip shell extension 'dsv' for command environment
[16.487s] DEBUG:colcon.colcon_core.event_handler.log_command:Invoked command in '/home/zhang/rosprc_ws/build/examples_rclcpp_multithreaded_executor' returned '0': CMAKE_PREFIX_PATH=${CMAKE_PREFIX_PATH}:/opt/ros/jazzy /usr/bin/cmake /home/zhang/rosprc_ws/src/examples/rclcpp/executors/multithreaded_executor -DAMENT_CMAKE_SYMLINK_INSTALL=1 -DCMAKE_INSTALL_PREFIX=/home/zhang/rosprc_ws/install/examples_rclcpp_multithreaded_executor
[16.490s] DEBUG:colcon.colcon_core.event_handler.log_command:Invoking command in '/home/zhang/rosprc_ws/build/examples_rclcpp_multithreaded_executor': CMAKE_PREFIX_PATH=${CMAKE_PREFIX_PATH}:/opt/ros/jazzy /usr/bin/cmake --build /home/zhang/rosprc_ws/build/examples_rclcpp_multithreaded_executor -- -j20 -l20
[16.492s] DEBUG:colcon.colcon_core.event_handler.log_command:Invoked command in '/home/zhang/rosprc_ws/build/examples_rclcpp_async_client' returned '0': CMAKE_PREFIX_PATH=${CMAKE_PREFIX_PATH}:/opt/ros/jazzy /usr/bin/cmake /home/zhang/rosprc_ws/src/examples/rclcpp/services/async_client -DAMENT_CMAKE_SYMLINK_INSTALL=1 -DCMAKE_INSTALL_PREFIX=/home/zhang/rosprc_ws/install/examples_rclcpp_async_client
[16.494s] DEBUG:colcon.colcon_core.event_handler.log_command:Invoking command in '/home/zhang/rosprc_ws/build/examples_rclcpp_async_client': CMAKE_PREFIX_PATH=${CMAKE_PREFIX_PATH}:/opt/ros/jazzy /usr/bin/cmake --build /home/zhang/rosprc_ws/build/examples_rclcpp_async_client -- -j20 -l20
[16.495s] DEBUG:colcon.colcon_core.event_handler.log_command:Invoked command in '/home/zhang/rosprc_ws/build/examples_rclcpp_minimal_timer' returned '0': CMAKE_PREFIX_PATH=${CMAKE_PREFIX_PATH}:/opt/ros/jazzy /usr/bin/cmake /home/zhang/rosprc_ws/src/examples/rclcpp/timers/minimal_timer -DAMENT_CMAKE_SYMLINK_INSTALL=1 -DCMAKE_INSTALL_PREFIX=/home/zhang/rosprc_ws/install/examples_rclcpp_minimal_timer
[16.498s] DEBUG:colcon.colcon_core.event_handler.log_command:Invoking command in '/home/zhang/rosprc_ws/build/examples_rclcpp_minimal_timer': CMAKE_PREFIX_PATH=${CMAKE_PREFIX_PATH}:/opt/ros/jazzy /usr/bin/cmake --build /home/zhang/rosprc_ws/build/examples_rclcpp_minimal_timer -- -j20 -l20
[16.504s] INFO:colcon.colcon_ros.task.ament_python.build:Building ROS package in '/home/zhang/rosprc_ws/src/examples/launch_testing/launch_testing_examples' with build type 'ament_python'
[16.505s] Level 1:colcon.colcon_core.shell:create_environment_hook('launch_testing_examples', 'ament_prefix_path')
[16.505s] INFO:colcon.colcon_core.shell:Creating environment hook '/home/zhang/rosprc_ws/install/launch_testing_examples/share/launch_testing_examples/hook/ament_prefix_path.ps1'
[16.510s] INFO:colcon.colcon_core.shell:Creating environment descriptor '/home/zhang/rosprc_ws/install/launch_testing_examples/share/launch_testing_examples/hook/ament_prefix_path.dsv'
[16.511s] INFO:colcon.colcon_core.shell:Creating environment hook '/home/zhang/rosprc_ws/install/launch_testing_examples/share/launch_testing_examples/hook/ament_prefix_path.sh'
[16.512s] INFO:colcon.colcon_core.shell:Skip shell extension 'powershell' for command environment: Not usable outside of PowerShell
[16.512s] DEBUG:colcon.colcon_core.shell:Skip shell extension 'dsv' for command environment
[16.528s] DEBUG:colcon.colcon_core.event_handler.log_command:Invoked command in '/home/zhang/rosprc_ws/build/examples_rclcpp_cbg_executor' returned '0': CMAKE_PREFIX_PATH=${CMAKE_PREFIX_PATH}:/opt/ros/jazzy /usr/bin/cmake /home/zhang/rosprc_ws/src/examples/rclcpp/executors/cbg_executor -DAMENT_CMAKE_SYMLINK_INSTALL=1 -DCMAKE_INSTALL_PREFIX=/home/zhang/rosprc_ws/install/examples_rclcpp_cbg_executor
[16.531s] DEBUG:colcon.colcon_core.event_handler.log_command:Invoking command in '/home/zhang/rosprc_ws/build/examples_rclcpp_cbg_executor': CMAKE_PREFIX_PATH=${CMAKE_PREFIX_PATH}:/opt/ros/jazzy /usr/bin/cmake --build /home/zhang/rosprc_ws/build/examples_rclcpp_cbg_executor -- -j20 -l20
[16.533s] DEBUG:colcon.colcon_core.event_handler.log_command:Invoked command in '/home/zhang/rosprc_ws/build/examples_rclcpp_minimal_publisher' returned '0': CMAKE_PREFIX_PATH=${CMAKE_PREFIX_PATH}:/opt/ros/jazzy /usr/bin/cmake /home/zhang/rosprc_ws/src/examples/rclcpp/topics/minimal_publisher -DAMENT_CMAKE_SYMLINK_INSTALL=1 -DCMAKE_INSTALL_PREFIX=/home/zhang/rosprc_ws/install/examples_rclcpp_minimal_publisher
[16.536s] DEBUG:colcon.colcon_core.event_handler.log_command:Invoking command in '/home/zhang/rosprc_ws/build/examples_rclcpp_minimal_publisher': CMAKE_PREFIX_PATH=${CMAKE_PREFIX_PATH}:/opt/ros/jazzy /usr/bin/cmake --build /home/zhang/rosprc_ws/build/examples_rclcpp_minimal_publisher -- -j20 -l20
[16.537s] DEBUG:colcon.colcon_core.event_handler.log_command:Invoked command in '/home/zhang/rosprc_ws/build/examples_rclcpp_minimal_client' returned '0': CMAKE_PREFIX_PATH=${CMAKE_PREFIX_PATH}:/opt/ros/jazzy /usr/bin/cmake /home/zhang/rosprc_ws/src/examples/rclcpp/services/minimal_client -DAMENT_CMAKE_SYMLINK_INSTALL=1 -DCMAKE_INSTALL_PREFIX=/home/zhang/rosprc_ws/install/examples_rclcpp_minimal_client
[16.541s] DEBUG:colcon.colcon_core.event_handler.log_command:Invoking command in '/home/zhang/rosprc_ws/build/examples_rclcpp_minimal_client': CMAKE_PREFIX_PATH=${CMAKE_PREFIX_PATH}:/opt/ros/jazzy /usr/bin/cmake --build /home/zhang/rosprc_ws/build/examples_rclcpp_minimal_client -- -j20 -l20
[16.542s] DEBUG:colcon.colcon_core.event_handler.log_command:Invoked command in '/home/zhang/rosprc_ws/build/examples_rclcpp_minimal_action_server' returned '0': CMAKE_PREFIX_PATH=${CMAKE_PREFIX_PATH}:/opt/ros/jazzy /usr/bin/cmake /home/zhang/rosprc_ws/src/examples/rclcpp/actions/minimal_action_server -DAMENT_CMAKE_SYMLINK_INSTALL=1 -DCMAKE_INSTALL_PREFIX=/home/zhang/rosprc_ws/install/examples_rclcpp_minimal_action_server
[16.547s] DEBUG:colcon.colcon_core.event_handler.log_command:Invoking command in '/home/zhang/rosprc_ws/build/examples_rclcpp_minimal_action_server': CMAKE_PREFIX_PATH=${CMAKE_PREFIX_PATH}:/opt/ros/jazzy /usr/bin/cmake --build /home/zhang/rosprc_ws/build/examples_rclcpp_minimal_action_server -- -j20 -l20
[16.548s] DEBUG:colcon.colcon_core.event_handler.log_command:Invoked command in '/home/zhang/rosprc_ws/build/examples_rclcpp_minimal_action_client' returned '0': CMAKE_PREFIX_PATH=${CMAKE_PREFIX_PATH}:/opt/ros/jazzy /usr/bin/cmake /home/zhang/rosprc_ws/src/examples/rclcpp/actions/minimal_action_client -DAMENT_CMAKE_SYMLINK_INSTALL=1 -DCMAKE_INSTALL_PREFIX=/home/zhang/rosprc_ws/install/examples_rclcpp_minimal_action_client
[16.552s] DEBUG:colcon.colcon_core.event_handler.log_command:Invoking command in '/home/zhang/rosprc_ws/build/examples_rclcpp_minimal_action_client': CMAKE_PREFIX_PATH=${CMAKE_PREFIX_PATH}:/opt/ros/jazzy /usr/bin/cmake --build /home/zhang/rosprc_ws/build/examples_rclcpp_minimal_action_client -- -j20 -l20
[16.552s] DEBUG:colcon.colcon_core.event_handler.log_command:Invoked command in '/home/zhang/rosprc_ws/build/examples_rclcpp_minimal_composition' returned '0': CMAKE_PREFIX_PATH=${CMAKE_PREFIX_PATH}:/opt/ros/jazzy /usr/bin/cmake /home/zhang/rosprc_ws/src/examples/rclcpp/composition/minimal_composition -DAMENT_CMAKE_SYMLINK_INSTALL=1 -DCMAKE_INSTALL_PREFIX=/home/zhang/rosprc_ws/install/examples_rclcpp_minimal_composition
[16.557s] DEBUG:colcon.colcon_core.event_handler.log_command:Invoking command in '/home/zhang/rosprc_ws/build/examples_rclcpp_minimal_composition': CMAKE_PREFIX_PATH=${CMAKE_PREFIX_PATH}:/opt/ros/jazzy /usr/bin/cmake --build /home/zhang/rosprc_ws/build/examples_rclcpp_minimal_composition -- -j20 -l20
[16.563s] DEBUG:colcon.colcon_core.event_handler.log_command:Invoked command in '/home/zhang/rosprc_ws/build/examples_rclcpp_minimal_subscriber' returned '0': CMAKE_PREFIX_PATH=${CMAKE_PREFIX_PATH}:/opt/ros/jazzy /usr/bin/cmake /home/zhang/rosprc_ws/src/examples/rclcpp/topics/minimal_subscriber -DAMENT_CMAKE_SYMLINK_INSTALL=1 -DCMAKE_INSTALL_PREFIX=/home/zhang/rosprc_ws/install/examples_rclcpp_minimal_subscriber
[16.572s] DEBUG:colcon.colcon_core.event_handler.log_command:Invoking command in '/home/zhang/rosprc_ws/build/examples_rclcpp_minimal_subscriber': CMAKE_PREFIX_PATH=${CMAKE_PREFIX_PATH}:/opt/ros/jazzy /usr/bin/cmake --build /home/zhang/rosprc_ws/build/examples_rclcpp_minimal_subscriber -- -j20 -l20
[19.868s] INFO:colcon.colcon_core.task.python.build:Building Python package in '/home/zhang/rosprc_ws/src/examples/rclpy/topics/pointcloud_publisher'
[19.870s] INFO:colcon.colcon_core.shell:Skip shell extension 'powershell' for command environment: Not usable outside of PowerShell
[19.870s] DEBUG:colcon.colcon_core.shell:Skip shell extension 'dsv' for command environment
[19.927s] DEBUG:colcon.colcon_core.event_handler.log_command:Invoked command in '/home/zhang/rosprc_ws/build/examples_rclcpp_wait_set' returned '0': CMAKE_PREFIX_PATH=${CMAKE_PREFIX_PATH}:/opt/ros/jazzy /usr/bin/cmake /home/zhang/rosprc_ws/src/examples/rclcpp/wait_set -DAMENT_CMAKE_SYMLINK_INSTALL=1 -DCMAKE_INSTALL_PREFIX=/home/zhang/rosprc_ws/install/examples_rclcpp_wait_set
[19.928s] DEBUG:colcon.colcon_core.event_handler.log_command:Invoking command in '/home/zhang/rosprc_ws/build/examples_rclcpp_wait_set': CMAKE_PREFIX_PATH=${CMAKE_PREFIX_PATH}:/opt/ros/jazzy /usr/bin/cmake --build /home/zhang/rosprc_ws/build/examples_rclcpp_wait_set -- -j20 -l20
[25.099s] INFO:colcon.colcon_core.task.python.build:Building Python package in '/home/zhang/rosprc_ws/src/examples/launch_testing/launch_testing_examples'
[25.208s] INFO:colcon.colcon_core.shell:Skip shell extension 'powershell' for command environment: Not usable outside of PowerShell
[25.209s] DEBUG:colcon.colcon_core.shell:Skip shell extension 'dsv' for command environment
